_id,SlNo,Station,Agency,State LGD Code,State,District LGD Code,District,Tehsil,Block,Village,River,Basin,Tributary,Subtributary,SubSubtributary,Local River,Latitude,Longitude,Data Acquisition Time,Manual Daily Rainfall (mm)
4876,4876,BODELI,CWC,24,Gujarat,461,Vadodara,VADODARA,-,-,Narmada,Narmada,Orsang,-,-,Orsang,22.26500000,73.72722222,15-06-2014 08:30,1.2
4877,4877,BODELI,CWC,24,Gujarat,461,Vadodara,VADODARA,-,-,Narmada,Narmada,Orsang,-,-,Orsang,22.26500000,73.72722222,16-06-2014 11:00,1.6
4878,4878,BODELI,CWC,24,Gujarat,461,Vadodara,VADODARA,-,-,Narmada,Narmada,Orsang,-,-,Orsang,22.26500000,73.72722222,17-06-2014 08:30,3
4879,4879,BODELI,CWC,24,Gujarat,461,Vadodara,VADODARA,-,-,Narmada,Narmada,Orsang,-,-,Orsang,22.26500000,73.72722222,18-06-2014 08:30,1.6
4880,4880,BODELI,CWC,24,Gujarat,461,Vadodara,VADODARA,-,-,Narmada,Narmada,Orsang,-,-,Orsang,22.26500000,73.72722222,21-06-2014 08:30,0.4
4881,4881,BODELI,CWC,24,Gujarat,461,Vadodara,VADODARA,-,-,Narmada,Narmada,Orsang,-,-,Orsang,22.26500000,73.72722222,02-07-2014 11:00,0.6
4882,4882,BODELI,CWC,24,Gujarat,461,Vadodara,VADODARA,-,-,Narmada,Narmada,Orsang,-,-,Orsang,22.26500000,73.72722222,03-07-2014 08:30,0.6
4883,4883,BODELI,CWC,24,Gujarat,461,Vadodara,VADODARA,-,-,Narmada,Narmada,Orsang,-,-,Orsang,22.26500000,73.72722222,13-07-2014 00:00,0.8
4884,4884,BODELI,CWC,24,Gujarat,461,Vadodara,VADODARA,-,-,Narmada,Narmada,Orsang,-,-,Orsang,22.26500000,73.72722222,13-07-2014 08:30,0.8
4885,4885,BODELI,CWC,24,Gujarat,461,Vadodara,VADODARA,-,-,Narmada,Narmada,Orsang,-,-,Orsang,22.26500000,73.72722222,14-07-2014 18:00,4.8
4886,4886,BODELI,CWC,24,Gujarat,461,Vadodara,VADODARA,-,-,Narmada,Narmada,Orsang,-,-,Orsang,22.26500000,73.72722222,15-07-2014 08:30,5.6
4887,4887,BODELI,CWC,24,Gujarat,461,Vadodara,VADODARA,-,-,Narmada,Narmada,Orsang,-,-,Orsang,22.26500000,73.72722222,15-07-2014 22:00,60.4
4888,4888,BODELI,CWC,24,Gujarat,461,Vadodara,VADODARA,-,-,Narmada,Narmada,Orsang,-,-,Orsang,22.26500000,73.72722222,15-07-2014 23:00,2
4889,4889,BODELI,CWC,24,Gujarat,461,Vadodara,VADODARA,-,-,Narmada,Narmada,Orsang,-,-,Orsang,22.26500000,73.72722222,16-07-2014 00:00,2.6
4890,4890,BODELI,CWC,24,Gujarat,461,Vadodara,VADODARA,-,-,Narmada,Narmada,Orsang,-,-,Orsang,22.26500000,73.72722222,16-07-2014 01:00,0.6
4891,4891,BODELI,CWC,24,Gujarat,461,Vadodara,VADODARA,-,-,Narmada,Narmada,Orsang,-,-,Orsang,22.26500000,73.72722222,16-07-2014 08:30,65
4892,4892,BODELI,CWC,24,Gujarat,461,Vadodara,VADODARA,-,-,Narmada,Narmada,Orsang,-,-,Orsang,22.26500000,73.72722222,16-07-2014 16:00,1.4
4893,4893,BODELI,CWC,24,Gujarat,461,Vadodara,VADODARA,-,-,Narmada,Narmada,Orsang,-,-,Orsang,22.26500000,73.72722222,17-07-2014 08:30,1.4
4894,4894,BODELI,CWC,24,Gujarat,461,Vadodara,VADODARA,-,-,Narmada,Narmada,Orsang,-,-,Orsang,22.26500000,73.72722222,18-07-2014 08:30,0.4
4895,4895,BODELI,CWC,24,Gujarat,461,Vadodara,VADODARA,-,-,Narmada,Narmada,Orsang,-,-,Orsang,22.26500000,73.72722222,18-07-2014 15:00,4.8
4896,4896,BODELI,CWC,24,Gujarat,461,Vadodara,VADODARA,-,-,Narmada,Narmada,Orsang,-,-,Orsang,22.26500000,73.72722222,18-07-2014 16:00,21
4897,4897,BODELI,CWC,24,Gujarat,461,Vadodara,VADODARA,-,-,Narmada,Narmada,Orsang,-,-,Orsang,22.26500000,73.72722222,18-07-2014 17:00,14.8
4898,4898,BODELI,CWC,24,Gujarat,461,Vadodara,VADODARA,-,-,Narmada,Narmada,Orsang,-,-,Orsang,22.26500000,73.72722222,18-07-2014 18:00,8.8
4899,4899,BODELI,CWC,24,Gujarat,461,Vadodara,VADODARA,-,-,Narmada,Narmada,Orsang,-,-,Orsang,22.26500000,73.72722222,18-07-2014 19:00,1.4
4900,4900,BODELI,CWC,24,Gujarat,461,Vadodara,VADODARA,-,-,Narmada,Narmada,Orsang,-,-,Orsang,22.26500000,73.72722222,18-07-2014 20:00,0.4
4901,4901,BODELI,CWC,24,Gujarat,461,Vadodara,VADODARA,-,-,Narmada,Narmada,Orsang,-,-,Orsang,22.26500000,73.72722222,18-07-2014 21:00,0.8
4902,4902,BODELI,CWC,24,Gujarat,461,Vadodara,VADODARA,-,-,Narmada,Narmada,Orsang,-,-,Orsang,22.26500000,73.72722222,19-07-2014 01:00,10.4
4903,4903,BODELI,CWC,24,Gujarat,461,Vadodara,VADODARA,-,-,Narmada,Narmada,Orsang,-,-,Orsang,22.26500000,73.72722222,19-07-2014 02:00,12.6
4904,4904,BODELI,CWC,24,Gujarat,461,Vadodara,VADODARA,-,-,Narmada,Narmada,Orsang,-,-,Orsang,22.26500000,73.72722222,19-07-2014 03:00,3.6
4905,4905,BODELI,CWC,24,Gujarat,461,Vadodara,VADODARA,-,-,Narmada,Narmada,Orsang,-,-,Orsang,22.26500000,73.72722222,19-07-2014 04:00,4.4
4906,4906,BODELI,CWC,24,Gujarat,461,Vadodara,VADODARA,-,-,Narmada,Narmada,Orsang,-,-,Orsang,22.26500000,73.72722222,19-07-2014 05:00,2.2
4907,4907,BODELI,CWC,24,Gujarat,461,Vadodara,VADODARA,-,-,Narmada,Narmada,Orsang,-,-,Orsang,22.26500000,73.72722222,19-07-2014 06:00,2
4908,4908,BODELI,CWC,24,Gujarat,461,Vadodara,VADODARA,-,-,Narmada,Narmada,Orsang,-,-,Orsang,22.26500000,73.72722222,19-07-2014 07:00,0.8
4909,4909,BODELI,CWC,24,Gujarat,461,Vadodara,VADODARA,-,-,Narmada,Narmada,Orsang,-,-,Orsang,22.26500000,73.72722222,19-07-2014 08:30,89
4910,4910,BODELI,CWC,24,Gujarat,461,Vadodara,VADODARA,-,-,Narmada,Narmada,Orsang,-,-,Orsang,22.26500000,73.72722222,19-07-2014 21:00,18.2
4911,4911,BODELI,CWC,24,Gujarat,461,Vadodara,VADODARA,-,-,Narmada,Narmada,Orsang,-,-,Orsang,22.26500000,73.72722222,19-07-2014 22:00,0.8
4912,4912,BODELI,CWC,24,Gujarat,461,Vadodara,VADODARA,-,-,Narmada,Narmada,Orsang,-,-,Orsang,22.26500000,73.72722222,20-07-2014 08:30,19
4913,4913,BODELI,CWC,24,Gujarat,461,Vadodara,VADODARA,-,-,Narmada,Narmada,Orsang,-,-,Orsang,22.26500000,73.72722222,22-07-2014 15:00,0.6
4914,4914,BODELI,CWC,24,Gujarat,461,Vadodara,VADODARA,-,-,Narmada,Narmada,Orsang,-,-,Orsang,22.26500000,73.72722222,22-07-2014 19:00,0.4
4915,4915,BODELI,CWC,24,Gujarat,461,Vadodara,VADODARA,-,-,Narmada,Narmada,Orsang,-,-,Orsang,22.26500000,73.72722222,23-07-2014 06:00,2.2
4916,4916,BODELI,CWC,24,Gujarat,461,Vadodara,VADODARA,-,-,Narmada,Narmada,Orsang,-,-,Orsang,22.26500000,73.72722222,23-07-2014 07:00,0.4
4917,4917,BODELI,CWC,24,Gujarat,461,Vadodara,VADODARA,-,-,Narmada,Narmada,Orsang,-,-,Orsang,22.26500000,73.72722222,23-07-2014 08:00,0.6
4918,4918,BODELI,CWC,24,Gujarat,461,Vadodara,VADODARA,-,-,Narmada,Narmada,Orsang,-,-,Orsang,22.26500000,73.72722222,23-07-2014 08:30,4
4919,4919,BODELI,CWC,24,Gujarat,461,Vadodara,VADODARA,-,-,Narmada,Narmada,Orsang,-,-,Orsang,22.26500000,73.72722222,23-07-2014 09:00,1.8
4920,4920,BODELI,CWC,24,Gujarat,461,Vadodara,VADODARA,-,-,Narmada,Narmada,Orsang,-,-,Orsang,22.26500000,73.72722222,23-07-2014 10:00,3.8
4921,4921,BODELI,CWC,24,Gujarat,461,Vadodara,VADODARA,-,-,Narmada,Narmada,Orsang,-,-,Orsang,22.26500000,73.72722222,23-07-2014 11:00,1.6
4922,4922,BODELI,CWC,24,Gujarat,461,Vadodara,VADODARA,-,-,Narmada,Narmada,Orsang,-,-,Orsang,22.26500000,73.72722222,23-07-2014 12:00,0.6
4923,4923,BODELI,CWC,24,Gujarat,461,Vadodara,VADODARA,-,-,Narmada,Narmada,Orsang,-,-,Orsang,22.26500000,73.72722222,23-07-2014 13:00,4.6
4924,4924,BODELI,CWC,24,Gujarat,461,Vadodara,VADODARA,-,-,Narmada,Narmada,Orsang,-,-,Orsang,22.26500000,73.72722222,23-07-2014 14:00,2
4925,4925,BODELI,CWC,24,Gujarat,461,Vadodara,VADODARA,-,-,Narmada,Narmada,Orsang,-,-,Orsang,22.26500000,73.72722222,23-07-2014 15:00,1.4
4926,4926,BODELI,CWC,24,Gujarat,461,Vadodara,VADODARA,-,-,Narmada,Narmada,Orsang,-,-,Orsang,22.26500000,73.72722222,23-07-2014 16:00,2
4927,4927,BODELI,CWC,24,Gujarat,461,Vadodara,VADODARA,-,-,Narmada,Narmada,Orsang,-,-,Orsang,22.26500000,73.72722222,23-07-2014 17:00,2
4928,4928,BODELI,CWC,24,Gujarat,461,Vadodara,VADODARA,-,-,Narmada,Narmada,Orsang,-,-,Orsang,22.26500000,73.72722222,23-07-2014 18:00,3.4
4929,4929,BODELI,CWC,24,Gujarat,461,Vadodara,VADODARA,-,-,Narmada,Narmada,Orsang,-,-,Orsang,22.26500000,73.72722222,23-07-2014 19:00,7.6
4930,4930,BODELI,CWC,24,Gujarat,461,Vadodara,VADODARA,-,-,Narmada,Narmada,Orsang,-,-,Orsang,22.26500000,73.72722222,23-07-2014 20:00,5
4931,4931,BODELI,CWC,24,Gujarat,461,Vadodara,VADODARA,-,-,Narmada,Narmada,Orsang,-,-,Orsang,22.26500000,73.72722222,23-07-2014 21:00,10
4932,4932,BODELI,CWC,24,Gujarat,461,Vadodara,VADODARA,-,-,Narmada,Narmada,Orsang,-,-,Orsang,22.26500000,73.72722222,23-07-2014 22:00,9
4933,4933,BODELI,CWC,24,Gujarat,461,Vadodara,VADODARA,-,-,Narmada,Narmada,Orsang,-,-,Orsang,22.26500000,73.72722222,23-07-2014 23:00,6
4934,4934,BODELI,CWC,24,Gujarat,461,Vadodara,VADODARA,-,-,Narmada,Narmada,Orsang,-,-,Orsang,22.26500000,73.72722222,24-07-2014 01:00,2.8
4935,4935,BODELI,CWC,24,Gujarat,461,Vadodara,VADODARA,-,-,Narmada,Narmada,Orsang,-,-,Orsang,22.26500000,73.72722222,24-07-2014 02:00,4.4
4936,4936,BODELI,CWC,24,Gujarat,461,Vadodara,VADODARA,-,-,Narmada,Narmada,Orsang,-,-,Orsang,22.26500000,73.72722222,24-07-2014 03:00,1.8
4937,4937,BODELI,CWC,24,Gujarat,461,Vadodara,VADODARA,-,-,Narmada,Narmada,Orsang,-,-,Orsang,22.26500000,73.72722222,24-07-2014 04:00,5.2
4938,4938,BODELI,CWC,24,Gujarat,461,Vadodara,VADODARA,-,-,Narmada,Narmada,Orsang,-,-,Orsang,22.26500000,73.72722222,24-07-2014 05:00,3.8
4939,4939,BODELI,CWC,24,Gujarat,461,Vadodara,VADODARA,-,-,Narmada,Narmada,Orsang,-,-,Orsang,22.26500000,73.72722222,24-07-2014 06:00,2.2
4940,4940,BODELI,CWC,24,Gujarat,461,Vadodara,VADODARA,-,-,Narmada,Narmada,Orsang,-,-,Orsang,22.26500000,73.72722222,24-07-2014 07:00,5.6
4941,4941,BODELI,CWC,24,Gujarat,461,Vadodara,VADODARA,-,-,Narmada,Narmada,Orsang,-,-,Orsang,22.26500000,73.72722222,24-07-2014 08:00,4
4942,4942,BODELI,CWC,24,Gujarat,461,Vadodara,VADODARA,-,-,Narmada,Narmada,Orsang,-,-,Orsang,22.26500000,73.72722222,24-07-2014 08:30,98
4943,4943,BODELI,CWC,24,Gujarat,461,Vadodara,VADODARA,-,-,Narmada,Narmada,Orsang,-,-,Orsang,22.26500000,73.72722222,24-07-2014 09:00,2
4944,4944,BODELI,CWC,24,Gujarat,461,Vadodara,VADODARA,-,-,Narmada,Narmada,Orsang,-,-,Orsang,22.26500000,73.72722222,24-07-2014 10:00,1
4945,4945,BODELI,CWC,24,Gujarat,461,Vadodara,VADODARA,-,-,Narmada,Narmada,Orsang,-,-,Orsang,22.26500000,73.72722222,24-07-2014 11:00,2
4946,4946,BODELI,CWC,24,Gujarat,461,Vadodara,VADODARA,-,-,Narmada,Narmada,Orsang,-,-,Orsang,22.26500000,73.72722222,24-07-2014 12:00,0.4
4947,4947,BODELI,CWC,24,Gujarat,461,Vadodara,VADODARA,-,-,Narmada,Narmada,Orsang,-,-,Orsang,22.26500000,73.72722222,24-07-2014 13:00,2.8
4948,4948,BODELI,CWC,24,Gujarat,461,Vadodara,VADODARA,-,-,Narmada,Narmada,Orsang,-,-,Orsang,22.26500000,73.72722222,24-07-2014 14:00,2.6
4949,4949,BODELI,CWC,24,Gujarat,461,Vadodara,VADODARA,-,-,Narmada,Narmada,Orsang,-,-,Orsang,22.26500000,73.72722222,24-07-2014 15:00,2.6
4950,4950,BODELI,CWC,24,Gujarat,461,Vadodara,VADODARA,-,-,Narmada,Narmada,Orsang,-,-,Orsang,22.26500000,73.72722222,24-07-2014 16:00,1
4951,4951,BODELI,CWC,24,Gujarat,461,Vadodara,VADODARA,-,-,Narmada,Narmada,Orsang,-,-,Orsang,22.26500000,73.72722222,24-07-2014 17:00,1
4952,4952,BODELI,CWC,24,Gujarat,461,Vadodara,VADODARA,-,-,Narmada,Narmada,Orsang,-,-,Orsang,22.26500000,73.72722222,24-07-2014 18:00,0.6
4953,4953,BODELI,CWC,24,Gujarat,461,Vadodara,VADODARA,-,-,Narmada,Narmada,Orsang,-,-,Orsang,22.26500000,73.72722222,24-07-2014 19:00,0.4
4954,4954,BODELI,CWC,24,Gujarat,461,Vadodara,VADODARA,-,-,Narmada,Narmada,Orsang,-,-,Orsang,22.26500000,73.72722222,24-07-2014 20:00,0.4
4955,4955,BODELI,CWC,24,Gujarat,461,Vadodara,VADODARA,-,-,Narmada,Narmada,Orsang,-,-,Orsang,22.26500000,73.72722222,25-07-2014 08:00,0.6
4956,4956,BODELI,CWC,24,Gujarat,461,Vadodara,VADODARA,-,-,Narmada,Narmada,Orsang,-,-,Orsang,22.26500000,73.72722222,25-07-2014 08:30,19.8
4957,4957,BODELI,CWC,24,Gujarat,461,Vadodara,VADODARA,-,-,Narmada,Narmada,Orsang,-,-,Orsang,22.26500000,73.72722222,25-07-2014 15:00,0.2
4958,4958,BODELI,CWC,24,Gujarat,461,Vadodara,VADODARA,-,-,Narmada,Narmada,Orsang,-,-,Orsang,22.26500000,73.72722222,25-07-2014 18:00,0.8
4959,4959,BODELI,CWC,24,Gujarat,461,Vadodara,VADODARA,-,-,Narmada,Narmada,Orsang,-,-,Orsang,22.26500000,73.72722222,25-07-2014 22:00,10
4960,4960,BODELI,CWC,24,Gujarat,461,Vadodara,VADODARA,-,-,Narmada,Narmada,Orsang,-,-,Orsang,22.26500000,73.72722222,25-07-2014 23:00,3.4
4961,4961,BODELI,CWC,24,Gujarat,461,Vadodara,VADODARA,-,-,Narmada,Narmada,Orsang,-,-,Orsang,22.26500000,73.72722222,26-07-2014 00:00,3
4962,4962,BODELI,CWC,24,Gujarat,461,Vadodara,VADODARA,-,-,Narmada,Narmada,Orsang,-,-,Orsang,22.26500000,73.72722222,26-07-2014 01:00,2.2
4963,4963,BODELI,CWC,24,Gujarat,461,Vadodara,VADODARA,-,-,Narmada,Narmada,Orsang,-,-,Orsang,22.26500000,73.72722222,26-07-2014 08:30,20.8
4964,4964,BODELI,CWC,24,Gujarat,461,Vadodara,VADODARA,-,-,Narmada,Narmada,Orsang,-,-,Orsang,22.26500000,73.72722222,26-07-2014 11:00,0.4
4965,4965,BODELI,CWC,24,Gujarat,461,Vadodara,VADODARA,-,-,Narmada,Narmada,Orsang,-,-,Orsang,22.26500000,73.72722222,26-07-2014 18:00,0.4
4966,4966,BODELI,CWC,24,Gujarat,461,Vadodara,VADODARA,-,-,Narmada,Narmada,Orsang,-,-,Orsang,22.26500000,73.72722222,26-07-2014 19:00,2
4967,4967,BODELI,CWC,24,Gujarat,461,Vadodara,VADODARA,-,-,Narmada,Narmada,Orsang,-,-,Orsang,22.26500000,73.72722222,27-07-2014 02:00,19
4968,4968,BODELI,CWC,24,Gujarat,461,Vadodara,VADODARA,-,-,Narmada,Narmada,Orsang,-,-,Orsang,22.26500000,73.72722222,27-07-2014 03:00,12.2
4969,4969,BODELI,CWC,24,Gujarat,461,Vadodara,VADODARA,-,-,Narmada,Narmada,Orsang,-,-,Orsang,22.26500000,73.72722222,27-07-2014 04:00,0.4
4970,4970,BODELI,CWC,24,Gujarat,461,Vadodara,VADODARA,-,-,Narmada,Narmada,Orsang,-,-,Orsang,22.26500000,73.72722222,27-07-2014 08:30,34.4
4971,4971,BODELI,CWC,24,Gujarat,461,Vadodara,VADODARA,-,-,Narmada,Narmada,Orsang,-,-,Orsang,22.26500000,73.72722222,27-07-2014 20:00,1.4
4972,4972,BODELI,CWC,24,Gujarat,461,Vadodara,VADODARA,-,-,Narmada,Narmada,Orsang,-,-,Orsang,22.26500000,73.72722222,27-07-2014 22:00,2.4
4973,4973,BODELI,CWC,24,Gujarat,461,Vadodara,VADODARA,-,-,Narmada,Narmada,Orsang,-,-,Orsang,22.26500000,73.72722222,28-07-2014 03:00,0.8
4974,4974,BODELI,CWC,24,Gujarat,461,Vadodara,VADODARA,-,-,Narmada,Narmada,Orsang,-,-,Orsang,22.26500000,73.72722222,28-07-2014 04:00,8
4975,4975,BODELI,CWC,24,Gujarat,461,Vadodara,VADODARA,-,-,Narmada,Narmada,Orsang,-,-,Orsang,22.26500000,73.72722222,28-07-2014 05:00,8
4976,4976,BODELI,CWC,24,Gujarat,461,Vadodara,VADODARA,-,-,Narmada,Narmada,Orsang,-,-,Orsang,22.26500000,73.72722222,28-07-2014 07:00,1
4977,4977,BODELI,CWC,24,Gujarat,461,Vadodara,VADODARA,-,-,Narmada,Narmada,Orsang,-,-,Orsang,22.26500000,73.72722222,28-07-2014 08:30,6.2
4978,4978,BODELI,CWC,24,Gujarat,461,Vadodara,VADODARA,-,-,Narmada,Narmada,Orsang,-,-,Orsang,22.26500000,73.72722222,28-07-2014 21:00,0.2
4979,4979,BODELI,CWC,24,Gujarat,461,Vadodara,VADODARA,-,-,Narmada,Narmada,Orsang,-,-,Orsang,22.26500000,73.72722222,29-07-2014 01:00,1.2
4980,4980,BODELI,CWC,24,Gujarat,461,Vadodara,VADODARA,-,-,Narmada,Narmada,Orsang,-,-,Orsang,22.26500000,73.72722222,29-07-2014 02:00,1.2
4981,4981,BODELI,CWC,24,Gujarat,461,Vadodara,VADODARA,-,-,Narmada,Narmada,Orsang,-,-,Orsang,22.26500000,73.72722222,29-07-2014 03:00,1.2
4982,4982,BODELI,CWC,24,Gujarat,461,Vadodara,VADODARA,-,-,Narmada,Narmada,Orsang,-,-,Orsang,22.26500000,73.72722222,29-07-2014 08:30,1.4
4983,4983,BODELI,CWC,24,Gujarat,461,Vadodara,VADODARA,-,-,Narmada,Narmada,Orsang,-,-,Orsang,22.26500000,73.72722222,29-07-2014 13:00,1
4984,4984,BODELI,CWC,24,Gujarat,461,Vadodara,VADODARA,-,-,Narmada,Narmada,Orsang,-,-,Orsang,22.26500000,73.72722222,29-07-2014 14:00,15
4985,4985,BODELI,CWC,24,Gujarat,461,Vadodara,VADODARA,-,-,Narmada,Narmada,Orsang,-,-,Orsang,22.26500000,73.72722222,29-07-2014 15:00,5.2
4986,4986,BODELI,CWC,24,Gujarat,461,Vadodara,VADODARA,-,-,Narmada,Narmada,Orsang,-,-,Orsang,22.26500000,73.72722222,29-07-2014 16:00,10.4
4987,4987,BODELI,CWC,24,Gujarat,461,Vadodara,VADODARA,-,-,Narmada,Narmada,Orsang,-,-,Orsang,22.26500000,73.72722222,29-07-2014 18:00,0.4
4988,4988,BODELI,CWC,24,Gujarat,461,Vadodara,VADODARA,-,-,Narmada,Narmada,Orsang,-,-,Orsang,22.26500000,73.72722222,30-07-2014 06:00,0.6
4989,4989,BODELI,CWC,24,Gujarat,461,Vadodara,VADODARA,-,-,Narmada,Narmada,Orsang,-,-,Orsang,22.26500000,73.72722222,30-07-2014 07:00,1.4
4990,4990,BODELI,CWC,24,Gujarat,461,Vadodara,VADODARA,-,-,Narmada,Narmada,Orsang,-,-,Orsang,22.26500000,73.72722222,30-07-2014 08:00,18
4991,4991,BODELI,CWC,24,Gujarat,461,Vadodara,VADODARA,-,-,Narmada,Narmada,Orsang,-,-,Orsang,22.26500000,73.72722222,30-07-2014 08:30,52.8
4992,4992,BODELI,CWC,24,Gujarat,461,Vadodara,VADODARA,-,-,Narmada,Narmada,Orsang,-,-,Orsang,22.26500000,73.72722222,30-07-2014 09:00,10.8
4993,4993,BODELI,CWC,24,Gujarat,461,Vadodara,VADODARA,-,-,Narmada,Narmada,Orsang,-,-,Orsang,22.26500000,73.72722222,30-07-2014 10:00,8
4994,4994,BODELI,CWC,24,Gujarat,461,Vadodara,VADODARA,-,-,Narmada,Narmada,Orsang,-,-,Orsang,22.26500000,73.72722222,30-07-2014 11:00,5.2
4995,4995,BODELI,CWC,24,Gujarat,461,Vadodara,VADODARA,-,-,Narmada,Narmada,Orsang,-,-,Orsang,22.26500000,73.72722222,30-07-2014 12:00,2.4
4996,4996,BODELI,CWC,24,Gujarat,461,Vadodara,VADODARA,-,-,Narmada,Narmada,Orsang,-,-,Orsang,22.26500000,73.72722222,30-07-2014 15:00,1
4997,4997,BODELI,CWC,24,Gujarat,461,Vadodara,VADODARA,-,-,Narmada,Narmada,Orsang,-,-,Orsang,22.26500000,73.72722222,31-07-2014 07:00,0.2
4998,4998,BODELI,CWC,24,Gujarat,461,Vadodara,VADODARA,-,-,Narmada,Narmada,Orsang,-,-,Orsang,22.26500000,73.72722222,31-07-2014 08:30,27.6
4999,4999,BODELI,CWC,24,Gujarat,461,Vadodara,VADODARA,-,-,Narmada,Narmada,Orsang,-,-,Orsang,22.26500000,73.72722222,31-07-2014 14:00,10
5000,5000,BODELI,CWC,24,Gujarat,461,Vadodara,VADODARA,-,-,Narmada,Narmada,Orsang,-,-,Orsang,22.26500000,73.72722222,31-07-2014 15:00,10
5001,5001,BODELI,CWC,24,Gujarat,461,Vadodara,VADODARA,-,-,Narmada,Narmada,Orsang,-,-,Orsang,22.26500000,73.72722222,01-08-2014 08:30,16.6
5002,5002,BODELI,CWC,24,Gujarat,461,Vadodara,VADODARA,-,-,Narmada,Narmada,Orsang,-,-,Orsang,22.26500000,73.72722222,01-08-2014 19:00,4.4
5003,5003,BODELI,CWC,24,Gujarat,461,Vadodara,VADODARA,-,-,Narmada,Narmada,Orsang,-,-,Orsang,22.26500000,73.72722222,02-08-2014 08:00,0.4
5004,5004,BODELI,CWC,24,Gujarat,461,Vadodara,VADODARA,-,-,Narmada,Narmada,Orsang,-,-,Orsang,22.26500000,73.72722222,02-08-2014 08:30,4.8
5005,5005,BODELI,CWC,24,Gujarat,461,Vadodara,VADODARA,-,-,Narmada,Narmada,Orsang,-,-,Orsang,22.26500000,73.72722222,02-08-2014 11:00,0.8
5006,5006,BODELI,CWC,24,Gujarat,461,Vadodara,VADODARA,-,-,Narmada,Narmada,Orsang,-,-,Orsang,22.26500000,73.72722222,02-08-2014 12:00,5
5007,5007,BODELI,CWC,24,Gujarat,461,Vadodara,VADODARA,-,-,Narmada,Narmada,Orsang,-,-,Orsang,22.26500000,73.72722222,02-08-2014 14:00,1
5008,5008,BODELI,CWC,24,Gujarat,461,Vadodara,VADODARA,-,-,Narmada,Narmada,Orsang,-,-,Orsang,22.26500000,73.72722222,03-08-2014 06:00,1.4
5009,5009,BODELI,CWC,24,Gujarat,461,Vadodara,VADODARA,-,-,Narmada,Narmada,Orsang,-,-,Orsang,22.26500000,73.72722222,03-08-2014 08:30,8.2
5010,5010,BODELI,CWC,24,Gujarat,461,Vadodara,VADODARA,-,-,Narmada,Narmada,Orsang,-,-,Orsang,22.26500000,73.72722222,03-08-2014 09:00,2
5011,5011,BODELI,CWC,24,Gujarat,461,Vadodara,VADODARA,-,-,Narmada,Narmada,Orsang,-,-,Orsang,22.26500000,73.72722222,03-08-2014 10:00,1.8
5012,5012,BODELI,CWC,24,Gujarat,461,Vadodara,VADODARA,-,-,Narmada,Narmada,Orsang,-,-,Orsang,22.26500000,73.72722222,03-08-2014 11:00,2.6
5013,5013,BODELI,CWC,24,Gujarat,461,Vadodara,VADODARA,-,-,Narmada,Narmada,Orsang,-,-,Orsang,22.26500000,73.72722222,04-08-2014 08:30,4.4
5014,5014,BODELI,CWC,24,Gujarat,461,Vadodara,VADODARA,-,-,Narmada,Narmada,Orsang,-,-,Orsang,22.26500000,73.72722222,04-08-2014 19:00,7.8
5015,5015,BODELI,CWC,24,Gujarat,461,Vadodara,VADODARA,-,-,Narmada,Narmada,Orsang,-,-,Orsang,22.26500000,73.72722222,04-08-2014 20:00,1.4
5016,5016,BODELI,CWC,24,Gujarat,461,Vadodara,VADODARA,-,-,Narmada,Narmada,Orsang,-,-,Orsang,22.26500000,73.72722222,04-08-2014 21:00,1
5017,5017,BODELI,CWC,24,Gujarat,461,Vadodara,VADODARA,-,-,Narmada,Narmada,Orsang,-,-,Orsang,22.26500000,73.72722222,05-08-2014 08:30,10.2
5018,5018,BODELI,CWC,24,Gujarat,461,Vadodara,VADODARA,-,-,Narmada,Narmada,Orsang,-,-,Orsang,22.26500000,73.72722222,05-08-2014 13:00,0.2
5019,5019,BODELI,CWC,24,Gujarat,461,Vadodara,VADODARA,-,-,Narmada,Narmada,Orsang,-,-,Orsang,22.26500000,73.72722222,05-08-2014 23:00,3.4
5020,5020,BODELI,CWC,24,Gujarat,461,Vadodara,VADODARA,-,-,Narmada,Narmada,Orsang,-,-,Orsang,22.26500000,73.72722222,06-08-2014 03:00,6.6
5021,5021,BODELI,CWC,24,Gujarat,461,Vadodara,VADODARA,-,-,Narmada,Narmada,Orsang,-,-,Orsang,22.26500000,73.72722222,06-08-2014 08:30,11.8
5022,5022,BODELI,CWC,24,Gujarat,461,Vadodara,VADODARA,-,-,Narmada,Narmada,Orsang,-,-,Orsang,22.26500000,73.72722222,06-08-2014 17:00,2.2
5023,5023,BODELI,CWC,24,Gujarat,461,Vadodara,VADODARA,-,-,Narmada,Narmada,Orsang,-,-,Orsang,22.26500000,73.72722222,06-08-2014 20:00,1.2
5024,5024,BODELI,CWC,24,Gujarat,461,Vadodara,VADODARA,-,-,Narmada,Narmada,Orsang,-,-,Orsang,22.26500000,73.72722222,07-08-2014 08:30,3.4
5025,5025,BODELI,CWC,24,Gujarat,461,Vadodara,VADODARA,-,-,Narmada,Narmada,Orsang,-,-,Orsang,22.26500000,73.72722222,07-08-2014 13:00,1.8
5026,5026,BODELI,CWC,24,Gujarat,461,Vadodara,VADODARA,-,-,Narmada,Narmada,Orsang,-,-,Orsang,22.26500000,73.72722222,07-08-2014 14:00,1.4
5027,5027,BODELI,CWC,24,Gujarat,461,Vadodara,VADODARA,-,-,Narmada,Narmada,Orsang,-,-,Orsang,22.26500000,73.72722222,08-08-2014 08:30,4.4
5028,5028,BODELI,CWC,24,Gujarat,461,Vadodara,VADODARA,-,-,Narmada,Narmada,Orsang,-,-,Orsang,22.26500000,73.72722222,08-08-2014 12:00,0.8
5029,5029,BODELI,CWC,24,Gujarat,461,Vadodara,VADODARA,-,-,Narmada,Narmada,Orsang,-,-,Orsang,22.26500000,73.72722222,08-08-2014 15:00,1.2
5030,5030,BODELI,CWC,24,Gujarat,461,Vadodara,VADODARA,-,-,Narmada,Narmada,Orsang,-,-,Orsang,22.26500000,73.72722222,09-08-2014 08:30,2
5031,5031,BODELI,CWC,24,Gujarat,461,Vadodara,VADODARA,-,-,Narmada,Narmada,Orsang,-,-,Orsang,22.26500000,73.72722222,11-08-2014 07:00,1
5032,5032,BODELI,CWC,24,Gujarat,461,Vadodara,VADODARA,-,-,Narmada,Narmada,Orsang,-,-,Orsang,22.26500000,73.72722222,11-08-2014 08:30,1
5033,5033,BODELI,CWC,24,Gujarat,461,Vadodara,VADODARA,-,-,Narmada,Narmada,Orsang,-,-,Orsang,22.26500000,73.72722222,11-08-2014 19:00,0.4
5034,5034,BODELI,CWC,24,Gujarat,461,Vadodara,VADODARA,-,-,Narmada,Narmada,Orsang,-,-,Orsang,22.26500000,73.72722222,12-08-2014 03:00,0.8
5035,5035,BODELI,CWC,24,Gujarat,461,Vadodara,VADODARA,-,-,Narmada,Narmada,Orsang,-,-,Orsang,22.26500000,73.72722222,12-08-2014 08:30,1.2
5036,5036,BODELI,CWC,24,Gujarat,461,Vadodara,VADODARA,-,-,Narmada,Narmada,Orsang,-,-,Orsang,22.26500000,73.72722222,13-08-2014 17:00,1.2
5037,5037,BODELI,CWC,24,Gujarat,461,Vadodara,VADODARA,-,-,Narmada,Narmada,Orsang,-,-,Orsang,22.26500000,73.72722222,14-08-2014 08:30,1.8
5038,5038,BODELI,CWC,24,Gujarat,461,Vadodara,VADODARA,-,-,Narmada,Narmada,Orsang,-,-,Orsang,22.26500000,73.72722222,14-08-2014 12:00,0.6
5039,5039,BODELI,CWC,24,Gujarat,461,Vadodara,VADODARA,-,-,Narmada,Narmada,Orsang,-,-,Orsang,22.26500000,73.72722222,14-08-2014 13:00,1.4
5040,5040,BODELI,CWC,24,Gujarat,461,Vadodara,VADODARA,-,-,Narmada,Narmada,Orsang,-,-,Orsang,22.26500000,73.72722222,15-08-2014 06:00,1.6
5041,5041,BODELI,CWC,24,Gujarat,461,Vadodara,VADODARA,-,-,Narmada,Narmada,Orsang,-,-,Orsang,22.26500000,73.72722222,15-08-2014 08:30,0.6
5042,5042,BODELI,CWC,24,Gujarat,461,Vadodara,VADODARA,-,-,Narmada,Narmada,Orsang,-,-,Orsang,22.26500000,73.72722222,15-08-2014 10:00,2.2
5043,5043,BODELI,CWC,24,Gujarat,461,Vadodara,VADODARA,-,-,Narmada,Narmada,Orsang,-,-,Orsang,22.26500000,73.72722222,15-08-2014 11:00,0.4
5044,5044,BODELI,CWC,24,Gujarat,461,Vadodara,VADODARA,-,-,Narmada,Narmada,Orsang,-,-,Orsang,22.26500000,73.72722222,15-08-2014 18:00,1.8
5045,5045,BODELI,CWC,24,Gujarat,461,Vadodara,VADODARA,-,-,Narmada,Narmada,Orsang,-,-,Orsang,22.26500000,73.72722222,16-08-2014 06:00,6.8
5046,5046,BODELI,CWC,24,Gujarat,461,Vadodara,VADODARA,-,-,Narmada,Narmada,Orsang,-,-,Orsang,22.26500000,73.72722222,16-08-2014 08:30,12.8
5047,5047,BODELI,CWC,24,Gujarat,461,Vadodara,VADODARA,-,-,Narmada,Narmada,Orsang,-,-,Orsang,22.26500000,73.72722222,16-08-2014 09:00,1.4
5048,5048,BODELI,CWC,24,Gujarat,461,Vadodara,VADODARA,-,-,Narmada,Narmada,Orsang,-,-,Orsang,22.26500000,73.72722222,16-08-2014 10:00,1.4
5049,5049,BODELI,CWC,24,Gujarat,461,Vadodara,VADODARA,-,-,Narmada,Narmada,Orsang,-,-,Orsang,22.26500000,73.72722222,17-08-2014 08:30,2.8
5050,5050,BODELI,CWC,24,Gujarat,461,Vadodara,VADODARA,-,-,Narmada,Narmada,Orsang,-,-,Orsang,22.26500000,73.72722222,17-08-2014 13:00,4.2
5051,5051,BODELI,CWC,24,Gujarat,461,Vadodara,VADODARA,-,-,Narmada,Narmada,Orsang,-,-,Orsang,22.26500000,73.72722222,17-08-2014 15:00,0.8
5052,5052,BODELI,CWC,24,Gujarat,461,Vadodara,VADODARA,-,-,Narmada,Narmada,Orsang,-,-,Orsang,22.26500000,73.72722222,18-08-2014 08:30,5
5053,5053,BODELI,CWC,24,Gujarat,461,Vadodara,VADODARA,-,-,Narmada,Narmada,Orsang,-,-,Orsang,22.26500000,73.72722222,23-08-2014 09:00,1.2
5054,5054,BODELI,CWC,24,Gujarat,461,Vadodara,VADODARA,-,-,Narmada,Narmada,Orsang,-,-,Orsang,22.26500000,73.72722222,23-08-2014 10:00,6.4
5055,5055,BODELI,CWC,24,Gujarat,461,Vadodara,VADODARA,-,-,Narmada,Narmada,Orsang,-,-,Orsang,22.26500000,73.72722222,23-08-2014 11:00,2.4
5056,5056,BODELI,CWC,24,Gujarat,461,Vadodara,VADODARA,-,-,Narmada,Narmada,Orsang,-,-,Orsang,22.26500000,73.72722222,23-08-2014 12:00,1.2
5057,5057,BODELI,CWC,24,Gujarat,461,Vadodara,VADODARA,-,-,Narmada,Narmada,Orsang,-,-,Orsang,22.26500000,73.72722222,23-08-2014 13:00,0.2
5058,5058,BODELI,CWC,24,Gujarat,461,Vadodara,VADODARA,-,-,Narmada,Narmada,Orsang,-,-,Orsang,22.26500000,73.72722222,24-08-2014 08:30,8.2
5059,5059,BODELI,CWC,24,Gujarat,461,Vadodara,VADODARA,-,-,Narmada,Narmada,Orsang,-,-,Orsang,22.26500000,73.72722222,25-08-2014 15:00,24.2
5060,5060,BODELI,CWC,24,Gujarat,461,Vadodara,VADODARA,-,-,Narmada,Narmada,Orsang,-,-,Orsang,22.26500000,73.72722222,25-08-2014 16:00,5.2
5061,5061,BODELI,CWC,24,Gujarat,461,Vadodara,VADODARA,-,-,Narmada,Narmada,Orsang,-,-,Orsang,22.26500000,73.72722222,26-08-2014 08:30,29.4
5062,5062,BODELI,CWC,24,Gujarat,461,Vadodara,VADODARA,-,-,Narmada,Narmada,Orsang,-,-,Orsang,22.26500000,73.72722222,29-08-2014 17:00,3.4
5063,5063,BODELI,CWC,24,Gujarat,461,Vadodara,VADODARA,-,-,Narmada,Narmada,Orsang,-,-,Orsang,22.26500000,73.72722222,29-08-2014 18:00,2
5064,5064,BODELI,CWC,24,Gujarat,461,Vadodara,VADODARA,-,-,Narmada,Narmada,Orsang,-,-,Orsang,22.26500000,73.72722222,29-08-2014 19:00,1.6
5065,5065,BODELI,CWC,24,Gujarat,461,Vadodara,VADODARA,-,-,Narmada,Narmada,Orsang,-,-,Orsang,22.26500000,73.72722222,29-08-2014 20:00,0.2
5066,5066,BODELI,CWC,24,Gujarat,461,Vadodara,VADODARA,-,-,Narmada,Narmada,Orsang,-,-,Orsang,22.26500000,73.72722222,29-08-2014 21:00,0.4
5067,5067,BODELI,CWC,24,Gujarat,461,Vadodara,VADODARA,-,-,Narmada,Narmada,Orsang,-,-,Orsang,22.26500000,73.72722222,29-08-2014 22:00,0.2
5068,5068,BODELI,CWC,24,Gujarat,461,Vadodara,VADODARA,-,-,Narmada,Narmada,Orsang,-,-,Orsang,22.26500000,73.72722222,30-08-2014 07:00,0.4
5069,5069,BODELI,CWC,24,Gujarat,461,Vadodara,VADODARA,-,-,Narmada,Narmada,Orsang,-,-,Orsang,22.26500000,73.72722222,30-08-2014 08:30,8.2
5070,5070,BODELI,CWC,24,Gujarat,461,Vadodara,VADODARA,-,-,Narmada,Narmada,Orsang,-,-,Orsang,22.26500000,73.72722222,30-08-2014 22:00,3.8
5071,5071,BODELI,CWC,24,Gujarat,461,Vadodara,VADODARA,-,-,Narmada,Narmada,Orsang,-,-,Orsang,22.26500000,73.72722222,30-08-2014 23:00,7
5072,5072,BODELI,CWC,24,Gujarat,461,Vadodara,VADODARA,-,-,Narmada,Narmada,Orsang,-,-,Orsang,22.26500000,73.72722222,31-08-2014 00:00,3.2
5073,5073,BODELI,CWC,24,Gujarat,461,Vadodara,VADODARA,-,-,Narmada,Narmada,Orsang,-,-,Orsang,22.26500000,73.72722222,31-08-2014 01:00,3.2
5074,5074,BODELI,CWC,24,Gujarat,461,Vadodara,VADODARA,-,-,Narmada,Narmada,Orsang,-,-,Orsang,22.26500000,73.72722222,31-08-2014 03:00,0.6
5075,5075,BODELI,CWC,24,Gujarat,461,Vadodara,VADODARA,-,-,Narmada,Narmada,Orsang,-,-,Orsang,22.26500000,73.72722222,31-08-2014 08:30,17.8
5076,5076,BODELI,CWC,24,Gujarat,461,Vadodara,VADODARA,-,-,Narmada,Narmada,Orsang,-,-,Orsang,22.26500000,73.72722222,31-08-2014 11:00,2
5077,5077,BODELI,CWC,24,Gujarat,461,Vadodara,VADODARA,-,-,Narmada,Narmada,Orsang,-,-,Orsang,22.26500000,73.72722222,31-08-2014 19:00,0.6
5078,5078,BODELI,CWC,24,Gujarat,461,Vadodara,VADODARA,-,-,Narmada,Narmada,Orsang,-,-,Orsang,22.26500000,73.72722222,31-08-2014 20:00,9
5079,5079,BODELI,CWC,24,Gujarat,461,Vadodara,VADODARA,-,-,Narmada,Narmada,Orsang,-,-,Orsang,22.26500000,73.72722222,01-09-2014 03:00,0.4
5080,5080,BODELI,CWC,24,Gujarat,461,Vadodara,VADODARA,-,-,Narmada,Narmada,Orsang,-,-,Orsang,22.26500000,73.72722222,01-09-2014 08:30,17.4
5081,5081,BODELI,CWC,24,Gujarat,461,Vadodara,VADODARA,-,-,Narmada,Narmada,Orsang,-,-,Orsang,22.26500000,73.72722222,01-09-2014 14:00,3
5082,5082,BODELI,CWC,24,Gujarat,461,Vadodara,VADODARA,-,-,Narmada,Narmada,Orsang,-,-,Orsang,22.26500000,73.72722222,02-09-2014 08:30,3
5083,5083,BODELI,CWC,24,Gujarat,461,Vadodara,VADODARA,-,-,Narmada,Narmada,Orsang,-,-,Orsang,22.26500000,73.72722222,03-09-2014 15:00,6.4
5084,5084,BODELI,CWC,24,Gujarat,461,Vadodara,VADODARA,-,-,Narmada,Narmada,Orsang,-,-,Orsang,22.26500000,73.72722222,03-09-2014 16:00,7.8
5085,5085,BODELI,CWC,24,Gujarat,461,Vadodara,VADODARA,-,-,Narmada,Narmada,Orsang,-,-,Orsang,22.26500000,73.72722222,04-09-2014 04:00,1.8
5086,5086,BODELI,CWC,24,Gujarat,461,Vadodara,VADODARA,-,-,Narmada,Narmada,Orsang,-,-,Orsang,22.26500000,73.72722222,04-09-2014 05:00,0.8
5087,5087,BODELI,CWC,24,Gujarat,461,Vadodara,VADODARA,-,-,Narmada,Narmada,Orsang,-,-,Orsang,22.26500000,73.72722222,04-09-2014 07:00,2
5088,5088,BODELI,CWC,24,Gujarat,461,Vadodara,VADODARA,-,-,Narmada,Narmada,Orsang,-,-,Orsang,22.26500000,73.72722222,04-09-2014 08:30,1.2
5089,5089,BODELI,CWC,24,Gujarat,461,Vadodara,VADODARA,-,-,Narmada,Narmada,Orsang,-,-,Orsang,22.26500000,73.72722222,04-09-2014 09:00,1.2
5090,5090,BODELI,CWC,24,Gujarat,461,Vadodara,VADODARA,-,-,Narmada,Narmada,Orsang,-,-,Orsang,22.26500000,73.72722222,04-09-2014 10:00,0.2
5091,5091,BODELI,CWC,24,Gujarat,461,Vadodara,VADODARA,-,-,Narmada,Narmada,Orsang,-,-,Orsang,22.26500000,73.72722222,04-09-2014 14:00,3.4
5092,5092,BODELI,CWC,24,Gujarat,461,Vadodara,VADODARA,-,-,Narmada,Narmada,Orsang,-,-,Orsang,22.26500000,73.72722222,04-09-2014 15:00,4.2
5093,5093,BODELI,CWC,24,Gujarat,461,Vadodara,VADODARA,-,-,Narmada,Narmada,Orsang,-,-,Orsang,22.26500000,73.72722222,04-09-2014 16:00,0.2
5094,5094,BODELI,CWC,24,Gujarat,461,Vadodara,VADODARA,-,-,Narmada,Narmada,Orsang,-,-,Orsang,22.26500000,73.72722222,04-09-2014 19:00,2
5095,5095,BODELI,CWC,24,Gujarat,461,Vadodara,VADODARA,-,-,Narmada,Narmada,Orsang,-,-,Orsang,22.26500000,73.72722222,05-09-2014 00:00,1.4
5096,5096,BODELI,CWC,24,Gujarat,461,Vadodara,VADODARA,-,-,Narmada,Narmada,Orsang,-,-,Orsang,22.26500000,73.72722222,05-09-2014 04:00,3.2
5097,5097,BODELI,CWC,24,Gujarat,461,Vadodara,VADODARA,-,-,Narmada,Narmada,Orsang,-,-,Orsang,22.26500000,73.72722222,06-09-2014 04:00,0.8
5098,5098,BODELI,CWC,24,Gujarat,461,Vadodara,VADODARA,-,-,Narmada,Narmada,Orsang,-,-,Orsang,22.26500000,73.72722222,06-09-2014 08:30,0.8
5099,5099,BODELI,CWC,24,Gujarat,461,Vadodara,VADODARA,-,-,Narmada,Narmada,Orsang,-,-,Orsang,22.26500000,73.72722222,07-09-2014 21:00,0.4
5100,5100,BODELI,CWC,24,Gujarat,461,Vadodara,VADODARA,-,-,Narmada,Narmada,Orsang,-,-,Orsang,22.26500000,73.72722222,07-09-2014 22:00,0.6
5101,5101,BODELI,CWC,24,Gujarat,461,Vadodara,VADODARA,-,-,Narmada,Narmada,Orsang,-,-,Orsang,22.26500000,73.72722222,08-09-2014 03:00,3.2
5102,5102,BODELI,CWC,24,Gujarat,461,Vadodara,VADODARA,-,-,Narmada,Narmada,Orsang,-,-,Orsang,22.26500000,73.72722222,08-09-2014 04:00,7.4
5103,5103,BODELI,CWC,24,Gujarat,461,Vadodara,VADODARA,-,-,Narmada,Narmada,Orsang,-,-,Orsang,22.26500000,73.72722222,08-09-2014 05:00,5.6
5104,5104,BODELI,CWC,24,Gujarat,461,Vadodara,VADODARA,-,-,Narmada,Narmada,Orsang,-,-,Orsang,22.26500000,73.72722222,08-09-2014 06:00,4.4
5105,5105,BODELI,CWC,24,Gujarat,461,Vadodara,VADODARA,-,-,Narmada,Narmada,Orsang,-,-,Orsang,22.26500000,73.72722222,08-09-2014 07:00,6.4
5106,5106,BODELI,CWC,24,Gujarat,461,Vadodara,VADODARA,-,-,Narmada,Narmada,Orsang,-,-,Orsang,22.26500000,73.72722222,08-09-2014 08:00,9.6
5107,5107,BODELI,CWC,24,Gujarat,461,Vadodara,VADODARA,-,-,Narmada,Narmada,Orsang,-,-,Orsang,22.26500000,73.72722222,08-09-2014 08:30,37.6
5108,5108,BODELI,CWC,24,Gujarat,461,Vadodara,VADODARA,-,-,Narmada,Narmada,Orsang,-,-,Orsang,22.26500000,73.72722222,08-09-2014 09:00,8.8
5109,5109,BODELI,CWC,24,Gujarat,461,Vadodara,VADODARA,-,-,Narmada,Narmada,Orsang,-,-,Orsang,22.26500000,73.72722222,08-09-2014 10:00,9.2
5110,5110,BODELI,CWC,24,Gujarat,461,Vadodara,VADODARA,-,-,Narmada,Narmada,Orsang,-,-,Orsang,22.26500000,73.72722222,08-09-2014 11:00,11.8
5111,5111,BODELI,CWC,24,Gujarat,461,Vadodara,VADODARA,-,-,Narmada,Narmada,Orsang,-,-,Orsang,22.26500000,73.72722222,08-09-2014 12:00,5.6
5112,5112,BODELI,CWC,24,Gujarat,461,Vadodara,VADODARA,-,-,Narmada,Narmada,Orsang,-,-,Orsang,22.26500000,73.72722222,08-09-2014 13:00,4
5113,5113,BODELI,CWC,24,Gujarat,461,Vadodara,VADODARA,-,-,Narmada,Narmada,Orsang,-,-,Orsang,22.26500000,73.72722222,08-09-2014 14:00,6.2
5114,5114,BODELI,CWC,24,Gujarat,461,Vadodara,VADODARA,-,-,Narmada,Narmada,Orsang,-,-,Orsang,22.26500000,73.72722222,08-09-2014 15:00,6
5115,5115,BODELI,CWC,24,Gujarat,461,Vadodara,VADODARA,-,-,Narmada,Narmada,Orsang,-,-,Orsang,22.26500000,73.72722222,08-09-2014 16:00,5.4
5116,5116,BODELI,CWC,24,Gujarat,461,Vadodara,VADODARA,-,-,Narmada,Narmada,Orsang,-,-,Orsang,22.26500000,73.72722222,08-09-2014 17:00,6.2
5117,5117,BODELI,CWC,24,Gujarat,461,Vadodara,VADODARA,-,-,Narmada,Narmada,Orsang,-,-,Orsang,22.26500000,73.72722222,08-09-2014 18:00,0.8
5118,5118,BODELI,CWC,24,Gujarat,461,Vadodara,VADODARA,-,-,Narmada,Narmada,Orsang,-,-,Orsang,22.26500000,73.72722222,08-09-2014 19:00,7.2
5119,5119,BODELI,CWC,24,Gujarat,461,Vadodara,VADODARA,-,-,Narmada,Narmada,Orsang,-,-,Orsang,22.26500000,73.72722222,08-09-2014 20:00,3.4
5120,5120,BODELI,CWC,24,Gujarat,461,Vadodara,VADODARA,-,-,Narmada,Narmada,Orsang,-,-,Orsang,22.26500000,73.72722222,08-09-2014 21:00,1.8
5121,5121,BODELI,CWC,24,Gujarat,461,Vadodara,VADODARA,-,-,Narmada,Narmada,Orsang,-,-,Orsang,22.26500000,73.72722222,08-09-2014 22:00,2.2
5122,5122,BODELI,CWC,24,Gujarat,461,Vadodara,VADODARA,-,-,Narmada,Narmada,Orsang,-,-,Orsang,22.26500000,73.72722222,08-09-2014 23:00,0.6
5123,5123,BODELI,CWC,24,Gujarat,461,Vadodara,VADODARA,-,-,Narmada,Narmada,Orsang,-,-,Orsang,22.26500000,73.72722222,09-09-2014 00:00,0.8
5124,5124,BODELI,CWC,24,Gujarat,461,Vadodara,VADODARA,-,-,Narmada,Narmada,Orsang,-,-,Orsang,22.26500000,73.72722222,09-09-2014 01:00,1
5125,5125,BODELI,CWC,24,Gujarat,461,Vadodara,VADODARA,-,-,Narmada,Narmada,Orsang,-,-,Orsang,22.26500000,73.72722222,09-09-2014 02:00,4
5126,5126,BODELI,CWC,24,Gujarat,461,Vadodara,VADODARA,-,-,Narmada,Narmada,Orsang,-,-,Orsang,22.26500000,73.72722222,09-09-2014 04:00,23.2
5127,5127,BODELI,CWC,24,Gujarat,461,Vadodara,VADODARA,-,-,Narmada,Narmada,Orsang,-,-,Orsang,22.26500000,73.72722222,09-09-2014 05:00,22.2
5128,5128,BODELI,CWC,24,Gujarat,461,Vadodara,VADODARA,-,-,Narmada,Narmada,Orsang,-,-,Orsang,22.26500000,73.72722222,09-09-2014 06:00,43.8
5129,5129,BODELI,CWC,24,Gujarat,461,Vadodara,VADODARA,-,-,Narmada,Narmada,Orsang,-,-,Orsang,22.26500000,73.72722222,09-09-2014 07:00,46.6
5130,5130,BODELI,CWC,24,Gujarat,461,Vadodara,VADODARA,-,-,Narmada,Narmada,Orsang,-,-,Orsang,22.26500000,73.72722222,09-09-2014 08:00,31
5131,5131,BODELI,CWC,24,Gujarat,461,Vadodara,VADODARA,-,-,Narmada,Narmada,Orsang,-,-,Orsang,22.26500000,73.72722222,09-09-2014 08:30,259.6
5132,5132,BODELI,CWC,24,Gujarat,461,Vadodara,VADODARA,-,-,Narmada,Narmada,Orsang,-,-,Orsang,22.26500000,73.72722222,09-09-2014 09:00,2.6
5133,5133,BODELI,CWC,24,Gujarat,461,Vadodara,VADODARA,-,-,Narmada,Narmada,Orsang,-,-,Orsang,22.26500000,73.72722222,09-09-2014 10:00,0.4
5134,5134,BODELI,CWC,24,Gujarat,461,Vadodara,VADODARA,-,-,Narmada,Narmada,Orsang,-,-,Orsang,22.26500000,73.72722222,09-09-2014 12:00,0.6
5135,5135,BODELI,CWC,24,Gujarat,461,Vadodara,VADODARA,-,-,Narmada,Narmada,Orsang,-,-,Orsang,22.26500000,73.72722222,09-09-2014 13:00,0.6
5136,5136,BODELI,CWC,24,Gujarat,461,Vadodara,VADODARA,-,-,Narmada,Narmada,Orsang,-,-,Orsang,22.26500000,73.72722222,09-09-2014 14:00,1
5137,5137,BODELI,CWC,24,Gujarat,461,Vadodara,VADODARA,-,-,Narmada,Narmada,Orsang,-,-,Orsang,22.26500000,73.72722222,10-09-2014 01:00,0.4
5138,5138,BODELI,CWC,24,Gujarat,461,Vadodara,VADODARA,-,-,Narmada,Narmada,Orsang,-,-,Orsang,22.26500000,73.72722222,10-09-2014 04:00,0.6
5139,5139,BODELI,CWC,24,Gujarat,461,Vadodara,VADODARA,-,-,Narmada,Narmada,Orsang,-,-,Orsang,22.26500000,73.72722222,10-09-2014 07:00,1.8
5140,5140,BODELI,CWC,24,Gujarat,461,Vadodara,VADODARA,-,-,Narmada,Narmada,Orsang,-,-,Orsang,22.26500000,73.72722222,10-09-2014 08:00,1.4
5141,5141,BODELI,CWC,24,Gujarat,461,Vadodara,VADODARA,-,-,Narmada,Narmada,Orsang,-,-,Orsang,22.26500000,73.72722222,10-09-2014 08:30,10.6
5142,5142,BODELI,CWC,24,Gujarat,461,Vadodara,VADODARA,-,-,Narmada,Narmada,Orsang,-,-,Orsang,22.26500000,73.72722222,10-09-2014 10:00,1.8
5143,5143,BODELI,CWC,24,Gujarat,461,Vadodara,VADODARA,-,-,Narmada,Narmada,Orsang,-,-,Orsang,22.26500000,73.72722222,10-09-2014 18:00,0.2
5144,5144,BODELI,CWC,24,Gujarat,461,Vadodara,VADODARA,-,-,Narmada,Narmada,Orsang,-,-,Orsang,22.26500000,73.72722222,11-09-2014 08:30,2
5145,5145,BODELI,CWC,24,Gujarat,461,Vadodara,VADODARA,-,-,Narmada,Narmada,Orsang,-,-,Orsang,22.26500000,73.72722222,11-09-2014 12:00,0.4
5146,5146,BODELI,CWC,24,Gujarat,461,Vadodara,VADODARA,-,-,Narmada,Narmada,Orsang,-,-,Orsang,22.26500000,73.72722222,11-09-2014 15:00,0.4
5147,5147,BODELI,CWC,24,Gujarat,461,Vadodara,VADODARA,-,-,Narmada,Narmada,Orsang,-,-,Orsang,22.26500000,73.72722222,11-09-2014 19:00,0.4
5148,5148,BODELI,CWC,24,Gujarat,461,Vadodara,VADODARA,-,-,Narmada,Narmada,Orsang,-,-,Orsang,22.26500000,73.72722222,12-09-2014 08:00,0.4
5149,5149,BODELI,CWC,24,Gujarat,461,Vadodara,VADODARA,-,-,Narmada,Narmada,Orsang,-,-,Orsang,22.26500000,73.72722222,12-09-2014 09:00,1.4
5150,5150,BODELI,CWC,24,Gujarat,461,Vadodara,VADODARA,-,-,Narmada,Narmada,Orsang,-,-,Orsang,22.26500000,73.72722222,12-09-2014 10:00,3
5151,5151,BODELI,CWC,24,Gujarat,461,Vadodara,VADODARA,-,-,Narmada,Narmada,Orsang,-,-,Orsang,22.26500000,73.72722222,12-09-2014 22:00,1
5152,5152,BODELI,CWC,24,Gujarat,461,Vadodara,VADODARA,-,-,Narmada,Narmada,Orsang,-,-,Orsang,22.26500000,73.72722222,12-09-2014 23:00,1.21
5153,5153,BODELI,CWC,24,Gujarat,461,Vadodara,VADODARA,-,-,Narmada,Narmada,Orsang,-,-,Orsang,22.26500000,73.72722222,13-09-2014 08:30,6.6
5154,5154,BODELI,CWC,24,Gujarat,461,Vadodara,VADODARA,-,-,Narmada,Narmada,Orsang,-,-,Orsang,22.26500000,73.72722222,13-09-2014 20:00,1.8
5155,5155,BODELI,CWC,24,Gujarat,461,Vadodara,VADODARA,-,-,Narmada,Narmada,Orsang,-,-,Orsang,22.26500000,73.72722222,14-09-2014 08:30,1.8
5156,5156,BODELI,CWC,24,Gujarat,461,Vadodara,VADODARA,-,-,Narmada,Narmada,Orsang,-,-,Orsang,22.26500000,73.72722222,14-09-2014 18:00,1
5157,5157,BODELI,CWC,24,Gujarat,461,Vadodara,VADODARA,-,-,Narmada,Narmada,Orsang,-,-,Orsang,22.26500000,73.72722222,15-09-2014 08:30,1
5158,5158,BODELI,CWC,24,Gujarat,461,Vadodara,VADODARA,-,-,Narmada,Narmada,Orsang,-,-,Orsang,22.26500000,73.72722222,27-09-2014 08:30,1
5159,5159,BODELI,CWC,24,Gujarat,461,Vadodara,VADODARA,-,-,Narmada,Narmada,Orsang,-,-,Orsang,22.26500000,73.72722222,01-03-2015 08:30,22.2
5160,5160,BODELI,CWC,24,Gujarat,461,Vadodara,VADODARA,-,-,Narmada,Narmada,Orsang,-,-,Orsang,22.26500000,73.72722222,02-03-2015 08:30,22.2
5161,5161,BODELI,CWC,24,Gujarat,461,Vadodara,VADODARA,-,-,Narmada,Narmada,Orsang,-,-,Orsang,22.26500000,73.72722222,12-04-2015 08:30,1.4
5162,5162,BODELI,CWC,24,Gujarat,461,Vadodara,VADODARA,-,-,Narmada,Narmada,Orsang,-,-,Orsang,22.26500000,73.72722222,13-04-2015 08:30,2.8
5163,5163,BODELI,CWC,24,Gujarat,461,Vadodara,VADODARA,-,-,Narmada,Narmada,Orsang,-,-,Orsang,22.26500000,73.72722222,14-05-2015 08:30,9.4
5164,5164,BODELI,CWC,24,Gujarat,461,Vadodara,VADODARA,-,-,Narmada,Narmada,Orsang,-,-,Orsang,22.26500000,73.72722222,08-06-2015 20:00,18
5165,5165,BODELI,CWC,24,Gujarat,461,Vadodara,VADODARA,-,-,Narmada,Narmada,Orsang,-,-,Orsang,22.26500000,73.72722222,08-06-2015 21:00,0.4
5166,5166,BODELI,CWC,24,Gujarat,461,Vadodara,VADODARA,-,-,Narmada,Narmada,Orsang,-,-,Orsang,22.26500000,73.72722222,09-06-2015 08:30,18.4
5167,5167,BODELI,CWC,24,Gujarat,461,Vadodara,VADODARA,-,-,Narmada,Narmada,Orsang,-,-,Orsang,22.26500000,73.72722222,11-06-2015 10:00,1
5168,5168,BODELI,CWC,24,Gujarat,461,Vadodara,VADODARA,-,-,Narmada,Narmada,Orsang,-,-,Orsang,22.26500000,73.72722222,11-06-2015 11:00,0.8
5169,5169,BODELI,CWC,24,Gujarat,461,Vadodara,VADODARA,-,-,Narmada,Narmada,Orsang,-,-,Orsang,22.26500000,73.72722222,11-06-2015 12:00,1
5170,5170,BODELI,CWC,24,Gujarat,461,Vadodara,VADODARA,-,-,Narmada,Narmada,Orsang,-,-,Orsang,22.26500000,73.72722222,11-06-2015 13:00,0.8
5171,5171,BODELI,CWC,24,Gujarat,461,Vadodara,VADODARA,-,-,Narmada,Narmada,Orsang,-,-,Orsang,22.26500000,73.72722222,12-06-2015 08:30,3.8
5172,5172,BODELI,CWC,24,Gujarat,461,Vadodara,VADODARA,-,-,Narmada,Narmada,Orsang,-,-,Orsang,22.26500000,73.72722222,12-06-2015 18:00,10.2
5173,5173,BODELI,CWC,24,Gujarat,461,Vadodara,VADODARA,-,-,Narmada,Narmada,Orsang,-,-,Orsang,22.26500000,73.72722222,12-06-2015 21:00,0.4
5174,5174,BODELI,CWC,24,Gujarat,461,Vadodara,VADODARA,-,-,Narmada,Narmada,Orsang,-,-,Orsang,22.26500000,73.72722222,13-06-2015 03:00,31.2
5175,5175,BODELI,CWC,24,Gujarat,461,Vadodara,VADODARA,-,-,Narmada,Narmada,Orsang,-,-,Orsang,22.26500000,73.72722222,13-06-2015 06:00,23.6
5176,5176,BODELI,CWC,24,Gujarat,461,Vadodara,VADODARA,-,-,Narmada,Narmada,Orsang,-,-,Orsang,22.26500000,73.72722222,13-06-2015 08:30,18.8
5177,5177,BODELI,CWC,24,Gujarat,461,Vadodara,VADODARA,-,-,Narmada,Narmada,Orsang,-,-,Orsang,22.26500000,73.72722222,14-06-2015 08:30,2.2
5178,5178,BODELI,CWC,24,Gujarat,461,Vadodara,VADODARA,-,-,Narmada,Narmada,Orsang,-,-,Orsang,22.26500000,73.72722222,14-06-2015 13:00,1
5179,5179,BODELI,CWC,24,Gujarat,461,Vadodara,VADODARA,-,-,Narmada,Narmada,Orsang,-,-,Orsang,22.26500000,73.72722222,15-06-2015 08:30,1
5180,5180,BODELI,CWC,24,Gujarat,461,Vadodara,VADODARA,-,-,Narmada,Narmada,Orsang,-,-,Orsang,22.26500000,73.72722222,16-06-2015 08:30,19.6
5181,5181,BODELI,CWC,24,Gujarat,461,Vadodara,VADODARA,-,-,Narmada,Narmada,Orsang,-,-,Orsang,22.26500000,73.72722222,17-06-2015 20:00,40
5182,5182,BODELI,CWC,24,Gujarat,461,Vadodara,VADODARA,-,-,Narmada,Narmada,Orsang,-,-,Orsang,22.26500000,73.72722222,17-06-2015 21:00,14
5183,5183,BODELI,CWC,24,Gujarat,461,Vadodara,VADODARA,-,-,Narmada,Narmada,Orsang,-,-,Orsang,22.26500000,73.72722222,17-06-2015 22:00,1
5184,5184,BODELI,CWC,24,Gujarat,461,Vadodara,VADODARA,-,-,Narmada,Narmada,Orsang,-,-,Orsang,22.26500000,73.72722222,17-06-2015 23:00,1
5185,5185,BODELI,CWC,24,Gujarat,461,Vadodara,VADODARA,-,-,Narmada,Narmada,Orsang,-,-,Orsang,22.26500000,73.72722222,18-06-2015 00:00,0.6
5186,5186,BODELI,CWC,24,Gujarat,461,Vadodara,VADODARA,-,-,Narmada,Narmada,Orsang,-,-,Orsang,22.26500000,73.72722222,18-06-2015 08:30,56.6
5187,5187,BODELI,CWC,24,Gujarat,461,Vadodara,VADODARA,-,-,Narmada,Narmada,Orsang,-,-,Orsang,22.26500000,73.72722222,19-06-2015 05:00,1.2
5188,5188,BODELI,CWC,24,Gujarat,461,Vadodara,VADODARA,-,-,Narmada,Narmada,Orsang,-,-,Orsang,22.26500000,73.72722222,19-06-2015 08:30,1.2
5189,5189,BODELI,CWC,24,Gujarat,461,Vadodara,VADODARA,-,-,Narmada,Narmada,Orsang,-,-,Orsang,22.26500000,73.72722222,23-06-2015 04:00,0.4
5190,5190,BODELI,CWC,24,Gujarat,461,Vadodara,VADODARA,-,-,Narmada,Narmada,Orsang,-,-,Orsang,22.26500000,73.72722222,23-06-2015 05:00,0.4
5191,5191,BODELI,CWC,24,Gujarat,461,Vadodara,VADODARA,-,-,Narmada,Narmada,Orsang,-,-,Orsang,22.26500000,73.72722222,23-06-2015 08:30,0.8
5192,5192,BODELI,CWC,24,Gujarat,461,Vadodara,VADODARA,-,-,Narmada,Narmada,Orsang,-,-,Orsang,22.26500000,73.72722222,23-06-2015 19:00,1
5193,5193,BODELI,CWC,24,Gujarat,461,Vadodara,VADODARA,-,-,Narmada,Narmada,Orsang,-,-,Orsang,22.26500000,73.72722222,24-06-2015 00:00,1
5194,5194,BODELI,CWC,24,Gujarat,461,Vadodara,VADODARA,-,-,Narmada,Narmada,Orsang,-,-,Orsang,22.26500000,73.72722222,24-06-2015 08:00,1.6
5195,5195,BODELI,CWC,24,Gujarat,461,Vadodara,VADODARA,-,-,Narmada,Narmada,Orsang,-,-,Orsang,22.26500000,73.72722222,24-06-2015 08:30,4
5196,5196,BODELI,CWC,24,Gujarat,461,Vadodara,VADODARA,-,-,Narmada,Narmada,Orsang,-,-,Orsang,22.26500000,73.72722222,24-06-2015 10:00,2.2
5197,5197,BODELI,CWC,24,Gujarat,461,Vadodara,VADODARA,-,-,Narmada,Narmada,Orsang,-,-,Orsang,22.26500000,73.72722222,24-06-2015 11:00,2.6
5198,5198,BODELI,CWC,24,Gujarat,461,Vadodara,VADODARA,-,-,Narmada,Narmada,Orsang,-,-,Orsang,22.26500000,73.72722222,24-06-2015 13:00,3.6
5199,5199,BODELI,CWC,24,Gujarat,461,Vadodara,VADODARA,-,-,Narmada,Narmada,Orsang,-,-,Orsang,22.26500000,73.72722222,24-06-2015 14:00,0.8
5200,5200,BODELI,CWC,24,Gujarat,461,Vadodara,VADODARA,-,-,Narmada,Narmada,Orsang,-,-,Orsang,22.26500000,73.72722222,24-06-2015 15:00,1
5201,5201,BODELI,CWC,24,Gujarat,461,Vadodara,VADODARA,-,-,Narmada,Narmada,Orsang,-,-,Orsang,22.26500000,73.72722222,24-06-2015 16:00,12
5202,5202,BODELI,CWC,24,Gujarat,461,Vadodara,VADODARA,-,-,Narmada,Narmada,Orsang,-,-,Orsang,22.26500000,73.72722222,24-06-2015 17:00,10
5203,5203,BODELI,CWC,24,Gujarat,461,Vadodara,VADODARA,-,-,Narmada,Narmada,Orsang,-,-,Orsang,22.26500000,73.72722222,24-06-2015 18:00,5.6
5204,5204,BODELI,CWC,24,Gujarat,461,Vadodara,VADODARA,-,-,Narmada,Narmada,Orsang,-,-,Orsang,22.26500000,73.72722222,24-06-2015 19:00,5.2
5205,5205,BODELI,CWC,24,Gujarat,461,Vadodara,VADODARA,-,-,Narmada,Narmada,Orsang,-,-,Orsang,22.26500000,73.72722222,24-06-2015 20:00,3.2
5206,5206,BODELI,CWC,24,Gujarat,461,Vadodara,VADODARA,-,-,Narmada,Narmada,Orsang,-,-,Orsang,22.26500000,73.72722222,24-06-2015 23:00,0.8
5207,5207,BODELI,CWC,24,Gujarat,461,Vadodara,VADODARA,-,-,Narmada,Narmada,Orsang,-,-,Orsang,22.26500000,73.72722222,25-06-2015 00:00,1
5208,5208,BODELI,CWC,24,Gujarat,461,Vadodara,VADODARA,-,-,Narmada,Narmada,Orsang,-,-,Orsang,22.26500000,73.72722222,25-06-2015 04:00,1.2
5209,5209,BODELI,CWC,24,Gujarat,461,Vadodara,VADODARA,-,-,Narmada,Narmada,Orsang,-,-,Orsang,22.26500000,73.72722222,25-06-2015 08:30,47.2
5210,5210,BODELI,CWC,24,Gujarat,461,Vadodara,VADODARA,-,-,Narmada,Narmada,Orsang,-,-,Orsang,22.26500000,73.72722222,26-06-2015 09:00,1.4
5211,5211,BODELI,CWC,24,Gujarat,461,Vadodara,VADODARA,-,-,Narmada,Narmada,Orsang,-,-,Orsang,22.26500000,73.72722222,26-06-2015 10:00,1.2
5212,5212,BODELI,CWC,24,Gujarat,461,Vadodara,VADODARA,-,-,Narmada,Narmada,Orsang,-,-,Orsang,22.26500000,73.72722222,27-06-2015 08:30,2.6
5213,5213,BODELI,CWC,24,Gujarat,461,Vadodara,VADODARA,-,-,Narmada,Narmada,Orsang,-,-,Orsang,22.26500000,73.72722222,01-07-2015 09:00,0.4
5214,5214,BODELI,CWC,24,Gujarat,461,Vadodara,VADODARA,-,-,Narmada,Narmada,Orsang,-,-,Orsang,22.26500000,73.72722222,02-07-2015 08:30,0.4
5215,5215,BODELI,CWC,24,Gujarat,461,Vadodara,VADODARA,-,-,Narmada,Narmada,Orsang,-,-,Orsang,22.26500000,73.72722222,06-07-2015 07:00,0.2
5216,5216,BODELI,CWC,24,Gujarat,461,Vadodara,VADODARA,-,-,Narmada,Narmada,Orsang,-,-,Orsang,22.26500000,73.72722222,06-07-2015 08:30,0.2
5217,5217,BODELI,CWC,24,Gujarat,461,Vadodara,VADODARA,-,-,Narmada,Narmada,Orsang,-,-,Orsang,22.26500000,73.72722222,07-07-2015 08:30,0.2
5218,5218,BODELI,CWC,24,Gujarat,461,Vadodara,VADODARA,-,-,Narmada,Narmada,Orsang,-,-,Orsang,22.26500000,73.72722222,08-07-2015 11:00,2
5219,5219,BODELI,CWC,24,Gujarat,461,Vadodara,VADODARA,-,-,Narmada,Narmada,Orsang,-,-,Orsang,22.26500000,73.72722222,08-07-2015 15:00,1
5220,5220,BODELI,CWC,24,Gujarat,461,Vadodara,VADODARA,-,-,Narmada,Narmada,Orsang,-,-,Orsang,22.26500000,73.72722222,09-07-2015 08:30,3
5221,5221,BODELI,CWC,24,Gujarat,461,Vadodara,VADODARA,-,-,Narmada,Narmada,Orsang,-,-,Orsang,22.26500000,73.72722222,12-07-2015 05:00,3.6
5222,5222,BODELI,CWC,24,Gujarat,461,Vadodara,VADODARA,-,-,Narmada,Narmada,Orsang,-,-,Orsang,22.26500000,73.72722222,12-07-2015 08:30,3.6
5223,5223,BODELI,CWC,24,Gujarat,461,Vadodara,VADODARA,-,-,Narmada,Narmada,Orsang,-,-,Orsang,22.26500000,73.72722222,17-07-2015 06:00,0.4
5224,5224,BODELI,CWC,24,Gujarat,461,Vadodara,VADODARA,-,-,Narmada,Narmada,Orsang,-,-,Orsang,22.26500000,73.72722222,17-07-2015 12:00,0.2
5225,5225,BODELI,CWC,24,Gujarat,461,Vadodara,VADODARA,-,-,Narmada,Narmada,Orsang,-,-,Orsang,22.26500000,73.72722222,18-07-2015 08:30,0.2
5226,5226,BODELI,CWC,24,Gujarat,461,Vadodara,VADODARA,-,-,Narmada,Narmada,Orsang,-,-,Orsang,22.26500000,73.72722222,19-07-2015 16:00,0.2
5227,5227,BODELI,CWC,24,Gujarat,461,Vadodara,VADODARA,-,-,Narmada,Narmada,Orsang,-,-,Orsang,22.26500000,73.72722222,20-07-2015 08:30,0.2
5228,5228,BODELI,CWC,24,Gujarat,461,Vadodara,VADODARA,-,-,Narmada,Narmada,Orsang,-,-,Orsang,22.26500000,73.72722222,20-07-2015 13:00,0.2
5229,5229,BODELI,CWC,24,Gujarat,461,Vadodara,VADODARA,-,-,Narmada,Narmada,Orsang,-,-,Orsang,22.26500000,73.72722222,20-07-2015 18:00,0.6
5230,5230,BODELI,CWC,24,Gujarat,461,Vadodara,VADODARA,-,-,Narmada,Narmada,Orsang,-,-,Orsang,22.26500000,73.72722222,20-07-2015 19:00,0.2
5231,5231,BODELI,CWC,24,Gujarat,461,Vadodara,VADODARA,-,-,Narmada,Narmada,Orsang,-,-,Orsang,22.26500000,73.72722222,20-07-2015 21:00,0.4
5232,5232,BODELI,CWC,24,Gujarat,461,Vadodara,VADODARA,-,-,Narmada,Narmada,Orsang,-,-,Orsang,22.26500000,73.72722222,21-07-2015 04:00,0.6
5233,5233,BODELI,CWC,24,Gujarat,461,Vadodara,VADODARA,-,-,Narmada,Narmada,Orsang,-,-,Orsang,22.26500000,73.72722222,21-07-2015 08:30,2
5234,5234,BODELI,CWC,24,Gujarat,461,Vadodara,VADODARA,-,-,Narmada,Narmada,Orsang,-,-,Orsang,22.26500000,73.72722222,21-07-2015 11:00,0.4
5235,5235,BODELI,CWC,24,Gujarat,461,Vadodara,VADODARA,-,-,Narmada,Narmada,Orsang,-,-,Orsang,22.26500000,73.72722222,21-07-2015 14:00,1.2
5236,5236,BODELI,CWC,24,Gujarat,461,Vadodara,VADODARA,-,-,Narmada,Narmada,Orsang,-,-,Orsang,22.26500000,73.72722222,21-07-2015 15:00,10.6
5237,5237,BODELI,CWC,24,Gujarat,461,Vadodara,VADODARA,-,-,Narmada,Narmada,Orsang,-,-,Orsang,22.26500000,73.72722222,21-07-2015 16:00,18.8
5238,5238,BODELI,CWC,24,Gujarat,461,Vadodara,VADODARA,-,-,Narmada,Narmada,Orsang,-,-,Orsang,22.26500000,73.72722222,21-07-2015 17:00,2.6
5239,5239,BODELI,CWC,24,Gujarat,461,Vadodara,VADODARA,-,-,Narmada,Narmada,Orsang,-,-,Orsang,22.26500000,73.72722222,21-07-2015 18:00,1.2
5240,5240,BODELI,CWC,24,Gujarat,461,Vadodara,VADODARA,-,-,Narmada,Narmada,Orsang,-,-,Orsang,22.26500000,73.72722222,21-07-2015 19:00,0.4
5241,5241,BODELI,CWC,24,Gujarat,461,Vadodara,VADODARA,-,-,Narmada,Narmada,Orsang,-,-,Orsang,22.26500000,73.72722222,22-07-2015 05:00,0.2
5242,5242,BODELI,CWC,24,Gujarat,461,Vadodara,VADODARA,-,-,Narmada,Narmada,Orsang,-,-,Orsang,22.26500000,73.72722222,22-07-2015 08:30,35.4
5243,5243,BODELI,CWC,24,Gujarat,461,Vadodara,VADODARA,-,-,Narmada,Narmada,Orsang,-,-,Orsang,22.26500000,73.72722222,22-07-2015 10:00,0.8
5244,5244,BODELI,CWC,24,Gujarat,461,Vadodara,VADODARA,-,-,Narmada,Narmada,Orsang,-,-,Orsang,22.26500000,73.72722222,22-07-2015 11:00,0.4
5245,5245,BODELI,CWC,24,Gujarat,461,Vadodara,VADODARA,-,-,Narmada,Narmada,Orsang,-,-,Orsang,22.26500000,73.72722222,22-07-2015 17:00,1
5246,5246,BODELI,CWC,24,Gujarat,461,Vadodara,VADODARA,-,-,Narmada,Narmada,Orsang,-,-,Orsang,22.26500000,73.72722222,22-07-2015 18:00,0.4
5247,5247,BODELI,CWC,24,Gujarat,461,Vadodara,VADODARA,-,-,Narmada,Narmada,Orsang,-,-,Orsang,22.26500000,73.72722222,23-07-2015 08:30,2.6
5248,5248,BODELI,CWC,24,Gujarat,461,Vadodara,VADODARA,-,-,Narmada,Narmada,Orsang,-,-,Orsang,22.26500000,73.72722222,24-07-2015 14:00,11
5249,5249,BODELI,CWC,24,Gujarat,461,Vadodara,VADODARA,-,-,Narmada,Narmada,Orsang,-,-,Orsang,22.26500000,73.72722222,24-07-2015 15:00,2.2
5250,5250,BODELI,CWC,24,Gujarat,461,Vadodara,VADODARA,-,-,Narmada,Narmada,Orsang,-,-,Orsang,22.26500000,73.72722222,24-07-2015 16:00,0.8
5251,5251,BODELI,CWC,24,Gujarat,461,Vadodara,VADODARA,-,-,Narmada,Narmada,Orsang,-,-,Orsang,22.26500000,73.72722222,24-07-2015 17:00,0.4
5252,5252,BODELI,CWC,24,Gujarat,461,Vadodara,VADODARA,-,-,Narmada,Narmada,Orsang,-,-,Orsang,22.26500000,73.72722222,25-07-2015 04:00,15.2
5253,5253,BODELI,CWC,24,Gujarat,461,Vadodara,VADODARA,-,-,Narmada,Narmada,Orsang,-,-,Orsang,22.26500000,73.72722222,25-07-2015 05:00,12.4
5254,5254,BODELI,CWC,24,Gujarat,461,Vadodara,VADODARA,-,-,Narmada,Narmada,Orsang,-,-,Orsang,22.26500000,73.72722222,25-07-2015 06:00,3.6
5255,5255,BODELI,CWC,24,Gujarat,461,Vadodara,VADODARA,-,-,Narmada,Narmada,Orsang,-,-,Orsang,22.26500000,73.72722222,25-07-2015 07:00,11.2
5256,5256,BODELI,CWC,24,Gujarat,461,Vadodara,VADODARA,-,-,Narmada,Narmada,Orsang,-,-,Orsang,22.26500000,73.72722222,25-07-2015 08:00,1.4
5257,5257,BODELI,CWC,24,Gujarat,461,Vadodara,VADODARA,-,-,Narmada,Narmada,Orsang,-,-,Orsang,22.26500000,73.72722222,25-07-2015 08:30,58.2
5258,5258,BODELI,CWC,24,Gujarat,461,Vadodara,VADODARA,-,-,Narmada,Narmada,Orsang,-,-,Orsang,22.26500000,73.72722222,25-07-2015 09:00,3.4
5259,5259,BODELI,CWC,24,Gujarat,461,Vadodara,VADODARA,-,-,Narmada,Narmada,Orsang,-,-,Orsang,22.26500000,73.72722222,25-07-2015 10:00,1
5260,5260,BODELI,CWC,24,Gujarat,461,Vadodara,VADODARA,-,-,Narmada,Narmada,Orsang,-,-,Orsang,22.26500000,73.72722222,25-07-2015 12:00,1
5261,5261,BODELI,CWC,24,Gujarat,461,Vadodara,VADODARA,-,-,Narmada,Narmada,Orsang,-,-,Orsang,22.26500000,73.72722222,25-07-2015 13:00,0.2
5262,5262,BODELI,CWC,24,Gujarat,461,Vadodara,VADODARA,-,-,Narmada,Narmada,Orsang,-,-,Orsang,22.26500000,73.72722222,25-07-2015 16:00,0.4
5263,5263,BODELI,CWC,24,Gujarat,461,Vadodara,VADODARA,-,-,Narmada,Narmada,Orsang,-,-,Orsang,22.26500000,73.72722222,25-07-2015 22:00,0.4
5264,5264,BODELI,CWC,24,Gujarat,461,Vadodara,VADODARA,-,-,Narmada,Narmada,Orsang,-,-,Orsang,22.26500000,73.72722222,26-07-2015 01:00,0.6
5265,5265,BODELI,CWC,24,Gujarat,461,Vadodara,VADODARA,-,-,Narmada,Narmada,Orsang,-,-,Orsang,22.26500000,73.72722222,26-07-2015 03:00,0.4
5266,5266,BODELI,CWC,24,Gujarat,461,Vadodara,VADODARA,-,-,Narmada,Narmada,Orsang,-,-,Orsang,22.26500000,73.72722222,26-07-2015 04:00,1
5267,5267,BODELI,CWC,24,Gujarat,461,Vadodara,VADODARA,-,-,Narmada,Narmada,Orsang,-,-,Orsang,22.26500000,73.72722222,26-07-2015 08:30,8.4
5268,5268,BODELI,CWC,24,Gujarat,461,Vadodara,VADODARA,-,-,Narmada,Narmada,Orsang,-,-,Orsang,22.26500000,73.72722222,26-07-2015 11:00,2.4
5269,5269,BODELI,CWC,24,Gujarat,461,Vadodara,VADODARA,-,-,Narmada,Narmada,Orsang,-,-,Orsang,22.26500000,73.72722222,26-07-2015 12:00,8.6
5270,5270,BODELI,CWC,24,Gujarat,461,Vadodara,VADODARA,-,-,Narmada,Narmada,Orsang,-,-,Orsang,22.26500000,73.72722222,26-07-2015 13:00,5
5271,5271,BODELI,CWC,24,Gujarat,461,Vadodara,VADODARA,-,-,Narmada,Narmada,Orsang,-,-,Orsang,22.26500000,73.72722222,26-07-2015 14:00,4.2
5272,5272,BODELI,CWC,24,Gujarat,461,Vadodara,VADODARA,-,-,Narmada,Narmada,Orsang,-,-,Orsang,22.26500000,73.72722222,26-07-2015 15:00,0.6
5273,5273,BODELI,CWC,24,Gujarat,461,Vadodara,VADODARA,-,-,Narmada,Narmada,Orsang,-,-,Orsang,22.26500000,73.72722222,26-07-2015 16:00,0.4
5274,5274,BODELI,CWC,24,Gujarat,461,Vadodara,VADODARA,-,-,Narmada,Narmada,Orsang,-,-,Orsang,22.26500000,73.72722222,26-07-2015 18:00,3.2
5275,5275,BODELI,CWC,24,Gujarat,461,Vadodara,VADODARA,-,-,Narmada,Narmada,Orsang,-,-,Orsang,22.26500000,73.72722222,26-07-2015 19:00,3.6
5276,5276,BODELI,CWC,24,Gujarat,461,Vadodara,VADODARA,-,-,Narmada,Narmada,Orsang,-,-,Orsang,22.26500000,73.72722222,26-07-2015 20:00,6.6
5277,5277,BODELI,CWC,24,Gujarat,461,Vadodara,VADODARA,-,-,Narmada,Narmada,Orsang,-,-,Orsang,22.26500000,73.72722222,26-07-2015 21:00,2.6
5278,5278,BODELI,CWC,24,Gujarat,461,Vadodara,VADODARA,-,-,Narmada,Narmada,Orsang,-,-,Orsang,22.26500000,73.72722222,26-07-2015 23:00,3.8
5279,5279,BODELI,CWC,24,Gujarat,461,Vadodara,VADODARA,-,-,Narmada,Narmada,Orsang,-,-,Orsang,22.26500000,73.72722222,27-07-2015 00:00,10
5280,5280,BODELI,CWC,24,Gujarat,461,Vadodara,VADODARA,-,-,Narmada,Narmada,Orsang,-,-,Orsang,22.26500000,73.72722222,27-07-2015 01:00,0.6
5281,5281,BODELI,CWC,24,Gujarat,461,Vadodara,VADODARA,-,-,Narmada,Narmada,Orsang,-,-,Orsang,22.26500000,73.72722222,27-07-2015 02:00,0.6
5282,5282,BODELI,CWC,24,Gujarat,461,Vadodara,VADODARA,-,-,Narmada,Narmada,Orsang,-,-,Orsang,22.26500000,73.72722222,27-07-2015 04:00,4
5283,5283,BODELI,CWC,24,Gujarat,461,Vadodara,VADODARA,-,-,Narmada,Narmada,Orsang,-,-,Orsang,22.26500000,73.72722222,27-07-2015 05:00,4
5284,5284,BODELI,CWC,24,Gujarat,461,Vadodara,VADODARA,-,-,Narmada,Narmada,Orsang,-,-,Orsang,22.26500000,73.72722222,27-07-2015 06:00,5.6
5285,5285,BODELI,CWC,24,Gujarat,461,Vadodara,VADODARA,-,-,Narmada,Narmada,Orsang,-,-,Orsang,22.26500000,73.72722222,27-07-2015 07:00,2
5286,5286,BODELI,CWC,24,Gujarat,461,Vadodara,VADODARA,-,-,Narmada,Narmada,Orsang,-,-,Orsang,22.26500000,73.72722222,27-07-2015 08:00,1.6
5287,5287,BODELI,CWC,24,Gujarat,461,Vadodara,VADODARA,-,-,Narmada,Narmada,Orsang,-,-,Orsang,22.26500000,73.72722222,27-07-2015 08:30,69.4
5288,5288,BODELI,CWC,24,Gujarat,461,Vadodara,VADODARA,-,-,Narmada,Narmada,Orsang,-,-,Orsang,22.26500000,73.72722222,27-07-2015 09:00,2.8
5289,5289,BODELI,CWC,24,Gujarat,461,Vadodara,VADODARA,-,-,Narmada,Narmada,Orsang,-,-,Orsang,22.26500000,73.72722222,27-07-2015 10:00,2
5290,5290,BODELI,CWC,24,Gujarat,461,Vadodara,VADODARA,-,-,Narmada,Narmada,Orsang,-,-,Orsang,22.26500000,73.72722222,27-07-2015 11:00,2.4
5291,5291,BODELI,CWC,24,Gujarat,461,Vadodara,VADODARA,-,-,Narmada,Narmada,Orsang,-,-,Orsang,22.26500000,73.72722222,27-07-2015 12:00,2.2
5292,5292,BODELI,CWC,24,Gujarat,461,Vadodara,VADODARA,-,-,Narmada,Narmada,Orsang,-,-,Orsang,22.26500000,73.72722222,27-07-2015 13:00,1
5293,5293,BODELI,CWC,24,Gujarat,461,Vadodara,VADODARA,-,-,Narmada,Narmada,Orsang,-,-,Orsang,22.26500000,73.72722222,27-07-2015 14:00,9
5294,5294,BODELI,CWC,24,Gujarat,461,Vadodara,VADODARA,-,-,Narmada,Narmada,Orsang,-,-,Orsang,22.26500000,73.72722222,27-07-2015 15:00,13
5295,5295,BODELI,CWC,24,Gujarat,461,Vadodara,VADODARA,-,-,Narmada,Narmada,Orsang,-,-,Orsang,22.26500000,73.72722222,27-07-2015 16:00,21.4
5296,5296,BODELI,CWC,24,Gujarat,461,Vadodara,VADODARA,-,-,Narmada,Narmada,Orsang,-,-,Orsang,22.26500000,73.72722222,27-07-2015 17:00,0.6
5297,5297,BODELI,CWC,24,Gujarat,461,Vadodara,VADODARA,-,-,Narmada,Narmada,Orsang,-,-,Orsang,22.26500000,73.72722222,27-07-2015 19:00,5.2
5298,5298,BODELI,CWC,24,Gujarat,461,Vadodara,VADODARA,-,-,Narmada,Narmada,Orsang,-,-,Orsang,22.26500000,73.72722222,27-07-2015 20:00,25.2
5299,5299,BODELI,CWC,24,Gujarat,461,Vadodara,VADODARA,-,-,Narmada,Narmada,Orsang,-,-,Orsang,22.26500000,73.72722222,27-07-2015 21:00,14.6
5300,5300,BODELI,CWC,24,Gujarat,461,Vadodara,VADODARA,-,-,Narmada,Narmada,Orsang,-,-,Orsang,22.26500000,73.72722222,27-07-2015 22:00,1
5301,5301,BODELI,CWC,24,Gujarat,461,Vadodara,VADODARA,-,-,Narmada,Narmada,Orsang,-,-,Orsang,22.26500000,73.72722222,28-07-2015 04:00,1
5302,5302,BODELI,CWC,24,Gujarat,461,Vadodara,VADODARA,-,-,Narmada,Narmada,Orsang,-,-,Orsang,22.26500000,73.72722222,28-07-2015 05:00,1.4
5303,5303,BODELI,CWC,24,Gujarat,461,Vadodara,VADODARA,-,-,Narmada,Narmada,Orsang,-,-,Orsang,22.26500000,73.72722222,28-07-2015 06:00,1.2
5304,5304,BODELI,CWC,24,Gujarat,461,Vadodara,VADODARA,-,-,Narmada,Narmada,Orsang,-,-,Orsang,22.26500000,73.72722222,28-07-2015 07:00,0.8
5305,5305,BODELI,CWC,24,Gujarat,461,Vadodara,VADODARA,-,-,Narmada,Narmada,Orsang,-,-,Orsang,22.26500000,73.72722222,28-07-2015 08:00,1
5306,5306,BODELI,CWC,24,Gujarat,461,Vadodara,VADODARA,-,-,Narmada,Narmada,Orsang,-,-,Orsang,22.26500000,73.72722222,28-07-2015 08:30,105.8
5307,5307,BODELI,CWC,24,Gujarat,461,Vadodara,VADODARA,-,-,Narmada,Narmada,Orsang,-,-,Orsang,22.26500000,73.72722222,28-07-2015 10:00,7.4
5308,5308,BODELI,CWC,24,Gujarat,461,Vadodara,VADODARA,-,-,Narmada,Narmada,Orsang,-,-,Orsang,22.26500000,73.72722222,28-07-2015 14:00,5.2
5309,5309,BODELI,CWC,24,Gujarat,461,Vadodara,VADODARA,-,-,Narmada,Narmada,Orsang,-,-,Orsang,22.26500000,73.72722222,28-07-2015 15:00,2.2
5310,5310,BODELI,CWC,24,Gujarat,461,Vadodara,VADODARA,-,-,Narmada,Narmada,Orsang,-,-,Orsang,22.26500000,73.72722222,28-07-2015 16:00,0.8
5311,5311,BODELI,CWC,24,Gujarat,461,Vadodara,VADODARA,-,-,Narmada,Narmada,Orsang,-,-,Orsang,22.26500000,73.72722222,28-07-2015 17:00,0.4
5312,5312,BODELI,CWC,24,Gujarat,461,Vadodara,VADODARA,-,-,Narmada,Narmada,Orsang,-,-,Orsang,22.26500000,73.72722222,29-07-2015 04:00,1.8
5313,5313,BODELI,CWC,24,Gujarat,461,Vadodara,VADODARA,-,-,Narmada,Narmada,Orsang,-,-,Orsang,22.26500000,73.72722222,29-07-2015 05:00,6
5314,5314,BODELI,CWC,24,Gujarat,461,Vadodara,VADODARA,-,-,Narmada,Narmada,Orsang,-,-,Orsang,22.26500000,73.72722222,29-07-2015 06:00,1.6
5315,5315,BODELI,CWC,24,Gujarat,461,Vadodara,VADODARA,-,-,Narmada,Narmada,Orsang,-,-,Orsang,22.26500000,73.72722222,29-07-2015 08:00,2.6
5316,5316,BODELI,CWC,24,Gujarat,461,Vadodara,VADODARA,-,-,Narmada,Narmada,Orsang,-,-,Orsang,22.26500000,73.72722222,29-07-2015 08:30,24.8
5317,5317,BODELI,CWC,24,Gujarat,461,Vadodara,VADODARA,-,-,Narmada,Narmada,Orsang,-,-,Orsang,22.26500000,73.72722222,29-07-2015 12:00,4.6
5318,5318,BODELI,CWC,24,Gujarat,461,Vadodara,VADODARA,-,-,Narmada,Narmada,Orsang,-,-,Orsang,22.26500000,73.72722222,29-07-2015 15:00,0.4
5319,5319,BODELI,CWC,24,Gujarat,461,Vadodara,VADODARA,-,-,Narmada,Narmada,Orsang,-,-,Orsang,22.26500000,73.72722222,30-07-2015 08:30,5
5320,5320,BODELI,CWC,24,Gujarat,461,Vadodara,VADODARA,-,-,Narmada,Narmada,Orsang,-,-,Orsang,22.26500000,73.72722222,31-07-2015 15:00,0.4
5321,5321,BODELI,CWC,24,Gujarat,461,Vadodara,VADODARA,-,-,Narmada,Narmada,Orsang,-,-,Orsang,22.26500000,73.72722222,03-08-2015 08:30,0.8
5322,5322,BODELI,CWC,24,Gujarat,461,Vadodara,VADODARA,-,-,Narmada,Narmada,Orsang,-,-,Orsang,22.26500000,73.72722222,03-08-2015 13:00,0.2
5323,5323,BODELI,CWC,24,Gujarat,461,Vadodara,VADODARA,-,-,Narmada,Narmada,Orsang,-,-,Orsang,22.26500000,73.72722222,03-08-2015 20:00,0.4
5324,5324,BODELI,CWC,24,Gujarat,461,Vadodara,VADODARA,-,-,Narmada,Narmada,Orsang,-,-,Orsang,22.26500000,73.72722222,03-08-2015 21:00,1.2
5325,5325,BODELI,CWC,24,Gujarat,461,Vadodara,VADODARA,-,-,Narmada,Narmada,Orsang,-,-,Orsang,22.26500000,73.72722222,04-08-2015 08:30,1.8
5326,5326,BODELI,CWC,24,Gujarat,461,Vadodara,VADODARA,-,-,Narmada,Narmada,Orsang,-,-,Orsang,22.26500000,73.72722222,05-08-2015 05:00,0.6
5327,5327,BODELI,CWC,24,Gujarat,461,Vadodara,VADODARA,-,-,Narmada,Narmada,Orsang,-,-,Orsang,22.26500000,73.72722222,05-08-2015 06:00,0.4
5328,5328,BODELI,CWC,24,Gujarat,461,Vadodara,VADODARA,-,-,Narmada,Narmada,Orsang,-,-,Orsang,22.26500000,73.72722222,05-08-2015 07:00,0.6
5329,5329,BODELI,CWC,24,Gujarat,461,Vadodara,VADODARA,-,-,Narmada,Narmada,Orsang,-,-,Orsang,22.26500000,73.72722222,05-08-2015 08:00,0.6
5330,5330,BODELI,CWC,24,Gujarat,461,Vadodara,VADODARA,-,-,Narmada,Narmada,Orsang,-,-,Orsang,22.26500000,73.72722222,05-08-2015 08:30,2.2
5331,5331,BODELI,CWC,24,Gujarat,461,Vadodara,VADODARA,-,-,Narmada,Narmada,Orsang,-,-,Orsang,22.26500000,73.72722222,05-08-2015 09:00,0.8
5332,5332,BODELI,CWC,24,Gujarat,461,Vadodara,VADODARA,-,-,Narmada,Narmada,Orsang,-,-,Orsang,22.26500000,73.72722222,05-08-2015 10:00,0.8
5333,5333,BODELI,CWC,24,Gujarat,461,Vadodara,VADODARA,-,-,Narmada,Narmada,Orsang,-,-,Orsang,22.26500000,73.72722222,05-08-2015 11:00,0.2
5334,5334,BODELI,CWC,24,Gujarat,461,Vadodara,VADODARA,-,-,Narmada,Narmada,Orsang,-,-,Orsang,22.26500000,73.72722222,06-08-2015 05:00,0.4
5335,5335,BODELI,CWC,24,Gujarat,461,Vadodara,VADODARA,-,-,Narmada,Narmada,Orsang,-,-,Orsang,22.26500000,73.72722222,06-08-2015 08:30,2.2
5336,5336,BODELI,CWC,24,Gujarat,461,Vadodara,VADODARA,-,-,Narmada,Narmada,Orsang,-,-,Orsang,22.26500000,73.72722222,06-08-2015 18:00,0.6
5337,5337,BODELI,CWC,24,Gujarat,461,Vadodara,VADODARA,-,-,Narmada,Narmada,Orsang,-,-,Orsang,22.26500000,73.72722222,06-08-2015 19:00,1.4
5338,5338,BODELI,CWC,24,Gujarat,461,Vadodara,VADODARA,-,-,Narmada,Narmada,Orsang,-,-,Orsang,22.26500000,73.72722222,07-08-2015 08:30,2
5339,5339,BODELI,CWC,24,Gujarat,461,Vadodara,VADODARA,-,-,Narmada,Narmada,Orsang,-,-,Orsang,22.26500000,73.72722222,12-08-2015 13:00,0.4
5340,5340,BODELI,CWC,24,Gujarat,461,Vadodara,VADODARA,-,-,Narmada,Narmada,Orsang,-,-,Orsang,22.26500000,73.72722222,12-08-2015 14:00,0.6
5341,5341,BODELI,CWC,24,Gujarat,461,Vadodara,VADODARA,-,-,Narmada,Narmada,Orsang,-,-,Orsang,22.26500000,73.72722222,12-08-2015 16:00,0.8
5342,5342,BODELI,CWC,24,Gujarat,461,Vadodara,VADODARA,-,-,Narmada,Narmada,Orsang,-,-,Orsang,22.26500000,73.72722222,12-08-2015 21:00,0.4
5343,5343,BODELI,CWC,24,Gujarat,461,Vadodara,VADODARA,-,-,Narmada,Narmada,Orsang,-,-,Orsang,22.26500000,73.72722222,12-08-2015 22:00,1
5344,5344,BODELI,CWC,24,Gujarat,461,Vadodara,VADODARA,-,-,Narmada,Narmada,Orsang,-,-,Orsang,22.26500000,73.72722222,13-08-2015 08:00,0.2
5345,5345,BODELI,CWC,24,Gujarat,461,Vadodara,VADODARA,-,-,Narmada,Narmada,Orsang,-,-,Orsang,22.26500000,73.72722222,13-08-2015 08:30,6.2
5346,5346,BODELI,CWC,24,Gujarat,461,Vadodara,VADODARA,-,-,Narmada,Narmada,Orsang,-,-,Orsang,22.26500000,73.72722222,13-08-2015 15:00,0.2
5347,5347,BODELI,CWC,24,Gujarat,461,Vadodara,VADODARA,-,-,Narmada,Narmada,Orsang,-,-,Orsang,22.26500000,73.72722222,14-08-2015 06:00,0.4
5348,5348,BODELI,CWC,24,Gujarat,461,Vadodara,VADODARA,-,-,Narmada,Narmada,Orsang,-,-,Orsang,22.26500000,73.72722222,14-08-2015 07:00,0.2
5349,5349,BODELI,CWC,24,Gujarat,461,Vadodara,VADODARA,-,-,Narmada,Narmada,Orsang,-,-,Orsang,22.26500000,73.72722222,14-08-2015 08:00,0.2
5350,5350,BODELI,CWC,24,Gujarat,461,Vadodara,VADODARA,-,-,Narmada,Narmada,Orsang,-,-,Orsang,22.26500000,73.72722222,14-08-2015 08:30,0.8
5351,5351,BODELI,CWC,24,Gujarat,461,Vadodara,VADODARA,-,-,Narmada,Narmada,Orsang,-,-,Orsang,22.26500000,73.72722222,15-08-2015 14:00,0.4
5352,5352,BODELI,CWC,24,Gujarat,461,Vadodara,VADODARA,-,-,Narmada,Narmada,Orsang,-,-,Orsang,22.26500000,73.72722222,15-08-2015 16:00,2.2
5353,5353,BODELI,CWC,24,Gujarat,461,Vadodara,VADODARA,-,-,Narmada,Narmada,Orsang,-,-,Orsang,22.26500000,73.72722222,15-08-2015 17:00,0.6
5354,5354,BODELI,CWC,24,Gujarat,461,Vadodara,VADODARA,-,-,Narmada,Narmada,Orsang,-,-,Orsang,22.26500000,73.72722222,16-08-2015 08:30,3.6
5355,5355,BODELI,CWC,24,Gujarat,461,Vadodara,VADODARA,-,-,Narmada,Narmada,Orsang,-,-,Orsang,22.26500000,73.72722222,18-08-2015 15:00,0.2
5356,5356,BODELI,CWC,24,Gujarat,461,Vadodara,VADODARA,-,-,Narmada,Narmada,Orsang,-,-,Orsang,22.26500000,73.72722222,19-08-2015 08:30,0.2
5357,5357,BODELI,CWC,24,Gujarat,461,Vadodara,VADODARA,-,-,Narmada,Narmada,Orsang,-,-,Orsang,22.26500000,73.72722222,20-08-2015 14:00,0.4
5358,5358,BODELI,CWC,24,Gujarat,461,Vadodara,VADODARA,-,-,Narmada,Narmada,Orsang,-,-,Orsang,22.26500000,73.72722222,21-08-2015 08:30,0.4
5359,5359,BODELI,CWC,24,Gujarat,461,Vadodara,VADODARA,-,-,Narmada,Narmada,Orsang,-,-,Orsang,22.26500000,73.72722222,25-08-2015 06:00,0.2
5360,5360,BODELI,CWC,24,Gujarat,461,Vadodara,VADODARA,-,-,Narmada,Narmada,Orsang,-,-,Orsang,22.26500000,73.72722222,25-08-2015 07:00,1.2
5361,5361,BODELI,CWC,24,Gujarat,461,Vadodara,VADODARA,-,-,Narmada,Narmada,Orsang,-,-,Orsang,22.26500000,73.72722222,25-08-2015 08:30,1.4
5362,5362,BODELI,CWC,24,Gujarat,461,Vadodara,VADODARA,-,-,Narmada,Narmada,Orsang,-,-,Orsang,22.26500000,73.72722222,28-08-2015 10:00,0.2
5363,5363,BODELI,CWC,24,Gujarat,461,Vadodara,VADODARA,-,-,Narmada,Narmada,Orsang,-,-,Orsang,22.26500000,73.72722222,28-08-2015 19:00,1.6
5364,5364,BODELI,CWC,24,Gujarat,461,Vadodara,VADODARA,-,-,Narmada,Narmada,Orsang,-,-,Orsang,22.26500000,73.72722222,28-08-2015 20:00,1.2
5365,5365,BODELI,CWC,24,Gujarat,461,Vadodara,VADODARA,-,-,Narmada,Narmada,Orsang,-,-,Orsang,22.26500000,73.72722222,29-08-2015 08:30,3
5366,5366,BODELI,CWC,24,Gujarat,461,Vadodara,VADODARA,-,-,Narmada,Narmada,Orsang,-,-,Orsang,22.26500000,73.72722222,30-08-2015 19:00,0.2
5367,5367,BODELI,CWC,24,Gujarat,461,Vadodara,VADODARA,-,-,Narmada,Narmada,Orsang,-,-,Orsang,22.26500000,73.72722222,31-08-2015 08:30,0.2
5368,5368,BODELI,CWC,24,Gujarat,461,Vadodara,VADODARA,-,-,Narmada,Narmada,Orsang,-,-,Orsang,22.26500000,73.72722222,01-09-2015 02:00,0.8
5369,5369,BODELI,CWC,24,Gujarat,461,Vadodara,VADODARA,-,-,Narmada,Narmada,Orsang,-,-,Orsang,22.26500000,73.72722222,01-09-2015 03:00,13.2
5370,5370,BODELI,CWC,24,Gujarat,461,Vadodara,VADODARA,-,-,Narmada,Narmada,Orsang,-,-,Orsang,22.26500000,73.72722222,01-09-2015 04:00,9
5371,5371,BODELI,CWC,24,Gujarat,461,Vadodara,VADODARA,-,-,Narmada,Narmada,Orsang,-,-,Orsang,22.26500000,73.72722222,01-09-2015 05:00,10
5372,5372,BODELI,CWC,24,Gujarat,461,Vadodara,VADODARA,-,-,Narmada,Narmada,Orsang,-,-,Orsang,22.26500000,73.72722222,01-09-2015 06:00,4
5373,5373,BODELI,CWC,24,Gujarat,461,Vadodara,VADODARA,-,-,Narmada,Narmada,Orsang,-,-,Orsang,22.26500000,73.72722222,01-09-2015 08:30,37
5374,5374,BODELI,CWC,24,Gujarat,461,Vadodara,VADODARA,-,-,Narmada,Narmada,Orsang,-,-,Orsang,22.26500000,73.72722222,01-09-2015 14:00,0.6
5375,5375,BODELI,CWC,24,Gujarat,461,Vadodara,VADODARA,-,-,Narmada,Narmada,Orsang,-,-,Orsang,22.26500000,73.72722222,02-09-2015 08:30,0.6
5376,5376,BODELI,CWC,24,Gujarat,461,Vadodara,VADODARA,-,-,Narmada,Narmada,Orsang,-,-,Orsang,22.26500000,73.72722222,02-09-2015 17:00,0.6
5377,5377,BODELI,CWC,24,Gujarat,461,Vadodara,VADODARA,-,-,Narmada,Narmada,Orsang,-,-,Orsang,22.26500000,73.72722222,03-09-2015 08:30,0.6
5378,5378,BODELI,CWC,24,Gujarat,461,Vadodara,VADODARA,-,-,Narmada,Narmada,Orsang,-,-,Orsang,22.26500000,73.72722222,10-09-2015 18:00,1.6
5379,5379,BODELI,CWC,24,Gujarat,461,Vadodara,VADODARA,-,-,Narmada,Narmada,Orsang,-,-,Orsang,22.26500000,73.72722222,13-09-2015 04:00,0.6
5380,5380,BODELI,CWC,24,Gujarat,461,Vadodara,VADODARA,-,-,Narmada,Narmada,Orsang,-,-,Orsang,22.26500000,73.72722222,13-09-2015 08:30,0.6
5381,5381,BODELI,CWC,24,Gujarat,461,Vadodara,VADODARA,-,-,Narmada,Narmada,Orsang,-,-,Orsang,22.26500000,73.72722222,13-09-2015 22:00,9.8
5382,5382,BODELI,CWC,24,Gujarat,461,Vadodara,VADODARA,-,-,Narmada,Narmada,Orsang,-,-,Orsang,22.26500000,73.72722222,13-09-2015 23:00,19.2
5383,5383,BODELI,CWC,24,Gujarat,461,Vadodara,VADODARA,-,-,Narmada,Narmada,Orsang,-,-,Orsang,22.26500000,73.72722222,14-09-2015 00:00,16
5384,5384,BODELI,CWC,24,Gujarat,461,Vadodara,VADODARA,-,-,Narmada,Narmada,Orsang,-,-,Orsang,22.26500000,73.72722222,14-09-2015 01:00,1.2
5385,5385,BODELI,CWC,24,Gujarat,461,Vadodara,VADODARA,-,-,Narmada,Narmada,Orsang,-,-,Orsang,22.26500000,73.72722222,14-09-2015 02:00,0.2
5386,5386,BODELI,CWC,24,Gujarat,461,Vadodara,VADODARA,-,-,Narmada,Narmada,Orsang,-,-,Orsang,22.26500000,73.72722222,14-09-2015 08:30,46.4
5387,5387,BODELI,CWC,24,Gujarat,461,Vadodara,VADODARA,-,-,Narmada,Narmada,Orsang,-,-,Orsang,22.26500000,73.72722222,18-09-2015 13:00,3
5388,5388,BODELI,CWC,24,Gujarat,461,Vadodara,VADODARA,-,-,Narmada,Narmada,Orsang,-,-,Orsang,22.26500000,73.72722222,18-09-2015 14:00,1
5389,5389,BODELI,CWC,24,Gujarat,461,Vadodara,VADODARA,-,-,Narmada,Narmada,Orsang,-,-,Orsang,22.26500000,73.72722222,18-09-2015 15:00,2.4
5390,5390,BODELI,CWC,24,Gujarat,461,Vadodara,VADODARA,-,-,Narmada,Narmada,Orsang,-,-,Orsang,22.26500000,73.72722222,18-09-2015 16:00,0.2
5391,5391,BODELI,CWC,24,Gujarat,461,Vadodara,VADODARA,-,-,Narmada,Narmada,Orsang,-,-,Orsang,22.26500000,73.72722222,18-09-2015 19:00,1.2
5392,5392,BODELI,CWC,24,Gujarat,461,Vadodara,VADODARA,-,-,Narmada,Narmada,Orsang,-,-,Orsang,22.26500000,73.72722222,18-09-2015 21:00,0.2
5393,5393,BODELI,CWC,24,Gujarat,461,Vadodara,VADODARA,-,-,Narmada,Narmada,Orsang,-,-,Orsang,22.26500000,73.72722222,19-09-2015 04:00,0.4
5394,5394,BODELI,CWC,24,Gujarat,461,Vadodara,VADODARA,-,-,Narmada,Narmada,Orsang,-,-,Orsang,22.26500000,73.72722222,19-09-2015 05:00,0.2
5395,5395,BODELI,CWC,24,Gujarat,461,Vadodara,VADODARA,-,-,Narmada,Narmada,Orsang,-,-,Orsang,22.26500000,73.72722222,19-09-2015 08:00,0.8
5396,5396,BODELI,CWC,24,Gujarat,461,Vadodara,VADODARA,-,-,Narmada,Narmada,Orsang,-,-,Orsang,22.26500000,73.72722222,19-09-2015 08:30,9.4
5397,5397,BODELI,CWC,24,Gujarat,461,Vadodara,VADODARA,-,-,Narmada,Narmada,Orsang,-,-,Orsang,22.26500000,73.72722222,19-09-2015 09:00,0.6
5398,5398,BODELI,CWC,24,Gujarat,461,Vadodara,VADODARA,-,-,Narmada,Narmada,Orsang,-,-,Orsang,22.26500000,73.72722222,19-09-2015 10:00,2.4
5399,5399,BODELI,CWC,24,Gujarat,461,Vadodara,VADODARA,-,-,Narmada,Narmada,Orsang,-,-,Orsang,22.26500000,73.72722222,19-09-2015 12:00,0.6
5400,5400,BODELI,CWC,24,Gujarat,461,Vadodara,VADODARA,-,-,Narmada,Narmada,Orsang,-,-,Orsang,22.26500000,73.72722222,19-09-2015 13:00,0.4
5401,5401,BODELI,CWC,24,Gujarat,461,Vadodara,VADODARA,-,-,Narmada,Narmada,Orsang,-,-,Orsang,22.26500000,73.72722222,19-09-2015 21:00,0.2
5402,5402,BODELI,CWC,24,Gujarat,461,Vadodara,VADODARA,-,-,Narmada,Narmada,Orsang,-,-,Orsang,22.26500000,73.72722222,20-09-2015 06:00,0.8
5403,5403,BODELI,CWC,24,Gujarat,461,Vadodara,VADODARA,-,-,Narmada,Narmada,Orsang,-,-,Orsang,22.26500000,73.72722222,20-09-2015 07:00,0.4
5404,5404,BODELI,CWC,24,Gujarat,461,Vadodara,VADODARA,-,-,Narmada,Narmada,Orsang,-,-,Orsang,22.26500000,73.72722222,20-09-2015 08:00,0.2
5405,5405,BODELI,CWC,24,Gujarat,461,Vadodara,VADODARA,-,-,Narmada,Narmada,Orsang,-,-,Orsang,22.26500000,73.72722222,20-09-2015 08:30,5.8
5406,5406,BODELI,CWC,24,Gujarat,461,Vadodara,VADODARA,-,-,Narmada,Narmada,Orsang,-,-,Orsang,22.26500000,73.72722222,21-09-2015 01:00,0.2
5407,5407,BODELI,CWC,24,Gujarat,461,Vadodara,VADODARA,-,-,Narmada,Narmada,Orsang,-,-,Orsang,22.26500000,73.72722222,21-09-2015 03:00,0.4
5408,5408,BODELI,CWC,24,Gujarat,461,Vadodara,VADODARA,-,-,Narmada,Narmada,Orsang,-,-,Orsang,22.26500000,73.72722222,21-09-2015 04:00,2
5409,5409,BODELI,CWC,24,Gujarat,461,Vadodara,VADODARA,-,-,Narmada,Narmada,Orsang,-,-,Orsang,22.26500000,73.72722222,21-09-2015 05:00,0.4
5410,5410,BODELI,CWC,24,Gujarat,461,Vadodara,VADODARA,-,-,Narmada,Narmada,Orsang,-,-,Orsang,22.26500000,73.72722222,21-09-2015 06:00,0.2
5411,5411,BODELI,CWC,24,Gujarat,461,Vadodara,VADODARA,-,-,Narmada,Narmada,Orsang,-,-,Orsang,22.26500000,73.72722222,21-09-2015 08:30,3.2
5412,5412,BODELI,CWC,24,Gujarat,461,Vadodara,VADODARA,-,-,Narmada,Narmada,Orsang,-,-,Orsang,22.26500000,73.72722222,21-09-2015 09:00,0.4
5413,5413,BODELI,CWC,24,Gujarat,461,Vadodara,VADODARA,-,-,Narmada,Narmada,Orsang,-,-,Orsang,22.26500000,73.72722222,21-09-2015 12:00,0.4
5414,5414,BODELI,CWC,24,Gujarat,461,Vadodara,VADODARA,-,-,Narmada,Narmada,Orsang,-,-,Orsang,22.26500000,73.72722222,22-09-2015 04:00,1.8
5415,5415,BODELI,CWC,24,Gujarat,461,Vadodara,VADODARA,-,-,Narmada,Narmada,Orsang,-,-,Orsang,22.26500000,73.72722222,22-09-2015 05:00,0.8
5416,5416,BODELI,CWC,24,Gujarat,461,Vadodara,VADODARA,-,-,Narmada,Narmada,Orsang,-,-,Orsang,22.26500000,73.72722222,22-09-2015 06:00,0.4
5417,5417,BODELI,CWC,24,Gujarat,461,Vadodara,VADODARA,-,-,Narmada,Narmada,Orsang,-,-,Orsang,22.26500000,73.72722222,22-09-2015 08:30,3.8
5418,5418,BODELI,CWC,24,Gujarat,461,Vadodara,VADODARA,-,-,Narmada,Narmada,Orsang,-,-,Orsang,22.26500000,73.72722222,23-09-2015 08:30,0.8
5419,5419,BODELI,CWC,24,Gujarat,461,Vadodara,VADODARA,-,-,Narmada,Narmada,Orsang,-,-,Orsang,22.26500000,73.72722222,19-06-2016 16:00,0.4
5420,5420,BODELI,CWC,24,Gujarat,461,Vadodara,VADODARA,-,-,Narmada,Narmada,Orsang,-,-,Orsang,22.26500000,73.72722222,19-06-2016 23:00,2.4
5421,5421,BODELI,CWC,24,Gujarat,461,Vadodara,VADODARA,-,-,Narmada,Narmada,Orsang,-,-,Orsang,22.26500000,73.72722222,20-06-2016 08:30,2.8
5422,5422,BODELI,CWC,24,Gujarat,461,Vadodara,VADODARA,-,-,Narmada,Narmada,Orsang,-,-,Orsang,22.26500000,73.72722222,20-06-2016 19:00,2.4
5423,5423,BODELI,CWC,24,Gujarat,461,Vadodara,VADODARA,-,-,Narmada,Narmada,Orsang,-,-,Orsang,22.26500000,73.72722222,20-06-2016 20:00,0.2
5424,5424,BODELI,CWC,24,Gujarat,461,Vadodara,VADODARA,-,-,Narmada,Narmada,Orsang,-,-,Orsang,22.26500000,73.72722222,21-06-2016 08:30,2.6
5425,5425,BODELI,CWC,24,Gujarat,461,Vadodara,VADODARA,-,-,Narmada,Narmada,Orsang,-,-,Orsang,22.26500000,73.72722222,21-06-2016 19:00,1.2
5426,5426,BODELI,CWC,24,Gujarat,461,Vadodara,VADODARA,-,-,Narmada,Narmada,Orsang,-,-,Orsang,22.26500000,73.72722222,21-06-2016 20:00,1.6
5427,5427,BODELI,CWC,24,Gujarat,461,Vadodara,VADODARA,-,-,Narmada,Narmada,Orsang,-,-,Orsang,22.26500000,73.72722222,21-06-2016 21:00,0.2
5428,5428,BODELI,CWC,24,Gujarat,461,Vadodara,VADODARA,-,-,Narmada,Narmada,Orsang,-,-,Orsang,22.26500000,73.72722222,22-06-2016 08:30,3
5429,5429,BODELI,CWC,24,Gujarat,461,Vadodara,VADODARA,-,-,Narmada,Narmada,Orsang,-,-,Orsang,22.26500000,73.72722222,22-06-2016 13:00,0.2
5430,5430,BODELI,CWC,24,Gujarat,461,Vadodara,VADODARA,-,-,Narmada,Narmada,Orsang,-,-,Orsang,22.26500000,73.72722222,23-06-2016 08:30,0.2
5431,5431,BODELI,CWC,24,Gujarat,461,Vadodara,VADODARA,-,-,Narmada,Narmada,Orsang,-,-,Orsang,22.26500000,73.72722222,23-06-2016 18:00,6
5432,5432,BODELI,CWC,24,Gujarat,461,Vadodara,VADODARA,-,-,Narmada,Narmada,Orsang,-,-,Orsang,22.26500000,73.72722222,23-06-2016 19:00,3.2
5433,5433,BODELI,CWC,24,Gujarat,461,Vadodara,VADODARA,-,-,Narmada,Narmada,Orsang,-,-,Orsang,22.26500000,73.72722222,23-06-2016 20:00,28
5434,5434,BODELI,CWC,24,Gujarat,461,Vadodara,VADODARA,-,-,Narmada,Narmada,Orsang,-,-,Orsang,22.26500000,73.72722222,23-06-2016 21:00,0.2
5435,5435,BODELI,CWC,24,Gujarat,461,Vadodara,VADODARA,-,-,Narmada,Narmada,Orsang,-,-,Orsang,22.26500000,73.72722222,24-06-2016 08:30,31.4
5436,5436,BODELI,CWC,24,Gujarat,461,Vadodara,VADODARA,-,-,Narmada,Narmada,Orsang,-,-,Orsang,22.26500000,73.72722222,24-06-2016 18:00,0.2
5437,5437,BODELI,CWC,24,Gujarat,461,Vadodara,VADODARA,-,-,Narmada,Narmada,Orsang,-,-,Orsang,22.26500000,73.72722222,24-06-2016 20:00,0.4
5438,5438,BODELI,CWC,24,Gujarat,461,Vadodara,VADODARA,-,-,Narmada,Narmada,Orsang,-,-,Orsang,22.26500000,73.72722222,24-06-2016 21:00,0.2
5439,5439,BODELI,CWC,24,Gujarat,461,Vadodara,VADODARA,-,-,Narmada,Narmada,Orsang,-,-,Orsang,22.26500000,73.72722222,25-06-2016 08:30,0.8
5440,5440,BODELI,CWC,24,Gujarat,461,Vadodara,VADODARA,-,-,Narmada,Narmada,Orsang,-,-,Orsang,22.26500000,73.72722222,25-06-2016 20:00,1.4
5441,5441,BODELI,CWC,24,Gujarat,461,Vadodara,VADODARA,-,-,Narmada,Narmada,Orsang,-,-,Orsang,22.26500000,73.72722222,25-06-2016 21:00,0.8
5442,5442,BODELI,CWC,24,Gujarat,461,Vadodara,VADODARA,-,-,Narmada,Narmada,Orsang,-,-,Orsang,22.26500000,73.72722222,26-06-2016 08:30,2.2
5443,5443,BODELI,CWC,24,Gujarat,461,Vadodara,VADODARA,-,-,Narmada,Narmada,Orsang,-,-,Orsang,22.26500000,73.72722222,28-06-2016 22:00,0.8
5444,5444,BODELI,CWC,24,Gujarat,461,Vadodara,VADODARA,-,-,Narmada,Narmada,Orsang,-,-,Orsang,22.26500000,73.72722222,28-06-2016 23:00,1
5445,5445,BODELI,CWC,24,Gujarat,461,Vadodara,VADODARA,-,-,Narmada,Narmada,Orsang,-,-,Orsang,22.26500000,73.72722222,29-06-2016 08:30,1.8
5446,5446,BODELI,CWC,24,Gujarat,461,Vadodara,VADODARA,-,-,Narmada,Narmada,Orsang,-,-,Orsang,22.26500000,73.72722222,29-06-2016 13:00,0.8
5447,5447,BODELI,CWC,24,Gujarat,461,Vadodara,VADODARA,-,-,Narmada,Narmada,Orsang,-,-,Orsang,22.26500000,73.72722222,30-06-2016 08:30,9
5448,5448,BODELI,CWC,24,Gujarat,461,Vadodara,VADODARA,-,-,Narmada,Narmada,Orsang,-,-,Orsang,22.26500000,73.72722222,01-07-2016 08:00,0.2
5449,5449,BODELI,CWC,24,Gujarat,461,Vadodara,VADODARA,-,-,Narmada,Narmada,Orsang,-,-,Orsang,22.26500000,73.72722222,01-07-2016 08:30,0.2
5450,5450,BODELI,CWC,24,Gujarat,461,Vadodara,VADODARA,-,-,Narmada,Narmada,Orsang,-,-,Orsang,22.26500000,73.72722222,01-07-2016 10:00,1.2
5451,5451,BODELI,CWC,24,Gujarat,461,Vadodara,VADODARA,-,-,Narmada,Narmada,Orsang,-,-,Orsang,22.26500000,73.72722222,01-07-2016 11:00,0.8
5452,5452,BODELI,CWC,24,Gujarat,461,Vadodara,VADODARA,-,-,Narmada,Narmada,Orsang,-,-,Orsang,22.26500000,73.72722222,01-07-2016 12:00,1
5453,5453,BODELI,CWC,24,Gujarat,461,Vadodara,VADODARA,-,-,Narmada,Narmada,Orsang,-,-,Orsang,22.26500000,73.72722222,02-07-2016 08:30,3
5454,5454,BODELI,CWC,24,Gujarat,461,Vadodara,VADODARA,-,-,Narmada,Narmada,Orsang,-,-,Orsang,22.26500000,73.72722222,02-07-2016 18:00,3
5455,5455,BODELI,CWC,24,Gujarat,461,Vadodara,VADODARA,-,-,Narmada,Narmada,Orsang,-,-,Orsang,22.26500000,73.72722222,02-07-2016 19:00,0.6
5456,5456,BODELI,CWC,24,Gujarat,461,Vadodara,VADODARA,-,-,Narmada,Narmada,Orsang,-,-,Orsang,22.26500000,73.72722222,02-07-2016 20:00,0.4
5457,5457,BODELI,CWC,24,Gujarat,461,Vadodara,VADODARA,-,-,Narmada,Narmada,Orsang,-,-,Orsang,22.26500000,73.72722222,03-07-2016 04:00,1
5458,5458,BODELI,CWC,24,Gujarat,461,Vadodara,VADODARA,-,-,Narmada,Narmada,Orsang,-,-,Orsang,22.26500000,73.72722222,03-07-2016 05:00,0.6
5459,5459,BODELI,CWC,24,Gujarat,461,Vadodara,VADODARA,-,-,Narmada,Narmada,Orsang,-,-,Orsang,22.26500000,73.72722222,03-07-2016 06:00,0.4
5460,5460,BODELI,CWC,24,Gujarat,461,Vadodara,VADODARA,-,-,Narmada,Narmada,Orsang,-,-,Orsang,22.26500000,73.72722222,03-07-2016 07:00,0.8
5461,5461,BODELI,CWC,24,Gujarat,461,Vadodara,VADODARA,-,-,Narmada,Narmada,Orsang,-,-,Orsang,22.26500000,73.72722222,03-07-2016 08:30,6.8
5462,5462,BODELI,CWC,24,Gujarat,461,Vadodara,VADODARA,-,-,Narmada,Narmada,Orsang,-,-,Orsang,22.26500000,73.72722222,03-07-2016 14:00,5.4
5463,5463,BODELI,CWC,24,Gujarat,461,Vadodara,VADODARA,-,-,Narmada,Narmada,Orsang,-,-,Orsang,22.26500000,73.72722222,04-07-2016 01:00,0.2
5464,5464,BODELI,CWC,24,Gujarat,461,Vadodara,VADODARA,-,-,Narmada,Narmada,Orsang,-,-,Orsang,22.26500000,73.72722222,04-07-2016 02:00,0.4
5465,5465,BODELI,CWC,24,Gujarat,461,Vadodara,VADODARA,-,-,Narmada,Narmada,Orsang,-,-,Orsang,22.26500000,73.72722222,04-07-2016 04:00,0.4
5466,5466,BODELI,CWC,24,Gujarat,461,Vadodara,VADODARA,-,-,Narmada,Narmada,Orsang,-,-,Orsang,22.26500000,73.72722222,04-07-2016 05:00,0.2
5467,5467,BODELI,CWC,24,Gujarat,461,Vadodara,VADODARA,-,-,Narmada,Narmada,Orsang,-,-,Orsang,22.26500000,73.72722222,04-07-2016 06:00,0.6
5468,5468,BODELI,CWC,24,Gujarat,461,Vadodara,VADODARA,-,-,Narmada,Narmada,Orsang,-,-,Orsang,22.26500000,73.72722222,04-07-2016 07:00,2.2
5469,5469,BODELI,CWC,24,Gujarat,461,Vadodara,VADODARA,-,-,Narmada,Narmada,Orsang,-,-,Orsang,22.26500000,73.72722222,04-07-2016 08:00,4
5470,5470,BODELI,CWC,24,Gujarat,461,Vadodara,VADODARA,-,-,Narmada,Narmada,Orsang,-,-,Orsang,22.26500000,73.72722222,04-07-2016 08:30,13.4
5471,5471,BODELI,CWC,24,Gujarat,461,Vadodara,VADODARA,-,-,Narmada,Narmada,Orsang,-,-,Orsang,22.26500000,73.72722222,04-07-2016 09:00,11.4
5472,5472,BODELI,CWC,24,Gujarat,461,Vadodara,VADODARA,-,-,Narmada,Narmada,Orsang,-,-,Orsang,22.26500000,73.72722222,04-07-2016 10:00,3.2
5473,5473,BODELI,CWC,24,Gujarat,461,Vadodara,VADODARA,-,-,Narmada,Narmada,Orsang,-,-,Orsang,22.26500000,73.72722222,04-07-2016 16:00,0.6
5474,5474,BODELI,CWC,24,Gujarat,461,Vadodara,VADODARA,-,-,Narmada,Narmada,Orsang,-,-,Orsang,22.26500000,73.72722222,05-07-2016 08:30,15.2
5475,5475,BODELI,CWC,24,Gujarat,461,Vadodara,VADODARA,-,-,Narmada,Narmada,Orsang,-,-,Orsang,22.26500000,73.72722222,08-07-2016 09:00,3.4
5476,5476,BODELI,CWC,24,Gujarat,461,Vadodara,VADODARA,-,-,Narmada,Narmada,Orsang,-,-,Orsang,22.26500000,73.72722222,08-07-2016 12:00,2
5477,5477,BODELI,CWC,24,Gujarat,461,Vadodara,VADODARA,-,-,Narmada,Narmada,Orsang,-,-,Orsang,22.26500000,73.72722222,08-07-2016 16:00,2
5478,5478,BODELI,CWC,24,Gujarat,461,Vadodara,VADODARA,-,-,Narmada,Narmada,Orsang,-,-,Orsang,22.26500000,73.72722222,08-07-2016 19:00,0.4
5479,5479,BODELI,CWC,24,Gujarat,461,Vadodara,VADODARA,-,-,Narmada,Narmada,Orsang,-,-,Orsang,22.26500000,73.72722222,09-07-2016 08:30,5.8
5480,5480,BODELI,CWC,24,Gujarat,461,Vadodara,VADODARA,-,-,Narmada,Narmada,Orsang,-,-,Orsang,22.26500000,73.72722222,09-07-2016 15:00,0.2
5481,5481,BODELI,CWC,24,Gujarat,461,Vadodara,VADODARA,-,-,Narmada,Narmada,Orsang,-,-,Orsang,22.26500000,73.72722222,10-07-2016 08:30,0.2
5482,5482,BODELI,CWC,24,Gujarat,461,Vadodara,VADODARA,-,-,Narmada,Narmada,Orsang,-,-,Orsang,22.26500000,73.72722222,10-07-2016 14:00,1
5483,5483,BODELI,CWC,24,Gujarat,461,Vadodara,VADODARA,-,-,Narmada,Narmada,Orsang,-,-,Orsang,22.26500000,73.72722222,10-07-2016 15:00,1
5484,5484,BODELI,CWC,24,Gujarat,461,Vadodara,VADODARA,-,-,Narmada,Narmada,Orsang,-,-,Orsang,22.26500000,73.72722222,10-07-2016 16:00,1
5485,5485,BODELI,CWC,24,Gujarat,461,Vadodara,VADODARA,-,-,Narmada,Narmada,Orsang,-,-,Orsang,22.26500000,73.72722222,10-07-2016 17:00,0.8
5486,5486,BODELI,CWC,24,Gujarat,461,Vadodara,VADODARA,-,-,Narmada,Narmada,Orsang,-,-,Orsang,22.26500000,73.72722222,10-07-2016 19:00,0.6
5487,5487,BODELI,CWC,24,Gujarat,461,Vadodara,VADODARA,-,-,Narmada,Narmada,Orsang,-,-,Orsang,22.26500000,73.72722222,11-07-2016 02:00,0.4
5488,5488,BODELI,CWC,24,Gujarat,461,Vadodara,VADODARA,-,-,Narmada,Narmada,Orsang,-,-,Orsang,22.26500000,73.72722222,11-07-2016 03:00,0.6
5489,5489,BODELI,CWC,24,Gujarat,461,Vadodara,VADODARA,-,-,Narmada,Narmada,Orsang,-,-,Orsang,22.26500000,73.72722222,11-07-2016 04:00,12.8
5490,5490,BODELI,CWC,24,Gujarat,461,Vadodara,VADODARA,-,-,Narmada,Narmada,Orsang,-,-,Orsang,22.26500000,73.72722222,11-07-2016 05:00,7
5491,5491,BODELI,CWC,24,Gujarat,461,Vadodara,VADODARA,-,-,Narmada,Narmada,Orsang,-,-,Orsang,22.26500000,73.72722222,11-07-2016 08:30,25.2
5492,5492,BODELI,CWC,24,Gujarat,461,Vadodara,VADODARA,-,-,Narmada,Narmada,Orsang,-,-,Orsang,22.26500000,73.72722222,11-07-2016 09:00,0.4
5493,5493,BODELI,CWC,24,Gujarat,461,Vadodara,VADODARA,-,-,Narmada,Narmada,Orsang,-,-,Orsang,22.26500000,73.72722222,11-07-2016 17:00,0.2
5494,5494,BODELI,CWC,24,Gujarat,461,Vadodara,VADODARA,-,-,Narmada,Narmada,Orsang,-,-,Orsang,22.26500000,73.72722222,11-07-2016 22:00,1
5495,5495,BODELI,CWC,24,Gujarat,461,Vadodara,VADODARA,-,-,Narmada,Narmada,Orsang,-,-,Orsang,22.26500000,73.72722222,11-07-2016 23:00,1.8
5496,5496,BODELI,CWC,24,Gujarat,461,Vadodara,VADODARA,-,-,Narmada,Narmada,Orsang,-,-,Orsang,22.26500000,73.72722222,12-07-2016 00:00,3.2
5497,5497,BODELI,CWC,24,Gujarat,461,Vadodara,VADODARA,-,-,Narmada,Narmada,Orsang,-,-,Orsang,22.26500000,73.72722222,12-07-2016 01:00,22.4
5498,5498,BODELI,CWC,24,Gujarat,461,Vadodara,VADODARA,-,-,Narmada,Narmada,Orsang,-,-,Orsang,22.26500000,73.72722222,12-07-2016 02:00,17.6
5499,5499,BODELI,CWC,24,Gujarat,461,Vadodara,VADODARA,-,-,Narmada,Narmada,Orsang,-,-,Orsang,22.26500000,73.72722222,12-07-2016 03:00,6.6
5500,5500,BODELI,CWC,24,Gujarat,461,Vadodara,VADODARA,-,-,Narmada,Narmada,Orsang,-,-,Orsang,22.26500000,73.72722222,12-07-2016 04:00,1.2
5501,5501,BODELI,CWC,24,Gujarat,461,Vadodara,VADODARA,-,-,Narmada,Narmada,Orsang,-,-,Orsang,22.26500000,73.72722222,12-07-2016 05:00,0.6
5502,5502,BODELI,CWC,24,Gujarat,461,Vadodara,VADODARA,-,-,Narmada,Narmada,Orsang,-,-,Orsang,22.26500000,73.72722222,12-07-2016 08:30,55
5503,5503,BODELI,CWC,24,Gujarat,461,Vadodara,VADODARA,-,-,Narmada,Narmada,Orsang,-,-,Orsang,22.26500000,73.72722222,12-07-2016 09:00,2.2
5504,5504,BODELI,CWC,24,Gujarat,461,Vadodara,VADODARA,-,-,Narmada,Narmada,Orsang,-,-,Orsang,22.26500000,73.72722222,12-07-2016 10:00,3
5505,5505,BODELI,CWC,24,Gujarat,461,Vadodara,VADODARA,-,-,Narmada,Narmada,Orsang,-,-,Orsang,22.26500000,73.72722222,12-07-2016 11:00,1.2
5506,5506,BODELI,CWC,24,Gujarat,461,Vadodara,VADODARA,-,-,Narmada,Narmada,Orsang,-,-,Orsang,22.26500000,73.72722222,12-07-2016 12:00,4
5507,5507,BODELI,CWC,24,Gujarat,461,Vadodara,VADODARA,-,-,Narmada,Narmada,Orsang,-,-,Orsang,22.26500000,73.72722222,12-07-2016 13:00,2
5508,5508,BODELI,CWC,24,Gujarat,461,Vadodara,VADODARA,-,-,Narmada,Narmada,Orsang,-,-,Orsang,22.26500000,73.72722222,12-07-2016 14:00,2
5509,5509,BODELI,CWC,24,Gujarat,461,Vadodara,VADODARA,-,-,Narmada,Narmada,Orsang,-,-,Orsang,22.26500000,73.72722222,12-07-2016 15:00,2.2
5510,5510,BODELI,CWC,24,Gujarat,461,Vadodara,VADODARA,-,-,Narmada,Narmada,Orsang,-,-,Orsang,22.26500000,73.72722222,12-07-2016 16:00,6.4
5511,5511,BODELI,CWC,24,Gujarat,461,Vadodara,VADODARA,-,-,Narmada,Narmada,Orsang,-,-,Orsang,22.26500000,73.72722222,12-07-2016 17:00,0.6
5512,5512,BODELI,CWC,24,Gujarat,461,Vadodara,VADODARA,-,-,Narmada,Narmada,Orsang,-,-,Orsang,22.26500000,73.72722222,12-07-2016 18:00,0.4
5513,5513,BODELI,CWC,24,Gujarat,461,Vadodara,VADODARA,-,-,Narmada,Narmada,Orsang,-,-,Orsang,22.26500000,73.72722222,12-07-2016 19:00,9
5514,5514,BODELI,CWC,24,Gujarat,461,Vadodara,VADODARA,-,-,Narmada,Narmada,Orsang,-,-,Orsang,22.26500000,73.72722222,12-07-2016 20:00,3.6
5515,5515,BODELI,CWC,24,Gujarat,461,Vadodara,VADODARA,-,-,Narmada,Narmada,Orsang,-,-,Orsang,22.26500000,73.72722222,12-07-2016 21:00,1.4
5516,5516,BODELI,CWC,24,Gujarat,461,Vadodara,VADODARA,-,-,Narmada,Narmada,Orsang,-,-,Orsang,22.26500000,73.72722222,13-07-2016 08:30,38
5517,5517,BODELI,CWC,24,Gujarat,461,Vadodara,VADODARA,-,-,Narmada,Narmada,Orsang,-,-,Orsang,22.26500000,73.72722222,15-07-2016 12:00,1.6
5518,5518,BODELI,CWC,24,Gujarat,461,Vadodara,VADODARA,-,-,Narmada,Narmada,Orsang,-,-,Orsang,22.26500000,73.72722222,16-07-2016 08:30,1.6
5519,5519,BODELI,CWC,24,Gujarat,461,Vadodara,VADODARA,-,-,Narmada,Narmada,Orsang,-,-,Orsang,22.26500000,73.72722222,16-07-2016 13:00,0.6
5520,5520,BODELI,CWC,24,Gujarat,461,Vadodara,VADODARA,-,-,Narmada,Narmada,Orsang,-,-,Orsang,22.26500000,73.72722222,16-07-2016 16:00,3.6
5521,5521,BODELI,CWC,24,Gujarat,461,Vadodara,VADODARA,-,-,Narmada,Narmada,Orsang,-,-,Orsang,22.26500000,73.72722222,17-07-2016 08:30,4.2
5522,5522,BODELI,CWC,24,Gujarat,461,Vadodara,VADODARA,-,-,Narmada,Narmada,Orsang,-,-,Orsang,22.26500000,73.72722222,18-07-2016 13:00,4.2
5523,5523,BODELI,CWC,24,Gujarat,461,Vadodara,VADODARA,-,-,Narmada,Narmada,Orsang,-,-,Orsang,22.26500000,73.72722222,18-07-2016 16:00,9.4
5524,5524,BODELI,CWC,24,Gujarat,461,Vadodara,VADODARA,-,-,Narmada,Narmada,Orsang,-,-,Orsang,22.26500000,73.72722222,18-07-2016 17:00,0.4
5525,5525,BODELI,CWC,24,Gujarat,461,Vadodara,VADODARA,-,-,Narmada,Narmada,Orsang,-,-,Orsang,22.26500000,73.72722222,18-07-2016 18:00,0.4
5526,5526,BODELI,CWC,24,Gujarat,461,Vadodara,VADODARA,-,-,Narmada,Narmada,Orsang,-,-,Orsang,22.26500000,73.72722222,19-07-2016 08:30,14.4
5527,5527,BODELI,CWC,24,Gujarat,461,Vadodara,VADODARA,-,-,Narmada,Narmada,Orsang,-,-,Orsang,22.26500000,73.72722222,19-07-2016 15:00,0.4
5528,5528,BODELI,CWC,24,Gujarat,461,Vadodara,VADODARA,-,-,Narmada,Narmada,Orsang,-,-,Orsang,22.26500000,73.72722222,19-07-2016 16:00,0.6
5529,5529,BODELI,CWC,24,Gujarat,461,Vadodara,VADODARA,-,-,Narmada,Narmada,Orsang,-,-,Orsang,22.26500000,73.72722222,19-07-2016 18:00,0.2
5530,5530,BODELI,CWC,24,Gujarat,461,Vadodara,VADODARA,-,-,Narmada,Narmada,Orsang,-,-,Orsang,22.26500000,73.72722222,19-07-2016 21:00,0.6
5531,5531,BODELI,CWC,24,Gujarat,461,Vadodara,VADODARA,-,-,Narmada,Narmada,Orsang,-,-,Orsang,22.26500000,73.72722222,19-07-2016 22:00,0.4
5532,5532,BODELI,CWC,24,Gujarat,461,Vadodara,VADODARA,-,-,Narmada,Narmada,Orsang,-,-,Orsang,22.26500000,73.72722222,20-07-2016 08:30,2.2
5533,5533,BODELI,CWC,24,Gujarat,461,Vadodara,VADODARA,-,-,Narmada,Narmada,Orsang,-,-,Orsang,22.26500000,73.72722222,20-07-2016 16:00,4.8
5534,5534,BODELI,CWC,24,Gujarat,461,Vadodara,VADODARA,-,-,Narmada,Narmada,Orsang,-,-,Orsang,22.26500000,73.72722222,21-07-2016 03:00,0.4
5535,5535,BODELI,CWC,24,Gujarat,461,Vadodara,VADODARA,-,-,Narmada,Narmada,Orsang,-,-,Orsang,22.26500000,73.72722222,21-07-2016 08:30,5.2
5536,5536,BODELI,CWC,24,Gujarat,461,Vadodara,VADODARA,-,-,Narmada,Narmada,Orsang,-,-,Orsang,22.26500000,73.72722222,22-07-2016 08:30,0.6
5537,5537,BODELI,CWC,24,Gujarat,461,Vadodara,VADODARA,-,-,Narmada,Narmada,Orsang,-,-,Orsang,22.26500000,73.72722222,22-07-2016 16:00,0.6
5538,5538,BODELI,CWC,24,Gujarat,461,Vadodara,VADODARA,-,-,Narmada,Narmada,Orsang,-,-,Orsang,22.26500000,73.72722222,23-07-2016 08:30,0.6
5539,5539,BODELI,CWC,24,Gujarat,461,Vadodara,VADODARA,-,-,Narmada,Narmada,Orsang,-,-,Orsang,22.26500000,73.72722222,25-07-2016 05:00,0.6
5540,5540,BODELI,CWC,24,Gujarat,461,Vadodara,VADODARA,-,-,Narmada,Narmada,Orsang,-,-,Orsang,22.26500000,73.72722222,25-07-2016 08:30,0.6
5541,5541,BODELI,CWC,24,Gujarat,461,Vadodara,VADODARA,-,-,Narmada,Narmada,Orsang,-,-,Orsang,22.26500000,73.72722222,26-07-2016 16:00,13
5542,5542,BODELI,CWC,24,Gujarat,461,Vadodara,VADODARA,-,-,Narmada,Narmada,Orsang,-,-,Orsang,22.26500000,73.72722222,26-07-2016 17:00,5.2
5543,5543,BODELI,CWC,24,Gujarat,461,Vadodara,VADODARA,-,-,Narmada,Narmada,Orsang,-,-,Orsang,22.26500000,73.72722222,26-07-2016 18:00,0.4
5544,5544,BODELI,CWC,24,Gujarat,461,Vadodara,VADODARA,-,-,Narmada,Narmada,Orsang,-,-,Orsang,22.26500000,73.72722222,26-07-2016 19:00,1
5545,5545,BODELI,CWC,24,Gujarat,461,Vadodara,VADODARA,-,-,Narmada,Narmada,Orsang,-,-,Orsang,22.26500000,73.72722222,27-07-2016 00:00,0.6
5546,5546,BODELI,CWC,24,Gujarat,461,Vadodara,VADODARA,-,-,Narmada,Narmada,Orsang,-,-,Orsang,22.26500000,73.72722222,27-07-2016 01:00,0.8
5547,5547,BODELI,CWC,24,Gujarat,461,Vadodara,VADODARA,-,-,Narmada,Narmada,Orsang,-,-,Orsang,22.26500000,73.72722222,27-07-2016 02:00,0.6
5548,5548,BODELI,CWC,24,Gujarat,461,Vadodara,VADODARA,-,-,Narmada,Narmada,Orsang,-,-,Orsang,22.26500000,73.72722222,27-07-2016 03:00,0.8
5549,5549,BODELI,CWC,24,Gujarat,461,Vadodara,VADODARA,-,-,Narmada,Narmada,Orsang,-,-,Orsang,22.26500000,73.72722222,27-07-2016 07:00,15.4
5550,5550,BODELI,CWC,24,Gujarat,461,Vadodara,VADODARA,-,-,Narmada,Narmada,Orsang,-,-,Orsang,22.26500000,73.72722222,27-07-2016 08:00,9
5551,5551,BODELI,CWC,24,Gujarat,461,Vadodara,VADODARA,-,-,Narmada,Narmada,Orsang,-,-,Orsang,22.26500000,73.72722222,27-07-2016 08:30,46.8
5552,5552,BODELI,CWC,24,Gujarat,461,Vadodara,VADODARA,-,-,Narmada,Narmada,Orsang,-,-,Orsang,22.26500000,73.72722222,27-07-2016 10:00,9.6
5553,5553,BODELI,CWC,24,Gujarat,461,Vadodara,VADODARA,-,-,Narmada,Narmada,Orsang,-,-,Orsang,22.26500000,73.72722222,27-07-2016 11:00,8.4
5554,5554,BODELI,CWC,24,Gujarat,461,Vadodara,VADODARA,-,-,Narmada,Narmada,Orsang,-,-,Orsang,22.26500000,73.72722222,27-07-2016 12:00,1.2
5555,5555,BODELI,CWC,24,Gujarat,461,Vadodara,VADODARA,-,-,Narmada,Narmada,Orsang,-,-,Orsang,22.26500000,73.72722222,27-07-2016 13:00,1.4
5556,5556,BODELI,CWC,24,Gujarat,461,Vadodara,VADODARA,-,-,Narmada,Narmada,Orsang,-,-,Orsang,22.26500000,73.72722222,27-07-2016 16:00,0.4
5557,5557,BODELI,CWC,24,Gujarat,461,Vadodara,VADODARA,-,-,Narmada,Narmada,Orsang,-,-,Orsang,22.26500000,73.72722222,27-07-2016 17:00,0.8
5558,5558,BODELI,CWC,24,Gujarat,461,Vadodara,VADODARA,-,-,Narmada,Narmada,Orsang,-,-,Orsang,22.26500000,73.72722222,27-07-2016 19:00,3
5559,5559,BODELI,CWC,24,Gujarat,461,Vadodara,VADODARA,-,-,Narmada,Narmada,Orsang,-,-,Orsang,22.26500000,73.72722222,28-07-2016 08:30,36
5560,5560,BODELI,CWC,24,Gujarat,461,Vadodara,VADODARA,-,-,Narmada,Narmada,Orsang,-,-,Orsang,22.26500000,73.72722222,28-07-2016 14:00,16
5561,5561,BODELI,CWC,24,Gujarat,461,Vadodara,VADODARA,-,-,Narmada,Narmada,Orsang,-,-,Orsang,22.26500000,73.72722222,28-07-2016 15:00,1.6
5562,5562,BODELI,CWC,24,Gujarat,461,Vadodara,VADODARA,-,-,Narmada,Narmada,Orsang,-,-,Orsang,22.26500000,73.72722222,28-07-2016 17:00,10.4
5563,5563,BODELI,CWC,24,Gujarat,461,Vadodara,VADODARA,-,-,Narmada,Narmada,Orsang,-,-,Orsang,22.26500000,73.72722222,28-07-2016 18:00,16
5564,5564,BODELI,CWC,24,Gujarat,461,Vadodara,VADODARA,-,-,Narmada,Narmada,Orsang,-,-,Orsang,22.26500000,73.72722222,28-07-2016 19:00,3.8
5565,5565,BODELI,CWC,24,Gujarat,461,Vadodara,VADODARA,-,-,Narmada,Narmada,Orsang,-,-,Orsang,22.26500000,73.72722222,29-07-2016 08:30,47.8
5566,5566,BODELI,CWC,24,Gujarat,461,Vadodara,VADODARA,-,-,Narmada,Narmada,Orsang,-,-,Orsang,22.26500000,73.72722222,29-07-2016 21:00,7.4
5567,5567,BODELI,CWC,24,Gujarat,461,Vadodara,VADODARA,-,-,Narmada,Narmada,Orsang,-,-,Orsang,22.26500000,73.72722222,30-07-2016 08:30,7.8
5568,5568,BODELI,CWC,24,Gujarat,461,Vadodara,VADODARA,-,-,Narmada,Narmada,Orsang,-,-,Orsang,22.26500000,73.72722222,30-07-2016 16:00,0.4
5569,5569,BODELI,CWC,24,Gujarat,461,Vadodara,VADODARA,-,-,Narmada,Narmada,Orsang,-,-,Orsang,22.26500000,73.72722222,31-07-2016 04:00,0.4
5570,5570,BODELI,CWC,24,Gujarat,461,Vadodara,VADODARA,-,-,Narmada,Narmada,Orsang,-,-,Orsang,22.26500000,73.72722222,31-07-2016 05:00,0.4
5571,5571,BODELI,CWC,24,Gujarat,461,Vadodara,VADODARA,-,-,Narmada,Narmada,Orsang,-,-,Orsang,22.26500000,73.72722222,31-07-2016 06:00,1
5572,5572,BODELI,CWC,24,Gujarat,461,Vadodara,VADODARA,-,-,Narmada,Narmada,Orsang,-,-,Orsang,22.26500000,73.72722222,31-07-2016 08:00,0.2
5573,5573,BODELI,CWC,24,Gujarat,461,Vadodara,VADODARA,-,-,Narmada,Narmada,Orsang,-,-,Orsang,22.26500000,73.72722222,31-07-2016 08:30,2.4
5574,5574,BODELI,CWC,24,Gujarat,461,Vadodara,VADODARA,-,-,Narmada,Narmada,Orsang,-,-,Orsang,22.26500000,73.72722222,31-07-2016 09:00,0.4
5575,5575,BODELI,CWC,24,Gujarat,461,Vadodara,VADODARA,-,-,Narmada,Narmada,Orsang,-,-,Orsang,22.26500000,73.72722222,31-07-2016 10:00,1.2
5576,5576,BODELI,CWC,24,Gujarat,461,Vadodara,VADODARA,-,-,Narmada,Narmada,Orsang,-,-,Orsang,22.26500000,73.72722222,31-07-2016 11:00,1
5577,5577,BODELI,CWC,24,Gujarat,461,Vadodara,VADODARA,-,-,Narmada,Narmada,Orsang,-,-,Orsang,22.26500000,73.72722222,31-07-2016 12:00,0.2
5578,5578,BODELI,CWC,24,Gujarat,461,Vadodara,VADODARA,-,-,Narmada,Narmada,Orsang,-,-,Orsang,22.26500000,73.72722222,31-07-2016 19:00,11
5579,5579,BODELI,CWC,24,Gujarat,461,Vadodara,VADODARA,-,-,Narmada,Narmada,Orsang,-,-,Orsang,22.26500000,73.72722222,31-07-2016 20:00,21
5580,5580,BODELI,CWC,24,Gujarat,461,Vadodara,VADODARA,-,-,Narmada,Narmada,Orsang,-,-,Orsang,22.26500000,73.72722222,31-07-2016 21:00,2
5581,5581,BODELI,CWC,24,Gujarat,461,Vadodara,VADODARA,-,-,Narmada,Narmada,Orsang,-,-,Orsang,22.26500000,73.72722222,31-07-2016 22:00,7
5582,5582,BODELI,CWC,24,Gujarat,461,Vadodara,VADODARA,-,-,Narmada,Narmada,Orsang,-,-,Orsang,22.26500000,73.72722222,01-08-2016 00:00,1.2
5583,5583,BODELI,CWC,24,Gujarat,461,Vadodara,VADODARA,-,-,Narmada,Narmada,Orsang,-,-,Orsang,22.26500000,73.72722222,01-08-2016 01:00,1
5584,5584,BODELI,CWC,24,Gujarat,461,Vadodara,VADODARA,-,-,Narmada,Narmada,Orsang,-,-,Orsang,22.26500000,73.72722222,01-08-2016 02:00,2.2
5585,5585,BODELI,CWC,24,Gujarat,461,Vadodara,VADODARA,-,-,Narmada,Narmada,Orsang,-,-,Orsang,22.26500000,73.72722222,01-08-2016 03:00,1
5586,5586,BODELI,CWC,24,Gujarat,461,Vadodara,VADODARA,-,-,Narmada,Narmada,Orsang,-,-,Orsang,22.26500000,73.72722222,01-08-2016 04:00,0.6
5587,5587,BODELI,CWC,24,Gujarat,461,Vadodara,VADODARA,-,-,Narmada,Narmada,Orsang,-,-,Orsang,22.26500000,73.72722222,01-08-2016 05:00,0.4
5588,5588,BODELI,CWC,24,Gujarat,461,Vadodara,VADODARA,-,-,Narmada,Narmada,Orsang,-,-,Orsang,22.26500000,73.72722222,01-08-2016 06:00,0.2
5589,5589,BODELI,CWC,24,Gujarat,461,Vadodara,VADODARA,-,-,Narmada,Narmada,Orsang,-,-,Orsang,22.26500000,73.72722222,01-08-2016 08:30,50.4
5590,5590,BODELI,CWC,24,Gujarat,461,Vadodara,VADODARA,-,-,Narmada,Narmada,Orsang,-,-,Orsang,22.26500000,73.72722222,01-08-2016 20:00,1
5591,5591,BODELI,CWC,24,Gujarat,461,Vadodara,VADODARA,-,-,Narmada,Narmada,Orsang,-,-,Orsang,22.26500000,73.72722222,02-08-2016 04:00,1.4
5592,5592,BODELI,CWC,24,Gujarat,461,Vadodara,VADODARA,-,-,Narmada,Narmada,Orsang,-,-,Orsang,22.26500000,73.72722222,02-08-2016 05:00,1.8
5593,5593,BODELI,CWC,24,Gujarat,461,Vadodara,VADODARA,-,-,Narmada,Narmada,Orsang,-,-,Orsang,22.26500000,73.72722222,02-08-2016 06:00,1.6
5594,5594,BODELI,CWC,24,Gujarat,461,Vadodara,VADODARA,-,-,Narmada,Narmada,Orsang,-,-,Orsang,22.26500000,73.72722222,02-08-2016 07:00,11.8
5595,5595,BODELI,CWC,24,Gujarat,461,Vadodara,VADODARA,-,-,Narmada,Narmada,Orsang,-,-,Orsang,22.26500000,73.72722222,02-08-2016 08:00,6.2
5596,5596,BODELI,CWC,24,Gujarat,461,Vadodara,VADODARA,-,-,Narmada,Narmada,Orsang,-,-,Orsang,22.26500000,73.72722222,02-08-2016 08:30,23.8
5597,5597,BODELI,CWC,24,Gujarat,461,Vadodara,VADODARA,-,-,Narmada,Narmada,Orsang,-,-,Orsang,22.26500000,73.72722222,02-08-2016 09:00,12.6
5598,5598,BODELI,CWC,24,Gujarat,461,Vadodara,VADODARA,-,-,Narmada,Narmada,Orsang,-,-,Orsang,22.26500000,73.72722222,02-08-2016 10:00,2
5599,5599,BODELI,CWC,24,Gujarat,461,Vadodara,VADODARA,-,-,Narmada,Narmada,Orsang,-,-,Orsang,22.26500000,73.72722222,02-08-2016 11:00,3.6
5600,5600,BODELI,CWC,24,Gujarat,461,Vadodara,VADODARA,-,-,Narmada,Narmada,Orsang,-,-,Orsang,22.26500000,73.72722222,02-08-2016 12:00,0.6
5601,5601,BODELI,CWC,24,Gujarat,461,Vadodara,VADODARA,-,-,Narmada,Narmada,Orsang,-,-,Orsang,22.26500000,73.72722222,02-08-2016 20:00,0.2
5602,5602,BODELI,CWC,24,Gujarat,461,Vadodara,VADODARA,-,-,Narmada,Narmada,Orsang,-,-,Orsang,22.26500000,73.72722222,03-08-2016 08:30,15.4
5603,5603,BODELI,CWC,24,Gujarat,461,Vadodara,VADODARA,-,-,Narmada,Narmada,Orsang,-,-,Orsang,22.26500000,73.72722222,03-08-2016 22:00,1.4
5604,5604,BODELI,CWC,24,Gujarat,461,Vadodara,VADODARA,-,-,Narmada,Narmada,Orsang,-,-,Orsang,22.26500000,73.72722222,04-08-2016 05:00,0.4
5605,5605,BODELI,CWC,24,Gujarat,461,Vadodara,VADODARA,-,-,Narmada,Narmada,Orsang,-,-,Orsang,22.26500000,73.72722222,04-08-2016 08:30,1.8
5606,5606,BODELI,CWC,24,Gujarat,461,Vadodara,VADODARA,-,-,Narmada,Narmada,Orsang,-,-,Orsang,22.26500000,73.72722222,05-08-2016 10:00,2
5607,5607,BODELI,CWC,24,Gujarat,461,Vadodara,VADODARA,-,-,Narmada,Narmada,Orsang,-,-,Orsang,22.26500000,73.72722222,05-08-2016 11:00,0.2
5608,5608,BODELI,CWC,24,Gujarat,461,Vadodara,VADODARA,-,-,Narmada,Narmada,Orsang,-,-,Orsang,22.26500000,73.72722222,05-08-2016 15:00,0.4
5609,5609,BODELI,CWC,24,Gujarat,461,Vadodara,VADODARA,-,-,Narmada,Narmada,Orsang,-,-,Orsang,22.26500000,73.72722222,05-08-2016 18:00,3.2
5610,5610,BODELI,CWC,24,Gujarat,461,Vadodara,VADODARA,-,-,Narmada,Narmada,Orsang,-,-,Orsang,22.26500000,73.72722222,05-08-2016 19:00,5
5611,5611,BODELI,CWC,24,Gujarat,461,Vadodara,VADODARA,-,-,Narmada,Narmada,Orsang,-,-,Orsang,22.26500000,73.72722222,05-08-2016 20:00,0.8
5612,5612,BODELI,CWC,24,Gujarat,461,Vadodara,VADODARA,-,-,Narmada,Narmada,Orsang,-,-,Orsang,22.26500000,73.72722222,06-08-2016 04:00,0.4
5613,5613,BODELI,CWC,24,Gujarat,461,Vadodara,VADODARA,-,-,Narmada,Narmada,Orsang,-,-,Orsang,22.26500000,73.72722222,06-08-2016 07:00,1.8
5614,5614,BODELI,CWC,24,Gujarat,461,Vadodara,VADODARA,-,-,Narmada,Narmada,Orsang,-,-,Orsang,22.26500000,73.72722222,06-08-2016 08:00,0.8
5615,5615,BODELI,CWC,24,Gujarat,461,Vadodara,VADODARA,-,-,Narmada,Narmada,Orsang,-,-,Orsang,22.26500000,73.72722222,06-08-2016 08:30,0.8
5616,5616,BODELI,CWC,24,Gujarat,461,Vadodara,VADODARA,-,-,Narmada,Narmada,Orsang,-,-,Orsang,22.26500000,73.72722222,06-08-2016 09:00,3.6
5617,5617,BODELI,CWC,24,Gujarat,461,Vadodara,VADODARA,-,-,Narmada,Narmada,Orsang,-,-,Orsang,22.26500000,73.72722222,06-08-2016 10:00,0.2
5618,5618,BODELI,CWC,24,Gujarat,461,Vadodara,VADODARA,-,-,Narmada,Narmada,Orsang,-,-,Orsang,22.26500000,73.72722222,06-08-2016 12:00,10.4
5619,5619,BODELI,CWC,24,Gujarat,461,Vadodara,VADODARA,-,-,Narmada,Narmada,Orsang,-,-,Orsang,22.26500000,73.72722222,06-08-2016 13:00,4.6
5620,5620,BODELI,CWC,24,Gujarat,461,Vadodara,VADODARA,-,-,Narmada,Narmada,Orsang,-,-,Orsang,22.26500000,73.72722222,06-08-2016 15:00,2.2
5621,5621,BODELI,CWC,24,Gujarat,461,Vadodara,VADODARA,-,-,Narmada,Narmada,Orsang,-,-,Orsang,22.26500000,73.72722222,06-08-2016 16:00,0.6
5622,5622,BODELI,CWC,24,Gujarat,461,Vadodara,VADODARA,-,-,Narmada,Narmada,Orsang,-,-,Orsang,22.26500000,73.72722222,06-08-2016 17:00,0.6
5623,5623,BODELI,CWC,24,Gujarat,461,Vadodara,VADODARA,-,-,Narmada,Narmada,Orsang,-,-,Orsang,22.26500000,73.72722222,07-08-2016 08:30,22.2
5624,5624,BODELI,CWC,24,Gujarat,461,Vadodara,VADODARA,-,-,Narmada,Narmada,Orsang,-,-,Orsang,22.26500000,73.72722222,07-08-2016 11:00,0.4
5625,5625,BODELI,CWC,24,Gujarat,461,Vadodara,VADODARA,-,-,Narmada,Narmada,Orsang,-,-,Orsang,22.26500000,73.72722222,07-08-2016 18:00,3
5626,5626,BODELI,CWC,24,Gujarat,461,Vadodara,VADODARA,-,-,Narmada,Narmada,Orsang,-,-,Orsang,22.26500000,73.72722222,07-08-2016 20:00,4
5627,5627,BODELI,CWC,24,Gujarat,461,Vadodara,VADODARA,-,-,Narmada,Narmada,Orsang,-,-,Orsang,22.26500000,73.72722222,07-08-2016 21:00,1.2
5628,5628,BODELI,CWC,24,Gujarat,461,Vadodara,VADODARA,-,-,Narmada,Narmada,Orsang,-,-,Orsang,22.26500000,73.72722222,08-08-2016 08:30,8.6
5629,5629,BODELI,CWC,24,Gujarat,461,Vadodara,VADODARA,-,-,Narmada,Narmada,Orsang,-,-,Orsang,22.26500000,73.72722222,08-08-2016 14:00,2.8
5630,5630,BODELI,CWC,24,Gujarat,461,Vadodara,VADODARA,-,-,Narmada,Narmada,Orsang,-,-,Orsang,22.26500000,73.72722222,08-08-2016 16:00,27
5631,5631,BODELI,CWC,24,Gujarat,461,Vadodara,VADODARA,-,-,Narmada,Narmada,Orsang,-,-,Orsang,22.26500000,73.72722222,08-08-2016 17:00,3.4
5632,5632,BODELI,CWC,24,Gujarat,461,Vadodara,VADODARA,-,-,Narmada,Narmada,Orsang,-,-,Orsang,22.26500000,73.72722222,08-08-2016 18:00,0.6
5633,5633,BODELI,CWC,24,Gujarat,461,Vadodara,VADODARA,-,-,Narmada,Narmada,Orsang,-,-,Orsang,22.26500000,73.72722222,08-08-2016 20:00,1.6
5634,5634,BODELI,CWC,24,Gujarat,461,Vadodara,VADODARA,-,-,Narmada,Narmada,Orsang,-,-,Orsang,22.26500000,73.72722222,08-08-2016 23:00,0.4
5635,5635,BODELI,CWC,24,Gujarat,461,Vadodara,VADODARA,-,-,Narmada,Narmada,Orsang,-,-,Orsang,22.26500000,73.72722222,09-08-2016 00:00,11.4
5636,5636,BODELI,CWC,24,Gujarat,461,Vadodara,VADODARA,-,-,Narmada,Narmada,Orsang,-,-,Orsang,22.26500000,73.72722222,09-08-2016 04:00,2.6
5637,5637,BODELI,CWC,24,Gujarat,461,Vadodara,VADODARA,-,-,Narmada,Narmada,Orsang,-,-,Orsang,22.26500000,73.72722222,09-08-2016 08:30,57
5638,5638,BODELI,CWC,24,Gujarat,461,Vadodara,VADODARA,-,-,Narmada,Narmada,Orsang,-,-,Orsang,22.26500000,73.72722222,09-08-2016 12:00,0.8
5639,5639,BODELI,CWC,24,Gujarat,461,Vadodara,VADODARA,-,-,Narmada,Narmada,Orsang,-,-,Orsang,22.26500000,73.72722222,09-08-2016 14:00,0.2
5640,5640,BODELI,CWC,24,Gujarat,461,Vadodara,VADODARA,-,-,Narmada,Narmada,Orsang,-,-,Orsang,22.26500000,73.72722222,09-08-2016 18:00,0.6
5641,5641,BODELI,CWC,24,Gujarat,461,Vadodara,VADODARA,-,-,Narmada,Narmada,Orsang,-,-,Orsang,22.26500000,73.72722222,09-08-2016 19:00,2.2
5642,5642,BODELI,CWC,24,Gujarat,461,Vadodara,VADODARA,-,-,Narmada,Narmada,Orsang,-,-,Orsang,22.26500000,73.72722222,09-08-2016 20:00,0.6
5643,5643,BODELI,CWC,24,Gujarat,461,Vadodara,VADODARA,-,-,Narmada,Narmada,Orsang,-,-,Orsang,22.26500000,73.72722222,09-08-2016 21:00,7.4
5644,5644,BODELI,CWC,24,Gujarat,461,Vadodara,VADODARA,-,-,Narmada,Narmada,Orsang,-,-,Orsang,22.26500000,73.72722222,09-08-2016 22:00,0.8
5645,5645,BODELI,CWC,24,Gujarat,461,Vadodara,VADODARA,-,-,Narmada,Narmada,Orsang,-,-,Orsang,22.26500000,73.72722222,09-08-2016 23:00,3.8
5646,5646,BODELI,CWC,24,Gujarat,461,Vadodara,VADODARA,-,-,Narmada,Narmada,Orsang,-,-,Orsang,22.26500000,73.72722222,10-08-2016 03:00,0.6
5647,5647,BODELI,CWC,24,Gujarat,461,Vadodara,VADODARA,-,-,Narmada,Narmada,Orsang,-,-,Orsang,22.26500000,73.72722222,10-08-2016 04:00,4.8
5648,5648,BODELI,CWC,24,Gujarat,461,Vadodara,VADODARA,-,-,Narmada,Narmada,Orsang,-,-,Orsang,22.26500000,73.72722222,10-08-2016 05:00,7.2
5649,5649,BODELI,CWC,24,Gujarat,461,Vadodara,VADODARA,-,-,Narmada,Narmada,Orsang,-,-,Orsang,22.26500000,73.72722222,10-08-2016 08:30,29.4
5650,5650,BODELI,CWC,24,Gujarat,461,Vadodara,VADODARA,-,-,Narmada,Narmada,Orsang,-,-,Orsang,22.26500000,73.72722222,10-08-2016 09:00,1.2
5651,5651,BODELI,CWC,24,Gujarat,461,Vadodara,VADODARA,-,-,Narmada,Narmada,Orsang,-,-,Orsang,22.26500000,73.72722222,10-08-2016 11:00,3.6
5652,5652,BODELI,CWC,24,Gujarat,461,Vadodara,VADODARA,-,-,Narmada,Narmada,Orsang,-,-,Orsang,22.26500000,73.72722222,10-08-2016 12:00,0.4
5653,5653,BODELI,CWC,24,Gujarat,461,Vadodara,VADODARA,-,-,Narmada,Narmada,Orsang,-,-,Orsang,22.26500000,73.72722222,10-08-2016 13:00,1
5654,5654,BODELI,CWC,24,Gujarat,461,Vadodara,VADODARA,-,-,Narmada,Narmada,Orsang,-,-,Orsang,22.26500000,73.72722222,10-08-2016 14:00,0.6
5655,5655,BODELI,CWC,24,Gujarat,461,Vadodara,VADODARA,-,-,Narmada,Narmada,Orsang,-,-,Orsang,22.26500000,73.72722222,10-08-2016 15:00,6.4
5656,5656,BODELI,CWC,24,Gujarat,461,Vadodara,VADODARA,-,-,Narmada,Narmada,Orsang,-,-,Orsang,22.26500000,73.72722222,10-08-2016 16:00,2.4
5657,5657,BODELI,CWC,24,Gujarat,461,Vadodara,VADODARA,-,-,Narmada,Narmada,Orsang,-,-,Orsang,22.26500000,73.72722222,10-08-2016 17:00,10.6
5658,5658,BODELI,CWC,24,Gujarat,461,Vadodara,VADODARA,-,-,Narmada,Narmada,Orsang,-,-,Orsang,22.26500000,73.72722222,10-08-2016 18:00,3.8
5659,5659,BODELI,CWC,24,Gujarat,461,Vadodara,VADODARA,-,-,Narmada,Narmada,Orsang,-,-,Orsang,22.26500000,73.72722222,11-08-2016 08:30,30
5660,5660,BODELI,CWC,24,Gujarat,461,Vadodara,VADODARA,-,-,Narmada,Narmada,Orsang,-,-,Orsang,22.26500000,73.72722222,11-08-2016 11:00,0.6
5661,5661,BODELI,CWC,24,Gujarat,461,Vadodara,VADODARA,-,-,Narmada,Narmada,Orsang,-,-,Orsang,22.26500000,73.72722222,11-08-2016 12:00,0.6
5662,5662,BODELI,CWC,24,Gujarat,461,Vadodara,VADODARA,-,-,Narmada,Narmada,Orsang,-,-,Orsang,22.26500000,73.72722222,12-08-2016 08:30,1.2
5663,5663,BODELI,CWC,24,Gujarat,461,Vadodara,VADODARA,-,-,Narmada,Narmada,Orsang,-,-,Orsang,22.26500000,73.72722222,12-08-2016 16:00,3
5664,5664,BODELI,CWC,24,Gujarat,461,Vadodara,VADODARA,-,-,Narmada,Narmada,Orsang,-,-,Orsang,22.26500000,73.72722222,12-08-2016 19:00,1.6
5665,5665,BODELI,CWC,24,Gujarat,461,Vadodara,VADODARA,-,-,Narmada,Narmada,Orsang,-,-,Orsang,22.26500000,73.72722222,13-08-2016 06:00,0.4
5666,5666,BODELI,CWC,24,Gujarat,461,Vadodara,VADODARA,-,-,Narmada,Narmada,Orsang,-,-,Orsang,22.26500000,73.72722222,13-08-2016 08:30,5
5667,5667,BODELI,CWC,24,Gujarat,461,Vadodara,VADODARA,-,-,Narmada,Narmada,Orsang,-,-,Orsang,22.26500000,73.72722222,18-08-2016 18:00,0.4
5668,5668,BODELI,CWC,24,Gujarat,461,Vadodara,VADODARA,-,-,Narmada,Narmada,Orsang,-,-,Orsang,22.26500000,73.72722222,19-08-2016 08:30,0.4
5669,5669,BODELI,CWC,24,Gujarat,461,Vadodara,VADODARA,-,-,Narmada,Narmada,Orsang,-,-,Orsang,22.26500000,73.72722222,19-08-2016 21:00,5.8
5670,5670,BODELI,CWC,24,Gujarat,461,Vadodara,VADODARA,-,-,Narmada,Narmada,Orsang,-,-,Orsang,22.26500000,73.72722222,20-08-2016 01:00,2.2
5671,5671,BODELI,CWC,24,Gujarat,461,Vadodara,VADODARA,-,-,Narmada,Narmada,Orsang,-,-,Orsang,22.26500000,73.72722222,20-08-2016 08:30,8
5672,5672,BODELI,CWC,24,Gujarat,461,Vadodara,VADODARA,-,-,Narmada,Narmada,Orsang,-,-,Orsang,22.26500000,73.72722222,20-08-2016 10:00,0.4
5673,5673,BODELI,CWC,24,Gujarat,461,Vadodara,VADODARA,-,-,Narmada,Narmada,Orsang,-,-,Orsang,22.26500000,73.72722222,20-08-2016 14:00,3.8
5674,5674,BODELI,CWC,24,Gujarat,461,Vadodara,VADODARA,-,-,Narmada,Narmada,Orsang,-,-,Orsang,22.26500000,73.72722222,20-08-2016 15:00,2.2
5675,5675,BODELI,CWC,24,Gujarat,461,Vadodara,VADODARA,-,-,Narmada,Narmada,Orsang,-,-,Orsang,22.26500000,73.72722222,20-08-2016 16:00,1
5676,5676,BODELI,CWC,24,Gujarat,461,Vadodara,VADODARA,-,-,Narmada,Narmada,Orsang,-,-,Orsang,22.26500000,73.72722222,20-08-2016 17:00,1
5677,5677,BODELI,CWC,24,Gujarat,461,Vadodara,VADODARA,-,-,Narmada,Narmada,Orsang,-,-,Orsang,22.26500000,73.72722222,20-08-2016 18:00,2.2
5678,5678,BODELI,CWC,24,Gujarat,461,Vadodara,VADODARA,-,-,Narmada,Narmada,Orsang,-,-,Orsang,22.26500000,73.72722222,20-08-2016 19:00,0.8
5679,5679,BODELI,CWC,24,Gujarat,461,Vadodara,VADODARA,-,-,Narmada,Narmada,Orsang,-,-,Orsang,22.26500000,73.72722222,20-08-2016 20:00,1.4
5680,5680,BODELI,CWC,24,Gujarat,461,Vadodara,VADODARA,-,-,Narmada,Narmada,Orsang,-,-,Orsang,22.26500000,73.72722222,21-08-2016 02:00,1
5681,5681,BODELI,CWC,24,Gujarat,461,Vadodara,VADODARA,-,-,Narmada,Narmada,Orsang,-,-,Orsang,22.26500000,73.72722222,21-08-2016 03:00,1.6
5682,5682,BODELI,CWC,24,Gujarat,461,Vadodara,VADODARA,-,-,Narmada,Narmada,Orsang,-,-,Orsang,22.26500000,73.72722222,21-08-2016 04:00,0.8
5683,5683,BODELI,CWC,24,Gujarat,461,Vadodara,VADODARA,-,-,Narmada,Narmada,Orsang,-,-,Orsang,22.26500000,73.72722222,21-08-2016 05:00,1.2
5684,5684,BODELI,CWC,24,Gujarat,461,Vadodara,VADODARA,-,-,Narmada,Narmada,Orsang,-,-,Orsang,22.26500000,73.72722222,21-08-2016 08:30,17.4
5685,5685,BODELI,CWC,24,Gujarat,461,Vadodara,VADODARA,-,-,Narmada,Narmada,Orsang,-,-,Orsang,22.26500000,73.72722222,21-08-2016 09:00,0.4
5686,5686,BODELI,CWC,24,Gujarat,461,Vadodara,VADODARA,-,-,Narmada,Narmada,Orsang,-,-,Orsang,22.26500000,73.72722222,21-08-2016 14:00,0.2
5687,5687,BODELI,CWC,24,Gujarat,461,Vadodara,VADODARA,-,-,Narmada,Narmada,Orsang,-,-,Orsang,22.26500000,73.72722222,21-08-2016 16:00,0.8
5688,5688,BODELI,CWC,24,Gujarat,461,Vadodara,VADODARA,-,-,Narmada,Narmada,Orsang,-,-,Orsang,22.26500000,73.72722222,22-08-2016 04:00,3
5689,5689,BODELI,CWC,24,Gujarat,461,Vadodara,VADODARA,-,-,Narmada,Narmada,Orsang,-,-,Orsang,22.26500000,73.72722222,22-08-2016 08:30,4.4
5690,5690,BODELI,CWC,24,Gujarat,461,Vadodara,VADODARA,-,-,Narmada,Narmada,Orsang,-,-,Orsang,22.26500000,73.72722222,22-08-2016 16:00,3
5691,5691,BODELI,CWC,24,Gujarat,461,Vadodara,VADODARA,-,-,Narmada,Narmada,Orsang,-,-,Orsang,22.26500000,73.72722222,22-08-2016 17:00,0.2
5692,5692,BODELI,CWC,24,Gujarat,461,Vadodara,VADODARA,-,-,Narmada,Narmada,Orsang,-,-,Orsang,22.26500000,73.72722222,23-08-2016 04:00,17.4
5693,5693,BODELI,CWC,24,Gujarat,461,Vadodara,VADODARA,-,-,Narmada,Narmada,Orsang,-,-,Orsang,22.26500000,73.72722222,23-08-2016 05:00,4
5694,5694,BODELI,CWC,24,Gujarat,461,Vadodara,VADODARA,-,-,Narmada,Narmada,Orsang,-,-,Orsang,22.26500000,73.72722222,23-08-2016 08:30,25.4
5695,5695,BODELI,CWC,24,Gujarat,461,Vadodara,VADODARA,-,-,Narmada,Narmada,Orsang,-,-,Orsang,22.26500000,73.72722222,23-08-2016 14:00,0.8
5696,5696,BODELI,CWC,24,Gujarat,461,Vadodara,VADODARA,-,-,Narmada,Narmada,Orsang,-,-,Orsang,22.26500000,73.72722222,24-08-2016 01:00,0.8
5697,5697,BODELI,CWC,24,Gujarat,461,Vadodara,VADODARA,-,-,Narmada,Narmada,Orsang,-,-,Orsang,22.26500000,73.72722222,24-08-2016 03:00,12
5698,5698,BODELI,CWC,24,Gujarat,461,Vadodara,VADODARA,-,-,Narmada,Narmada,Orsang,-,-,Orsang,22.26500000,73.72722222,24-08-2016 04:00,2
5699,5699,BODELI,CWC,24,Gujarat,461,Vadodara,VADODARA,-,-,Narmada,Narmada,Orsang,-,-,Orsang,22.26500000,73.72722222,24-08-2016 08:30,16.4
5700,5700,BODELI,CWC,24,Gujarat,461,Vadodara,VADODARA,-,-,Narmada,Narmada,Orsang,-,-,Orsang,22.26500000,73.72722222,24-08-2016 12:00,2
5701,5701,BODELI,CWC,24,Gujarat,461,Vadodara,VADODARA,-,-,Narmada,Narmada,Orsang,-,-,Orsang,22.26500000,73.72722222,25-08-2016 02:00,3.6
5702,5702,BODELI,CWC,24,Gujarat,461,Vadodara,VADODARA,-,-,Narmada,Narmada,Orsang,-,-,Orsang,22.26500000,73.72722222,25-08-2016 08:30,5.6
5703,5703,BODELI,CWC,24,Gujarat,461,Vadodara,VADODARA,-,-,Narmada,Narmada,Orsang,-,-,Orsang,22.26500000,73.72722222,25-08-2016 14:00,1.4
5704,5704,BODELI,CWC,24,Gujarat,461,Vadodara,VADODARA,-,-,Narmada,Narmada,Orsang,-,-,Orsang,22.26500000,73.72722222,26-08-2016 06:00,0.6
5705,5705,BODELI,CWC,24,Gujarat,461,Vadodara,VADODARA,-,-,Narmada,Narmada,Orsang,-,-,Orsang,22.26500000,73.72722222,26-08-2016 08:30,2
5706,5706,BODELI,CWC,24,Gujarat,461,Vadodara,VADODARA,-,-,Narmada,Narmada,Orsang,-,-,Orsang,22.26500000,73.72722222,26-08-2016 10:00,0.6
5707,5707,BODELI,CWC,24,Gujarat,461,Vadodara,VADODARA,-,-,Narmada,Narmada,Orsang,-,-,Orsang,22.26500000,73.72722222,26-08-2016 11:00,0.4
5708,5708,BODELI,CWC,24,Gujarat,461,Vadodara,VADODARA,-,-,Narmada,Narmada,Orsang,-,-,Orsang,22.26500000,73.72722222,26-08-2016 13:00,1.4
5709,5709,BODELI,CWC,24,Gujarat,461,Vadodara,VADODARA,-,-,Narmada,Narmada,Orsang,-,-,Orsang,22.26500000,73.72722222,26-08-2016 14:00,7.2
5710,5710,BODELI,CWC,24,Gujarat,461,Vadodara,VADODARA,-,-,Narmada,Narmada,Orsang,-,-,Orsang,22.26500000,73.72722222,26-08-2016 15:00,0.6
5711,5711,BODELI,CWC,24,Gujarat,461,Vadodara,VADODARA,-,-,Narmada,Narmada,Orsang,-,-,Orsang,22.26500000,73.72722222,26-08-2016 18:00,0.4
5712,5712,BODELI,CWC,24,Gujarat,461,Vadodara,VADODARA,-,-,Narmada,Narmada,Orsang,-,-,Orsang,22.26500000,73.72722222,27-08-2016 04:00,0.4
5713,5713,BODELI,CWC,24,Gujarat,461,Vadodara,VADODARA,-,-,Narmada,Narmada,Orsang,-,-,Orsang,22.26500000,73.72722222,27-08-2016 08:30,11
5714,5714,BODELI,CWC,24,Gujarat,461,Vadodara,VADODARA,-,-,Narmada,Narmada,Orsang,-,-,Orsang,22.26500000,73.72722222,27-08-2016 10:00,3.8
5715,5715,BODELI,CWC,24,Gujarat,461,Vadodara,VADODARA,-,-,Narmada,Narmada,Orsang,-,-,Orsang,22.26500000,73.72722222,27-08-2016 11:00,24
5716,5716,BODELI,CWC,24,Gujarat,461,Vadodara,VADODARA,-,-,Narmada,Narmada,Orsang,-,-,Orsang,22.26500000,73.72722222,27-08-2016 12:00,22
5717,5717,BODELI,CWC,24,Gujarat,461,Vadodara,VADODARA,-,-,Narmada,Narmada,Orsang,-,-,Orsang,22.26500000,73.72722222,27-08-2016 13:00,3.6
5718,5718,BODELI,CWC,24,Gujarat,461,Vadodara,VADODARA,-,-,Narmada,Narmada,Orsang,-,-,Orsang,22.26500000,73.72722222,28-08-2016 07:00,2
5719,5719,BODELI,CWC,24,Gujarat,461,Vadodara,VADODARA,-,-,Narmada,Narmada,Orsang,-,-,Orsang,22.26500000,73.72722222,28-08-2016 08:30,55.4
5720,5720,BODELI,CWC,24,Gujarat,461,Vadodara,VADODARA,-,-,Narmada,Narmada,Orsang,-,-,Orsang,22.26500000,73.72722222,29-08-2016 14:00,1.4
5721,5721,BODELI,CWC,24,Gujarat,461,Vadodara,VADODARA,-,-,Narmada,Narmada,Orsang,-,-,Orsang,22.26500000,73.72722222,29-08-2016 16:00,9.2
5722,5722,BODELI,CWC,24,Gujarat,461,Vadodara,VADODARA,-,-,Narmada,Narmada,Orsang,-,-,Orsang,22.26500000,73.72722222,30-08-2016 08:30,10.6
5723,5723,BODELI,CWC,24,Gujarat,461,Vadodara,VADODARA,-,-,Narmada,Narmada,Orsang,-,-,Orsang,22.26500000,73.72722222,30-08-2016 09:00,3.8
5724,5724,BODELI,CWC,24,Gujarat,461,Vadodara,VADODARA,-,-,Narmada,Narmada,Orsang,-,-,Orsang,22.26500000,73.72722222,30-08-2016 10:00,0.2
5725,5725,BODELI,CWC,24,Gujarat,461,Vadodara,VADODARA,-,-,Narmada,Narmada,Orsang,-,-,Orsang,22.26500000,73.72722222,30-08-2016 12:00,2.8
5726,5726,BODELI,CWC,24,Gujarat,461,Vadodara,VADODARA,-,-,Narmada,Narmada,Orsang,-,-,Orsang,22.26500000,73.72722222,30-08-2016 13:00,1.6
5727,5727,BODELI,CWC,24,Gujarat,461,Vadodara,VADODARA,-,-,Narmada,Narmada,Orsang,-,-,Orsang,22.26500000,73.72722222,31-08-2016 08:30,14.4
5728,5728,BODELI,CWC,24,Gujarat,461,Vadodara,VADODARA,-,-,Narmada,Narmada,Orsang,-,-,Orsang,22.26500000,73.72722222,31-08-2016 10:00,2.2
5729,5729,BODELI,CWC,24,Gujarat,461,Vadodara,VADODARA,-,-,Narmada,Narmada,Orsang,-,-,Orsang,22.26500000,73.72722222,31-08-2016 11:00,3.6
5730,5730,BODELI,CWC,24,Gujarat,461,Vadodara,VADODARA,-,-,Narmada,Narmada,Orsang,-,-,Orsang,22.26500000,73.72722222,31-08-2016 12:00,8
5731,5731,BODELI,CWC,24,Gujarat,461,Vadodara,VADODARA,-,-,Narmada,Narmada,Orsang,-,-,Orsang,22.26500000,73.72722222,31-08-2016 13:00,2
5732,5732,BODELI,CWC,24,Gujarat,461,Vadodara,VADODARA,-,-,Narmada,Narmada,Orsang,-,-,Orsang,22.26500000,73.72722222,31-08-2016 14:00,4
5733,5733,BODELI,CWC,24,Gujarat,461,Vadodara,VADODARA,-,-,Narmada,Narmada,Orsang,-,-,Orsang,22.26500000,73.72722222,01-09-2016 02:00,0.4
5734,5734,BODELI,CWC,24,Gujarat,461,Vadodara,VADODARA,-,-,Narmada,Narmada,Orsang,-,-,Orsang,22.26500000,73.72722222,01-09-2016 03:00,1.8
5735,5735,BODELI,CWC,24,Gujarat,461,Vadodara,VADODARA,-,-,Narmada,Narmada,Orsang,-,-,Orsang,22.26500000,73.72722222,01-09-2016 04:00,2.6
5736,5736,BODELI,CWC,24,Gujarat,461,Vadodara,VADODARA,-,-,Narmada,Narmada,Orsang,-,-,Orsang,22.26500000,73.72722222,01-09-2016 05:00,3.2
5737,5737,BODELI,CWC,24,Gujarat,461,Vadodara,VADODARA,-,-,Narmada,Narmada,Orsang,-,-,Orsang,22.26500000,73.72722222,01-09-2016 08:30,27.9
5738,5738,BODELI,CWC,24,Gujarat,461,Vadodara,VADODARA,-,-,Narmada,Narmada,Orsang,-,-,Orsang,22.26500000,73.72722222,01-09-2016 19:00,5.6
5739,5739,BODELI,CWC,24,Gujarat,461,Vadodara,VADODARA,-,-,Narmada,Narmada,Orsang,-,-,Orsang,22.26500000,73.72722222,02-09-2016 04:00,0.6
5740,5740,BODELI,CWC,24,Gujarat,461,Vadodara,VADODARA,-,-,Narmada,Narmada,Orsang,-,-,Orsang,22.26500000,73.72722222,02-09-2016 08:00,1
5741,5741,BODELI,CWC,24,Gujarat,461,Vadodara,VADODARA,-,-,Narmada,Narmada,Orsang,-,-,Orsang,22.26500000,73.72722222,02-09-2016 08:30,0.6
5742,5742,BODELI,CWC,24,Gujarat,461,Vadodara,VADODARA,-,-,Narmada,Narmada,Orsang,-,-,Orsang,22.26500000,73.72722222,04-09-2016 08:30,0.4
5743,5743,BODELI,CWC,24,Gujarat,461,Vadodara,VADODARA,-,-,Narmada,Narmada,Orsang,-,-,Orsang,22.26500000,73.72722222,15-09-2016 04:00,0.2
5744,5744,BODELI,CWC,24,Gujarat,461,Vadodara,VADODARA,-,-,Narmada,Narmada,Orsang,-,-,Orsang,22.26500000,73.72722222,15-09-2016 08:30,0.2
5745,5745,BODELI,CWC,24,Gujarat,461,Vadodara,VADODARA,-,-,Narmada,Narmada,Orsang,-,-,Orsang,22.26500000,73.72722222,15-09-2016 21:00,0.8
5746,5746,BODELI,CWC,24,Gujarat,461,Vadodara,VADODARA,-,-,Narmada,Narmada,Orsang,-,-,Orsang,22.26500000,73.72722222,16-09-2016 01:00,8.4
5747,5747,BODELI,CWC,24,Gujarat,461,Vadodara,VADODARA,-,-,Narmada,Narmada,Orsang,-,-,Orsang,22.26500000,73.72722222,16-09-2016 02:00,7.2
5748,5748,BODELI,CWC,24,Gujarat,461,Vadodara,VADODARA,-,-,Narmada,Narmada,Orsang,-,-,Orsang,22.26500000,73.72722222,16-09-2016 08:30,16.4
5749,5749,BODELI,CWC,24,Gujarat,461,Vadodara,VADODARA,-,-,Narmada,Narmada,Orsang,-,-,Orsang,22.26500000,73.72722222,16-09-2016 19:00,1.2
5750,5750,BODELI,CWC,24,Gujarat,461,Vadodara,VADODARA,-,-,Narmada,Narmada,Orsang,-,-,Orsang,22.26500000,73.72722222,17-09-2016 06:00,0.4
5751,5751,BODELI,CWC,24,Gujarat,461,Vadodara,VADODARA,-,-,Narmada,Narmada,Orsang,-,-,Orsang,22.26500000,73.72722222,17-09-2016 08:00,0.4
5752,5752,BODELI,CWC,24,Gujarat,461,Vadodara,VADODARA,-,-,Narmada,Narmada,Orsang,-,-,Orsang,22.26500000,73.72722222,17-09-2016 08:30,2
5753,5753,BODELI,CWC,24,Gujarat,461,Vadodara,VADODARA,-,-,Narmada,Narmada,Orsang,-,-,Orsang,22.26500000,73.72722222,17-09-2016 20:00,10.2
5754,5754,BODELI,CWC,24,Gujarat,461,Vadodara,VADODARA,-,-,Narmada,Narmada,Orsang,-,-,Orsang,22.26500000,73.72722222,18-09-2016 04:00,2.2
5755,5755,BODELI,CWC,24,Gujarat,461,Vadodara,VADODARA,-,-,Narmada,Narmada,Orsang,-,-,Orsang,22.26500000,73.72722222,18-09-2016 05:00,2.2
5756,5756,BODELI,CWC,24,Gujarat,461,Vadodara,VADODARA,-,-,Narmada,Narmada,Orsang,-,-,Orsang,22.26500000,73.72722222,18-09-2016 06:00,2.2
5757,5757,BODELI,CWC,24,Gujarat,461,Vadodara,VADODARA,-,-,Narmada,Narmada,Orsang,-,-,Orsang,22.26500000,73.72722222,18-09-2016 08:30,16.4
5758,5758,BODELI,CWC,24,Gujarat,461,Vadodara,VADODARA,-,-,Narmada,Narmada,Orsang,-,-,Orsang,22.26500000,73.72722222,18-09-2016 09:00,8.6
5759,5759,BODELI,CWC,24,Gujarat,461,Vadodara,VADODARA,-,-,Narmada,Narmada,Orsang,-,-,Orsang,22.26500000,73.72722222,18-09-2016 10:00,10
5760,5760,BODELI,CWC,24,Gujarat,461,Vadodara,VADODARA,-,-,Narmada,Narmada,Orsang,-,-,Orsang,22.26500000,73.72722222,18-09-2016 11:00,2
5761,5761,BODELI,CWC,24,Gujarat,461,Vadodara,VADODARA,-,-,Narmada,Narmada,Orsang,-,-,Orsang,22.26500000,73.72722222,18-09-2016 12:00,5.4
5762,5762,BODELI,CWC,24,Gujarat,461,Vadodara,VADODARA,-,-,Narmada,Narmada,Orsang,-,-,Orsang,22.26500000,73.72722222,18-09-2016 21:00,1.4
5763,5763,BODELI,CWC,24,Gujarat,461,Vadodara,VADODARA,-,-,Narmada,Narmada,Orsang,-,-,Orsang,22.26500000,73.72722222,18-09-2016 22:00,2.8
5764,5764,BODELI,CWC,24,Gujarat,461,Vadodara,VADODARA,-,-,Narmada,Narmada,Orsang,-,-,Orsang,22.26500000,73.72722222,18-09-2016 23:00,1.6
5765,5765,BODELI,CWC,24,Gujarat,461,Vadodara,VADODARA,-,-,Narmada,Narmada,Orsang,-,-,Orsang,22.26500000,73.72722222,19-09-2016 00:00,4.8
5766,5766,BODELI,CWC,24,Gujarat,461,Vadodara,VADODARA,-,-,Narmada,Narmada,Orsang,-,-,Orsang,22.26500000,73.72722222,19-09-2016 08:30,36.6
5767,5767,BODELI,CWC,24,Gujarat,461,Vadodara,VADODARA,-,-,Narmada,Narmada,Orsang,-,-,Orsang,22.26500000,73.72722222,20-09-2016 01:00,0.2
5768,5768,BODELI,CWC,24,Gujarat,461,Vadodara,VADODARA,-,-,Narmada,Narmada,Orsang,-,-,Orsang,22.26500000,73.72722222,20-09-2016 08:30,0.2
5769,5769,BODELI,CWC,24,Gujarat,461,Vadodara,VADODARA,-,-,Narmada,Narmada,Orsang,-,-,Orsang,22.26500000,73.72722222,22-09-2016 00:00,4
5770,5770,BODELI,CWC,24,Gujarat,461,Vadodara,VADODARA,-,-,Narmada,Narmada,Orsang,-,-,Orsang,22.26500000,73.72722222,22-09-2016 04:00,0.2
5771,5771,BODELI,CWC,24,Gujarat,461,Vadodara,VADODARA,-,-,Narmada,Narmada,Orsang,-,-,Orsang,22.26500000,73.72722222,22-09-2016 08:30,4.2
5772,5772,BODELI,CWC,24,Gujarat,461,Vadodara,VADODARA,-,-,Narmada,Narmada,Orsang,-,-,Orsang,22.26500000,73.72722222,23-09-2016 22:00,21
5773,5773,BODELI,CWC,24,Gujarat,461,Vadodara,VADODARA,-,-,Narmada,Narmada,Orsang,-,-,Orsang,22.26500000,73.72722222,24-09-2016 08:30,21
5774,5774,BODELI,CWC,24,Gujarat,461,Vadodara,VADODARA,-,-,Narmada,Narmada,Orsang,-,-,Orsang,22.26500000,73.72722222,25-09-2016 02:00,12
5775,5775,BODELI,CWC,24,Gujarat,461,Vadodara,VADODARA,-,-,Narmada,Narmada,Orsang,-,-,Orsang,22.26500000,73.72722222,25-09-2016 03:00,0.2
5776,5776,BODELI,CWC,24,Gujarat,461,Vadodara,VADODARA,-,-,Narmada,Narmada,Orsang,-,-,Orsang,22.26500000,73.72722222,25-09-2016 04:00,24.4
5777,5777,BODELI,CWC,24,Gujarat,461,Vadodara,VADODARA,-,-,Narmada,Narmada,Orsang,-,-,Orsang,22.26500000,73.72722222,25-09-2016 05:00,10
5778,5778,BODELI,CWC,24,Gujarat,461,Vadodara,VADODARA,-,-,Narmada,Narmada,Orsang,-,-,Orsang,22.26500000,73.72722222,25-09-2016 08:30,46.4
5779,5779,BODELI,CWC,24,Gujarat,461,Vadodara,VADODARA,-,-,Narmada,Narmada,Orsang,-,-,Orsang,22.26500000,73.72722222,01-10-2016 13:00,0.2
5780,5780,BODELI,CWC,24,Gujarat,461,Vadodara,VADODARA,-,-,Narmada,Narmada,Orsang,-,-,Orsang,22.26500000,73.72722222,02-10-2016 08:30,0.4
5781,5781,BODELI,CWC,24,Gujarat,461,Vadodara,VADODARA,-,-,Narmada,Narmada,Orsang,-,-,Orsang,22.26500000,73.72722222,02-10-2016 18:00,7
5782,5782,BODELI,CWC,24,Gujarat,461,Vadodara,VADODARA,-,-,Narmada,Narmada,Orsang,-,-,Orsang,22.26500000,73.72722222,02-10-2016 22:00,12.2
5783,5783,BODELI,CWC,24,Gujarat,461,Vadodara,VADODARA,-,-,Narmada,Narmada,Orsang,-,-,Orsang,22.26500000,73.72722222,02-10-2016 23:00,11
5784,5784,BODELI,CWC,24,Gujarat,461,Vadodara,VADODARA,-,-,Narmada,Narmada,Orsang,-,-,Orsang,22.26500000,73.72722222,03-10-2016 08:30,38.2
5785,5785,BODELI,CWC,24,Gujarat,461,Vadodara,VADODARA,-,-,Narmada,Narmada,Orsang,-,-,Orsang,22.26500000,73.72722222,03-10-2016 16:00,10.4
5786,5786,BODELI,CWC,24,Gujarat,461,Vadodara,VADODARA,-,-,Narmada,Narmada,Orsang,-,-,Orsang,22.26500000,73.72722222,04-10-2016 04:00,0.6
5787,5787,BODELI,CWC,24,Gujarat,461,Vadodara,VADODARA,-,-,Narmada,Narmada,Orsang,-,-,Orsang,22.26500000,73.72722222,04-10-2016 08:30,11
5788,5788,BODELI,CWC,24,Gujarat,461,Vadodara,VADODARA,-,-,Narmada,Narmada,Orsang,-,-,Orsang,22.26500000,73.72722222,05-10-2016 04:00,6
5789,5789,BODELI,CWC,24,Gujarat,461,Vadodara,VADODARA,-,-,Narmada,Narmada,Orsang,-,-,Orsang,22.26500000,73.72722222,05-10-2016 05:00,1.2
5790,5790,BODELI,CWC,24,Gujarat,461,Vadodara,VADODARA,-,-,Narmada,Narmada,Orsang,-,-,Orsang,22.26500000,73.72722222,05-10-2016 08:30,7.2
5791,5791,BODELI,CWC,24,Gujarat,461,Vadodara,VADODARA,-,-,Narmada,Narmada,Orsang,-,-,Orsang,22.26500000,73.72722222,05-10-2016 10:00,0.2
5792,5792,BODELI,CWC,24,Gujarat,461,Vadodara,VADODARA,-,-,Narmada,Narmada,Orsang,-,-,Orsang,22.26500000,73.72722222,05-10-2016 11:00,0.4
5793,5793,BODELI,CWC,24,Gujarat,461,Vadodara,VADODARA,-,-,Narmada,Narmada,Orsang,-,-,Orsang,22.26500000,73.72722222,05-10-2016 14:00,0.4
5794,5794,BODELI,CWC,24,Gujarat,461,Vadodara,VADODARA,-,-,Narmada,Narmada,Orsang,-,-,Orsang,22.26500000,73.72722222,06-10-2016 05:00,0.2
5795,5795,BODELI,CWC,24,Gujarat,461,Vadodara,VADODARA,-,-,Narmada,Narmada,Orsang,-,-,Orsang,22.26500000,73.72722222,06-10-2016 08:30,1.2
5796,5796,BODELI,CWC,24,Gujarat,461,Vadodara,VADODARA,-,-,Narmada,Narmada,Orsang,-,-,Orsang,22.26500000,73.72722222,06-10-2016 10:00,1
5797,5797,BODELI,CWC,24,Gujarat,461,Vadodara,VADODARA,-,-,Narmada,Narmada,Orsang,-,-,Orsang,22.26500000,73.72722222,06-10-2016 11:00,1.2
5798,5798,BODELI,CWC,24,Gujarat,461,Vadodara,VADODARA,-,-,Narmada,Narmada,Orsang,-,-,Orsang,22.26500000,73.72722222,06-10-2016 12:00,2.2
5799,5799,BODELI,CWC,24,Gujarat,461,Vadodara,VADODARA,-,-,Narmada,Narmada,Orsang,-,-,Orsang,22.26500000,73.72722222,06-10-2016 13:00,0.5
5800,5800,BODELI,CWC,24,Gujarat,461,Vadodara,VADODARA,-,-,Narmada,Narmada,Orsang,-,-,Orsang,22.26500000,73.72722222,07-10-2016 08:30,5.2
5801,5801,BODELI,CWC,24,Gujarat,461,Vadodara,VADODARA,-,-,Narmada,Narmada,Orsang,-,-,Orsang,22.26500000,73.72722222,08-10-2016 06:00,0.4
5802,5802,BODELI,CWC,24,Gujarat,461,Vadodara,VADODARA,-,-,Narmada,Narmada,Orsang,-,-,Orsang,22.26500000,73.72722222,08-10-2016 08:30,0.4
5803,5803,BODELI,CWC,24,Gujarat,461,Vadodara,VADODARA,-,-,Narmada,Narmada,Orsang,-,-,Orsang,22.26500000,73.72722222,08-06-2017 04:00,10.2
5804,5804,BODELI,CWC,24,Gujarat,461,Vadodara,VADODARA,-,-,Narmada,Narmada,Orsang,-,-,Orsang,22.26500000,73.72722222,08-06-2017 05:00,28.4
5805,5805,BODELI,CWC,24,Gujarat,461,Vadodara,VADODARA,-,-,Narmada,Narmada,Orsang,-,-,Orsang,22.26500000,73.72722222,10-06-2017 00:00,1.4
5806,5806,BODELI,CWC,24,Gujarat,461,Vadodara,VADODARA,-,-,Narmada,Narmada,Orsang,-,-,Orsang,22.26500000,73.72722222,10-06-2017 01:00,11
5807,5807,BODELI,CWC,24,Gujarat,461,Vadodara,VADODARA,-,-,Narmada,Narmada,Orsang,-,-,Orsang,22.26500000,73.72722222,10-06-2017 06:00,1
5808,5808,BODELI,CWC,24,Gujarat,461,Vadodara,VADODARA,-,-,Narmada,Narmada,Orsang,-,-,Orsang,22.26500000,73.72722222,10-06-2017 08:30,13.4
5809,5809,BODELI,CWC,24,Gujarat,461,Vadodara,VADODARA,-,-,Narmada,Narmada,Orsang,-,-,Orsang,22.26500000,73.72722222,13-06-2017 04:00,1
5810,5810,BODELI,CWC,24,Gujarat,461,Vadodara,VADODARA,-,-,Narmada,Narmada,Orsang,-,-,Orsang,22.26500000,73.72722222,13-06-2017 08:30,1
5811,5811,BODELI,CWC,24,Gujarat,461,Vadodara,VADODARA,-,-,Narmada,Narmada,Orsang,-,-,Orsang,22.26500000,73.72722222,20-06-2017 10:00,2.4
5812,5812,BODELI,CWC,24,Gujarat,461,Vadodara,VADODARA,-,-,Narmada,Narmada,Orsang,-,-,Orsang,22.26500000,73.72722222,21-06-2017 08:00,5.4
5813,5813,BODELI,CWC,24,Gujarat,461,Vadodara,VADODARA,-,-,Narmada,Narmada,Orsang,-,-,Orsang,22.26500000,73.72722222,21-06-2017 08:30,7.8
5814,5814,BODELI,CWC,24,Gujarat,461,Vadodara,VADODARA,-,-,Narmada,Narmada,Orsang,-,-,Orsang,22.26500000,73.72722222,21-06-2017 09:00,0.6
5815,5815,BODELI,CWC,24,Gujarat,461,Vadodara,VADODARA,-,-,Narmada,Narmada,Orsang,-,-,Orsang,22.26500000,73.72722222,22-06-2017 08:30,17.8
5816,5816,BODELI,CWC,24,Gujarat,461,Vadodara,VADODARA,-,-,Narmada,Narmada,Orsang,-,-,Orsang,22.26500000,73.72722222,23-06-2017 19:00,17
5817,5817,BODELI,CWC,24,Gujarat,461,Vadodara,VADODARA,-,-,Narmada,Narmada,Orsang,-,-,Orsang,22.26500000,73.72722222,23-06-2017 20:00,0.6
5818,5818,BODELI,CWC,24,Gujarat,461,Vadodara,VADODARA,-,-,Narmada,Narmada,Orsang,-,-,Orsang,22.26500000,73.72722222,24-06-2017 01:00,4.2
5819,5819,BODELI,CWC,24,Gujarat,461,Vadodara,VADODARA,-,-,Narmada,Narmada,Orsang,-,-,Orsang,22.26500000,73.72722222,24-06-2017 02:00,3
5820,5820,BODELI,CWC,24,Gujarat,461,Vadodara,VADODARA,-,-,Narmada,Narmada,Orsang,-,-,Orsang,22.26500000,73.72722222,24-06-2017 03:00,0.6
5821,5821,BODELI,CWC,24,Gujarat,461,Vadodara,VADODARA,-,-,Narmada,Narmada,Orsang,-,-,Orsang,22.26500000,73.72722222,24-06-2017 06:00,0.6
5822,5822,BODELI,CWC,24,Gujarat,461,Vadodara,VADODARA,-,-,Narmada,Narmada,Orsang,-,-,Orsang,22.26500000,73.72722222,24-06-2017 08:30,26
5823,5823,BODELI,CWC,24,Gujarat,461,Vadodara,VADODARA,-,-,Narmada,Narmada,Orsang,-,-,Orsang,22.26500000,73.72722222,26-06-2017 21:00,4.4
5824,5824,BODELI,CWC,24,Gujarat,461,Vadodara,VADODARA,-,-,Narmada,Narmada,Orsang,-,-,Orsang,22.26500000,73.72722222,27-06-2017 01:00,0.6
5825,5825,BODELI,CWC,24,Gujarat,461,Vadodara,VADODARA,-,-,Narmada,Narmada,Orsang,-,-,Orsang,22.26500000,73.72722222,27-06-2017 02:00,0.6
5826,5826,BODELI,CWC,24,Gujarat,461,Vadodara,VADODARA,-,-,Narmada,Narmada,Orsang,-,-,Orsang,22.26500000,73.72722222,27-06-2017 08:30,1.2
5827,5827,BODELI,CWC,24,Gujarat,461,Vadodara,VADODARA,-,-,Narmada,Narmada,Orsang,-,-,Orsang,22.26500000,73.72722222,28-06-2017 14:00,4.2
5828,5828,BODELI,CWC,24,Gujarat,461,Vadodara,VADODARA,-,-,Narmada,Narmada,Orsang,-,-,Orsang,22.26500000,73.72722222,28-06-2017 15:00,7.6
5829,5829,BODELI,CWC,24,Gujarat,461,Vadodara,VADODARA,-,-,Narmada,Narmada,Orsang,-,-,Orsang,22.26500000,73.72722222,28-06-2017 16:00,6.8
5830,5830,BODELI,CWC,24,Gujarat,461,Vadodara,VADODARA,-,-,Narmada,Narmada,Orsang,-,-,Orsang,22.26500000,73.72722222,28-06-2017 17:00,0.6
5831,5831,BODELI,CWC,24,Gujarat,461,Vadodara,VADODARA,-,-,Narmada,Narmada,Orsang,-,-,Orsang,22.26500000,73.72722222,29-06-2017 08:30,21.8
5832,5832,BODELI,CWC,24,Gujarat,461,Vadodara,VADODARA,-,-,Narmada,Narmada,Orsang,-,-,Orsang,22.26500000,73.72722222,29-06-2017 14:00,0.6
5833,5833,BODELI,CWC,24,Gujarat,461,Vadodara,VADODARA,-,-,Narmada,Narmada,Orsang,-,-,Orsang,22.26500000,73.72722222,29-06-2017 18:00,0.4
5834,5834,BODELI,CWC,24,Gujarat,461,Vadodara,VADODARA,-,-,Narmada,Narmada,Orsang,-,-,Orsang,22.26500000,73.72722222,30-06-2017 08:30,1
5835,5835,BODELI,CWC,24,Gujarat,461,Vadodara,VADODARA,-,-,Narmada,Narmada,Orsang,-,-,Orsang,22.26500000,73.72722222,30-06-2017 09:00,1.2
5836,5836,BODELI,CWC,24,Gujarat,461,Vadodara,VADODARA,-,-,Narmada,Narmada,Orsang,-,-,Orsang,22.26500000,73.72722222,30-06-2017 10:00,0.4
5837,5837,BODELI,CWC,24,Gujarat,461,Vadodara,VADODARA,-,-,Narmada,Narmada,Orsang,-,-,Orsang,22.26500000,73.72722222,01-07-2017 03:00,3.6
5838,5838,BODELI,CWC,24,Gujarat,461,Vadodara,VADODARA,-,-,Narmada,Narmada,Orsang,-,-,Orsang,22.26500000,73.72722222,01-07-2017 07:00,7.6
5839,5839,BODELI,CWC,24,Gujarat,461,Vadodara,VADODARA,-,-,Narmada,Narmada,Orsang,-,-,Orsang,22.26500000,73.72722222,01-07-2017 08:00,1.2
5840,5840,BODELI,CWC,24,Gujarat,461,Vadodara,VADODARA,-,-,Narmada,Narmada,Orsang,-,-,Orsang,22.26500000,73.72722222,01-07-2017 08:30,14
5841,5841,BODELI,CWC,24,Gujarat,461,Vadodara,VADODARA,-,-,Narmada,Narmada,Orsang,-,-,Orsang,22.26500000,73.72722222,01-07-2017 11:00,1.4
5842,5842,BODELI,CWC,24,Gujarat,461,Vadodara,VADODARA,-,-,Narmada,Narmada,Orsang,-,-,Orsang,22.26500000,73.72722222,01-07-2017 14:00,0.8
5843,5843,BODELI,CWC,24,Gujarat,461,Vadodara,VADODARA,-,-,Narmada,Narmada,Orsang,-,-,Orsang,22.26500000,73.72722222,01-07-2017 15:00,1.4
5844,5844,BODELI,CWC,24,Gujarat,461,Vadodara,VADODARA,-,-,Narmada,Narmada,Orsang,-,-,Orsang,22.26500000,73.72722222,01-07-2017 16:00,1.2
5845,5845,BODELI,CWC,24,Gujarat,461,Vadodara,VADODARA,-,-,Narmada,Narmada,Orsang,-,-,Orsang,22.26500000,73.72722222,01-07-2017 17:00,4.8
5846,5846,BODELI,CWC,24,Gujarat,461,Vadodara,VADODARA,-,-,Narmada,Narmada,Orsang,-,-,Orsang,22.26500000,73.72722222,01-07-2017 18:00,1
5847,5847,BODELI,CWC,24,Gujarat,461,Vadodara,VADODARA,-,-,Narmada,Narmada,Orsang,-,-,Orsang,22.26500000,73.72722222,01-07-2017 23:00,1
5848,5848,BODELI,CWC,24,Gujarat,461,Vadodara,VADODARA,-,-,Narmada,Narmada,Orsang,-,-,Orsang,22.26500000,73.72722222,02-07-2017 08:30,12.8
5849,5849,BODELI,CWC,24,Gujarat,461,Vadodara,VADODARA,-,-,Narmada,Narmada,Orsang,-,-,Orsang,22.26500000,73.72722222,02-07-2017 21:00,5.2
5850,5850,BODELI,CWC,24,Gujarat,461,Vadodara,VADODARA,-,-,Narmada,Narmada,Orsang,-,-,Orsang,22.26500000,73.72722222,03-07-2017 08:30,5.2
5851,5851,BODELI,CWC,24,Gujarat,461,Vadodara,VADODARA,-,-,Narmada,Narmada,Orsang,-,-,Orsang,22.26500000,73.72722222,03-07-2017 20:00,20
5852,5852,BODELI,CWC,24,Gujarat,461,Vadodara,VADODARA,-,-,Narmada,Narmada,Orsang,-,-,Orsang,22.26500000,73.72722222,03-07-2017 21:00,3.4
5853,5853,BODELI,CWC,24,Gujarat,461,Vadodara,VADODARA,-,-,Narmada,Narmada,Orsang,-,-,Orsang,22.26500000,73.72722222,03-07-2017 22:00,4.8
5854,5854,BODELI,CWC,24,Gujarat,461,Vadodara,VADODARA,-,-,Narmada,Narmada,Orsang,-,-,Orsang,22.26500000,73.72722222,03-07-2017 23:00,3.2
5855,5855,BODELI,CWC,24,Gujarat,461,Vadodara,VADODARA,-,-,Narmada,Narmada,Orsang,-,-,Orsang,22.26500000,73.72722222,04-07-2017 00:00,2.4
5856,5856,BODELI,CWC,24,Gujarat,461,Vadodara,VADODARA,-,-,Narmada,Narmada,Orsang,-,-,Orsang,22.26500000,73.72722222,04-07-2017 01:00,3
5857,5857,BODELI,CWC,24,Gujarat,461,Vadodara,VADODARA,-,-,Narmada,Narmada,Orsang,-,-,Orsang,22.26500000,73.72722222,04-07-2017 02:00,2.2
5858,5858,BODELI,CWC,24,Gujarat,461,Vadodara,VADODARA,-,-,Narmada,Narmada,Orsang,-,-,Orsang,22.26500000,73.72722222,04-07-2017 03:00,1
5859,5859,BODELI,CWC,24,Gujarat,461,Vadodara,VADODARA,-,-,Narmada,Narmada,Orsang,-,-,Orsang,22.26500000,73.72722222,04-07-2017 08:30,40.4
5860,5860,BODELI,CWC,24,Gujarat,461,Vadodara,VADODARA,-,-,Narmada,Narmada,Orsang,-,-,Orsang,22.26500000,73.72722222,04-07-2017 16:00,1.6
5861,5861,BODELI,CWC,24,Gujarat,461,Vadodara,VADODARA,-,-,Narmada,Narmada,Orsang,-,-,Orsang,22.26500000,73.72722222,05-07-2017 08:30,1.6
5862,5862,BODELI,CWC,24,Gujarat,461,Vadodara,VADODARA,-,-,Narmada,Narmada,Orsang,-,-,Orsang,22.26500000,73.72722222,08-07-2017 02:00,4.8
5863,5863,BODELI,CWC,24,Gujarat,461,Vadodara,VADODARA,-,-,Narmada,Narmada,Orsang,-,-,Orsang,22.26500000,73.72722222,08-07-2017 08:30,4.8
5864,5864,BODELI,CWC,24,Gujarat,461,Vadodara,VADODARA,-,-,Narmada,Narmada,Orsang,-,-,Orsang,22.26500000,73.72722222,10-07-2017 16:00,0.6
5865,5865,BODELI,CWC,24,Gujarat,461,Vadodara,VADODARA,-,-,Narmada,Narmada,Orsang,-,-,Orsang,22.26500000,73.72722222,11-07-2017 08:30,0.6
5866,5866,BODELI,CWC,24,Gujarat,461,Vadodara,VADODARA,-,-,Narmada,Narmada,Orsang,-,-,Orsang,22.26500000,73.72722222,11-07-2017 13:00,0.2
5867,5867,BODELI,CWC,24,Gujarat,461,Vadodara,VADODARA,-,-,Narmada,Narmada,Orsang,-,-,Orsang,22.26500000,73.72722222,11-07-2017 15:00,1.2
5868,5868,BODELI,CWC,24,Gujarat,461,Vadodara,VADODARA,-,-,Narmada,Narmada,Orsang,-,-,Orsang,22.26500000,73.72722222,11-07-2017 16:00,1.2
5869,5869,BODELI,CWC,24,Gujarat,461,Vadodara,VADODARA,-,-,Narmada,Narmada,Orsang,-,-,Orsang,22.26500000,73.72722222,11-07-2017 17:00,5.4
5870,5870,BODELI,CWC,24,Gujarat,461,Vadodara,VADODARA,-,-,Narmada,Narmada,Orsang,-,-,Orsang,22.26500000,73.72722222,11-07-2017 18:00,2
5871,5871,BODELI,CWC,24,Gujarat,461,Vadodara,VADODARA,-,-,Narmada,Narmada,Orsang,-,-,Orsang,22.26500000,73.72722222,11-07-2017 21:00,0.4
5872,5872,BODELI,CWC,24,Gujarat,461,Vadodara,VADODARA,-,-,Narmada,Narmada,Orsang,-,-,Orsang,22.26500000,73.72722222,11-07-2017 22:00,1
5873,5873,BODELI,CWC,24,Gujarat,461,Vadodara,VADODARA,-,-,Narmada,Narmada,Orsang,-,-,Orsang,22.26500000,73.72722222,12-07-2017 07:00,0.2
5874,5874,BODELI,CWC,24,Gujarat,461,Vadodara,VADODARA,-,-,Narmada,Narmada,Orsang,-,-,Orsang,22.26500000,73.72722222,12-07-2017 08:30,11.6
5875,5875,BODELI,CWC,24,Gujarat,461,Vadodara,VADODARA,-,-,Narmada,Narmada,Orsang,-,-,Orsang,22.26500000,73.72722222,12-07-2017 16:00,1.8
5876,5876,BODELI,CWC,24,Gujarat,461,Vadodara,VADODARA,-,-,Narmada,Narmada,Orsang,-,-,Orsang,22.26500000,73.72722222,12-07-2017 17:00,2.2
5877,5877,BODELI,CWC,24,Gujarat,461,Vadodara,VADODARA,-,-,Narmada,Narmada,Orsang,-,-,Orsang,22.26500000,73.72722222,12-07-2017 19:00,24.6
5878,5878,BODELI,CWC,24,Gujarat,461,Vadodara,VADODARA,-,-,Narmada,Narmada,Orsang,-,-,Orsang,22.26500000,73.72722222,12-07-2017 20:00,2.4
5879,5879,BODELI,CWC,24,Gujarat,461,Vadodara,VADODARA,-,-,Narmada,Narmada,Orsang,-,-,Orsang,22.26500000,73.72722222,12-07-2017 21:00,2.6
5880,5880,BODELI,CWC,24,Gujarat,461,Vadodara,VADODARA,-,-,Narmada,Narmada,Orsang,-,-,Orsang,22.26500000,73.72722222,12-07-2017 22:00,2.4
5881,5881,BODELI,CWC,24,Gujarat,461,Vadodara,VADODARA,-,-,Narmada,Narmada,Orsang,-,-,Orsang,22.26500000,73.72722222,13-07-2017 00:00,0.4
5882,5882,BODELI,CWC,24,Gujarat,461,Vadodara,VADODARA,-,-,Narmada,Narmada,Orsang,-,-,Orsang,22.26500000,73.72722222,13-07-2017 03:00,1.2
5883,5883,BODELI,CWC,24,Gujarat,461,Vadodara,VADODARA,-,-,Narmada,Narmada,Orsang,-,-,Orsang,22.26500000,73.72722222,13-07-2017 08:30,36
5884,5884,BODELI,CWC,24,Gujarat,461,Vadodara,VADODARA,-,-,Narmada,Narmada,Orsang,-,-,Orsang,22.26500000,73.72722222,13-07-2017 11:00,0.8
5885,5885,BODELI,CWC,24,Gujarat,461,Vadodara,VADODARA,-,-,Narmada,Narmada,Orsang,-,-,Orsang,22.26500000,73.72722222,13-07-2017 18:00,0.4
5886,5886,BODELI,CWC,24,Gujarat,461,Vadodara,VADODARA,-,-,Narmada,Narmada,Orsang,-,-,Orsang,22.26500000,73.72722222,14-07-2017 00:00,0.4
5887,5887,BODELI,CWC,24,Gujarat,461,Vadodara,VADODARA,-,-,Narmada,Narmada,Orsang,-,-,Orsang,22.26500000,73.72722222,14-07-2017 02:00,0.8
5888,5888,BODELI,CWC,24,Gujarat,461,Vadodara,VADODARA,-,-,Narmada,Narmada,Orsang,-,-,Orsang,22.26500000,73.72722222,14-07-2017 03:00,0.2
5889,5889,BODELI,CWC,24,Gujarat,461,Vadodara,VADODARA,-,-,Narmada,Narmada,Orsang,-,-,Orsang,22.26500000,73.72722222,14-07-2017 06:00,0.2
5890,5890,BODELI,CWC,24,Gujarat,461,Vadodara,VADODARA,-,-,Narmada,Narmada,Orsang,-,-,Orsang,22.26500000,73.72722222,14-07-2017 08:30,2.6
5891,5891,BODELI,CWC,24,Gujarat,461,Vadodara,VADODARA,-,-,Narmada,Narmada,Orsang,-,-,Orsang,22.26500000,73.72722222,14-07-2017 11:00,2.4
5892,5892,BODELI,CWC,24,Gujarat,461,Vadodara,VADODARA,-,-,Narmada,Narmada,Orsang,-,-,Orsang,22.26500000,73.72722222,14-07-2017 14:00,1
5893,5893,BODELI,CWC,24,Gujarat,461,Vadodara,VADODARA,-,-,Narmada,Narmada,Orsang,-,-,Orsang,22.26500000,73.72722222,14-07-2017 15:00,1.6
5894,5894,BODELI,CWC,24,Gujarat,461,Vadodara,VADODARA,-,-,Narmada,Narmada,Orsang,-,-,Orsang,22.26500000,73.72722222,14-07-2017 17:00,0.6
5895,5895,BODELI,CWC,24,Gujarat,461,Vadodara,VADODARA,-,-,Narmada,Narmada,Orsang,-,-,Orsang,22.26500000,73.72722222,14-07-2017 18:00,4.2
5896,5896,BODELI,CWC,24,Gujarat,461,Vadodara,VADODARA,-,-,Narmada,Narmada,Orsang,-,-,Orsang,22.26500000,73.72722222,15-07-2017 00:00,0.2
5897,5897,BODELI,CWC,24,Gujarat,461,Vadodara,VADODARA,-,-,Narmada,Narmada,Orsang,-,-,Orsang,22.26500000,73.72722222,15-07-2017 07:00,1.8
5898,5898,BODELI,CWC,24,Gujarat,461,Vadodara,VADODARA,-,-,Narmada,Narmada,Orsang,-,-,Orsang,22.26500000,73.72722222,15-07-2017 08:00,1
5899,5899,BODELI,CWC,24,Gujarat,461,Vadodara,VADODARA,-,-,Narmada,Narmada,Orsang,-,-,Orsang,22.26500000,73.72722222,15-07-2017 08:30,12.8
5900,5900,BODELI,CWC,24,Gujarat,461,Vadodara,VADODARA,-,-,Narmada,Narmada,Orsang,-,-,Orsang,22.26500000,73.72722222,15-07-2017 09:00,0.2
5901,5901,BODELI,CWC,24,Gujarat,461,Vadodara,VADODARA,-,-,Narmada,Narmada,Orsang,-,-,Orsang,22.26500000,73.72722222,15-07-2017 16:00,2.8
5902,5902,BODELI,CWC,24,Gujarat,461,Vadodara,VADODARA,-,-,Narmada,Narmada,Orsang,-,-,Orsang,22.26500000,73.72722222,15-07-2017 18:00,0.6
5903,5903,BODELI,CWC,24,Gujarat,461,Vadodara,VADODARA,-,-,Narmada,Narmada,Orsang,-,-,Orsang,22.26500000,73.72722222,16-07-2017 06:00,0.6
5904,5904,BODELI,CWC,24,Gujarat,461,Vadodara,VADODARA,-,-,Narmada,Narmada,Orsang,-,-,Orsang,22.26500000,73.72722222,16-07-2017 07:00,0.4
5905,5905,BODELI,CWC,24,Gujarat,461,Vadodara,VADODARA,-,-,Narmada,Narmada,Orsang,-,-,Orsang,22.26500000,73.72722222,16-07-2017 08:00,0.6
5906,5906,BODELI,CWC,24,Gujarat,461,Vadodara,VADODARA,-,-,Narmada,Narmada,Orsang,-,-,Orsang,22.26500000,73.72722222,16-07-2017 08:30,8.4
5907,5907,BODELI,CWC,24,Gujarat,461,Vadodara,VADODARA,-,-,Narmada,Narmada,Orsang,-,-,Orsang,22.26500000,73.72722222,16-07-2017 14:00,2.2
5908,5908,BODELI,CWC,24,Gujarat,461,Vadodara,VADODARA,-,-,Narmada,Narmada,Orsang,-,-,Orsang,22.26500000,73.72722222,17-07-2017 03:00,0.6
5909,5909,BODELI,CWC,24,Gujarat,461,Vadodara,VADODARA,-,-,Narmada,Narmada,Orsang,-,-,Orsang,22.26500000,73.72722222,17-07-2017 08:30,2.8
5910,5910,BODELI,CWC,24,Gujarat,461,Vadodara,VADODARA,-,-,Narmada,Narmada,Orsang,-,-,Orsang,22.26500000,73.72722222,17-07-2017 20:00,0.2
5911,5911,BODELI,CWC,24,Gujarat,461,Vadodara,VADODARA,-,-,Narmada,Narmada,Orsang,-,-,Orsang,22.26500000,73.72722222,18-07-2017 07:00,10
5912,5912,BODELI,CWC,24,Gujarat,461,Vadodara,VADODARA,-,-,Narmada,Narmada,Orsang,-,-,Orsang,22.26500000,73.72722222,18-07-2017 08:00,13.2
5913,5913,BODELI,CWC,24,Gujarat,461,Vadodara,VADODARA,-,-,Narmada,Narmada,Orsang,-,-,Orsang,22.26500000,73.72722222,18-07-2017 08:30,23.4
5914,5914,BODELI,CWC,24,Gujarat,461,Vadodara,VADODARA,-,-,Narmada,Narmada,Orsang,-,-,Orsang,22.26500000,73.72722222,18-07-2017 10:00,0.6
5915,5915,BODELI,CWC,24,Gujarat,461,Vadodara,VADODARA,-,-,Narmada,Narmada,Orsang,-,-,Orsang,22.26500000,73.72722222,19-07-2017 08:30,0.6
5916,5916,BODELI,CWC,24,Gujarat,461,Vadodara,VADODARA,-,-,Narmada,Narmada,Orsang,-,-,Orsang,22.26500000,73.72722222,21-07-2017 08:30,0.8
5917,5917,BODELI,CWC,24,Gujarat,461,Vadodara,VADODARA,-,-,Narmada,Narmada,Orsang,-,-,Orsang,22.26500000,73.72722222,21-07-2017 13:00,0.2
5918,5918,BODELI,CWC,24,Gujarat,461,Vadodara,VADODARA,-,-,Narmada,Narmada,Orsang,-,-,Orsang,22.26500000,73.72722222,21-07-2017 14:00,0.8
5919,5919,BODELI,CWC,24,Gujarat,461,Vadodara,VADODARA,-,-,Narmada,Narmada,Orsang,-,-,Orsang,22.26500000,73.72722222,21-07-2017 15:00,4.2
5920,5920,BODELI,CWC,24,Gujarat,461,Vadodara,VADODARA,-,-,Narmada,Narmada,Orsang,-,-,Orsang,22.26500000,73.72722222,21-07-2017 16:00,6.8
5921,5921,BODELI,CWC,24,Gujarat,461,Vadodara,VADODARA,-,-,Narmada,Narmada,Orsang,-,-,Orsang,22.26500000,73.72722222,21-07-2017 21:00,5.4
5922,5922,BODELI,CWC,24,Gujarat,461,Vadodara,VADODARA,-,-,Narmada,Narmada,Orsang,-,-,Orsang,22.26500000,73.72722222,21-07-2017 22:00,4.2
5923,5923,BODELI,CWC,24,Gujarat,461,Vadodara,VADODARA,-,-,Narmada,Narmada,Orsang,-,-,Orsang,22.26500000,73.72722222,21-07-2017 23:00,1.2
5924,5924,BODELI,CWC,24,Gujarat,461,Vadodara,VADODARA,-,-,Narmada,Narmada,Orsang,-,-,Orsang,22.26500000,73.72722222,22-07-2017 01:00,0.6
5925,5925,BODELI,CWC,24,Gujarat,461,Vadodara,VADODARA,-,-,Narmada,Narmada,Orsang,-,-,Orsang,22.26500000,73.72722222,22-07-2017 02:00,0.4
5926,5926,BODELI,CWC,24,Gujarat,461,Vadodara,VADODARA,-,-,Narmada,Narmada,Orsang,-,-,Orsang,22.26500000,73.72722222,22-07-2017 03:00,0.8
5927,5927,BODELI,CWC,24,Gujarat,461,Vadodara,VADODARA,-,-,Narmada,Narmada,Orsang,-,-,Orsang,22.26500000,73.72722222,22-07-2017 04:00,0.4
5928,5928,BODELI,CWC,24,Gujarat,461,Vadodara,VADODARA,-,-,Narmada,Narmada,Orsang,-,-,Orsang,22.26500000,73.72722222,22-07-2017 07:00,1
5929,5929,BODELI,CWC,24,Gujarat,461,Vadodara,VADODARA,-,-,Narmada,Narmada,Orsang,-,-,Orsang,22.26500000,73.72722222,22-07-2017 08:00,0.8
5930,5930,BODELI,CWC,24,Gujarat,461,Vadodara,VADODARA,-,-,Narmada,Narmada,Orsang,-,-,Orsang,22.26500000,73.72722222,22-07-2017 08:30,37.6
5931,5931,BODELI,CWC,24,Gujarat,461,Vadodara,VADODARA,-,-,Narmada,Narmada,Orsang,-,-,Orsang,22.26500000,73.72722222,22-07-2017 12:00,0.4
5932,5932,BODELI,CWC,24,Gujarat,461,Vadodara,VADODARA,-,-,Narmada,Narmada,Orsang,-,-,Orsang,22.26500000,73.72722222,22-07-2017 13:00,3.8
5933,5933,BODELI,CWC,24,Gujarat,461,Vadodara,VADODARA,-,-,Narmada,Narmada,Orsang,-,-,Orsang,22.26500000,73.72722222,22-07-2017 14:00,4.6
5934,5934,BODELI,CWC,24,Gujarat,461,Vadodara,VADODARA,-,-,Narmada,Narmada,Orsang,-,-,Orsang,22.26500000,73.72722222,22-07-2017 15:00,4
5935,5935,BODELI,CWC,24,Gujarat,461,Vadodara,VADODARA,-,-,Narmada,Narmada,Orsang,-,-,Orsang,22.26500000,73.72722222,22-07-2017 16:00,0.4
5936,5936,BODELI,CWC,24,Gujarat,461,Vadodara,VADODARA,-,-,Narmada,Narmada,Orsang,-,-,Orsang,22.26500000,73.72722222,23-07-2017 01:00,8
5937,5937,BODELI,CWC,24,Gujarat,461,Vadodara,VADODARA,-,-,Narmada,Narmada,Orsang,-,-,Orsang,22.26500000,73.72722222,23-07-2017 03:00,3.2
5938,5938,BODELI,CWC,24,Gujarat,461,Vadodara,VADODARA,-,-,Narmada,Narmada,Orsang,-,-,Orsang,22.26500000,73.72722222,23-07-2017 04:00,10
5939,5939,BODELI,CWC,24,Gujarat,461,Vadodara,VADODARA,-,-,Narmada,Narmada,Orsang,-,-,Orsang,22.26500000,73.72722222,23-07-2017 05:00,15
5940,5940,BODELI,CWC,24,Gujarat,461,Vadodara,VADODARA,-,-,Narmada,Narmada,Orsang,-,-,Orsang,22.26500000,73.72722222,23-07-2017 06:00,15.6
5941,5941,BODELI,CWC,24,Gujarat,461,Vadodara,VADODARA,-,-,Narmada,Narmada,Orsang,-,-,Orsang,22.26500000,73.72722222,23-07-2017 07:00,6.6
5942,5942,BODELI,CWC,24,Gujarat,461,Vadodara,VADODARA,-,-,Narmada,Narmada,Orsang,-,-,Orsang,22.26500000,73.72722222,23-07-2017 08:00,5
5943,5943,BODELI,CWC,24,Gujarat,461,Vadodara,VADODARA,-,-,Narmada,Narmada,Orsang,-,-,Orsang,22.26500000,73.72722222,23-07-2017 08:30,69.4
5944,5944,BODELI,CWC,24,Gujarat,461,Vadodara,VADODARA,-,-,Narmada,Narmada,Orsang,-,-,Orsang,22.26500000,73.72722222,23-07-2017 17:00,0.4
5945,5945,BODELI,CWC,24,Gujarat,461,Vadodara,VADODARA,-,-,Narmada,Narmada,Orsang,-,-,Orsang,22.26500000,73.72722222,23-07-2017 18:00,0.4
5946,5946,BODELI,CWC,24,Gujarat,461,Vadodara,VADODARA,-,-,Narmada,Narmada,Orsang,-,-,Orsang,22.26500000,73.72722222,24-07-2017 02:00,1
5947,5947,BODELI,CWC,24,Gujarat,461,Vadodara,VADODARA,-,-,Narmada,Narmada,Orsang,-,-,Orsang,22.26500000,73.72722222,24-07-2017 03:00,0.8
5948,5948,BODELI,CWC,24,Gujarat,461,Vadodara,VADODARA,-,-,Narmada,Narmada,Orsang,-,-,Orsang,22.26500000,73.72722222,24-07-2017 07:00,0.6
5949,5949,BODELI,CWC,24,Gujarat,461,Vadodara,VADODARA,-,-,Narmada,Narmada,Orsang,-,-,Orsang,22.26500000,73.72722222,24-07-2017 08:00,1.8
5950,5950,BODELI,CWC,24,Gujarat,461,Vadodara,VADODARA,-,-,Narmada,Narmada,Orsang,-,-,Orsang,22.26500000,73.72722222,24-07-2017 08:30,8.8
5951,5951,BODELI,CWC,24,Gujarat,461,Vadodara,VADODARA,-,-,Narmada,Narmada,Orsang,-,-,Orsang,22.26500000,73.72722222,24-07-2017 09:00,0.6
5952,5952,BODELI,CWC,24,Gujarat,461,Vadodara,VADODARA,-,-,Narmada,Narmada,Orsang,-,-,Orsang,22.26500000,73.72722222,24-07-2017 10:00,4
5953,5953,BODELI,CWC,24,Gujarat,461,Vadodara,VADODARA,-,-,Narmada,Narmada,Orsang,-,-,Orsang,22.26500000,73.72722222,24-07-2017 11:00,1.8
5954,5954,BODELI,CWC,24,Gujarat,461,Vadodara,VADODARA,-,-,Narmada,Narmada,Orsang,-,-,Orsang,22.26500000,73.72722222,24-07-2017 12:00,2.2
5955,5955,BODELI,CWC,24,Gujarat,461,Vadodara,VADODARA,-,-,Narmada,Narmada,Orsang,-,-,Orsang,22.26500000,73.72722222,24-07-2017 14:00,1.8
5956,5956,BODELI,CWC,24,Gujarat,461,Vadodara,VADODARA,-,-,Narmada,Narmada,Orsang,-,-,Orsang,22.26500000,73.72722222,24-07-2017 18:00,0.4
5957,5957,BODELI,CWC,24,Gujarat,461,Vadodara,VADODARA,-,-,Narmada,Narmada,Orsang,-,-,Orsang,22.26500000,73.72722222,24-07-2017 21:00,0.4
5958,5958,BODELI,CWC,24,Gujarat,461,Vadodara,VADODARA,-,-,Narmada,Narmada,Orsang,-,-,Orsang,22.26500000,73.72722222,25-07-2017 00:00,2.02
5959,5959,BODELI,CWC,24,Gujarat,461,Vadodara,VADODARA,-,-,Narmada,Narmada,Orsang,-,-,Orsang,22.26500000,73.72722222,25-07-2017 04:00,0.4
5960,5960,BODELI,CWC,24,Gujarat,461,Vadodara,VADODARA,-,-,Narmada,Narmada,Orsang,-,-,Orsang,22.26500000,73.72722222,25-07-2017 08:30,14.8
5961,5961,BODELI,CWC,24,Gujarat,461,Vadodara,VADODARA,-,-,Narmada,Narmada,Orsang,-,-,Orsang,22.26500000,73.72722222,25-07-2017 09:00,6
5962,5962,BODELI,CWC,24,Gujarat,461,Vadodara,VADODARA,-,-,Narmada,Narmada,Orsang,-,-,Orsang,22.26500000,73.72722222,25-07-2017 10:00,3
5963,5963,BODELI,CWC,24,Gujarat,461,Vadodara,VADODARA,-,-,Narmada,Narmada,Orsang,-,-,Orsang,22.26500000,73.72722222,25-07-2017 11:00,2.4
5964,5964,BODELI,CWC,24,Gujarat,461,Vadodara,VADODARA,-,-,Narmada,Narmada,Orsang,-,-,Orsang,22.26500000,73.72722222,25-07-2017 12:00,2
5965,5965,BODELI,CWC,24,Gujarat,461,Vadodara,VADODARA,-,-,Narmada,Narmada,Orsang,-,-,Orsang,22.26500000,73.72722222,25-07-2017 13:00,0.4
5966,5966,BODELI,CWC,24,Gujarat,461,Vadodara,VADODARA,-,-,Narmada,Narmada,Orsang,-,-,Orsang,22.26500000,73.72722222,25-07-2017 15:00,0.2
5967,5967,BODELI,CWC,24,Gujarat,461,Vadodara,VADODARA,-,-,Narmada,Narmada,Orsang,-,-,Orsang,22.26500000,73.72722222,25-07-2017 16:00,1.4
5968,5968,BODELI,CWC,24,Gujarat,461,Vadodara,VADODARA,-,-,Narmada,Narmada,Orsang,-,-,Orsang,22.26500000,73.72722222,25-07-2017 17:00,2
5969,5969,BODELI,CWC,24,Gujarat,461,Vadodara,VADODARA,-,-,Narmada,Narmada,Orsang,-,-,Orsang,22.26500000,73.72722222,25-07-2017 18:00,0.2
5970,5970,BODELI,CWC,24,Gujarat,461,Vadodara,VADODARA,-,-,Narmada,Narmada,Orsang,-,-,Orsang,22.26500000,73.72722222,25-07-2017 19:00,2.2
5971,5971,BODELI,CWC,24,Gujarat,461,Vadodara,VADODARA,-,-,Narmada,Narmada,Orsang,-,-,Orsang,22.26500000,73.72722222,25-07-2017 20:00,1.6
5972,5972,BODELI,CWC,24,Gujarat,461,Vadodara,VADODARA,-,-,Narmada,Narmada,Orsang,-,-,Orsang,22.26500000,73.72722222,25-07-2017 21:00,1.4
5973,5973,BODELI,CWC,24,Gujarat,461,Vadodara,VADODARA,-,-,Narmada,Narmada,Orsang,-,-,Orsang,22.26500000,73.72722222,25-07-2017 22:00,0.6
5974,5974,BODELI,CWC,24,Gujarat,461,Vadodara,VADODARA,-,-,Narmada,Narmada,Orsang,-,-,Orsang,22.26500000,73.72722222,25-07-2017 23:00,0.4
5975,5975,BODELI,CWC,24,Gujarat,461,Vadodara,VADODARA,-,-,Narmada,Narmada,Orsang,-,-,Orsang,22.26500000,73.72722222,26-07-2017 00:00,0.6
5976,5976,BODELI,CWC,24,Gujarat,461,Vadodara,VADODARA,-,-,Narmada,Narmada,Orsang,-,-,Orsang,22.26500000,73.72722222,26-07-2017 01:00,0.2
5977,5977,BODELI,CWC,24,Gujarat,461,Vadodara,VADODARA,-,-,Narmada,Narmada,Orsang,-,-,Orsang,22.26500000,73.72722222,26-07-2017 07:00,2.4
5978,5978,BODELI,CWC,24,Gujarat,461,Vadodara,VADODARA,-,-,Narmada,Narmada,Orsang,-,-,Orsang,22.26500000,73.72722222,26-07-2017 08:30,27.4
5979,5979,BODELI,CWC,24,Gujarat,461,Vadodara,VADODARA,-,-,Narmada,Narmada,Orsang,-,-,Orsang,22.26500000,73.72722222,26-07-2017 09:00,1.2
5980,5980,BODELI,CWC,24,Gujarat,461,Vadodara,VADODARA,-,-,Narmada,Narmada,Orsang,-,-,Orsang,22.26500000,73.72722222,26-07-2017 10:00,2.4
5981,5981,BODELI,CWC,24,Gujarat,461,Vadodara,VADODARA,-,-,Narmada,Narmada,Orsang,-,-,Orsang,22.26500000,73.72722222,26-07-2017 11:00,1.6
5982,5982,BODELI,CWC,24,Gujarat,461,Vadodara,VADODARA,-,-,Narmada,Narmada,Orsang,-,-,Orsang,22.26500000,73.72722222,26-07-2017 12:00,2
5983,5983,BODELI,CWC,24,Gujarat,461,Vadodara,VADODARA,-,-,Narmada,Narmada,Orsang,-,-,Orsang,22.26500000,73.72722222,26-07-2017 13:00,4
5984,5984,BODELI,CWC,24,Gujarat,461,Vadodara,VADODARA,-,-,Narmada,Narmada,Orsang,-,-,Orsang,22.26500000,73.72722222,26-07-2017 14:00,3.2
5985,5985,BODELI,CWC,24,Gujarat,461,Vadodara,VADODARA,-,-,Narmada,Narmada,Orsang,-,-,Orsang,22.26500000,73.72722222,26-07-2017 15:00,2.4
5986,5986,BODELI,CWC,24,Gujarat,461,Vadodara,VADODARA,-,-,Narmada,Narmada,Orsang,-,-,Orsang,22.26500000,73.72722222,26-07-2017 16:00,2.4
5987,5987,BODELI,CWC,24,Gujarat,461,Vadodara,VADODARA,-,-,Narmada,Narmada,Orsang,-,-,Orsang,22.26500000,73.72722222,26-07-2017 17:00,3.2
5988,5988,BODELI,CWC,24,Gujarat,461,Vadodara,VADODARA,-,-,Narmada,Narmada,Orsang,-,-,Orsang,22.26500000,73.72722222,26-07-2017 18:00,2.6
5989,5989,BODELI,CWC,24,Gujarat,461,Vadodara,VADODARA,-,-,Narmada,Narmada,Orsang,-,-,Orsang,22.26500000,73.72722222,26-07-2017 19:00,5.2
5990,5990,BODELI,CWC,24,Gujarat,461,Vadodara,VADODARA,-,-,Narmada,Narmada,Orsang,-,-,Orsang,22.26500000,73.72722222,26-07-2017 20:00,1
5991,5991,BODELI,CWC,24,Gujarat,461,Vadodara,VADODARA,-,-,Narmada,Narmada,Orsang,-,-,Orsang,22.26500000,73.72722222,27-07-2017 00:00,1.4
5992,5992,BODELI,CWC,24,Gujarat,461,Vadodara,VADODARA,-,-,Narmada,Narmada,Orsang,-,-,Orsang,22.26500000,73.72722222,27-07-2017 01:00,2.4
5993,5993,BODELI,CWC,24,Gujarat,461,Vadodara,VADODARA,-,-,Narmada,Narmada,Orsang,-,-,Orsang,22.26500000,73.72722222,27-07-2017 02:00,1.8
5994,5994,BODELI,CWC,24,Gujarat,461,Vadodara,VADODARA,-,-,Narmada,Narmada,Orsang,-,-,Orsang,22.26500000,73.72722222,27-07-2017 03:00,2.2
5995,5995,BODELI,CWC,24,Gujarat,461,Vadodara,VADODARA,-,-,Narmada,Narmada,Orsang,-,-,Orsang,22.26500000,73.72722222,27-07-2017 04:00,1
5996,5996,BODELI,CWC,24,Gujarat,461,Vadodara,VADODARA,-,-,Narmada,Narmada,Orsang,-,-,Orsang,22.26500000,73.72722222,27-07-2017 08:30,40
5997,5997,BODELI,CWC,24,Gujarat,461,Vadodara,VADODARA,-,-,Narmada,Narmada,Orsang,-,-,Orsang,22.26500000,73.72722222,27-07-2017 10:00,0.8
5998,5998,BODELI,CWC,24,Gujarat,461,Vadodara,VADODARA,-,-,Narmada,Narmada,Orsang,-,-,Orsang,22.26500000,73.72722222,27-07-2017 11:00,2
5999,5999,BODELI,CWC,24,Gujarat,461,Vadodara,VADODARA,-,-,Narmada,Narmada,Orsang,-,-,Orsang,22.26500000,73.72722222,27-07-2017 12:00,1
6000,6000,BODELI,CWC,24,Gujarat,461,Vadodara,VADODARA,-,-,Narmada,Narmada,Orsang,-,-,Orsang,22.26500000,73.72722222,27-07-2017 14:00,0.8
6001,6001,BODELI,CWC,24,Gujarat,461,Vadodara,VADODARA,-,-,Narmada,Narmada,Orsang,-,-,Orsang,22.26500000,73.72722222,27-07-2017 18:00,1
6002,6002,BODELI,CWC,24,Gujarat,461,Vadodara,VADODARA,-,-,Narmada,Narmada,Orsang,-,-,Orsang,22.26500000,73.72722222,27-07-2017 19:00,1.2
6003,6003,BODELI,CWC,24,Gujarat,461,Vadodara,VADODARA,-,-,Narmada,Narmada,Orsang,-,-,Orsang,22.26500000,73.72722222,28-07-2017 04:00,1.2
6004,6004,BODELI,CWC,24,Gujarat,461,Vadodara,VADODARA,-,-,Narmada,Narmada,Orsang,-,-,Orsang,22.26500000,73.72722222,28-07-2017 05:00,0.8
6005,6005,BODELI,CWC,24,Gujarat,461,Vadodara,VADODARA,-,-,Narmada,Narmada,Orsang,-,-,Orsang,22.26500000,73.72722222,28-07-2017 06:00,1
6006,6006,BODELI,CWC,24,Gujarat,461,Vadodara,VADODARA,-,-,Narmada,Narmada,Orsang,-,-,Orsang,22.26500000,73.72722222,28-07-2017 08:30,11.2
6007,6007,BODELI,CWC,24,Gujarat,461,Vadodara,VADODARA,-,-,Narmada,Narmada,Orsang,-,-,Orsang,22.26500000,73.72722222,28-07-2017 09:00,1.6
6008,6008,BODELI,CWC,24,Gujarat,461,Vadodara,VADODARA,-,-,Narmada,Narmada,Orsang,-,-,Orsang,22.26500000,73.72722222,28-07-2017 10:00,1
6009,6009,BODELI,CWC,24,Gujarat,461,Vadodara,VADODARA,-,-,Narmada,Narmada,Orsang,-,-,Orsang,22.26500000,73.72722222,28-07-2017 14:00,0.6
6010,6010,BODELI,CWC,24,Gujarat,461,Vadodara,VADODARA,-,-,Narmada,Narmada,Orsang,-,-,Orsang,22.26500000,73.72722222,28-07-2017 15:00,2.2
6011,6011,BODELI,CWC,24,Gujarat,461,Vadodara,VADODARA,-,-,Narmada,Narmada,Orsang,-,-,Orsang,22.26500000,73.72722222,28-07-2017 16:00,0.4
6012,6012,BODELI,CWC,24,Gujarat,461,Vadodara,VADODARA,-,-,Narmada,Narmada,Orsang,-,-,Orsang,22.26500000,73.72722222,28-07-2017 19:00,1.6
6013,6013,BODELI,CWC,24,Gujarat,461,Vadodara,VADODARA,-,-,Narmada,Narmada,Orsang,-,-,Orsang,22.26500000,73.72722222,28-07-2017 20:00,2.2
6014,6014,BODELI,CWC,24,Gujarat,461,Vadodara,VADODARA,-,-,Narmada,Narmada,Orsang,-,-,Orsang,22.26500000,73.72722222,28-07-2017 21:00,4
6015,6015,BODELI,CWC,24,Gujarat,461,Vadodara,VADODARA,-,-,Narmada,Narmada,Orsang,-,-,Orsang,22.26500000,73.72722222,29-07-2017 04:00,2
6016,6016,BODELI,CWC,24,Gujarat,461,Vadodara,VADODARA,-,-,Narmada,Narmada,Orsang,-,-,Orsang,22.26500000,73.72722222,29-07-2017 05:00,1.4
6017,6017,BODELI,CWC,24,Gujarat,461,Vadodara,VADODARA,-,-,Narmada,Narmada,Orsang,-,-,Orsang,22.26500000,73.72722222,29-07-2017 06:00,0.8
6018,6018,BODELI,CWC,24,Gujarat,461,Vadodara,VADODARA,-,-,Narmada,Narmada,Orsang,-,-,Orsang,22.26500000,73.72722222,29-07-2017 08:30,17.8
6019,6019,BODELI,CWC,24,Gujarat,461,Vadodara,VADODARA,-,-,Narmada,Narmada,Orsang,-,-,Orsang,22.26500000,73.72722222,29-07-2017 17:00,2.6
6020,6020,BODELI,CWC,24,Gujarat,461,Vadodara,VADODARA,-,-,Narmada,Narmada,Orsang,-,-,Orsang,22.26500000,73.72722222,29-07-2017 21:00,0.4
6021,6021,BODELI,CWC,24,Gujarat,461,Vadodara,VADODARA,-,-,Narmada,Narmada,Orsang,-,-,Orsang,22.26500000,73.72722222,30-07-2017 08:30,3
6022,6022,BODELI,CWC,24,Gujarat,461,Vadodara,VADODARA,-,-,Narmada,Narmada,Orsang,-,-,Orsang,22.26500000,73.72722222,30-07-2017 13:00,4.4
6023,6023,BODELI,CWC,24,Gujarat,461,Vadodara,VADODARA,-,-,Narmada,Narmada,Orsang,-,-,Orsang,22.26500000,73.72722222,31-07-2017 08:30,6
6024,6024,BODELI,CWC,24,Gujarat,461,Vadodara,VADODARA,-,-,Narmada,Narmada,Orsang,-,-,Orsang,22.26500000,73.72722222,31-07-2017 11:00,0.6
6025,6025,BODELI,CWC,24,Gujarat,461,Vadodara,VADODARA,-,-,Narmada,Narmada,Orsang,-,-,Orsang,22.26500000,73.72722222,31-07-2017 14:00,1.2
6026,6026,BODELI,CWC,24,Gujarat,461,Vadodara,VADODARA,-,-,Narmada,Narmada,Orsang,-,-,Orsang,22.26500000,73.72722222,01-08-2017 02:00,15
6027,6027,BODELI,CWC,24,Gujarat,461,Vadodara,VADODARA,-,-,Narmada,Narmada,Orsang,-,-,Orsang,22.26500000,73.72722222,01-08-2017 03:00,0.4
6028,6028,BODELI,CWC,24,Gujarat,461,Vadodara,VADODARA,-,-,Narmada,Narmada,Orsang,-,-,Orsang,22.26500000,73.72722222,01-08-2017 08:30,17.2
6029,6029,BODELI,CWC,24,Gujarat,461,Vadodara,VADODARA,-,-,Narmada,Narmada,Orsang,-,-,Orsang,22.26500000,73.72722222,01-08-2017 13:00,2.2
6030,6030,BODELI,CWC,24,Gujarat,461,Vadodara,VADODARA,-,-,Narmada,Narmada,Orsang,-,-,Orsang,22.26500000,73.72722222,02-08-2017 08:30,2.2
6031,6031,BODELI,CWC,24,Gujarat,461,Vadodara,VADODARA,-,-,Narmada,Narmada,Orsang,-,-,Orsang,22.26500000,73.72722222,02-08-2017 10:00,1
6032,6032,BODELI,CWC,24,Gujarat,461,Vadodara,VADODARA,-,-,Narmada,Narmada,Orsang,-,-,Orsang,22.26500000,73.72722222,02-08-2017 19:00,5
6033,6033,BODELI,CWC,24,Gujarat,461,Vadodara,VADODARA,-,-,Narmada,Narmada,Orsang,-,-,Orsang,22.26500000,73.72722222,02-08-2017 23:00,0.4
6034,6034,BODELI,CWC,24,Gujarat,461,Vadodara,VADODARA,-,-,Narmada,Narmada,Orsang,-,-,Orsang,22.26500000,73.72722222,03-08-2017 08:30,6.4
6035,6035,BODELI,CWC,24,Gujarat,461,Vadodara,VADODARA,-,-,Narmada,Narmada,Orsang,-,-,Orsang,22.26500000,73.72722222,03-08-2017 10:00,0.2
6036,6036,BODELI,CWC,24,Gujarat,461,Vadodara,VADODARA,-,-,Narmada,Narmada,Orsang,-,-,Orsang,22.26500000,73.72722222,03-08-2017 15:00,0.2
6037,6037,BODELI,CWC,24,Gujarat,461,Vadodara,VADODARA,-,-,Narmada,Narmada,Orsang,-,-,Orsang,22.26500000,73.72722222,04-08-2017 08:30,0.4
6038,6038,BODELI,CWC,24,Gujarat,461,Vadodara,VADODARA,-,-,Narmada,Narmada,Orsang,-,-,Orsang,22.26500000,73.72722222,09-08-2017 17:00,1
6039,6039,BODELI,CWC,24,Gujarat,461,Vadodara,VADODARA,-,-,Narmada,Narmada,Orsang,-,-,Orsang,22.26500000,73.72722222,10-08-2017 05:00,0.2
6040,6040,BODELI,CWC,24,Gujarat,461,Vadodara,VADODARA,-,-,Narmada,Narmada,Orsang,-,-,Orsang,22.26500000,73.72722222,10-08-2017 08:30,1.2
6041,6041,BODELI,CWC,24,Gujarat,461,Vadodara,VADODARA,-,-,Narmada,Narmada,Orsang,-,-,Orsang,22.26500000,73.72722222,10-08-2017 15:00,7
6042,6042,BODELI,CWC,24,Gujarat,461,Vadodara,VADODARA,-,-,Narmada,Narmada,Orsang,-,-,Orsang,22.26500000,73.72722222,10-08-2017 17:00,0.2
6043,6043,BODELI,CWC,24,Gujarat,461,Vadodara,VADODARA,-,-,Narmada,Narmada,Orsang,-,-,Orsang,22.26500000,73.72722222,11-08-2017 08:30,7.2
6044,6044,BODELI,CWC,24,Gujarat,461,Vadodara,VADODARA,-,-,Narmada,Narmada,Orsang,-,-,Orsang,22.26500000,73.72722222,12-08-2017 13:00,0.6
6045,6045,BODELI,CWC,24,Gujarat,461,Vadodara,VADODARA,-,-,Narmada,Narmada,Orsang,-,-,Orsang,22.26500000,73.72722222,13-08-2017 08:30,8.4
6046,6046,BODELI,CWC,24,Gujarat,461,Vadodara,VADODARA,-,-,Narmada,Narmada,Orsang,-,-,Orsang,22.26500000,73.72722222,13-08-2017 12:00,9.4
6047,6047,BODELI,CWC,24,Gujarat,461,Vadodara,VADODARA,-,-,Narmada,Narmada,Orsang,-,-,Orsang,22.26500000,73.72722222,13-08-2017 14:00,0.8
6048,6048,BODELI,CWC,24,Gujarat,461,Vadodara,VADODARA,-,-,Narmada,Narmada,Orsang,-,-,Orsang,22.26500000,73.72722222,13-08-2017 16:00,2.8
6049,6049,BODELI,CWC,24,Gujarat,461,Vadodara,VADODARA,-,-,Narmada,Narmada,Orsang,-,-,Orsang,22.26500000,73.72722222,13-08-2017 17:00,1
6050,6050,BODELI,CWC,24,Gujarat,461,Vadodara,VADODARA,-,-,Narmada,Narmada,Orsang,-,-,Orsang,22.26500000,73.72722222,14-08-2017 08:30,14
6051,6051,BODELI,CWC,24,Gujarat,461,Vadodara,VADODARA,-,-,Narmada,Narmada,Orsang,-,-,Orsang,22.26500000,73.72722222,15-08-2017 04:00,4
6052,6052,BODELI,CWC,24,Gujarat,461,Vadodara,VADODARA,-,-,Narmada,Narmada,Orsang,-,-,Orsang,22.26500000,73.72722222,15-08-2017 08:30,0.4
6053,6053,BODELI,CWC,24,Gujarat,461,Vadodara,VADODARA,-,-,Narmada,Narmada,Orsang,-,-,Orsang,22.26500000,73.72722222,20-08-2017 00:00,1
6054,6054,BODELI,CWC,24,Gujarat,461,Vadodara,VADODARA,-,-,Narmada,Narmada,Orsang,-,-,Orsang,22.26500000,73.72722222,20-08-2017 01:00,1.2
6055,6055,BODELI,CWC,24,Gujarat,461,Vadodara,VADODARA,-,-,Narmada,Narmada,Orsang,-,-,Orsang,22.26500000,73.72722222,20-08-2017 06:00,0.4
6056,6056,BODELI,CWC,24,Gujarat,461,Vadodara,VADODARA,-,-,Narmada,Narmada,Orsang,-,-,Orsang,22.26500000,73.72722222,20-08-2017 08:30,1.4
6057,6057,BODELI,CWC,24,Gujarat,461,Vadodara,VADODARA,-,-,Narmada,Narmada,Orsang,-,-,Orsang,22.26500000,73.72722222,20-08-2017 19:00,10
6058,6058,BODELI,CWC,24,Gujarat,461,Vadodara,VADODARA,-,-,Narmada,Narmada,Orsang,-,-,Orsang,22.26500000,73.72722222,20-08-2017 20:00,5.6
6059,6059,BODELI,CWC,24,Gujarat,461,Vadodara,VADODARA,-,-,Narmada,Narmada,Orsang,-,-,Orsang,22.26500000,73.72722222,20-08-2017 21:00,8
6060,6060,BODELI,CWC,24,Gujarat,461,Vadodara,VADODARA,-,-,Narmada,Narmada,Orsang,-,-,Orsang,22.26500000,73.72722222,20-08-2017 22:00,34.4
6061,6061,BODELI,CWC,24,Gujarat,461,Vadodara,VADODARA,-,-,Narmada,Narmada,Orsang,-,-,Orsang,22.26500000,73.72722222,20-08-2017 23:00,26.2
6062,6062,BODELI,CWC,24,Gujarat,461,Vadodara,VADODARA,-,-,Narmada,Narmada,Orsang,-,-,Orsang,22.26500000,73.72722222,21-08-2017 00:00,21
6063,6063,BODELI,CWC,24,Gujarat,461,Vadodara,VADODARA,-,-,Narmada,Narmada,Orsang,-,-,Orsang,22.26500000,73.72722222,21-08-2017 02:00,0.8
6064,6064,BODELI,CWC,24,Gujarat,461,Vadodara,VADODARA,-,-,Narmada,Narmada,Orsang,-,-,Orsang,22.26500000,73.72722222,21-08-2017 08:30,106
6065,6065,BODELI,CWC,24,Gujarat,461,Vadodara,VADODARA,-,-,Narmada,Narmada,Orsang,-,-,Orsang,22.26500000,73.72722222,21-08-2017 17:00,53.4
6066,6066,BODELI,CWC,24,Gujarat,461,Vadodara,VADODARA,-,-,Narmada,Narmada,Orsang,-,-,Orsang,22.26500000,73.72722222,21-08-2017 18:00,8.8
6067,6067,BODELI,CWC,24,Gujarat,461,Vadodara,VADODARA,-,-,Narmada,Narmada,Orsang,-,-,Orsang,22.26500000,73.72722222,21-08-2017 19:00,0.8
6068,6068,BODELI,CWC,24,Gujarat,461,Vadodara,VADODARA,-,-,Narmada,Narmada,Orsang,-,-,Orsang,22.26500000,73.72722222,22-08-2017 08:30,63
6069,6069,BODELI,CWC,24,Gujarat,461,Vadodara,VADODARA,-,-,Narmada,Narmada,Orsang,-,-,Orsang,22.26500000,73.72722222,22-08-2017 15:00,0.4
6070,6070,BODELI,CWC,24,Gujarat,461,Vadodara,VADODARA,-,-,Narmada,Narmada,Orsang,-,-,Orsang,22.26500000,73.72722222,22-08-2017 22:00,0.4
6071,6071,BODELI,CWC,24,Gujarat,461,Vadodara,VADODARA,-,-,Narmada,Narmada,Orsang,-,-,Orsang,22.26500000,73.72722222,23-08-2017 08:30,0.8
6072,6072,BODELI,CWC,24,Gujarat,461,Vadodara,VADODARA,-,-,Narmada,Narmada,Orsang,-,-,Orsang,22.26500000,73.72722222,24-08-2017 07:00,1.4
6073,6073,BODELI,CWC,24,Gujarat,461,Vadodara,VADODARA,-,-,Narmada,Narmada,Orsang,-,-,Orsang,22.26500000,73.72722222,24-08-2017 08:30,1.4
6074,6074,BODELI,CWC,24,Gujarat,461,Vadodara,VADODARA,-,-,Narmada,Narmada,Orsang,-,-,Orsang,22.26500000,73.72722222,24-08-2017 17:00,2.2
6075,6075,BODELI,CWC,24,Gujarat,461,Vadodara,VADODARA,-,-,Narmada,Narmada,Orsang,-,-,Orsang,22.26500000,73.72722222,26-08-2017 15:00,11.4
6076,6076,BODELI,CWC,24,Gujarat,461,Vadodara,VADODARA,-,-,Narmada,Narmada,Orsang,-,-,Orsang,22.26500000,73.72722222,26-08-2017 17:00,1
6077,6077,BODELI,CWC,24,Gujarat,461,Vadodara,VADODARA,-,-,Narmada,Narmada,Orsang,-,-,Orsang,22.26500000,73.72722222,27-08-2017 08:30,12.4
6078,6078,BODELI,CWC,24,Gujarat,461,Vadodara,VADODARA,-,-,Narmada,Narmada,Orsang,-,-,Orsang,22.26500000,73.72722222,27-08-2017 11:00,1.4
6079,6079,BODELI,CWC,24,Gujarat,461,Vadodara,VADODARA,-,-,Narmada,Narmada,Orsang,-,-,Orsang,22.26500000,73.72722222,27-08-2017 14:00,5
6080,6080,BODELI,CWC,24,Gujarat,461,Vadodara,VADODARA,-,-,Narmada,Narmada,Orsang,-,-,Orsang,22.26500000,73.72722222,27-08-2017 15:00,9.4
6081,6081,BODELI,CWC,24,Gujarat,461,Vadodara,VADODARA,-,-,Narmada,Narmada,Orsang,-,-,Orsang,22.26500000,73.72722222,27-08-2017 16:00,54.4
6082,6082,BODELI,CWC,24,Gujarat,461,Vadodara,VADODARA,-,-,Narmada,Narmada,Orsang,-,-,Orsang,22.26500000,73.72722222,27-08-2017 17:00,1
6083,6083,BODELI,CWC,24,Gujarat,461,Vadodara,VADODARA,-,-,Narmada,Narmada,Orsang,-,-,Orsang,22.26500000,73.72722222,27-08-2017 20:00,1
6084,6084,BODELI,CWC,24,Gujarat,461,Vadodara,VADODARA,-,-,Narmada,Narmada,Orsang,-,-,Orsang,22.26500000,73.72722222,27-08-2017 21:00,2.4
6085,6085,BODELI,CWC,24,Gujarat,461,Vadodara,VADODARA,-,-,Narmada,Narmada,Orsang,-,-,Orsang,22.26500000,73.72722222,27-08-2017 22:00,1
6086,6086,BODELI,CWC,24,Gujarat,461,Vadodara,VADODARA,-,-,Narmada,Narmada,Orsang,-,-,Orsang,22.26500000,73.72722222,28-08-2017 06:00,0.8
6087,6087,BODELI,CWC,24,Gujarat,461,Vadodara,VADODARA,-,-,Narmada,Narmada,Orsang,-,-,Orsang,22.26500000,73.72722222,28-08-2017 07:00,1
6088,6088,BODELI,CWC,24,Gujarat,461,Vadodara,VADODARA,-,-,Narmada,Narmada,Orsang,-,-,Orsang,22.26500000,73.72722222,28-08-2017 08:30,27.4
6089,6089,BODELI,CWC,24,Gujarat,461,Vadodara,VADODARA,-,-,Narmada,Narmada,Orsang,-,-,Orsang,22.26500000,73.72722222,28-08-2017 10:00,0.6
6090,6090,BODELI,CWC,24,Gujarat,461,Vadodara,VADODARA,-,-,Narmada,Narmada,Orsang,-,-,Orsang,22.26500000,73.72722222,28-08-2017 21:00,0.2
6091,6091,BODELI,CWC,24,Gujarat,461,Vadodara,VADODARA,-,-,Narmada,Narmada,Orsang,-,-,Orsang,22.26500000,73.72722222,29-08-2017 00:00,0.4
6092,6092,BODELI,CWC,24,Gujarat,461,Vadodara,VADODARA,-,-,Narmada,Narmada,Orsang,-,-,Orsang,22.26500000,73.72722222,29-08-2017 01:00,0.2
6093,6093,BODELI,CWC,24,Gujarat,461,Vadodara,VADODARA,-,-,Narmada,Narmada,Orsang,-,-,Orsang,22.26500000,73.72722222,29-08-2017 07:00,6.8
6094,6094,BODELI,CWC,24,Gujarat,461,Vadodara,VADODARA,-,-,Narmada,Narmada,Orsang,-,-,Orsang,22.26500000,73.72722222,29-08-2017 08:00,15.4
6095,6095,BODELI,CWC,24,Gujarat,461,Vadodara,VADODARA,-,-,Narmada,Narmada,Orsang,-,-,Orsang,22.26500000,73.72722222,29-08-2017 08:30,26.2
6096,6096,BODELI,CWC,24,Gujarat,461,Vadodara,VADODARA,-,-,Narmada,Narmada,Orsang,-,-,Orsang,22.26500000,73.72722222,29-08-2017 09:00,0.6
6097,6097,BODELI,CWC,24,Gujarat,461,Vadodara,VADODARA,-,-,Narmada,Narmada,Orsang,-,-,Orsang,22.26500000,73.72722222,29-08-2017 14:00,3
6098,6098,BODELI,CWC,24,Gujarat,461,Vadodara,VADODARA,-,-,Narmada,Narmada,Orsang,-,-,Orsang,22.26500000,73.72722222,29-08-2017 16:00,0.4
6099,6099,BODELI,CWC,24,Gujarat,461,Vadodara,VADODARA,-,-,Narmada,Narmada,Orsang,-,-,Orsang,22.26500000,73.72722222,29-08-2017 17:00,1.6
6100,6100,BODELI,CWC,24,Gujarat,461,Vadodara,VADODARA,-,-,Narmada,Narmada,Orsang,-,-,Orsang,22.26500000,73.72722222,29-08-2017 18:00,1.4
6101,6101,BODELI,CWC,24,Gujarat,461,Vadodara,VADODARA,-,-,Narmada,Narmada,Orsang,-,-,Orsang,22.26500000,73.72722222,29-08-2017 19:00,1.8
6102,6102,BODELI,CWC,24,Gujarat,461,Vadodara,VADODARA,-,-,Narmada,Narmada,Orsang,-,-,Orsang,22.26500000,73.72722222,30-08-2017 08:30,9.2
6103,6103,BODELI,CWC,24,Gujarat,461,Vadodara,VADODARA,-,-,Narmada,Narmada,Orsang,-,-,Orsang,22.26500000,73.72722222,30-08-2017 19:00,1
6104,6104,BODELI,CWC,24,Gujarat,461,Vadodara,VADODARA,-,-,Narmada,Narmada,Orsang,-,-,Orsang,22.26500000,73.72722222,31-08-2017 08:00,0.2
6105,6105,BODELI,CWC,24,Gujarat,461,Vadodara,VADODARA,-,-,Narmada,Narmada,Orsang,-,-,Orsang,22.26500000,73.72722222,31-08-2017 08:30,1.2
6106,6106,BODELI,CWC,24,Gujarat,461,Vadodara,VADODARA,-,-,Narmada,Narmada,Orsang,-,-,Orsang,22.26500000,73.72722222,02-09-2017 13:00,0.4
6107,6107,BODELI,CWC,24,Gujarat,461,Vadodara,VADODARA,-,-,Narmada,Narmada,Orsang,-,-,Orsang,22.26500000,73.72722222,02-09-2017 17:00,0.2
6108,6108,BODELI,CWC,24,Gujarat,461,Vadodara,VADODARA,-,-,Narmada,Narmada,Orsang,-,-,Orsang,22.26500000,73.72722222,03-09-2017 08:00,0.2
6109,6109,BODELI,CWC,24,Gujarat,461,Vadodara,VADODARA,-,-,Narmada,Narmada,Orsang,-,-,Orsang,22.26500000,73.72722222,03-09-2017 08:30,0.8
6110,6110,BODELI,CWC,24,Gujarat,461,Vadodara,VADODARA,-,-,Narmada,Narmada,Orsang,-,-,Orsang,22.26500000,73.72722222,03-09-2017 09:00,1.4
6111,6111,BODELI,CWC,24,Gujarat,461,Vadodara,VADODARA,-,-,Narmada,Narmada,Orsang,-,-,Orsang,22.26500000,73.72722222,03-09-2017 10:00,1
6112,6112,BODELI,CWC,24,Gujarat,461,Vadodara,VADODARA,-,-,Narmada,Narmada,Orsang,-,-,Orsang,22.26500000,73.72722222,03-09-2017 11:00,1
6113,6113,BODELI,CWC,24,Gujarat,461,Vadodara,VADODARA,-,-,Narmada,Narmada,Orsang,-,-,Orsang,22.26500000,73.72722222,04-09-2017 04:00,1
6114,6114,BODELI,CWC,24,Gujarat,461,Vadodara,VADODARA,-,-,Narmada,Narmada,Orsang,-,-,Orsang,22.26500000,73.72722222,04-09-2017 05:00,0.2
6115,6115,BODELI,CWC,24,Gujarat,461,Vadodara,VADODARA,-,-,Narmada,Narmada,Orsang,-,-,Orsang,22.26500000,73.72722222,04-09-2017 06:00,0.2
6116,6116,BODELI,CWC,24,Gujarat,461,Vadodara,VADODARA,-,-,Narmada,Narmada,Orsang,-,-,Orsang,22.26500000,73.72722222,04-09-2017 07:00,0.8
6117,6117,BODELI,CWC,24,Gujarat,461,Vadodara,VADODARA,-,-,Narmada,Narmada,Orsang,-,-,Orsang,22.26500000,73.72722222,04-09-2017 08:30,5.6
6118,6118,BODELI,CWC,24,Gujarat,461,Vadodara,VADODARA,-,-,Narmada,Narmada,Orsang,-,-,Orsang,22.26500000,73.72722222,04-09-2017 17:00,0.4
6119,6119,BODELI,CWC,24,Gujarat,461,Vadodara,VADODARA,-,-,Narmada,Narmada,Orsang,-,-,Orsang,22.26500000,73.72722222,05-09-2017 08:00,0.2
6120,6120,BODELI,CWC,24,Gujarat,461,Vadodara,VADODARA,-,-,Narmada,Narmada,Orsang,-,-,Orsang,22.26500000,73.72722222,05-09-2017 08:30,0.6
6121,6121,BODELI,CWC,24,Gujarat,461,Vadodara,VADODARA,-,-,Narmada,Narmada,Orsang,-,-,Orsang,22.26500000,73.72722222,05-09-2017 10:00,0.4
6122,6122,BODELI,CWC,24,Gujarat,461,Vadodara,VADODARA,-,-,Narmada,Narmada,Orsang,-,-,Orsang,22.26500000,73.72722222,05-09-2017 12:00,0.8
6123,6123,BODELI,CWC,24,Gujarat,461,Vadodara,VADODARA,-,-,Narmada,Narmada,Orsang,-,-,Orsang,22.26500000,73.72722222,10-09-2017 20:00,0.8
6124,6124,BODELI,CWC,24,Gujarat,461,Vadodara,VADODARA,-,-,Narmada,Narmada,Orsang,-,-,Orsang,22.26500000,73.72722222,11-09-2017 08:30,0.8
6125,6125,BODELI,CWC,24,Gujarat,461,Vadodara,VADODARA,-,-,Narmada,Narmada,Orsang,-,-,Orsang,22.26500000,73.72722222,12-09-2017 16:00,2.4
6126,6126,BODELI,CWC,24,Gujarat,461,Vadodara,VADODARA,-,-,Narmada,Narmada,Orsang,-,-,Orsang,22.26500000,73.72722222,12-09-2017 18:00,0.4
6127,6127,BODELI,CWC,24,Gujarat,461,Vadodara,VADODARA,-,-,Narmada,Narmada,Orsang,-,-,Orsang,22.26500000,73.72722222,13-09-2017 08:30,2.8
6128,6128,BODELI,CWC,24,Gujarat,461,Vadodara,VADODARA,-,-,Narmada,Narmada,Orsang,-,-,Orsang,22.26500000,73.72722222,15-09-2017 19:00,63.6
6129,6129,BODELI,CWC,24,Gujarat,461,Vadodara,VADODARA,-,-,Narmada,Narmada,Orsang,-,-,Orsang,22.26500000,73.72722222,15-09-2017 20:00,21.6
6130,6130,BODELI,CWC,24,Gujarat,461,Vadodara,VADODARA,-,-,Narmada,Narmada,Orsang,-,-,Orsang,22.26500000,73.72722222,15-09-2017 21:00,1.2
6131,6131,BODELI,CWC,24,Gujarat,461,Vadodara,VADODARA,-,-,Narmada,Narmada,Orsang,-,-,Orsang,22.26500000,73.72722222,15-09-2017 22:00,3.2
6132,6132,BODELI,CWC,24,Gujarat,461,Vadodara,VADODARA,-,-,Narmada,Narmada,Orsang,-,-,Orsang,22.26500000,73.72722222,15-09-2017 23:00,0.8
6133,6133,BODELI,CWC,24,Gujarat,461,Vadodara,VADODARA,-,-,Narmada,Narmada,Orsang,-,-,Orsang,22.26500000,73.72722222,16-09-2017 08:30,90.4
6134,6134,BODELI,CWC,24,Gujarat,461,Vadodara,VADODARA,-,-,Narmada,Narmada,Orsang,-,-,Orsang,22.26500000,73.72722222,17-09-2017 20:00,7.2
6135,6135,BODELI,CWC,24,Gujarat,461,Vadodara,VADODARA,-,-,Narmada,Narmada,Orsang,-,-,Orsang,22.26500000,73.72722222,17-09-2017 21:00,5
6136,6136,BODELI,CWC,24,Gujarat,461,Vadodara,VADODARA,-,-,Narmada,Narmada,Orsang,-,-,Orsang,22.26500000,73.72722222,18-09-2017 08:30,12.2
6137,6137,BODELI,CWC,24,Gujarat,461,Vadodara,VADODARA,-,-,Narmada,Narmada,Orsang,-,-,Orsang,22.26500000,73.72722222,18-09-2017 19:00,14.2
6138,6138,BODELI,CWC,24,Gujarat,461,Vadodara,VADODARA,-,-,Narmada,Narmada,Orsang,-,-,Orsang,22.26500000,73.72722222,18-09-2017 20:00,1
6139,6139,BODELI,CWC,24,Gujarat,461,Vadodara,VADODARA,-,-,Narmada,Narmada,Orsang,-,-,Orsang,22.26500000,73.72722222,19-09-2017 08:30,15.2
6140,6140,BODELI,CWC,24,Gujarat,461,Vadodara,VADODARA,-,-,Narmada,Narmada,Orsang,-,-,Orsang,22.26500000,73.72722222,11-10-2017 07:00,1
6141,6141,BODELI,CWC,24,Gujarat,461,Vadodara,VADODARA,-,-,Narmada,Narmada,Orsang,-,-,Orsang,22.26500000,73.72722222,11-10-2017 08:00,0.8
6142,6142,BODELI,CWC,24,Gujarat,461,Vadodara,VADODARA,-,-,Narmada,Narmada,Orsang,-,-,Orsang,22.26500000,73.72722222,11-10-2017 08:30,1.8
6143,6143,BODELI,CWC,24,Gujarat,461,Vadodara,VADODARA,-,-,Narmada,Narmada,Orsang,-,-,Orsang,22.26500000,73.72722222,11-10-2017 09:00,1.2
6144,6144,BODELI,CWC,24,Gujarat,461,Vadodara,VADODARA,-,-,Narmada,Narmada,Orsang,-,-,Orsang,22.26500000,73.72722222,11-10-2017 10:00,2
6145,6145,BODELI,CWC,24,Gujarat,461,Vadodara,VADODARA,-,-,Narmada,Narmada,Orsang,-,-,Orsang,22.26500000,73.72722222,12-10-2017 08:30,3.2
6146,6146,BODELI,CWC,24,Gujarat,461,Vadodara,VADODARA,-,-,Narmada,Narmada,Orsang,-,-,Orsang,22.26500000,73.72722222,05-12-2017 08:30,1.2
6147,6147,BODELI,CWC,24,Gujarat,461,Vadodara,VADODARA,-,-,Narmada,Narmada,Orsang,-,-,Orsang,22.26500000,73.72722222,06-12-2017 08:30,8
6148,6148,BODELI,CWC,24,Gujarat,461,Vadodara,VADODARA,-,-,Narmada,Narmada,Orsang,-,-,Orsang,22.26500000,73.72722222,22-06-2018 08:30,1.2
6149,6149,BODELI,CWC,24,Gujarat,461,Vadodara,VADODARA,-,-,Narmada,Narmada,Orsang,-,-,Orsang,22.26500000,73.72722222,22-06-2018 23:00,1.2
6150,6150,BODELI,CWC,24,Gujarat,461,Vadodara,VADODARA,-,-,Narmada,Narmada,Orsang,-,-,Orsang,22.26500000,73.72722222,23-06-2018 08:30,1.4
6151,6151,BODELI,CWC,24,Gujarat,461,Vadodara,VADODARA,-,-,Narmada,Narmada,Orsang,-,-,Orsang,22.26500000,73.72722222,24-06-2018 07:00,2.2
6152,6152,BODELI,CWC,24,Gujarat,461,Vadodara,VADODARA,-,-,Narmada,Narmada,Orsang,-,-,Orsang,22.26500000,73.72722222,24-06-2018 08:00,1
6153,6153,BODELI,CWC,24,Gujarat,461,Vadodara,VADODARA,-,-,Narmada,Narmada,Orsang,-,-,Orsang,22.26500000,73.72722222,24-06-2018 08:30,27.4
6154,6154,BODELI,CWC,24,Gujarat,461,Vadodara,VADODARA,-,-,Narmada,Narmada,Orsang,-,-,Orsang,22.26500000,73.72722222,24-06-2018 10:00,0.8
6155,6155,BODELI,CWC,24,Gujarat,461,Vadodara,VADODARA,-,-,Narmada,Narmada,Orsang,-,-,Orsang,22.26500000,73.72722222,25-06-2018 08:30,0.8
6156,6156,BODELI,CWC,24,Gujarat,461,Vadodara,VADODARA,-,-,Narmada,Narmada,Orsang,-,-,Orsang,22.26500000,73.72722222,25-06-2018 14:00,4.2
6157,6157,BODELI,CWC,24,Gujarat,461,Vadodara,VADODARA,-,-,Narmada,Narmada,Orsang,-,-,Orsang,22.26500000,73.72722222,25-06-2018 15:00,1.4
6158,6158,BODELI,CWC,24,Gujarat,461,Vadodara,VADODARA,-,-,Narmada,Narmada,Orsang,-,-,Orsang,22.26500000,73.72722222,25-06-2018 16:00,6.2
6159,6159,BODELI,CWC,24,Gujarat,461,Vadodara,VADODARA,-,-,Narmada,Narmada,Orsang,-,-,Orsang,22.26500000,73.72722222,25-06-2018 17:00,1.2
6160,6160,BODELI,CWC,24,Gujarat,461,Vadodara,VADODARA,-,-,Narmada,Narmada,Orsang,-,-,Orsang,22.26500000,73.72722222,26-06-2018 08:30,19.2
6161,6161,BODELI,CWC,24,Gujarat,461,Vadodara,VADODARA,-,-,Narmada,Narmada,Orsang,-,-,Orsang,22.26500000,73.72722222,27-06-2018 08:30,2
6162,6162,BODELI,CWC,24,Gujarat,461,Vadodara,VADODARA,-,-,Narmada,Narmada,Orsang,-,-,Orsang,22.26500000,73.72722222,27-06-2018 10:00,0.4
6163,6163,BODELI,CWC,24,Gujarat,461,Vadodara,VADODARA,-,-,Narmada,Narmada,Orsang,-,-,Orsang,22.26500000,73.72722222,28-06-2018 08:30,0.4
6164,6164,BODELI,CWC,24,Gujarat,461,Vadodara,VADODARA,-,-,Narmada,Narmada,Orsang,-,-,Orsang,22.26500000,73.72722222,29-06-2018 16:00,2.2
6165,6165,BODELI,CWC,24,Gujarat,461,Vadodara,VADODARA,-,-,Narmada,Narmada,Orsang,-,-,Orsang,22.26500000,73.72722222,30-06-2018 08:30,2.2
6166,6166,BODELI,CWC,24,Gujarat,461,Vadodara,VADODARA,-,-,Narmada,Narmada,Orsang,-,-,Orsang,22.26500000,73.72722222,02-07-2018 15:00,0.4
6167,6167,BODELI,CWC,24,Gujarat,461,Vadodara,VADODARA,-,-,Narmada,Narmada,Orsang,-,-,Orsang,22.26500000,73.72722222,03-07-2018 08:30,0.4
6168,6168,BODELI,CWC,24,Gujarat,461,Vadodara,VADODARA,-,-,Narmada,Narmada,Orsang,-,-,Orsang,22.26500000,73.72722222,03-07-2018 16:00,0.6
6169,6169,BODELI,CWC,24,Gujarat,461,Vadodara,VADODARA,-,-,Narmada,Narmada,Orsang,-,-,Orsang,22.26500000,73.72722222,03-07-2018 20:00,2.4
6170,6170,BODELI,CWC,24,Gujarat,461,Vadodara,VADODARA,-,-,Narmada,Narmada,Orsang,-,-,Orsang,22.26500000,73.72722222,04-07-2018 07:00,0.8
6171,6171,BODELI,CWC,24,Gujarat,461,Vadodara,VADODARA,-,-,Narmada,Narmada,Orsang,-,-,Orsang,22.26500000,73.72722222,04-07-2018 08:30,3.8
6172,6172,BODELI,CWC,24,Gujarat,461,Vadodara,VADODARA,-,-,Narmada,Narmada,Orsang,-,-,Orsang,22.26500000,73.72722222,04-07-2018 12:00,0.8
6173,6173,BODELI,CWC,24,Gujarat,461,Vadodara,VADODARA,-,-,Narmada,Narmada,Orsang,-,-,Orsang,22.26500000,73.72722222,04-07-2018 13:00,3
6174,6174,BODELI,CWC,24,Gujarat,461,Vadodara,VADODARA,-,-,Narmada,Narmada,Orsang,-,-,Orsang,22.26500000,73.72722222,04-07-2018 14:00,5.8
6175,6175,BODELI,CWC,24,Gujarat,461,Vadodara,VADODARA,-,-,Narmada,Narmada,Orsang,-,-,Orsang,22.26500000,73.72722222,04-07-2018 15:00,6.8
6176,6176,BODELI,CWC,24,Gujarat,461,Vadodara,VADODARA,-,-,Narmada,Narmada,Orsang,-,-,Orsang,22.26500000,73.72722222,04-07-2018 16:00,10.2
6177,6177,BODELI,CWC,24,Gujarat,461,Vadodara,VADODARA,-,-,Narmada,Narmada,Orsang,-,-,Orsang,22.26500000,73.72722222,04-07-2018 17:00,25
6178,6178,BODELI,CWC,24,Gujarat,461,Vadodara,VADODARA,-,-,Narmada,Narmada,Orsang,-,-,Orsang,22.26500000,73.72722222,04-07-2018 18:00,5
6179,6179,BODELI,CWC,24,Gujarat,461,Vadodara,VADODARA,-,-,Narmada,Narmada,Orsang,-,-,Orsang,22.26500000,73.72722222,05-07-2018 08:30,56.6
6180,6180,BODELI,CWC,24,Gujarat,461,Vadodara,VADODARA,-,-,Narmada,Narmada,Orsang,-,-,Orsang,22.26500000,73.72722222,07-07-2018 16:00,5
6181,6181,BODELI,CWC,24,Gujarat,461,Vadodara,VADODARA,-,-,Narmada,Narmada,Orsang,-,-,Orsang,22.26500000,73.72722222,07-07-2018 17:00,12
6182,6182,BODELI,CWC,24,Gujarat,461,Vadodara,VADODARA,-,-,Narmada,Narmada,Orsang,-,-,Orsang,22.26500000,73.72722222,07-07-2018 18:00,1.2
6183,6183,BODELI,CWC,24,Gujarat,461,Vadodara,VADODARA,-,-,Narmada,Narmada,Orsang,-,-,Orsang,22.26500000,73.72722222,07-07-2018 19:00,2.8
6184,6184,BODELI,CWC,24,Gujarat,461,Vadodara,VADODARA,-,-,Narmada,Narmada,Orsang,-,-,Orsang,22.26500000,73.72722222,07-07-2018 20:00,2.4
6185,6185,BODELI,CWC,24,Gujarat,461,Vadodara,VADODARA,-,-,Narmada,Narmada,Orsang,-,-,Orsang,22.26500000,73.72722222,07-07-2018 21:00,1
6186,6186,BODELI,CWC,24,Gujarat,461,Vadodara,VADODARA,-,-,Narmada,Narmada,Orsang,-,-,Orsang,22.26500000,73.72722222,08-07-2018 08:30,24.8
6187,6187,BODELI,CWC,24,Gujarat,461,Vadodara,VADODARA,-,-,Narmada,Narmada,Orsang,-,-,Orsang,22.26500000,73.72722222,11-07-2018 00:00,0.8
6188,6188,BODELI,CWC,24,Gujarat,461,Vadodara,VADODARA,-,-,Narmada,Narmada,Orsang,-,-,Orsang,22.26500000,73.72722222,11-07-2018 02:00,2.6
6189,6189,BODELI,CWC,24,Gujarat,461,Vadodara,VADODARA,-,-,Narmada,Narmada,Orsang,-,-,Orsang,22.26500000,73.72722222,11-07-2018 03:00,4.4
6190,6190,BODELI,CWC,24,Gujarat,461,Vadodara,VADODARA,-,-,Narmada,Narmada,Orsang,-,-,Orsang,22.26500000,73.72722222,11-07-2018 04:00,6.2
6191,6191,BODELI,CWC,24,Gujarat,461,Vadodara,VADODARA,-,-,Narmada,Narmada,Orsang,-,-,Orsang,22.26500000,73.72722222,11-07-2018 05:00,1.8
6192,6192,BODELI,CWC,24,Gujarat,461,Vadodara,VADODARA,-,-,Narmada,Narmada,Orsang,-,-,Orsang,22.26500000,73.72722222,11-07-2018 06:00,1
6193,6193,BODELI,CWC,24,Gujarat,461,Vadodara,VADODARA,-,-,Narmada,Narmada,Orsang,-,-,Orsang,22.26500000,73.72722222,11-07-2018 08:30,18
6194,6194,BODELI,CWC,24,Gujarat,461,Vadodara,VADODARA,-,-,Narmada,Narmada,Orsang,-,-,Orsang,22.26500000,73.72722222,11-07-2018 12:00,0.6
6195,6195,BODELI,CWC,24,Gujarat,461,Vadodara,VADODARA,-,-,Narmada,Narmada,Orsang,-,-,Orsang,22.26500000,73.72722222,11-07-2018 13:00,1.8
6196,6196,BODELI,CWC,24,Gujarat,461,Vadodara,VADODARA,-,-,Narmada,Narmada,Orsang,-,-,Orsang,22.26500000,73.72722222,11-07-2018 14:00,0.2
6197,6197,BODELI,CWC,24,Gujarat,461,Vadodara,VADODARA,-,-,Narmada,Narmada,Orsang,-,-,Orsang,22.26500000,73.72722222,11-07-2018 17:00,7
6198,6198,BODELI,CWC,24,Gujarat,461,Vadodara,VADODARA,-,-,Narmada,Narmada,Orsang,-,-,Orsang,22.26500000,73.72722222,11-07-2018 18:00,5.8
6199,6199,BODELI,CWC,24,Gujarat,461,Vadodara,VADODARA,-,-,Narmada,Narmada,Orsang,-,-,Orsang,22.26500000,73.72722222,11-07-2018 19:00,30
6200,6200,BODELI,CWC,24,Gujarat,461,Vadodara,VADODARA,-,-,Narmada,Narmada,Orsang,-,-,Orsang,22.26500000,73.72722222,11-07-2018 20:00,1
6201,6201,BODELI,CWC,24,Gujarat,461,Vadodara,VADODARA,-,-,Narmada,Narmada,Orsang,-,-,Orsang,22.26500000,73.72722222,11-07-2018 21:00,0.8
6202,6202,BODELI,CWC,24,Gujarat,461,Vadodara,VADODARA,-,-,Narmada,Narmada,Orsang,-,-,Orsang,22.26500000,73.72722222,12-07-2018 07:00,0.8
6203,6203,BODELI,CWC,24,Gujarat,461,Vadodara,VADODARA,-,-,Narmada,Narmada,Orsang,-,-,Orsang,22.26500000,73.72722222,12-07-2018 08:00,1.2
6204,6204,BODELI,CWC,24,Gujarat,461,Vadodara,VADODARA,-,-,Narmada,Narmada,Orsang,-,-,Orsang,22.26500000,73.72722222,12-07-2018 08:30,75.6
6205,6205,BODELI,CWC,24,Gujarat,461,Vadodara,VADODARA,-,-,Narmada,Narmada,Orsang,-,-,Orsang,22.26500000,73.72722222,12-07-2018 09:00,0.6
6206,6206,BODELI,CWC,24,Gujarat,461,Vadodara,VADODARA,-,-,Narmada,Narmada,Orsang,-,-,Orsang,22.26500000,73.72722222,12-07-2018 10:00,0.2
6207,6207,BODELI,CWC,24,Gujarat,461,Vadodara,VADODARA,-,-,Narmada,Narmada,Orsang,-,-,Orsang,22.26500000,73.72722222,12-07-2018 11:00,1
6208,6208,BODELI,CWC,24,Gujarat,461,Vadodara,VADODARA,-,-,Narmada,Narmada,Orsang,-,-,Orsang,22.26500000,73.72722222,12-07-2018 12:00,1.2
6209,6209,BODELI,CWC,24,Gujarat,461,Vadodara,VADODARA,-,-,Narmada,Narmada,Orsang,-,-,Orsang,22.26500000,73.72722222,12-07-2018 13:00,1.2
6210,6210,BODELI,CWC,24,Gujarat,461,Vadodara,VADODARA,-,-,Narmada,Narmada,Orsang,-,-,Orsang,22.26500000,73.72722222,12-07-2018 17:00,0.4
6211,6211,BODELI,CWC,24,Gujarat,461,Vadodara,VADODARA,-,-,Narmada,Narmada,Orsang,-,-,Orsang,22.26500000,73.72722222,13-07-2018 08:30,4.8
6212,6212,BODELI,CWC,24,Gujarat,461,Vadodara,VADODARA,-,-,Narmada,Narmada,Orsang,-,-,Orsang,22.26500000,73.72722222,13-07-2018 14:00,4
6213,6213,BODELI,CWC,24,Gujarat,461,Vadodara,VADODARA,-,-,Narmada,Narmada,Orsang,-,-,Orsang,22.26500000,73.72722222,13-07-2018 15:00,5.4
6214,6214,BODELI,CWC,24,Gujarat,461,Vadodara,VADODARA,-,-,Narmada,Narmada,Orsang,-,-,Orsang,22.26500000,73.72722222,13-07-2018 16:00,0.4
6215,6215,BODELI,CWC,24,Gujarat,461,Vadodara,VADODARA,-,-,Narmada,Narmada,Orsang,-,-,Orsang,22.26500000,73.72722222,14-07-2018 05:00,2.2
6216,6216,BODELI,CWC,24,Gujarat,461,Vadodara,VADODARA,-,-,Narmada,Narmada,Orsang,-,-,Orsang,22.26500000,73.72722222,14-07-2018 08:30,12
6217,6217,BODELI,CWC,24,Gujarat,461,Vadodara,VADODARA,-,-,Narmada,Narmada,Orsang,-,-,Orsang,22.26500000,73.72722222,14-07-2018 15:00,16.6
6218,6218,BODELI,CWC,24,Gujarat,461,Vadodara,VADODARA,-,-,Narmada,Narmada,Orsang,-,-,Orsang,22.26500000,73.72722222,14-07-2018 16:00,2.6
6219,6219,BODELI,CWC,24,Gujarat,461,Vadodara,VADODARA,-,-,Narmada,Narmada,Orsang,-,-,Orsang,22.26500000,73.72722222,14-07-2018 21:00,0.6
6220,6220,BODELI,CWC,24,Gujarat,461,Vadodara,VADODARA,-,-,Narmada,Narmada,Orsang,-,-,Orsang,22.26500000,73.72722222,15-07-2018 08:30,27.6
6221,6221,BODELI,CWC,24,Gujarat,461,Vadodara,VADODARA,-,-,Narmada,Narmada,Orsang,-,-,Orsang,22.26500000,73.72722222,15-07-2018 21:00,1
6222,6222,BODELI,CWC,24,Gujarat,461,Vadodara,VADODARA,-,-,Narmada,Narmada,Orsang,-,-,Orsang,22.26500000,73.72722222,16-07-2018 08:30,6.6
6223,6223,BODELI,CWC,24,Gujarat,461,Vadodara,VADODARA,-,-,Narmada,Narmada,Orsang,-,-,Orsang,22.26500000,73.72722222,16-07-2018 09:00,4.4
6224,6224,BODELI,CWC,24,Gujarat,461,Vadodara,VADODARA,-,-,Narmada,Narmada,Orsang,-,-,Orsang,22.26500000,73.72722222,16-07-2018 10:00,10
6225,6225,BODELI,CWC,24,Gujarat,461,Vadodara,VADODARA,-,-,Narmada,Narmada,Orsang,-,-,Orsang,22.26500000,73.72722222,16-07-2018 11:00,12
6226,6226,BODELI,CWC,24,Gujarat,461,Vadodara,VADODARA,-,-,Narmada,Narmada,Orsang,-,-,Orsang,22.26500000,73.72722222,16-07-2018 12:00,8
6227,6227,BODELI,CWC,24,Gujarat,461,Vadodara,VADODARA,-,-,Narmada,Narmada,Orsang,-,-,Orsang,22.26500000,73.72722222,16-07-2018 13:00,1
6228,6228,BODELI,CWC,24,Gujarat,461,Vadodara,VADODARA,-,-,Narmada,Narmada,Orsang,-,-,Orsang,22.26500000,73.72722222,16-07-2018 14:00,1.2
6229,6229,BODELI,CWC,24,Gujarat,461,Vadodara,VADODARA,-,-,Narmada,Narmada,Orsang,-,-,Orsang,22.26500000,73.72722222,17-07-2018 08:30,36.6
6230,6230,BODELI,CWC,24,Gujarat,461,Vadodara,VADODARA,-,-,Narmada,Narmada,Orsang,-,-,Orsang,22.26500000,73.72722222,17-07-2018 10:00,0.2
6231,6231,BODELI,CWC,24,Gujarat,461,Vadodara,VADODARA,-,-,Narmada,Narmada,Orsang,-,-,Orsang,22.26500000,73.72722222,17-07-2018 17:00,2.8
6232,6232,BODELI,CWC,24,Gujarat,461,Vadodara,VADODARA,-,-,Narmada,Narmada,Orsang,-,-,Orsang,22.26500000,73.72722222,18-07-2018 08:30,3
6233,6233,BODELI,CWC,24,Gujarat,461,Vadodara,VADODARA,-,-,Narmada,Narmada,Orsang,-,-,Orsang,22.26500000,73.72722222,18-07-2018 12:00,0.4
6234,6234,BODELI,CWC,24,Gujarat,461,Vadodara,VADODARA,-,-,Narmada,Narmada,Orsang,-,-,Orsang,22.26500000,73.72722222,18-07-2018 23:00,0.4
6235,6235,BODELI,CWC,24,Gujarat,461,Vadodara,VADODARA,-,-,Narmada,Narmada,Orsang,-,-,Orsang,22.26500000,73.72722222,19-07-2018 00:00,0.8
6236,6236,BODELI,CWC,24,Gujarat,461,Vadodara,VADODARA,-,-,Narmada,Narmada,Orsang,-,-,Orsang,22.26500000,73.72722222,19-07-2018 03:00,0.6
6237,6237,BODELI,CWC,24,Gujarat,461,Vadodara,VADODARA,-,-,Narmada,Narmada,Orsang,-,-,Orsang,22.26500000,73.72722222,19-07-2018 04:00,0.4
6238,6238,BODELI,CWC,24,Gujarat,461,Vadodara,VADODARA,-,-,Narmada,Narmada,Orsang,-,-,Orsang,22.26500000,73.72722222,19-07-2018 05:00,0.8
6239,6239,BODELI,CWC,24,Gujarat,461,Vadodara,VADODARA,-,-,Narmada,Narmada,Orsang,-,-,Orsang,22.26500000,73.72722222,19-07-2018 08:30,3.4
6240,6240,BODELI,CWC,24,Gujarat,461,Vadodara,VADODARA,-,-,Narmada,Narmada,Orsang,-,-,Orsang,22.26500000,73.72722222,19-07-2018 09:00,8
6241,6241,BODELI,CWC,24,Gujarat,461,Vadodara,VADODARA,-,-,Narmada,Narmada,Orsang,-,-,Orsang,22.26500000,73.72722222,19-07-2018 10:00,5.4
6242,6242,BODELI,CWC,24,Gujarat,461,Vadodara,VADODARA,-,-,Narmada,Narmada,Orsang,-,-,Orsang,22.26500000,73.72722222,19-07-2018 11:00,4.8
6243,6243,BODELI,CWC,24,Gujarat,461,Vadodara,VADODARA,-,-,Narmada,Narmada,Orsang,-,-,Orsang,22.26500000,73.72722222,19-07-2018 12:00,0.4
6244,6244,BODELI,CWC,24,Gujarat,461,Vadodara,VADODARA,-,-,Narmada,Narmada,Orsang,-,-,Orsang,22.26500000,73.72722222,19-07-2018 17:00,0.6
6245,6245,BODELI,CWC,24,Gujarat,461,Vadodara,VADODARA,-,-,Narmada,Narmada,Orsang,-,-,Orsang,22.26500000,73.72722222,19-07-2018 18:00,3
6246,6246,BODELI,CWC,24,Gujarat,461,Vadodara,VADODARA,-,-,Narmada,Narmada,Orsang,-,-,Orsang,22.26500000,73.72722222,19-07-2018 19:00,1.4
6247,6247,BODELI,CWC,24,Gujarat,461,Vadodara,VADODARA,-,-,Narmada,Narmada,Orsang,-,-,Orsang,22.26500000,73.72722222,19-07-2018 20:00,0.2
6248,6248,BODELI,CWC,24,Gujarat,461,Vadodara,VADODARA,-,-,Narmada,Narmada,Orsang,-,-,Orsang,22.26500000,73.72722222,20-07-2018 06:00,0.6
6249,6249,BODELI,CWC,24,Gujarat,461,Vadodara,VADODARA,-,-,Narmada,Narmada,Orsang,-,-,Orsang,22.26500000,73.72722222,20-07-2018 08:30,24.4
6250,6250,BODELI,CWC,24,Gujarat,461,Vadodara,VADODARA,-,-,Narmada,Narmada,Orsang,-,-,Orsang,22.26500000,73.72722222,20-07-2018 09:00,4
6251,6251,BODELI,CWC,24,Gujarat,461,Vadodara,VADODARA,-,-,Narmada,Narmada,Orsang,-,-,Orsang,22.26500000,73.72722222,20-07-2018 17:00,0.6
6252,6252,BODELI,CWC,24,Gujarat,461,Vadodara,VADODARA,-,-,Narmada,Narmada,Orsang,-,-,Orsang,22.26500000,73.72722222,21-07-2018 02:00,4
6253,6253,BODELI,CWC,24,Gujarat,461,Vadodara,VADODARA,-,-,Narmada,Narmada,Orsang,-,-,Orsang,22.26500000,73.72722222,21-07-2018 03:00,5.8
6254,6254,BODELI,CWC,24,Gujarat,461,Vadodara,VADODARA,-,-,Narmada,Narmada,Orsang,-,-,Orsang,22.26500000,73.72722222,21-07-2018 04:00,5.2
6255,6255,BODELI,CWC,24,Gujarat,461,Vadodara,VADODARA,-,-,Narmada,Narmada,Orsang,-,-,Orsang,22.26500000,73.72722222,21-07-2018 05:00,5.4
6256,6256,BODELI,CWC,24,Gujarat,461,Vadodara,VADODARA,-,-,Narmada,Narmada,Orsang,-,-,Orsang,22.26500000,73.72722222,21-07-2018 06:00,4.6
6257,6257,BODELI,CWC,24,Gujarat,461,Vadodara,VADODARA,-,-,Narmada,Narmada,Orsang,-,-,Orsang,22.26500000,73.72722222,21-07-2018 07:00,4
6258,6258,BODELI,CWC,24,Gujarat,461,Vadodara,VADODARA,-,-,Narmada,Narmada,Orsang,-,-,Orsang,22.26500000,73.72722222,21-07-2018 08:00,2.8
6259,6259,BODELI,CWC,24,Gujarat,461,Vadodara,VADODARA,-,-,Narmada,Narmada,Orsang,-,-,Orsang,22.26500000,73.72722222,21-07-2018 08:30,36.4
6260,6260,BODELI,CWC,24,Gujarat,461,Vadodara,VADODARA,-,-,Narmada,Narmada,Orsang,-,-,Orsang,22.26500000,73.72722222,21-07-2018 09:00,0.8
6261,6261,BODELI,CWC,24,Gujarat,461,Vadodara,VADODARA,-,-,Narmada,Narmada,Orsang,-,-,Orsang,22.26500000,73.72722222,21-07-2018 10:00,0.6
6262,6262,BODELI,CWC,24,Gujarat,461,Vadodara,VADODARA,-,-,Narmada,Narmada,Orsang,-,-,Orsang,22.26500000,73.72722222,21-07-2018 14:00,0.6
6263,6263,BODELI,CWC,24,Gujarat,461,Vadodara,VADODARA,-,-,Narmada,Narmada,Orsang,-,-,Orsang,22.26500000,73.72722222,22-07-2018 07:00,1
6264,6264,BODELI,CWC,24,Gujarat,461,Vadodara,VADODARA,-,-,Narmada,Narmada,Orsang,-,-,Orsang,22.26500000,73.72722222,22-07-2018 08:30,3
6265,6265,BODELI,CWC,24,Gujarat,461,Vadodara,VADODARA,-,-,Narmada,Narmada,Orsang,-,-,Orsang,22.26500000,73.72722222,22-07-2018 13:00,0.4
6266,6266,BODELI,CWC,24,Gujarat,461,Vadodara,VADODARA,-,-,Narmada,Narmada,Orsang,-,-,Orsang,22.26500000,73.72722222,22-07-2018 21:00,0.4
6267,6267,BODELI,CWC,24,Gujarat,461,Vadodara,VADODARA,-,-,Narmada,Narmada,Orsang,-,-,Orsang,22.26500000,73.72722222,23-07-2018 08:30,1.2
6268,6268,BODELI,CWC,24,Gujarat,461,Vadodara,VADODARA,-,-,Narmada,Narmada,Orsang,-,-,Orsang,22.26500000,73.72722222,23-07-2018 18:00,1.8
6269,6269,BODELI,CWC,24,Gujarat,461,Vadodara,VADODARA,-,-,Narmada,Narmada,Orsang,-,-,Orsang,22.26500000,73.72722222,23-07-2018 19:00,0.2
6270,6270,BODELI,CWC,24,Gujarat,461,Vadodara,VADODARA,-,-,Narmada,Narmada,Orsang,-,-,Orsang,22.26500000,73.72722222,23-07-2018 21:00,0.2
6271,6271,BODELI,CWC,24,Gujarat,461,Vadodara,VADODARA,-,-,Narmada,Narmada,Orsang,-,-,Orsang,22.26500000,73.72722222,24-07-2018 03:00,0.6
6272,6272,BODELI,CWC,24,Gujarat,461,Vadodara,VADODARA,-,-,Narmada,Narmada,Orsang,-,-,Orsang,22.26500000,73.72722222,24-07-2018 04:00,0.8
6273,6273,BODELI,CWC,24,Gujarat,461,Vadodara,VADODARA,-,-,Narmada,Narmada,Orsang,-,-,Orsang,22.26500000,73.72722222,24-07-2018 08:30,3.8
6274,6274,BODELI,CWC,24,Gujarat,461,Vadodara,VADODARA,-,-,Narmada,Narmada,Orsang,-,-,Orsang,22.26500000,73.72722222,24-07-2018 11:00,0.6
6275,6275,BODELI,CWC,24,Gujarat,461,Vadodara,VADODARA,-,-,Narmada,Narmada,Orsang,-,-,Orsang,22.26500000,73.72722222,24-07-2018 21:00,1
6276,6276,BODELI,CWC,24,Gujarat,461,Vadodara,VADODARA,-,-,Narmada,Narmada,Orsang,-,-,Orsang,22.26500000,73.72722222,24-07-2018 22:00,4.4
6277,6277,BODELI,CWC,24,Gujarat,461,Vadodara,VADODARA,-,-,Narmada,Narmada,Orsang,-,-,Orsang,22.26500000,73.72722222,24-07-2018 23:00,5.2
6278,6278,BODELI,CWC,24,Gujarat,461,Vadodara,VADODARA,-,-,Narmada,Narmada,Orsang,-,-,Orsang,22.26500000,73.72722222,25-07-2018 00:00,5
6279,6279,BODELI,CWC,24,Gujarat,461,Vadodara,VADODARA,-,-,Narmada,Narmada,Orsang,-,-,Orsang,22.26500000,73.72722222,25-07-2018 01:00,2
6280,6280,BODELI,CWC,24,Gujarat,461,Vadodara,VADODARA,-,-,Narmada,Narmada,Orsang,-,-,Orsang,22.26500000,73.72722222,25-07-2018 02:00,1.4
6281,6281,BODELI,CWC,24,Gujarat,461,Vadodara,VADODARA,-,-,Narmada,Narmada,Orsang,-,-,Orsang,22.26500000,73.72722222,25-07-2018 03:00,0.6
6282,6282,BODELI,CWC,24,Gujarat,461,Vadodara,VADODARA,-,-,Narmada,Narmada,Orsang,-,-,Orsang,22.26500000,73.72722222,25-07-2018 04:00,1.2
6283,6283,BODELI,CWC,24,Gujarat,461,Vadodara,VADODARA,-,-,Narmada,Narmada,Orsang,-,-,Orsang,22.26500000,73.72722222,25-07-2018 05:00,0.8
6284,6284,BODELI,CWC,24,Gujarat,461,Vadodara,VADODARA,-,-,Narmada,Narmada,Orsang,-,-,Orsang,22.26500000,73.72722222,25-07-2018 08:30,22.4
6285,6285,BODELI,CWC,24,Gujarat,461,Vadodara,VADODARA,-,-,Narmada,Narmada,Orsang,-,-,Orsang,22.26500000,73.72722222,25-07-2018 16:00,3.8
6286,6286,BODELI,CWC,24,Gujarat,461,Vadodara,VADODARA,-,-,Narmada,Narmada,Orsang,-,-,Orsang,22.26500000,73.72722222,26-07-2018 08:30,3.8
6287,6287,BODELI,CWC,24,Gujarat,461,Vadodara,VADODARA,-,-,Narmada,Narmada,Orsang,-,-,Orsang,22.26500000,73.72722222,28-07-2018 08:00,0.2
6288,6288,BODELI,CWC,24,Gujarat,461,Vadodara,VADODARA,-,-,Narmada,Narmada,Orsang,-,-,Orsang,22.26500000,73.72722222,28-07-2018 08:30,0.6
6289,6289,BODELI,CWC,24,Gujarat,461,Vadodara,VADODARA,-,-,Narmada,Narmada,Orsang,-,-,Orsang,22.26500000,73.72722222,31-07-2018 05:00,0.4
6290,6290,BODELI,CWC,24,Gujarat,461,Vadodara,VADODARA,-,-,Narmada,Narmada,Orsang,-,-,Orsang,22.26500000,73.72722222,31-07-2018 14:00,1.2
6291,6291,BODELI,CWC,24,Gujarat,461,Vadodara,VADODARA,-,-,Narmada,Narmada,Orsang,-,-,Orsang,22.26500000,73.72722222,03-08-2018 11:00,4.4
6292,6292,BODELI,CWC,24,Gujarat,461,Vadodara,VADODARA,-,-,Narmada,Narmada,Orsang,-,-,Orsang,22.26500000,73.72722222,03-08-2018 13:00,0.2
6293,6293,BODELI,CWC,24,Gujarat,461,Vadodara,VADODARA,-,-,Narmada,Narmada,Orsang,-,-,Orsang,22.26500000,73.72722222,04-08-2018 08:30,4.6
6294,6294,BODELI,CWC,24,Gujarat,461,Vadodara,VADODARA,-,-,Narmada,Narmada,Orsang,-,-,Orsang,22.26500000,73.72722222,07-08-2018 14:00,0.8
6295,6295,BODELI,CWC,24,Gujarat,461,Vadodara,VADODARA,-,-,Narmada,Narmada,Orsang,-,-,Orsang,22.26500000,73.72722222,08-08-2018 08:30,0.8
6296,6296,BODELI,CWC,24,Gujarat,461,Vadodara,VADODARA,-,-,Narmada,Narmada,Orsang,-,-,Orsang,22.26500000,73.72722222,08-08-2018 16:00,4
6297,6297,BODELI,CWC,24,Gujarat,461,Vadodara,VADODARA,-,-,Narmada,Narmada,Orsang,-,-,Orsang,22.26500000,73.72722222,08-08-2018 17:00,1.2
6298,6298,BODELI,CWC,24,Gujarat,461,Vadodara,VADODARA,-,-,Narmada,Narmada,Orsang,-,-,Orsang,22.26500000,73.72722222,08-08-2018 18:00,6
6299,6299,BODELI,CWC,24,Gujarat,461,Vadodara,VADODARA,-,-,Narmada,Narmada,Orsang,-,-,Orsang,22.26500000,73.72722222,09-08-2018 08:30,30.2
6300,6300,BODELI,CWC,24,Gujarat,461,Vadodara,VADODARA,-,-,Narmada,Narmada,Orsang,-,-,Orsang,22.26500000,73.72722222,09-08-2018 18:00,1.2
6301,6301,BODELI,CWC,24,Gujarat,461,Vadodara,VADODARA,-,-,Narmada,Narmada,Orsang,-,-,Orsang,22.26500000,73.72722222,09-08-2018 19:00,13.2
6302,6302,BODELI,CWC,24,Gujarat,461,Vadodara,VADODARA,-,-,Narmada,Narmada,Orsang,-,-,Orsang,22.26500000,73.72722222,09-08-2018 20:00,10
6303,6303,BODELI,CWC,24,Gujarat,461,Vadodara,VADODARA,-,-,Narmada,Narmada,Orsang,-,-,Orsang,22.26500000,73.72722222,09-08-2018 21:00,0.8
6304,6304,BODELI,CWC,24,Gujarat,461,Vadodara,VADODARA,-,-,Narmada,Narmada,Orsang,-,-,Orsang,22.26500000,73.72722222,10-08-2018 02:00,0.8
6305,6305,BODELI,CWC,24,Gujarat,461,Vadodara,VADODARA,-,-,Narmada,Narmada,Orsang,-,-,Orsang,22.26500000,73.72722222,10-08-2018 08:30,26
6306,6306,BODELI,CWC,24,Gujarat,461,Vadodara,VADODARA,-,-,Narmada,Narmada,Orsang,-,-,Orsang,22.26500000,73.72722222,11-08-2018 12:00,0.2
6307,6307,BODELI,CWC,24,Gujarat,461,Vadodara,VADODARA,-,-,Narmada,Narmada,Orsang,-,-,Orsang,22.26500000,73.72722222,11-08-2018 18:00,0.8
6308,6308,BODELI,CWC,24,Gujarat,461,Vadodara,VADODARA,-,-,Narmada,Narmada,Orsang,-,-,Orsang,22.26500000,73.72722222,12-08-2018 08:30,1
6309,6309,BODELI,CWC,24,Gujarat,461,Vadodara,VADODARA,-,-,Narmada,Narmada,Orsang,-,-,Orsang,22.26500000,73.72722222,12-08-2018 13:00,0.4
6310,6310,BODELI,CWC,24,Gujarat,461,Vadodara,VADODARA,-,-,Narmada,Narmada,Orsang,-,-,Orsang,22.26500000,73.72722222,12-08-2018 18:00,0.2
6311,6311,BODELI,CWC,24,Gujarat,461,Vadodara,VADODARA,-,-,Narmada,Narmada,Orsang,-,-,Orsang,22.26500000,73.72722222,13-08-2018 08:30,0.6
6312,6312,BODELI,CWC,24,Gujarat,461,Vadodara,VADODARA,-,-,Narmada,Narmada,Orsang,-,-,Orsang,22.26500000,73.72722222,14-08-2018 11:00,1.2
6313,6313,BODELI,CWC,24,Gujarat,461,Vadodara,VADODARA,-,-,Narmada,Narmada,Orsang,-,-,Orsang,22.26500000,73.72722222,15-08-2018 08:30,1.2
6314,6314,BODELI,CWC,24,Gujarat,461,Vadodara,VADODARA,-,-,Narmada,Narmada,Orsang,-,-,Orsang,22.26500000,73.72722222,17-08-2018 00:00,0.2
6315,6315,BODELI,CWC,24,Gujarat,461,Vadodara,VADODARA,-,-,Narmada,Narmada,Orsang,-,-,Orsang,22.26500000,73.72722222,17-08-2018 01:00,8.6
6316,6316,BODELI,CWC,24,Gujarat,461,Vadodara,VADODARA,-,-,Narmada,Narmada,Orsang,-,-,Orsang,22.26500000,73.72722222,17-08-2018 02:00,9.4
6317,6317,BODELI,CWC,24,Gujarat,461,Vadodara,VADODARA,-,-,Narmada,Narmada,Orsang,-,-,Orsang,22.26500000,73.72722222,17-08-2018 03:00,10.8
6318,6318,BODELI,CWC,24,Gujarat,461,Vadodara,VADODARA,-,-,Narmada,Narmada,Orsang,-,-,Orsang,22.26500000,73.72722222,17-08-2018 04:00,11.6
6319,6319,BODELI,CWC,24,Gujarat,461,Vadodara,VADODARA,-,-,Narmada,Narmada,Orsang,-,-,Orsang,22.26500000,73.72722222,17-08-2018 05:00,10.4
6320,6320,BODELI,CWC,24,Gujarat,461,Vadodara,VADODARA,-,-,Narmada,Narmada,Orsang,-,-,Orsang,22.26500000,73.72722222,17-08-2018 06:00,10.6
6321,6321,BODELI,CWC,24,Gujarat,461,Vadodara,VADODARA,-,-,Narmada,Narmada,Orsang,-,-,Orsang,22.26500000,73.72722222,17-08-2018 07:00,2.4
6322,6322,BODELI,CWC,24,Gujarat,461,Vadodara,VADODARA,-,-,Narmada,Narmada,Orsang,-,-,Orsang,22.26500000,73.72722222,17-08-2018 08:00,0.6
6323,6323,BODELI,CWC,24,Gujarat,461,Vadodara,VADODARA,-,-,Narmada,Narmada,Orsang,-,-,Orsang,22.26500000,73.72722222,17-08-2018 08:30,66.4
6324,6324,BODELI,CWC,24,Gujarat,461,Vadodara,VADODARA,-,-,Narmada,Narmada,Orsang,-,-,Orsang,22.26500000,73.72722222,17-08-2018 09:00,0.2
6325,6325,BODELI,CWC,24,Gujarat,461,Vadodara,VADODARA,-,-,Narmada,Narmada,Orsang,-,-,Orsang,22.26500000,73.72722222,17-08-2018 10:00,1.4
6326,6326,BODELI,CWC,24,Gujarat,461,Vadodara,VADODARA,-,-,Narmada,Narmada,Orsang,-,-,Orsang,22.26500000,73.72722222,17-08-2018 11:00,2.2
6327,6327,BODELI,CWC,24,Gujarat,461,Vadodara,VADODARA,-,-,Narmada,Narmada,Orsang,-,-,Orsang,22.26500000,73.72722222,17-08-2018 12:00,2.8
6328,6328,BODELI,CWC,24,Gujarat,461,Vadodara,VADODARA,-,-,Narmada,Narmada,Orsang,-,-,Orsang,22.26500000,73.72722222,17-08-2018 13:00,2.6
6329,6329,BODELI,CWC,24,Gujarat,461,Vadodara,VADODARA,-,-,Narmada,Narmada,Orsang,-,-,Orsang,22.26500000,73.72722222,17-08-2018 14:00,4.6
6330,6330,BODELI,CWC,24,Gujarat,461,Vadodara,VADODARA,-,-,Narmada,Narmada,Orsang,-,-,Orsang,22.26500000,73.72722222,17-08-2018 17:00,0.2
6331,6331,BODELI,CWC,24,Gujarat,461,Vadodara,VADODARA,-,-,Narmada,Narmada,Orsang,-,-,Orsang,22.26500000,73.72722222,17-08-2018 20:00,0.2
6332,6332,BODELI,CWC,24,Gujarat,461,Vadodara,VADODARA,-,-,Narmada,Narmada,Orsang,-,-,Orsang,22.26500000,73.72722222,17-08-2018 21:00,0.4
6333,6333,BODELI,CWC,24,Gujarat,461,Vadodara,VADODARA,-,-,Narmada,Narmada,Orsang,-,-,Orsang,22.26500000,73.72722222,17-08-2018 22:00,0.2
6334,6334,BODELI,CWC,24,Gujarat,461,Vadodara,VADODARA,-,-,Narmada,Narmada,Orsang,-,-,Orsang,22.26500000,73.72722222,17-08-2018 23:00,1.8
6335,6335,BODELI,CWC,24,Gujarat,461,Vadodara,VADODARA,-,-,Narmada,Narmada,Orsang,-,-,Orsang,22.26500000,73.72722222,18-08-2018 00:00,0.4
6336,6336,BODELI,CWC,24,Gujarat,461,Vadodara,VADODARA,-,-,Narmada,Narmada,Orsang,-,-,Orsang,22.26500000,73.72722222,18-08-2018 01:00,0.6
6337,6337,BODELI,CWC,24,Gujarat,461,Vadodara,VADODARA,-,-,Narmada,Narmada,Orsang,-,-,Orsang,22.26500000,73.72722222,18-08-2018 02:00,0.2
6338,6338,BODELI,CWC,24,Gujarat,461,Vadodara,VADODARA,-,-,Narmada,Narmada,Orsang,-,-,Orsang,22.26500000,73.72722222,18-08-2018 04:00,0.2
6339,6339,BODELI,CWC,24,Gujarat,461,Vadodara,VADODARA,-,-,Narmada,Narmada,Orsang,-,-,Orsang,22.26500000,73.72722222,18-08-2018 08:30,8
6340,6340,BODELI,CWC,24,Gujarat,461,Vadodara,VADODARA,-,-,Narmada,Narmada,Orsang,-,-,Orsang,22.26500000,73.72722222,19-08-2018 04:00,1.8
6341,6341,BODELI,CWC,24,Gujarat,461,Vadodara,VADODARA,-,-,Narmada,Narmada,Orsang,-,-,Orsang,22.26500000,73.72722222,19-08-2018 08:30,1.8
6342,6342,BODELI,CWC,24,Gujarat,461,Vadodara,VADODARA,-,-,Narmada,Narmada,Orsang,-,-,Orsang,22.26500000,73.72722222,20-08-2018 21:00,6.6
6343,6343,BODELI,CWC,24,Gujarat,461,Vadodara,VADODARA,-,-,Narmada,Narmada,Orsang,-,-,Orsang,22.26500000,73.72722222,20-08-2018 22:00,2.4
6344,6344,BODELI,CWC,24,Gujarat,461,Vadodara,VADODARA,-,-,Narmada,Narmada,Orsang,-,-,Orsang,22.26500000,73.72722222,20-08-2018 23:00,1.2
6345,6345,BODELI,CWC,24,Gujarat,461,Vadodara,VADODARA,-,-,Narmada,Narmada,Orsang,-,-,Orsang,22.26500000,73.72722222,21-08-2018 00:00,0.8
6346,6346,BODELI,CWC,24,Gujarat,461,Vadodara,VADODARA,-,-,Narmada,Narmada,Orsang,-,-,Orsang,22.26500000,73.72722222,21-08-2018 02:00,1.2
6347,6347,BODELI,CWC,24,Gujarat,461,Vadodara,VADODARA,-,-,Narmada,Narmada,Orsang,-,-,Orsang,22.26500000,73.72722222,21-08-2018 04:00,2.6
6348,6348,BODELI,CWC,24,Gujarat,461,Vadodara,VADODARA,-,-,Narmada,Narmada,Orsang,-,-,Orsang,22.26500000,73.72722222,21-08-2018 05:00,4
6349,6349,BODELI,CWC,24,Gujarat,461,Vadodara,VADODARA,-,-,Narmada,Narmada,Orsang,-,-,Orsang,22.26500000,73.72722222,21-08-2018 06:00,5.4
6350,6350,BODELI,CWC,24,Gujarat,461,Vadodara,VADODARA,-,-,Narmada,Narmada,Orsang,-,-,Orsang,22.26500000,73.72722222,21-08-2018 07:00,5
6351,6351,BODELI,CWC,24,Gujarat,461,Vadodara,VADODARA,-,-,Narmada,Narmada,Orsang,-,-,Orsang,22.26500000,73.72722222,21-08-2018 08:00,5
6352,6352,BODELI,CWC,24,Gujarat,461,Vadodara,VADODARA,-,-,Narmada,Narmada,Orsang,-,-,Orsang,22.26500000,73.72722222,21-08-2018 08:30,34.2
6353,6353,BODELI,CWC,24,Gujarat,461,Vadodara,VADODARA,-,-,Narmada,Narmada,Orsang,-,-,Orsang,22.26500000,73.72722222,21-08-2018 09:00,1
6354,6354,BODELI,CWC,24,Gujarat,461,Vadodara,VADODARA,-,-,Narmada,Narmada,Orsang,-,-,Orsang,22.26500000,73.72722222,21-08-2018 11:00,0.8
6355,6355,BODELI,CWC,24,Gujarat,461,Vadodara,VADODARA,-,-,Narmada,Narmada,Orsang,-,-,Orsang,22.26500000,73.72722222,21-08-2018 12:00,1.2
6356,6356,BODELI,CWC,24,Gujarat,461,Vadodara,VADODARA,-,-,Narmada,Narmada,Orsang,-,-,Orsang,22.26500000,73.72722222,21-08-2018 13:00,2
6357,6357,BODELI,CWC,24,Gujarat,461,Vadodara,VADODARA,-,-,Narmada,Narmada,Orsang,-,-,Orsang,22.26500000,73.72722222,21-08-2018 14:00,3.2
6358,6358,BODELI,CWC,24,Gujarat,461,Vadodara,VADODARA,-,-,Narmada,Narmada,Orsang,-,-,Orsang,22.26500000,73.72722222,21-08-2018 15:00,4.2
6359,6359,BODELI,CWC,24,Gujarat,461,Vadodara,VADODARA,-,-,Narmada,Narmada,Orsang,-,-,Orsang,22.26500000,73.72722222,21-08-2018 16:00,2.8
6360,6360,BODELI,CWC,24,Gujarat,461,Vadodara,VADODARA,-,-,Narmada,Narmada,Orsang,-,-,Orsang,22.26500000,73.72722222,21-08-2018 17:00,3
6361,6361,BODELI,CWC,24,Gujarat,461,Vadodara,VADODARA,-,-,Narmada,Narmada,Orsang,-,-,Orsang,22.26500000,73.72722222,21-08-2018 18:00,2
6362,6362,BODELI,CWC,24,Gujarat,461,Vadodara,VADODARA,-,-,Narmada,Narmada,Orsang,-,-,Orsang,22.26500000,73.72722222,21-08-2018 19:00,7
6363,6363,BODELI,CWC,24,Gujarat,461,Vadodara,VADODARA,-,-,Narmada,Narmada,Orsang,-,-,Orsang,22.26500000,73.72722222,21-08-2018 20:00,4.2
6364,6364,BODELI,CWC,24,Gujarat,461,Vadodara,VADODARA,-,-,Narmada,Narmada,Orsang,-,-,Orsang,22.26500000,73.72722222,21-08-2018 21:00,3.4
6365,6365,BODELI,CWC,24,Gujarat,461,Vadodara,VADODARA,-,-,Narmada,Narmada,Orsang,-,-,Orsang,22.26500000,73.72722222,21-08-2018 22:00,1.4
6366,6366,BODELI,CWC,24,Gujarat,461,Vadodara,VADODARA,-,-,Narmada,Narmada,Orsang,-,-,Orsang,22.26500000,73.72722222,21-08-2018 23:00,1.2
6367,6367,BODELI,CWC,24,Gujarat,461,Vadodara,VADODARA,-,-,Narmada,Narmada,Orsang,-,-,Orsang,22.26500000,73.72722222,22-08-2018 02:00,0.8
6368,6368,BODELI,CWC,24,Gujarat,461,Vadodara,VADODARA,-,-,Narmada,Narmada,Orsang,-,-,Orsang,22.26500000,73.72722222,22-08-2018 05:00,0.4
6369,6369,BODELI,CWC,24,Gujarat,461,Vadodara,VADODARA,-,-,Narmada,Narmada,Orsang,-,-,Orsang,22.26500000,73.72722222,22-08-2018 08:30,38.6
6370,6370,BODELI,CWC,24,Gujarat,461,Vadodara,VADODARA,-,-,Narmada,Narmada,Orsang,-,-,Orsang,22.26500000,73.72722222,23-08-2018 14:00,0.6
6371,6371,BODELI,CWC,24,Gujarat,461,Vadodara,VADODARA,-,-,Narmada,Narmada,Orsang,-,-,Orsang,22.26500000,73.72722222,23-08-2018 18:00,1.8
6372,6372,BODELI,CWC,24,Gujarat,461,Vadodara,VADODARA,-,-,Narmada,Narmada,Orsang,-,-,Orsang,22.26500000,73.72722222,24-08-2018 08:30,2.4
6373,6373,BODELI,CWC,24,Gujarat,461,Vadodara,VADODARA,-,-,Narmada,Narmada,Orsang,-,-,Orsang,22.26500000,73.72722222,24-08-2018 18:00,0.8
6374,6374,BODELI,CWC,24,Gujarat,461,Vadodara,VADODARA,-,-,Narmada,Narmada,Orsang,-,-,Orsang,22.26500000,73.72722222,24-08-2018 19:00,3.2
6375,6375,BODELI,CWC,24,Gujarat,461,Vadodara,VADODARA,-,-,Narmada,Narmada,Orsang,-,-,Orsang,22.26500000,73.72722222,25-08-2018 08:30,4
6376,6376,BODELI,CWC,24,Gujarat,461,Vadodara,VADODARA,-,-,Narmada,Narmada,Orsang,-,-,Orsang,22.26500000,73.72722222,25-08-2018 15:00,0.8
6377,6377,BODELI,CWC,24,Gujarat,461,Vadodara,VADODARA,-,-,Narmada,Narmada,Orsang,-,-,Orsang,22.26500000,73.72722222,25-08-2018 21:00,0.4
6378,6378,BODELI,CWC,24,Gujarat,461,Vadodara,VADODARA,-,-,Narmada,Narmada,Orsang,-,-,Orsang,22.26500000,73.72722222,26-08-2018 08:30,1.2
6379,6379,BODELI,CWC,24,Gujarat,461,Vadodara,VADODARA,-,-,Narmada,Narmada,Orsang,-,-,Orsang,22.26500000,73.72722222,26-08-2018 12:00,1.4
6380,6380,BODELI,CWC,24,Gujarat,461,Vadodara,VADODARA,-,-,Narmada,Narmada,Orsang,-,-,Orsang,22.26500000,73.72722222,26-08-2018 13:00,3.4
6381,6381,BODELI,CWC,24,Gujarat,461,Vadodara,VADODARA,-,-,Narmada,Narmada,Orsang,-,-,Orsang,22.26500000,73.72722222,26-08-2018 14:00,2
6382,6382,BODELI,CWC,24,Gujarat,461,Vadodara,VADODARA,-,-,Narmada,Narmada,Orsang,-,-,Orsang,22.26500000,73.72722222,26-08-2018 16:00,1.6
6383,6383,BODELI,CWC,24,Gujarat,461,Vadodara,VADODARA,-,-,Narmada,Narmada,Orsang,-,-,Orsang,22.26500000,73.72722222,27-08-2018 08:30,8.4
6384,6384,BODELI,CWC,24,Gujarat,461,Vadodara,VADODARA,-,-,Narmada,Narmada,Orsang,-,-,Orsang,22.26500000,73.72722222,27-08-2018 18:00,1
6385,6385,BODELI,CWC,24,Gujarat,461,Vadodara,VADODARA,-,-,Narmada,Narmada,Orsang,-,-,Orsang,22.26500000,73.72722222,27-08-2018 19:00,0.4
6386,6386,BODELI,CWC,24,Gujarat,461,Vadodara,VADODARA,-,-,Narmada,Narmada,Orsang,-,-,Orsang,22.26500000,73.72722222,28-08-2018 08:30,1.4
6387,6387,BODELI,CWC,24,Gujarat,461,Vadodara,VADODARA,-,-,Narmada,Narmada,Orsang,-,-,Orsang,22.26500000,73.72722222,29-08-2018 15:00,0.6
6388,6388,BODELI,CWC,24,Gujarat,461,Vadodara,VADODARA,-,-,Narmada,Narmada,Orsang,-,-,Orsang,22.26500000,73.72722222,29-08-2018 17:00,0.4
6389,6389,BODELI,CWC,24,Gujarat,461,Vadodara,VADODARA,-,-,Narmada,Narmada,Orsang,-,-,Orsang,22.26500000,73.72722222,30-08-2018 08:00,0.2
6390,6390,BODELI,CWC,24,Gujarat,461,Vadodara,VADODARA,-,-,Narmada,Narmada,Orsang,-,-,Orsang,22.26500000,73.72722222,30-08-2018 08:30,1.2
6391,6391,BODELI,CWC,24,Gujarat,461,Vadodara,VADODARA,-,-,Narmada,Narmada,Orsang,-,-,Orsang,22.26500000,73.72722222,30-08-2018 09:00,0.2
6392,6392,BODELI,CWC,24,Gujarat,461,Vadodara,VADODARA,-,-,Narmada,Narmada,Orsang,-,-,Orsang,22.26500000,73.72722222,31-08-2018 08:30,0.2
6393,6393,BODELI,CWC,24,Gujarat,461,Vadodara,VADODARA,-,-,Narmada,Narmada,Orsang,-,-,Orsang,22.26500000,73.72722222,01-09-2018 08:30,1.4
6394,6394,BODELI,CWC,24,Gujarat,461,Vadodara,VADODARA,-,-,Narmada,Narmada,Orsang,-,-,Orsang,22.26500000,73.72722222,01-09-2018 21:00,2.6
6395,6395,BODELI,CWC,24,Gujarat,461,Vadodara,VADODARA,-,-,Narmada,Narmada,Orsang,-,-,Orsang,22.26500000,73.72722222,01-09-2018 22:00,0.2
6396,6396,BODELI,CWC,24,Gujarat,461,Vadodara,VADODARA,-,-,Narmada,Narmada,Orsang,-,-,Orsang,22.26500000,73.72722222,02-09-2018 08:30,2.8
6397,6397,BODELI,CWC,24,Gujarat,461,Vadodara,VADODARA,-,-,Narmada,Narmada,Orsang,-,-,Orsang,22.26500000,73.72722222,02-09-2018 15:00,0.4
6398,6398,BODELI,CWC,24,Gujarat,461,Vadodara,VADODARA,-,-,Narmada,Narmada,Orsang,-,-,Orsang,22.26500000,73.72722222,03-09-2018 08:30,0.4
6399,6399,BODELI,CWC,24,Gujarat,461,Vadodara,VADODARA,-,-,Narmada,Narmada,Orsang,-,-,Orsang,22.26500000,73.72722222,03-09-2018 09:00,0.2
6400,6400,BODELI,CWC,24,Gujarat,461,Vadodara,VADODARA,-,-,Narmada,Narmada,Orsang,-,-,Orsang,22.26500000,73.72722222,03-09-2018 10:00,0.4
6401,6401,BODELI,CWC,24,Gujarat,461,Vadodara,VADODARA,-,-,Narmada,Narmada,Orsang,-,-,Orsang,22.26500000,73.72722222,03-09-2018 19:00,1.8
6402,6402,BODELI,CWC,24,Gujarat,461,Vadodara,VADODARA,-,-,Narmada,Narmada,Orsang,-,-,Orsang,22.26500000,73.72722222,04-09-2018 01:00,0.6
6403,6403,BODELI,CWC,24,Gujarat,461,Vadodara,VADODARA,-,-,Narmada,Narmada,Orsang,-,-,Orsang,22.26500000,73.72722222,04-09-2018 02:00,1.8
6404,6404,BODELI,CWC,24,Gujarat,461,Vadodara,VADODARA,-,-,Narmada,Narmada,Orsang,-,-,Orsang,22.26500000,73.72722222,04-09-2018 03:00,2.2
6405,6405,BODELI,CWC,24,Gujarat,461,Vadodara,VADODARA,-,-,Narmada,Narmada,Orsang,-,-,Orsang,22.26500000,73.72722222,04-09-2018 04:00,0.8
6406,6406,BODELI,CWC,24,Gujarat,461,Vadodara,VADODARA,-,-,Narmada,Narmada,Orsang,-,-,Orsang,22.26500000,73.72722222,04-09-2018 08:30,8.2
6407,6407,BODELI,CWC,24,Gujarat,461,Vadodara,VADODARA,-,-,Narmada,Narmada,Orsang,-,-,Orsang,22.26500000,73.72722222,04-09-2018 14:00,0.2
6408,6408,BODELI,CWC,24,Gujarat,461,Vadodara,VADODARA,-,-,Narmada,Narmada,Orsang,-,-,Orsang,22.26500000,73.72722222,05-09-2018 08:30,0.2
6409,6409,BODELI,CWC,24,Gujarat,461,Vadodara,VADODARA,-,-,Narmada,Narmada,Orsang,-,-,Orsang,22.26500000,73.72722222,10-09-2018 08:30,0.4
6410,6410,BODELI,CWC,24,Gujarat,461,Vadodara,VADODARA,-,-,Narmada,Narmada,Orsang,-,-,Orsang,22.26500000,73.72722222,11-09-2018 08:30,0.2
6411,6411,BODELI,CWC,24,Gujarat,461,Vadodara,VADODARA,-,-,Narmada,Narmada,Orsang,-,-,Orsang,22.26500000,73.72722222,22-09-2018 13:00,10
6412,6412,BODELI,CWC,24,Gujarat,461,Vadodara,VADODARA,-,-,Narmada,Narmada,Orsang,-,-,Orsang,22.26500000,73.72722222,22-09-2018 14:00,5.4
6413,6413,BODELI,CWC,24,Gujarat,461,Vadodara,VADODARA,-,-,Narmada,Narmada,Orsang,-,-,Orsang,22.26500000,73.72722222,22-09-2018 15:00,5.4
6414,6414,BODELI,CWC,24,Gujarat,461,Vadodara,VADODARA,-,-,Narmada,Narmada,Orsang,-,-,Orsang,22.26500000,73.72722222,22-09-2018 16:00,4.8
6415,6415,BODELI,CWC,24,Gujarat,461,Vadodara,VADODARA,-,-,Narmada,Narmada,Orsang,-,-,Orsang,22.26500000,73.72722222,22-09-2018 17:00,5
6416,6416,BODELI,CWC,24,Gujarat,461,Vadodara,VADODARA,-,-,Narmada,Narmada,Orsang,-,-,Orsang,22.26500000,73.72722222,22-09-2018 18:00,3
6417,6417,BODELI,CWC,24,Gujarat,461,Vadodara,VADODARA,-,-,Narmada,Narmada,Orsang,-,-,Orsang,22.26500000,73.72722222,22-09-2018 19:00,3
6418,6418,BODELI,CWC,24,Gujarat,461,Vadodara,VADODARA,-,-,Narmada,Narmada,Orsang,-,-,Orsang,22.26500000,73.72722222,22-09-2018 20:00,6.6
6419,6419,BODELI,CWC,24,Gujarat,461,Vadodara,VADODARA,-,-,Narmada,Narmada,Orsang,-,-,Orsang,22.26500000,73.72722222,22-09-2018 21:00,5.2
6420,6420,BODELI,CWC,24,Gujarat,461,Vadodara,VADODARA,-,-,Narmada,Narmada,Orsang,-,-,Orsang,22.26500000,73.72722222,22-09-2018 22:00,4.2
6421,6421,BODELI,CWC,24,Gujarat,461,Vadodara,VADODARA,-,-,Narmada,Narmada,Orsang,-,-,Orsang,22.26500000,73.72722222,22-09-2018 23:00,1.8
6422,6422,BODELI,CWC,24,Gujarat,461,Vadodara,VADODARA,-,-,Narmada,Narmada,Orsang,-,-,Orsang,22.26500000,73.72722222,23-09-2018 00:00,4
6423,6423,BODELI,CWC,24,Gujarat,461,Vadodara,VADODARA,-,-,Narmada,Narmada,Orsang,-,-,Orsang,22.26500000,73.72722222,23-09-2018 01:00,0.8
6424,6424,BODELI,CWC,24,Gujarat,461,Vadodara,VADODARA,-,-,Narmada,Narmada,Orsang,-,-,Orsang,22.26500000,73.72722222,23-09-2018 06:00,0.4
6425,6425,BODELI,CWC,24,Gujarat,461,Vadodara,VADODARA,-,-,Narmada,Narmada,Orsang,-,-,Orsang,22.26500000,73.72722222,23-09-2018 08:30,59.8
6426,6426,BODELI,CWC,24,Gujarat,461,Vadodara,VADODARA,-,-,Narmada,Narmada,Orsang,-,-,Orsang,22.26500000,73.72722222,12-06-2019 20:00,1.4
6427,6427,BODELI,CWC,24,Gujarat,461,Vadodara,VADODARA,-,-,Narmada,Narmada,Orsang,-,-,Orsang,22.26500000,73.72722222,13-06-2019 08:30,1.4
6428,6428,BODELI,CWC,24,Gujarat,461,Vadodara,VADODARA,-,-,Narmada,Narmada,Orsang,-,-,Orsang,22.26500000,73.72722222,15-06-2019 08:30,73.64
6429,6429,BODELI,CWC,24,Gujarat,461,Vadodara,VADODARA,-,-,Narmada,Narmada,Orsang,-,-,Orsang,22.26500000,73.72722222,22-06-2019 22:00,2
6430,6430,BODELI,CWC,24,Gujarat,461,Vadodara,VADODARA,-,-,Narmada,Narmada,Orsang,-,-,Orsang,22.26500000,73.72722222,22-06-2019 23:00,2
6431,6431,BODELI,CWC,24,Gujarat,461,Vadodara,VADODARA,-,-,Narmada,Narmada,Orsang,-,-,Orsang,22.26500000,73.72722222,23-06-2019 00:00,1
6432,6432,BODELI,CWC,24,Gujarat,461,Vadodara,VADODARA,-,-,Narmada,Narmada,Orsang,-,-,Orsang,22.26500000,73.72722222,23-06-2019 08:30,17.2
6433,6433,BODELI,CWC,24,Gujarat,461,Vadodara,VADODARA,-,-,Narmada,Narmada,Orsang,-,-,Orsang,22.26500000,73.72722222,23-06-2019 22:00,0.6
6434,6434,BODELI,CWC,24,Gujarat,461,Vadodara,VADODARA,-,-,Narmada,Narmada,Orsang,-,-,Orsang,22.26500000,73.72722222,24-06-2019 08:30,0.6
6435,6435,BODELI,CWC,24,Gujarat,461,Vadodara,VADODARA,-,-,Narmada,Narmada,Orsang,-,-,Orsang,22.26500000,73.72722222,25-06-2019 04:00,2
6436,6436,BODELI,CWC,24,Gujarat,461,Vadodara,VADODARA,-,-,Narmada,Narmada,Orsang,-,-,Orsang,22.26500000,73.72722222,25-06-2019 05:00,40
6437,6437,BODELI,CWC,24,Gujarat,461,Vadodara,VADODARA,-,-,Narmada,Narmada,Orsang,-,-,Orsang,22.26500000,73.72722222,25-06-2019 06:00,10.6
6438,6438,BODELI,CWC,24,Gujarat,461,Vadodara,VADODARA,-,-,Narmada,Narmada,Orsang,-,-,Orsang,22.26500000,73.72722222,25-06-2019 07:00,3.8
6439,6439,BODELI,CWC,24,Gujarat,461,Vadodara,VADODARA,-,-,Narmada,Narmada,Orsang,-,-,Orsang,22.26500000,73.72722222,25-06-2019 08:00,3
6440,6440,BODELI,CWC,24,Gujarat,461,Vadodara,VADODARA,-,-,Narmada,Narmada,Orsang,-,-,Orsang,22.26500000,73.72722222,25-06-2019 08:30,59.4
6441,6441,BODELI,CWC,24,Gujarat,461,Vadodara,VADODARA,-,-,Narmada,Narmada,Orsang,-,-,Orsang,22.26500000,73.72722222,28-06-2019 04:00,9.2
6442,6442,BODELI,CWC,24,Gujarat,461,Vadodara,VADODARA,-,-,Narmada,Narmada,Orsang,-,-,Orsang,22.26500000,73.72722222,28-06-2019 05:00,5.4
6443,6443,BODELI,CWC,24,Gujarat,461,Vadodara,VADODARA,-,-,Narmada,Narmada,Orsang,-,-,Orsang,22.26500000,73.72722222,28-06-2019 07:00,2.6
6444,6444,BODELI,CWC,24,Gujarat,461,Vadodara,VADODARA,-,-,Narmada,Narmada,Orsang,-,-,Orsang,22.26500000,73.72722222,28-06-2019 08:00,2
6445,6445,BODELI,CWC,24,Gujarat,461,Vadodara,VADODARA,-,-,Narmada,Narmada,Orsang,-,-,Orsang,22.26500000,73.72722222,28-06-2019 08:30,19.2
6446,6446,BODELI,CWC,24,Gujarat,461,Vadodara,VADODARA,-,-,Narmada,Narmada,Orsang,-,-,Orsang,22.26500000,73.72722222,28-06-2019 09:00,5.2
6447,6447,BODELI,CWC,24,Gujarat,461,Vadodara,VADODARA,-,-,Narmada,Narmada,Orsang,-,-,Orsang,22.26500000,73.72722222,28-06-2019 12:00,0.2
6448,6448,BODELI,CWC,24,Gujarat,461,Vadodara,VADODARA,-,-,Narmada,Narmada,Orsang,-,-,Orsang,22.26500000,73.72722222,29-06-2019 08:30,5.6
6449,6449,BODELI,CWC,24,Gujarat,461,Vadodara,VADODARA,-,-,Narmada,Narmada,Orsang,-,-,Orsang,22.26500000,73.72722222,29-06-2019 09:00,1
6450,6450,BODELI,CWC,24,Gujarat,461,Vadodara,VADODARA,-,-,Narmada,Narmada,Orsang,-,-,Orsang,22.26500000,73.72722222,29-06-2019 10:00,7
6451,6451,BODELI,CWC,24,Gujarat,461,Vadodara,VADODARA,-,-,Narmada,Narmada,Orsang,-,-,Orsang,22.26500000,73.72722222,29-06-2019 11:00,8
6452,6452,BODELI,CWC,24,Gujarat,461,Vadodara,VADODARA,-,-,Narmada,Narmada,Orsang,-,-,Orsang,22.26500000,73.72722222,29-06-2019 12:00,5.4
6453,6453,BODELI,CWC,24,Gujarat,461,Vadodara,VADODARA,-,-,Narmada,Narmada,Orsang,-,-,Orsang,22.26500000,73.72722222,29-06-2019 13:00,1
6454,6454,BODELI,CWC,24,Gujarat,461,Vadodara,VADODARA,-,-,Narmada,Narmada,Orsang,-,-,Orsang,22.26500000,73.72722222,30-06-2019 08:30,22.6
6455,6455,BODELI,CWC,24,Gujarat,461,Vadodara,VADODARA,-,-,Narmada,Narmada,Orsang,-,-,Orsang,22.26500000,73.72722222,30-06-2019 22:00,22
6456,6456,BODELI,CWC,24,Gujarat,461,Vadodara,VADODARA,-,-,Narmada,Narmada,Orsang,-,-,Orsang,22.26500000,73.72722222,30-06-2019 23:00,7.2
6457,6457,BODELI,CWC,24,Gujarat,461,Vadodara,VADODARA,-,-,Narmada,Narmada,Orsang,-,-,Orsang,22.26500000,73.72722222,01-07-2019 00:00,0.6
6458,6458,BODELI,CWC,24,Gujarat,461,Vadodara,VADODARA,-,-,Narmada,Narmada,Orsang,-,-,Orsang,22.26500000,73.72722222,01-07-2019 01:00,3
6459,6459,BODELI,CWC,24,Gujarat,461,Vadodara,VADODARA,-,-,Narmada,Narmada,Orsang,-,-,Orsang,22.26500000,73.72722222,01-07-2019 08:30,32.8
6460,6460,BODELI,CWC,24,Gujarat,461,Vadodara,VADODARA,-,-,Narmada,Narmada,Orsang,-,-,Orsang,22.26500000,73.72722222,01-07-2019 10:00,0.4
6461,6461,BODELI,CWC,24,Gujarat,461,Vadodara,VADODARA,-,-,Narmada,Narmada,Orsang,-,-,Orsang,22.26500000,73.72722222,02-07-2019 08:30,0.4
6462,6462,BODELI,CWC,24,Gujarat,461,Vadodara,VADODARA,-,-,Narmada,Narmada,Orsang,-,-,Orsang,22.26500000,73.72722222,03-07-2019 09:00,3
6463,6463,BODELI,CWC,24,Gujarat,461,Vadodara,VADODARA,-,-,Narmada,Narmada,Orsang,-,-,Orsang,22.26500000,73.72722222,03-07-2019 10:00,0.8
6464,6464,BODELI,CWC,24,Gujarat,461,Vadodara,VADODARA,-,-,Narmada,Narmada,Orsang,-,-,Orsang,22.26500000,73.72722222,03-07-2019 14:00,8.4
6465,6465,BODELI,CWC,24,Gujarat,461,Vadodara,VADODARA,-,-,Narmada,Narmada,Orsang,-,-,Orsang,22.26500000,73.72722222,03-07-2019 15:00,1
6466,6466,BODELI,CWC,24,Gujarat,461,Vadodara,VADODARA,-,-,Narmada,Narmada,Orsang,-,-,Orsang,22.26500000,73.72722222,04-07-2019 06:00,0.4
6467,6467,BODELI,CWC,24,Gujarat,461,Vadodara,VADODARA,-,-,Narmada,Narmada,Orsang,-,-,Orsang,22.26500000,73.72722222,04-07-2019 07:00,34
6468,6468,BODELI,CWC,24,Gujarat,461,Vadodara,VADODARA,-,-,Narmada,Narmada,Orsang,-,-,Orsang,22.26500000,73.72722222,04-07-2019 08:00,20
6469,6469,BODELI,CWC,24,Gujarat,461,Vadodara,VADODARA,-,-,Narmada,Narmada,Orsang,-,-,Orsang,22.26500000,73.72722222,04-07-2019 08:30,67.6
6470,6470,BODELI,CWC,24,Gujarat,461,Vadodara,VADODARA,-,-,Narmada,Narmada,Orsang,-,-,Orsang,22.26500000,73.72722222,04-07-2019 09:00,17.6
6471,6471,BODELI,CWC,24,Gujarat,461,Vadodara,VADODARA,-,-,Narmada,Narmada,Orsang,-,-,Orsang,22.26500000,73.72722222,04-07-2019 10:00,4
6472,6472,BODELI,CWC,24,Gujarat,461,Vadodara,VADODARA,-,-,Narmada,Narmada,Orsang,-,-,Orsang,22.26500000,73.72722222,04-07-2019 11:00,3
6473,6473,BODELI,CWC,24,Gujarat,461,Vadodara,VADODARA,-,-,Narmada,Narmada,Orsang,-,-,Orsang,22.26500000,73.72722222,04-07-2019 12:00,3
6474,6474,BODELI,CWC,24,Gujarat,461,Vadodara,VADODARA,-,-,Narmada,Narmada,Orsang,-,-,Orsang,22.26500000,73.72722222,04-07-2019 13:00,6.4
6475,6475,BODELI,CWC,24,Gujarat,461,Vadodara,VADODARA,-,-,Narmada,Narmada,Orsang,-,-,Orsang,22.26500000,73.72722222,04-07-2019 14:00,4.6
6476,6476,BODELI,CWC,24,Gujarat,461,Vadodara,VADODARA,-,-,Narmada,Narmada,Orsang,-,-,Orsang,22.26500000,73.72722222,04-07-2019 15:00,0.4
6477,6477,BODELI,CWC,24,Gujarat,461,Vadodara,VADODARA,-,-,Narmada,Narmada,Orsang,-,-,Orsang,22.26500000,73.72722222,04-07-2019 16:00,0.4
6478,6478,BODELI,CWC,24,Gujarat,461,Vadodara,VADODARA,-,-,Narmada,Narmada,Orsang,-,-,Orsang,22.26500000,73.72722222,05-07-2019 01:00,2.4
6479,6479,BODELI,CWC,24,Gujarat,461,Vadodara,VADODARA,-,-,Narmada,Narmada,Orsang,-,-,Orsang,22.26500000,73.72722222,05-07-2019 02:00,4.2
6480,6480,BODELI,CWC,24,Gujarat,461,Vadodara,VADODARA,-,-,Narmada,Narmada,Orsang,-,-,Orsang,22.26500000,73.72722222,05-07-2019 03:00,3
6481,6481,BODELI,CWC,24,Gujarat,461,Vadodara,VADODARA,-,-,Narmada,Narmada,Orsang,-,-,Orsang,22.26500000,73.72722222,05-07-2019 05:00,0.4
6482,6482,BODELI,CWC,24,Gujarat,461,Vadodara,VADODARA,-,-,Narmada,Narmada,Orsang,-,-,Orsang,22.26500000,73.72722222,05-07-2019 07:00,0.6
6483,6483,BODELI,CWC,24,Gujarat,461,Vadodara,VADODARA,-,-,Narmada,Narmada,Orsang,-,-,Orsang,22.26500000,73.72722222,05-07-2019 08:00,0.6
6484,6484,BODELI,CWC,24,Gujarat,461,Vadodara,VADODARA,-,-,Narmada,Narmada,Orsang,-,-,Orsang,22.26500000,73.72722222,05-07-2019 08:30,50.6
6485,6485,BODELI,CWC,24,Gujarat,461,Vadodara,VADODARA,-,-,Narmada,Narmada,Orsang,-,-,Orsang,22.26500000,73.72722222,05-07-2019 14:00,2.4
6486,6486,BODELI,CWC,24,Gujarat,461,Vadodara,VADODARA,-,-,Narmada,Narmada,Orsang,-,-,Orsang,22.26500000,73.72722222,05-07-2019 15:00,30
6487,6487,BODELI,CWC,24,Gujarat,461,Vadodara,VADODARA,-,-,Narmada,Narmada,Orsang,-,-,Orsang,22.26500000,73.72722222,05-07-2019 17:00,7
6488,6488,BODELI,CWC,24,Gujarat,461,Vadodara,VADODARA,-,-,Narmada,Narmada,Orsang,-,-,Orsang,22.26500000,73.72722222,05-07-2019 18:00,12
6489,6489,BODELI,CWC,24,Gujarat,461,Vadodara,VADODARA,-,-,Narmada,Narmada,Orsang,-,-,Orsang,22.26500000,73.72722222,05-07-2019 19:00,34.4
6490,6490,BODELI,CWC,24,Gujarat,461,Vadodara,VADODARA,-,-,Narmada,Narmada,Orsang,-,-,Orsang,22.26500000,73.72722222,05-07-2019 20:00,6.2
6491,6491,BODELI,CWC,24,Gujarat,461,Vadodara,VADODARA,-,-,Narmada,Narmada,Orsang,-,-,Orsang,22.26500000,73.72722222,05-07-2019 21:00,2.6
6492,6492,BODELI,CWC,24,Gujarat,461,Vadodara,VADODARA,-,-,Narmada,Narmada,Orsang,-,-,Orsang,22.26500000,73.72722222,06-07-2019 03:00,0.4
6493,6493,BODELI,CWC,24,Gujarat,461,Vadodara,VADODARA,-,-,Narmada,Narmada,Orsang,-,-,Orsang,22.26500000,73.72722222,06-07-2019 05:00,0.4
6494,6494,BODELI,CWC,24,Gujarat,461,Vadodara,VADODARA,-,-,Narmada,Narmada,Orsang,-,-,Orsang,22.26500000,73.72722222,06-07-2019 06:00,0.6
6495,6495,BODELI,CWC,24,Gujarat,461,Vadodara,VADODARA,-,-,Narmada,Narmada,Orsang,-,-,Orsang,22.26500000,73.72722222,06-07-2019 07:00,2.4
6496,6496,BODELI,CWC,24,Gujarat,461,Vadodara,VADODARA,-,-,Narmada,Narmada,Orsang,-,-,Orsang,22.26500000,73.72722222,06-07-2019 08:00,3
6497,6497,BODELI,CWC,24,Gujarat,461,Vadodara,VADODARA,-,-,Narmada,Narmada,Orsang,-,-,Orsang,22.26500000,73.72722222,06-07-2019 08:30,101.6
6498,6498,BODELI,CWC,24,Gujarat,461,Vadodara,VADODARA,-,-,Narmada,Narmada,Orsang,-,-,Orsang,22.26500000,73.72722222,06-07-2019 09:00,2
6499,6499,BODELI,CWC,24,Gujarat,461,Vadodara,VADODARA,-,-,Narmada,Narmada,Orsang,-,-,Orsang,22.26500000,73.72722222,06-07-2019 10:00,0.2
6500,6500,BODELI,CWC,24,Gujarat,461,Vadodara,VADODARA,-,-,Narmada,Narmada,Orsang,-,-,Orsang,22.26500000,73.72722222,06-07-2019 18:00,11.2
6501,6501,BODELI,CWC,24,Gujarat,461,Vadodara,VADODARA,-,-,Narmada,Narmada,Orsang,-,-,Orsang,22.26500000,73.72722222,06-07-2019 19:00,2
6502,6502,BODELI,CWC,24,Gujarat,461,Vadodara,VADODARA,-,-,Narmada,Narmada,Orsang,-,-,Orsang,22.26500000,73.72722222,06-07-2019 20:00,1.2
6503,6503,BODELI,CWC,24,Gujarat,461,Vadodara,VADODARA,-,-,Narmada,Narmada,Orsang,-,-,Orsang,22.26500000,73.72722222,06-07-2019 23:00,0.8
6504,6504,BODELI,CWC,24,Gujarat,461,Vadodara,VADODARA,-,-,Narmada,Narmada,Orsang,-,-,Orsang,22.26500000,73.72722222,07-07-2019 03:00,0.4
6505,6505,BODELI,CWC,24,Gujarat,461,Vadodara,VADODARA,-,-,Narmada,Narmada,Orsang,-,-,Orsang,22.26500000,73.72722222,07-07-2019 04:00,9.2
6506,6506,BODELI,CWC,24,Gujarat,461,Vadodara,VADODARA,-,-,Narmada,Narmada,Orsang,-,-,Orsang,22.26500000,73.72722222,07-07-2019 05:00,4
6507,6507,BODELI,CWC,24,Gujarat,461,Vadodara,VADODARA,-,-,Narmada,Narmada,Orsang,-,-,Orsang,22.26500000,73.72722222,07-07-2019 08:30,31.4
6508,6508,BODELI,CWC,24,Gujarat,461,Vadodara,VADODARA,-,-,Narmada,Narmada,Orsang,-,-,Orsang,22.26500000,73.72722222,07-07-2019 16:00,1.6
6509,6509,BODELI,CWC,24,Gujarat,461,Vadodara,VADODARA,-,-,Narmada,Narmada,Orsang,-,-,Orsang,22.26500000,73.72722222,08-07-2019 08:30,1.6
6510,6510,BODELI,CWC,24,Gujarat,461,Vadodara,VADODARA,-,-,Narmada,Narmada,Orsang,-,-,Orsang,22.26500000,73.72722222,10-07-2019 10:00,0.4
6511,6511,BODELI,CWC,24,Gujarat,461,Vadodara,VADODARA,-,-,Narmada,Narmada,Orsang,-,-,Orsang,22.26500000,73.72722222,11-07-2019 08:30,0.4
6512,6512,BODELI,CWC,24,Gujarat,461,Vadodara,VADODARA,-,-,Narmada,Narmada,Orsang,-,-,Orsang,22.26500000,73.72722222,16-07-2019 07:00,0.6
6513,6513,BODELI,CWC,24,Gujarat,461,Vadodara,VADODARA,-,-,Narmada,Narmada,Orsang,-,-,Orsang,22.26500000,73.72722222,17-07-2019 08:30,1.6
6514,6514,BODELI,CWC,24,Gujarat,461,Vadodara,VADODARA,-,-,Narmada,Narmada,Orsang,-,-,Orsang,22.26500000,73.72722222,20-07-2019 06:00,0.2
6515,6515,BODELI,CWC,24,Gujarat,461,Vadodara,VADODARA,-,-,Narmada,Narmada,Orsang,-,-,Orsang,22.26500000,73.72722222,20-07-2019 17:00,3.2
6516,6516,BODELI,CWC,24,Gujarat,461,Vadodara,VADODARA,-,-,Narmada,Narmada,Orsang,-,-,Orsang,22.26500000,73.72722222,21-07-2019 07:00,3
6517,6517,BODELI,CWC,24,Gujarat,461,Vadodara,VADODARA,-,-,Narmada,Narmada,Orsang,-,-,Orsang,22.26500000,73.72722222,21-07-2019 08:00,5
6518,6518,BODELI,CWC,24,Gujarat,461,Vadodara,VADODARA,-,-,Narmada,Narmada,Orsang,-,-,Orsang,22.26500000,73.72722222,21-07-2019 08:30,12.8
6519,6519,BODELI,CWC,24,Gujarat,461,Vadodara,VADODARA,-,-,Narmada,Narmada,Orsang,-,-,Orsang,22.26500000,73.72722222,21-07-2019 09:00,2
6520,6520,BODELI,CWC,24,Gujarat,461,Vadodara,VADODARA,-,-,Narmada,Narmada,Orsang,-,-,Orsang,22.26500000,73.72722222,21-07-2019 10:00,1
6521,6521,BODELI,CWC,24,Gujarat,461,Vadodara,VADODARA,-,-,Narmada,Narmada,Orsang,-,-,Orsang,22.26500000,73.72722222,22-07-2019 17:00,6.8
6522,6522,BODELI,CWC,24,Gujarat,461,Vadodara,VADODARA,-,-,Narmada,Narmada,Orsang,-,-,Orsang,22.26500000,73.72722222,22-07-2019 23:00,13.6
6523,6523,BODELI,CWC,24,Gujarat,461,Vadodara,VADODARA,-,-,Narmada,Narmada,Orsang,-,-,Orsang,22.26500000,73.72722222,23-07-2019 08:30,40.6
6524,6524,BODELI,CWC,24,Gujarat,461,Vadodara,VADODARA,-,-,Narmada,Narmada,Orsang,-,-,Orsang,22.26500000,73.72722222,25-07-2019 13:00,4.8
6525,6525,BODELI,CWC,24,Gujarat,461,Vadodara,VADODARA,-,-,Narmada,Narmada,Orsang,-,-,Orsang,22.26500000,73.72722222,25-07-2019 14:00,4.6
6526,6526,BODELI,CWC,24,Gujarat,461,Vadodara,VADODARA,-,-,Narmada,Narmada,Orsang,-,-,Orsang,22.26500000,73.72722222,25-07-2019 15:00,4
6527,6527,BODELI,CWC,24,Gujarat,461,Vadodara,VADODARA,-,-,Narmada,Narmada,Orsang,-,-,Orsang,22.26500000,73.72722222,25-07-2019 18:00,0.2
6528,6528,BODELI,CWC,24,Gujarat,461,Vadodara,VADODARA,-,-,Narmada,Narmada,Orsang,-,-,Orsang,22.26500000,73.72722222,25-07-2019 22:00,1.6
6529,6529,BODELI,CWC,24,Gujarat,461,Vadodara,VADODARA,-,-,Narmada,Narmada,Orsang,-,-,Orsang,22.26500000,73.72722222,26-07-2019 08:30,15.2
6530,6530,BODELI,CWC,24,Gujarat,461,Vadodara,VADODARA,-,-,Narmada,Narmada,Orsang,-,-,Orsang,22.26500000,73.72722222,26-07-2019 09:00,0.4
6531,6531,BODELI,CWC,24,Gujarat,461,Vadodara,VADODARA,-,-,Narmada,Narmada,Orsang,-,-,Orsang,22.26500000,73.72722222,26-07-2019 14:00,2.4
6532,6532,BODELI,CWC,24,Gujarat,461,Vadodara,VADODARA,-,-,Narmada,Narmada,Orsang,-,-,Orsang,22.26500000,73.72722222,26-07-2019 15:00,2
6533,6533,BODELI,CWC,24,Gujarat,461,Vadodara,VADODARA,-,-,Narmada,Narmada,Orsang,-,-,Orsang,22.26500000,73.72722222,26-07-2019 17:00,0.6
6534,6534,BODELI,CWC,24,Gujarat,461,Vadodara,VADODARA,-,-,Narmada,Narmada,Orsang,-,-,Orsang,22.26500000,73.72722222,27-07-2019 08:30,93.8
6535,6535,BODELI,CWC,24,Gujarat,461,Vadodara,VADODARA,-,-,Narmada,Narmada,Orsang,-,-,Orsang,22.26500000,73.72722222,27-07-2019 09:00,1.8
6536,6536,BODELI,CWC,24,Gujarat,461,Vadodara,VADODARA,-,-,Narmada,Narmada,Orsang,-,-,Orsang,22.26500000,73.72722222,27-07-2019 10:00,0.4
6537,6537,BODELI,CWC,24,Gujarat,461,Vadodara,VADODARA,-,-,Narmada,Narmada,Orsang,-,-,Orsang,22.26500000,73.72722222,28-07-2019 06:00,1.6
6538,6538,BODELI,CWC,24,Gujarat,461,Vadodara,VADODARA,-,-,Narmada,Narmada,Orsang,-,-,Orsang,22.26500000,73.72722222,28-07-2019 08:00,0.2
6539,6539,BODELI,CWC,24,Gujarat,461,Vadodara,VADODARA,-,-,Narmada,Narmada,Orsang,-,-,Orsang,22.26500000,73.72722222,28-07-2019 08:30,4.2
6540,6540,BODELI,CWC,24,Gujarat,461,Vadodara,VADODARA,-,-,Narmada,Narmada,Orsang,-,-,Orsang,22.26500000,73.72722222,28-07-2019 17:00,4.2
6541,6541,BODELI,CWC,24,Gujarat,461,Vadodara,VADODARA,-,-,Narmada,Narmada,Orsang,-,-,Orsang,22.26500000,73.72722222,28-07-2019 18:00,9
6542,6542,BODELI,CWC,24,Gujarat,461,Vadodara,VADODARA,-,-,Narmada,Narmada,Orsang,-,-,Orsang,22.26500000,73.72722222,29-07-2019 04:00,2.6
6543,6543,BODELI,CWC,24,Gujarat,461,Vadodara,VADODARA,-,-,Narmada,Narmada,Orsang,-,-,Orsang,22.26500000,73.72722222,29-07-2019 08:30,17.2
6544,6544,BODELI,CWC,24,Gujarat,461,Vadodara,VADODARA,-,-,Narmada,Narmada,Orsang,-,-,Orsang,22.26500000,73.72722222,29-07-2019 09:00,20
6545,6545,BODELI,CWC,24,Gujarat,461,Vadodara,VADODARA,-,-,Narmada,Narmada,Orsang,-,-,Orsang,22.26500000,73.72722222,29-07-2019 10:00,2.4
6546,6546,BODELI,CWC,24,Gujarat,461,Vadodara,VADODARA,-,-,Narmada,Narmada,Orsang,-,-,Orsang,22.26500000,73.72722222,29-07-2019 11:00,2
6547,6547,BODELI,CWC,24,Gujarat,461,Vadodara,VADODARA,-,-,Narmada,Narmada,Orsang,-,-,Orsang,22.26500000,73.72722222,29-07-2019 13:00,1
6548,6548,BODELI,CWC,24,Gujarat,461,Vadodara,VADODARA,-,-,Narmada,Narmada,Orsang,-,-,Orsang,22.26500000,73.72722222,29-07-2019 14:00,5.2
6549,6549,BODELI,CWC,24,Gujarat,461,Vadodara,VADODARA,-,-,Narmada,Narmada,Orsang,-,-,Orsang,22.26500000,73.72722222,29-07-2019 17:00,2.4
6550,6550,BODELI,CWC,24,Gujarat,461,Vadodara,VADODARA,-,-,Narmada,Narmada,Orsang,-,-,Orsang,22.26500000,73.72722222,29-07-2019 18:00,3.8
6551,6551,BODELI,CWC,24,Gujarat,461,Vadodara,VADODARA,-,-,Narmada,Narmada,Orsang,-,-,Orsang,22.26500000,73.72722222,29-07-2019 21:00,2.4
6552,6552,BODELI,CWC,24,Gujarat,461,Vadodara,VADODARA,-,-,Narmada,Narmada,Orsang,-,-,Orsang,22.26500000,73.72722222,29-07-2019 23:00,0.4
6553,6553,BODELI,CWC,24,Gujarat,461,Vadodara,VADODARA,-,-,Narmada,Narmada,Orsang,-,-,Orsang,22.26500000,73.72722222,30-07-2019 00:00,0.6
6554,6554,BODELI,CWC,24,Gujarat,461,Vadodara,VADODARA,-,-,Narmada,Narmada,Orsang,-,-,Orsang,22.26500000,73.72722222,30-07-2019 02:00,0.4
6555,6555,BODELI,CWC,24,Gujarat,461,Vadodara,VADODARA,-,-,Narmada,Narmada,Orsang,-,-,Orsang,22.26500000,73.72722222,30-07-2019 03:00,2.2
6556,6556,BODELI,CWC,24,Gujarat,461,Vadodara,VADODARA,-,-,Narmada,Narmada,Orsang,-,-,Orsang,22.26500000,73.72722222,30-07-2019 04:00,0.2
6557,6557,BODELI,CWC,24,Gujarat,461,Vadodara,VADODARA,-,-,Narmada,Narmada,Orsang,-,-,Orsang,22.26500000,73.72722222,30-07-2019 06:00,3.6
6558,6558,BODELI,CWC,24,Gujarat,461,Vadodara,VADODARA,-,-,Narmada,Narmada,Orsang,-,-,Orsang,22.26500000,73.72722222,30-07-2019 07:00,0.6
6559,6559,BODELI,CWC,24,Gujarat,461,Vadodara,VADODARA,-,-,Narmada,Narmada,Orsang,-,-,Orsang,22.26500000,73.72722222,30-07-2019 08:30,22.2
6560,6560,BODELI,CWC,24,Gujarat,461,Vadodara,VADODARA,-,-,Narmada,Narmada,Orsang,-,-,Orsang,22.26500000,73.72722222,30-07-2019 16:00,0.4
6561,6561,BODELI,CWC,24,Gujarat,461,Vadodara,VADODARA,-,-,Narmada,Narmada,Orsang,-,-,Orsang,22.26500000,73.72722222,30-07-2019 18:00,0.2
6562,6562,BODELI,CWC,24,Gujarat,461,Vadodara,VADODARA,-,-,Narmada,Narmada,Orsang,-,-,Orsang,22.26500000,73.72722222,30-07-2019 21:00,1.8
6563,6563,BODELI,CWC,24,Gujarat,461,Vadodara,VADODARA,-,-,Narmada,Narmada,Orsang,-,-,Orsang,22.26500000,73.72722222,30-07-2019 22:00,1.2
6564,6564,BODELI,CWC,24,Gujarat,461,Vadodara,VADODARA,-,-,Narmada,Narmada,Orsang,-,-,Orsang,22.26500000,73.72722222,30-07-2019 23:00,0.6
6565,6565,BODELI,CWC,24,Gujarat,461,Vadodara,VADODARA,-,-,Narmada,Narmada,Orsang,-,-,Orsang,22.26500000,73.72722222,31-07-2019 02:00,1.4
6566,6566,BODELI,CWC,24,Gujarat,461,Vadodara,VADODARA,-,-,Narmada,Narmada,Orsang,-,-,Orsang,22.26500000,73.72722222,31-07-2019 03:00,0.4
6567,6567,BODELI,CWC,24,Gujarat,461,Vadodara,VADODARA,-,-,Narmada,Narmada,Orsang,-,-,Orsang,22.26500000,73.72722222,31-07-2019 04:00,1
6568,6568,BODELI,CWC,24,Gujarat,461,Vadodara,VADODARA,-,-,Narmada,Narmada,Orsang,-,-,Orsang,22.26500000,73.72722222,31-07-2019 06:00,0.8
6569,6569,BODELI,CWC,24,Gujarat,461,Vadodara,VADODARA,-,-,Narmada,Narmada,Orsang,-,-,Orsang,22.26500000,73.72722222,31-07-2019 08:00,2
6570,6570,BODELI,CWC,24,Gujarat,461,Vadodara,VADODARA,-,-,Narmada,Narmada,Orsang,-,-,Orsang,22.26500000,73.72722222,31-07-2019 08:30,11.8
6571,6571,BODELI,CWC,24,Gujarat,461,Vadodara,VADODARA,-,-,Narmada,Narmada,Orsang,-,-,Orsang,22.26500000,73.72722222,31-07-2019 13:00,2.8
6572,6572,BODELI,CWC,24,Gujarat,461,Vadodara,VADODARA,-,-,Narmada,Narmada,Orsang,-,-,Orsang,22.26500000,73.72722222,31-07-2019 14:00,6.8
6573,6573,BODELI,CWC,24,Gujarat,461,Vadodara,VADODARA,-,-,Narmada,Narmada,Orsang,-,-,Orsang,22.26500000,73.72722222,31-07-2019 15:00,23.6
6574,6574,BODELI,CWC,24,Gujarat,461,Vadodara,VADODARA,-,-,Narmada,Narmada,Orsang,-,-,Orsang,22.26500000,73.72722222,31-07-2019 16:00,23.8
6575,6575,BODELI,CWC,24,Gujarat,461,Vadodara,VADODARA,-,-,Narmada,Narmada,Orsang,-,-,Orsang,22.26500000,73.72722222,31-07-2019 17:00,12.8
6576,6576,BODELI,CWC,24,Gujarat,461,Vadodara,VADODARA,-,-,Narmada,Narmada,Orsang,-,-,Orsang,22.26500000,73.72722222,31-07-2019 18:00,1.4
6577,6577,BODELI,CWC,24,Gujarat,461,Vadodara,VADODARA,-,-,Narmada,Narmada,Orsang,-,-,Orsang,22.26500000,73.72722222,31-07-2019 19:00,27
6578,6578,BODELI,CWC,24,Gujarat,461,Vadodara,VADODARA,-,-,Narmada,Narmada,Orsang,-,-,Orsang,22.26500000,73.72722222,31-07-2019 20:00,5
6579,6579,BODELI,CWC,24,Gujarat,461,Vadodara,VADODARA,-,-,Narmada,Narmada,Orsang,-,-,Orsang,22.26500000,73.72722222,31-07-2019 21:00,1.6
6580,6580,BODELI,CWC,24,Gujarat,461,Vadodara,VADODARA,-,-,Narmada,Narmada,Orsang,-,-,Orsang,22.26500000,73.72722222,31-07-2019 22:00,3.8
6581,6581,BODELI,CWC,24,Gujarat,461,Vadodara,VADODARA,-,-,Narmada,Narmada,Orsang,-,-,Orsang,22.26500000,73.72722222,31-07-2019 23:00,0.6
6582,6582,BODELI,CWC,24,Gujarat,461,Vadodara,VADODARA,-,-,Narmada,Narmada,Orsang,-,-,Orsang,22.26500000,73.72722222,01-08-2019 02:00,0.4
6583,6583,BODELI,CWC,24,Gujarat,461,Vadodara,VADODARA,-,-,Narmada,Narmada,Orsang,-,-,Orsang,22.26500000,73.72722222,01-08-2019 03:00,1
6584,6584,BODELI,CWC,24,Gujarat,461,Vadodara,VADODARA,-,-,Narmada,Narmada,Orsang,-,-,Orsang,22.26500000,73.72722222,01-08-2019 04:00,0.6
6585,6585,BODELI,CWC,24,Gujarat,461,Vadodara,VADODARA,-,-,Narmada,Narmada,Orsang,-,-,Orsang,22.26500000,73.72722222,01-08-2019 05:00,0.8
6586,6586,BODELI,CWC,24,Gujarat,461,Vadodara,VADODARA,-,-,Narmada,Narmada,Orsang,-,-,Orsang,22.26500000,73.72722222,01-08-2019 06:00,0.4
6587,6587,BODELI,CWC,24,Gujarat,461,Vadodara,VADODARA,-,-,Narmada,Narmada,Orsang,-,-,Orsang,22.26500000,73.72722222,01-08-2019 07:00,0.4
6588,6588,BODELI,CWC,24,Gujarat,461,Vadodara,VADODARA,-,-,Narmada,Narmada,Orsang,-,-,Orsang,22.26500000,73.72722222,01-08-2019 08:30,126.8
6589,6589,BODELI,CWC,24,Gujarat,461,Vadodara,VADODARA,-,-,Narmada,Narmada,Orsang,-,-,Orsang,22.26500000,73.72722222,01-08-2019 11:00,0.4
6590,6590,BODELI,CWC,24,Gujarat,461,Vadodara,VADODARA,-,-,Narmada,Narmada,Orsang,-,-,Orsang,22.26500000,73.72722222,01-08-2019 12:00,3.6
6591,6591,BODELI,CWC,24,Gujarat,461,Vadodara,VADODARA,-,-,Narmada,Narmada,Orsang,-,-,Orsang,22.26500000,73.72722222,01-08-2019 16:00,3.4
6592,6592,BODELI,CWC,24,Gujarat,461,Vadodara,VADODARA,-,-,Narmada,Narmada,Orsang,-,-,Orsang,22.26500000,73.72722222,01-08-2019 17:00,2
6593,6593,BODELI,CWC,24,Gujarat,461,Vadodara,VADODARA,-,-,Narmada,Narmada,Orsang,-,-,Orsang,22.26500000,73.72722222,01-08-2019 18:00,2.4
6594,6594,BODELI,CWC,24,Gujarat,461,Vadodara,VADODARA,-,-,Narmada,Narmada,Orsang,-,-,Orsang,22.26500000,73.72722222,01-08-2019 21:00,0.8
6595,6595,BODELI,CWC,24,Gujarat,461,Vadodara,VADODARA,-,-,Narmada,Narmada,Orsang,-,-,Orsang,22.26500000,73.72722222,02-08-2019 02:00,0.6
6596,6596,BODELI,CWC,24,Gujarat,461,Vadodara,VADODARA,-,-,Narmada,Narmada,Orsang,-,-,Orsang,22.26500000,73.72722222,02-08-2019 08:30,13.2
6597,6597,BODELI,CWC,24,Gujarat,461,Vadodara,VADODARA,-,-,Narmada,Narmada,Orsang,-,-,Orsang,22.26500000,73.72722222,02-08-2019 19:00,0.4
6598,6598,BODELI,CWC,24,Gujarat,461,Vadodara,VADODARA,-,-,Narmada,Narmada,Orsang,-,-,Orsang,22.26500000,73.72722222,03-08-2019 01:00,28.8
6599,6599,BODELI,CWC,24,Gujarat,461,Vadodara,VADODARA,-,-,Narmada,Narmada,Orsang,-,-,Orsang,22.26500000,73.72722222,03-08-2019 02:00,0.6
6600,6600,BODELI,CWC,24,Gujarat,461,Vadodara,VADODARA,-,-,Narmada,Narmada,Orsang,-,-,Orsang,22.26500000,73.72722222,03-08-2019 04:00,0.2
6601,6601,BODELI,CWC,24,Gujarat,461,Vadodara,VADODARA,-,-,Narmada,Narmada,Orsang,-,-,Orsang,22.26500000,73.72722222,03-08-2019 07:00,2
6602,6602,BODELI,CWC,24,Gujarat,461,Vadodara,VADODARA,-,-,Narmada,Narmada,Orsang,-,-,Orsang,22.26500000,73.72722222,03-08-2019 08:00,0.6
6603,6603,BODELI,CWC,24,Gujarat,461,Vadodara,VADODARA,-,-,Narmada,Narmada,Orsang,-,-,Orsang,22.26500000,73.72722222,03-08-2019 08:30,33
6604,6604,BODELI,CWC,24,Gujarat,461,Vadodara,VADODARA,-,-,Narmada,Narmada,Orsang,-,-,Orsang,22.26500000,73.72722222,03-08-2019 09:00,0.8
6605,6605,BODELI,CWC,24,Gujarat,461,Vadodara,VADODARA,-,-,Narmada,Narmada,Orsang,-,-,Orsang,22.26500000,73.72722222,03-08-2019 10:00,0.6
6606,6606,BODELI,CWC,24,Gujarat,461,Vadodara,VADODARA,-,-,Narmada,Narmada,Orsang,-,-,Orsang,22.26500000,73.72722222,03-08-2019 11:00,10.8
6607,6607,BODELI,CWC,24,Gujarat,461,Vadodara,VADODARA,-,-,Narmada,Narmada,Orsang,-,-,Orsang,22.26500000,73.72722222,03-08-2019 12:00,7.6
6608,6608,BODELI,CWC,24,Gujarat,461,Vadodara,VADODARA,-,-,Narmada,Narmada,Orsang,-,-,Orsang,22.26500000,73.72722222,03-08-2019 13:00,10.4
6609,6609,BODELI,CWC,24,Gujarat,461,Vadodara,VADODARA,-,-,Narmada,Narmada,Orsang,-,-,Orsang,22.26500000,73.72722222,03-08-2019 14:00,10.6
6610,6610,BODELI,CWC,24,Gujarat,461,Vadodara,VADODARA,-,-,Narmada,Narmada,Orsang,-,-,Orsang,22.26500000,73.72722222,03-08-2019 15:00,0.6
6611,6611,BODELI,CWC,24,Gujarat,461,Vadodara,VADODARA,-,-,Narmada,Narmada,Orsang,-,-,Orsang,22.26500000,73.72722222,03-08-2019 16:00,1.8
6612,6612,BODELI,CWC,24,Gujarat,461,Vadodara,VADODARA,-,-,Narmada,Narmada,Orsang,-,-,Orsang,22.26500000,73.72722222,03-08-2019 17:00,17.8
6613,6613,BODELI,CWC,24,Gujarat,461,Vadodara,VADODARA,-,-,Narmada,Narmada,Orsang,-,-,Orsang,22.26500000,73.72722222,03-08-2019 18:00,6.6
6614,6614,BODELI,CWC,24,Gujarat,461,Vadodara,VADODARA,-,-,Narmada,Narmada,Orsang,-,-,Orsang,22.26500000,73.72722222,03-08-2019 19:00,0.8
6615,6615,BODELI,CWC,24,Gujarat,461,Vadodara,VADODARA,-,-,Narmada,Narmada,Orsang,-,-,Orsang,22.26500000,73.72722222,03-08-2019 21:00,1.8
6616,6616,BODELI,CWC,24,Gujarat,461,Vadodara,VADODARA,-,-,Narmada,Narmada,Orsang,-,-,Orsang,22.26500000,73.72722222,03-08-2019 22:00,3.2
6617,6617,BODELI,CWC,24,Gujarat,461,Vadodara,VADODARA,-,-,Narmada,Narmada,Orsang,-,-,Orsang,22.26500000,73.72722222,03-08-2019 23:00,1.2
6618,6618,BODELI,CWC,24,Gujarat,461,Vadodara,VADODARA,-,-,Narmada,Narmada,Orsang,-,-,Orsang,22.26500000,73.72722222,04-08-2019 00:00,1.8
6619,6619,BODELI,CWC,24,Gujarat,461,Vadodara,VADODARA,-,-,Narmada,Narmada,Orsang,-,-,Orsang,22.26500000,73.72722222,04-08-2019 01:00,1.2
6620,6620,BODELI,CWC,24,Gujarat,461,Vadodara,VADODARA,-,-,Narmada,Narmada,Orsang,-,-,Orsang,22.26500000,73.72722222,04-08-2019 03:00,0.2
6621,6621,BODELI,CWC,24,Gujarat,461,Vadodara,VADODARA,-,-,Narmada,Narmada,Orsang,-,-,Orsang,22.26500000,73.72722222,04-08-2019 08:30,77.8
6622,6622,BODELI,CWC,24,Gujarat,461,Vadodara,VADODARA,-,-,Narmada,Narmada,Orsang,-,-,Orsang,22.26500000,73.72722222,04-08-2019 11:00,49.2
6623,6623,BODELI,CWC,24,Gujarat,461,Vadodara,VADODARA,-,-,Narmada,Narmada,Orsang,-,-,Orsang,22.26500000,73.72722222,04-08-2019 12:00,8.8
6624,6624,BODELI,CWC,24,Gujarat,461,Vadodara,VADODARA,-,-,Narmada,Narmada,Orsang,-,-,Orsang,22.26500000,73.72722222,04-08-2019 13:00,1.8
6625,6625,BODELI,CWC,24,Gujarat,461,Vadodara,VADODARA,-,-,Narmada,Narmada,Orsang,-,-,Orsang,22.26500000,73.72722222,04-08-2019 14:00,9.8
6626,6626,BODELI,CWC,24,Gujarat,461,Vadodara,VADODARA,-,-,Narmada,Narmada,Orsang,-,-,Orsang,22.26500000,73.72722222,04-08-2019 15:00,11
6627,6627,BODELI,CWC,24,Gujarat,461,Vadodara,VADODARA,-,-,Narmada,Narmada,Orsang,-,-,Orsang,22.26500000,73.72722222,04-08-2019 16:00,0.8
6628,6628,BODELI,CWC,24,Gujarat,461,Vadodara,VADODARA,-,-,Narmada,Narmada,Orsang,-,-,Orsang,22.26500000,73.72722222,04-08-2019 17:00,2.2
6629,6629,BODELI,CWC,24,Gujarat,461,Vadodara,VADODARA,-,-,Narmada,Narmada,Orsang,-,-,Orsang,22.26500000,73.72722222,04-08-2019 18:00,0.8
6630,6630,BODELI,CWC,24,Gujarat,461,Vadodara,VADODARA,-,-,Narmada,Narmada,Orsang,-,-,Orsang,22.26500000,73.72722222,04-08-2019 19:00,0.8
6631,6631,BODELI,CWC,24,Gujarat,461,Vadodara,VADODARA,-,-,Narmada,Narmada,Orsang,-,-,Orsang,22.26500000,73.72722222,04-08-2019 20:00,2.4
6632,6632,BODELI,CWC,24,Gujarat,461,Vadodara,VADODARA,-,-,Narmada,Narmada,Orsang,-,-,Orsang,22.26500000,73.72722222,04-08-2019 21:00,1.4
6633,6633,BODELI,CWC,24,Gujarat,461,Vadodara,VADODARA,-,-,Narmada,Narmada,Orsang,-,-,Orsang,22.26500000,73.72722222,04-08-2019 22:00,0.6
6634,6634,BODELI,CWC,24,Gujarat,461,Vadodara,VADODARA,-,-,Narmada,Narmada,Orsang,-,-,Orsang,22.26500000,73.72722222,05-08-2019 00:00,2.2
6635,6635,BODELI,CWC,24,Gujarat,461,Vadodara,VADODARA,-,-,Narmada,Narmada,Orsang,-,-,Orsang,22.26500000,73.72722222,05-08-2019 01:00,1.6
6636,6636,BODELI,CWC,24,Gujarat,461,Vadodara,VADODARA,-,-,Narmada,Narmada,Orsang,-,-,Orsang,22.26500000,73.72722222,05-08-2019 02:00,0.2
6637,6637,BODELI,CWC,24,Gujarat,461,Vadodara,VADODARA,-,-,Narmada,Narmada,Orsang,-,-,Orsang,22.26500000,73.72722222,05-08-2019 06:00,3
6638,6638,BODELI,CWC,24,Gujarat,461,Vadodara,VADODARA,-,-,Narmada,Narmada,Orsang,-,-,Orsang,22.26500000,73.72722222,05-08-2019 07:00,5.2
6639,6639,BODELI,CWC,24,Gujarat,461,Vadodara,VADODARA,-,-,Narmada,Narmada,Orsang,-,-,Orsang,22.26500000,73.72722222,05-08-2019 08:00,4.2
6640,6640,BODELI,CWC,24,Gujarat,461,Vadodara,VADODARA,-,-,Narmada,Narmada,Orsang,-,-,Orsang,22.26500000,73.72722222,05-08-2019 08:30,110.4
6641,6641,BODELI,CWC,24,Gujarat,461,Vadodara,VADODARA,-,-,Narmada,Narmada,Orsang,-,-,Orsang,22.26500000,73.72722222,05-08-2019 09:00,1.8
6642,6642,BODELI,CWC,24,Gujarat,461,Vadodara,VADODARA,-,-,Narmada,Narmada,Orsang,-,-,Orsang,22.26500000,73.72722222,05-08-2019 10:00,0.2
6643,6643,BODELI,CWC,24,Gujarat,461,Vadodara,VADODARA,-,-,Narmada,Narmada,Orsang,-,-,Orsang,22.26500000,73.72722222,05-08-2019 14:00,0.6
6644,6644,BODELI,CWC,24,Gujarat,461,Vadodara,VADODARA,-,-,Narmada,Narmada,Orsang,-,-,Orsang,22.26500000,73.72722222,05-08-2019 15:00,0.4
6645,6645,BODELI,CWC,24,Gujarat,461,Vadodara,VADODARA,-,-,Narmada,Narmada,Orsang,-,-,Orsang,22.26500000,73.72722222,05-08-2019 16:00,1.4
6646,6646,BODELI,CWC,24,Gujarat,461,Vadodara,VADODARA,-,-,Narmada,Narmada,Orsang,-,-,Orsang,22.26500000,73.72722222,05-08-2019 17:00,1
6647,6647,BODELI,CWC,24,Gujarat,461,Vadodara,VADODARA,-,-,Narmada,Narmada,Orsang,-,-,Orsang,22.26500000,73.72722222,05-08-2019 22:00,2.4
6648,6648,BODELI,CWC,24,Gujarat,461,Vadodara,VADODARA,-,-,Narmada,Narmada,Orsang,-,-,Orsang,22.26500000,73.72722222,06-08-2019 00:00,0.2
6649,6649,BODELI,CWC,24,Gujarat,461,Vadodara,VADODARA,-,-,Narmada,Narmada,Orsang,-,-,Orsang,22.26500000,73.72722222,06-08-2019 05:00,1.2
6650,6650,BODELI,CWC,24,Gujarat,461,Vadodara,VADODARA,-,-,Narmada,Narmada,Orsang,-,-,Orsang,22.26500000,73.72722222,06-08-2019 08:30,9.2
6651,6651,BODELI,CWC,24,Gujarat,461,Vadodara,VADODARA,-,-,Narmada,Narmada,Orsang,-,-,Orsang,22.26500000,73.72722222,06-08-2019 11:00,0.2
6652,6652,BODELI,CWC,24,Gujarat,461,Vadodara,VADODARA,-,-,Narmada,Narmada,Orsang,-,-,Orsang,22.26500000,73.72722222,07-08-2019 08:30,0.2
6653,6653,BODELI,CWC,24,Gujarat,461,Vadodara,VADODARA,-,-,Narmada,Narmada,Orsang,-,-,Orsang,22.26500000,73.72722222,07-08-2019 10:00,0.2
6654,6654,BODELI,CWC,24,Gujarat,461,Vadodara,VADODARA,-,-,Narmada,Narmada,Orsang,-,-,Orsang,22.26500000,73.72722222,07-08-2019 15:00,1.2
6655,6655,BODELI,CWC,24,Gujarat,461,Vadodara,VADODARA,-,-,Narmada,Narmada,Orsang,-,-,Orsang,22.26500000,73.72722222,07-08-2019 17:00,0.2
6656,6656,BODELI,CWC,24,Gujarat,461,Vadodara,VADODARA,-,-,Narmada,Narmada,Orsang,-,-,Orsang,22.26500000,73.72722222,07-08-2019 18:00,0.4
6657,6657,BODELI,CWC,24,Gujarat,461,Vadodara,VADODARA,-,-,Narmada,Narmada,Orsang,-,-,Orsang,22.26500000,73.72722222,07-08-2019 19:00,1
6658,6658,BODELI,CWC,24,Gujarat,461,Vadodara,VADODARA,-,-,Narmada,Narmada,Orsang,-,-,Orsang,22.26500000,73.72722222,07-08-2019 20:00,2.2
6659,6659,BODELI,CWC,24,Gujarat,461,Vadodara,VADODARA,-,-,Narmada,Narmada,Orsang,-,-,Orsang,22.26500000,73.72722222,07-08-2019 21:00,4.4
6660,6660,BODELI,CWC,24,Gujarat,461,Vadodara,VADODARA,-,-,Narmada,Narmada,Orsang,-,-,Orsang,22.26500000,73.72722222,07-08-2019 22:00,1.2
6661,6661,BODELI,CWC,24,Gujarat,461,Vadodara,VADODARA,-,-,Narmada,Narmada,Orsang,-,-,Orsang,22.26500000,73.72722222,07-08-2019 23:00,1.2
6662,6662,BODELI,CWC,24,Gujarat,461,Vadodara,VADODARA,-,-,Narmada,Narmada,Orsang,-,-,Orsang,22.26500000,73.72722222,08-08-2019 00:00,1.6
6663,6663,BODELI,CWC,24,Gujarat,461,Vadodara,VADODARA,-,-,Narmada,Narmada,Orsang,-,-,Orsang,22.26500000,73.72722222,08-08-2019 01:00,0.2
6664,6664,BODELI,CWC,24,Gujarat,461,Vadodara,VADODARA,-,-,Narmada,Narmada,Orsang,-,-,Orsang,22.26500000,73.72722222,08-08-2019 02:00,0.8
6665,6665,BODELI,CWC,24,Gujarat,461,Vadodara,VADODARA,-,-,Narmada,Narmada,Orsang,-,-,Orsang,22.26500000,73.72722222,08-08-2019 03:00,0.4
6666,6666,BODELI,CWC,24,Gujarat,461,Vadodara,VADODARA,-,-,Narmada,Narmada,Orsang,-,-,Orsang,22.26500000,73.72722222,08-08-2019 04:00,0.6
6667,6667,BODELI,CWC,24,Gujarat,461,Vadodara,VADODARA,-,-,Narmada,Narmada,Orsang,-,-,Orsang,22.26500000,73.72722222,08-08-2019 05:00,0.4
6668,6668,BODELI,CWC,24,Gujarat,461,Vadodara,VADODARA,-,-,Narmada,Narmada,Orsang,-,-,Orsang,22.26500000,73.72722222,08-08-2019 06:00,0.2
6669,6669,BODELI,CWC,24,Gujarat,461,Vadodara,VADODARA,-,-,Narmada,Narmada,Orsang,-,-,Orsang,22.26500000,73.72722222,08-08-2019 07:00,0.6
6670,6670,BODELI,CWC,24,Gujarat,461,Vadodara,VADODARA,-,-,Narmada,Narmada,Orsang,-,-,Orsang,22.26500000,73.72722222,08-08-2019 08:00,3.8
6671,6671,BODELI,CWC,24,Gujarat,461,Vadodara,VADODARA,-,-,Narmada,Narmada,Orsang,-,-,Orsang,22.26500000,73.72722222,08-08-2019 08:30,19.8
6672,6672,BODELI,CWC,24,Gujarat,461,Vadodara,VADODARA,-,-,Narmada,Narmada,Orsang,-,-,Orsang,22.26500000,73.72722222,08-08-2019 09:00,1.2
6673,6673,BODELI,CWC,24,Gujarat,461,Vadodara,VADODARA,-,-,Narmada,Narmada,Orsang,-,-,Orsang,22.26500000,73.72722222,08-08-2019 10:00,1.2
6674,6674,BODELI,CWC,24,Gujarat,461,Vadodara,VADODARA,-,-,Narmada,Narmada,Orsang,-,-,Orsang,22.26500000,73.72722222,08-08-2019 11:00,0.6
6675,6675,BODELI,CWC,24,Gujarat,461,Vadodara,VADODARA,-,-,Narmada,Narmada,Orsang,-,-,Orsang,22.26500000,73.72722222,08-08-2019 12:00,1
6676,6676,BODELI,CWC,24,Gujarat,461,Vadodara,VADODARA,-,-,Narmada,Narmada,Orsang,-,-,Orsang,22.26500000,73.72722222,08-08-2019 13:00,9.2
6677,6677,BODELI,CWC,24,Gujarat,461,Vadodara,VADODARA,-,-,Narmada,Narmada,Orsang,-,-,Orsang,22.26500000,73.72722222,08-08-2019 14:00,11.8
6678,6678,BODELI,CWC,24,Gujarat,461,Vadodara,VADODARA,-,-,Narmada,Narmada,Orsang,-,-,Orsang,22.26500000,73.72722222,08-08-2019 15:00,6.6
6679,6679,BODELI,CWC,24,Gujarat,461,Vadodara,VADODARA,-,-,Narmada,Narmada,Orsang,-,-,Orsang,22.26500000,73.72722222,08-08-2019 16:00,12.2
6680,6680,BODELI,CWC,24,Gujarat,461,Vadodara,VADODARA,-,-,Narmada,Narmada,Orsang,-,-,Orsang,22.26500000,73.72722222,08-08-2019 17:00,6
6681,6681,BODELI,CWC,24,Gujarat,461,Vadodara,VADODARA,-,-,Narmada,Narmada,Orsang,-,-,Orsang,22.26500000,73.72722222,08-08-2019 18:00,3
6682,6682,BODELI,CWC,24,Gujarat,461,Vadodara,VADODARA,-,-,Narmada,Narmada,Orsang,-,-,Orsang,22.26500000,73.72722222,08-08-2019 19:00,7.4
6683,6683,BODELI,CWC,24,Gujarat,461,Vadodara,VADODARA,-,-,Narmada,Narmada,Orsang,-,-,Orsang,22.26500000,73.72722222,08-08-2019 20:00,0.4
6684,6684,BODELI,CWC,24,Gujarat,461,Vadodara,VADODARA,-,-,Narmada,Narmada,Orsang,-,-,Orsang,22.26500000,73.72722222,09-08-2019 02:00,3.4
6685,6685,BODELI,CWC,24,Gujarat,461,Vadodara,VADODARA,-,-,Narmada,Narmada,Orsang,-,-,Orsang,22.26500000,73.72722222,09-08-2019 03:00,6.8
6686,6686,BODELI,CWC,24,Gujarat,461,Vadodara,VADODARA,-,-,Narmada,Narmada,Orsang,-,-,Orsang,22.26500000,73.72722222,09-08-2019 04:00,8.4
6687,6687,BODELI,CWC,24,Gujarat,461,Vadodara,VADODARA,-,-,Narmada,Narmada,Orsang,-,-,Orsang,22.26500000,73.72722222,09-08-2019 05:00,7.2
6688,6688,BODELI,CWC,24,Gujarat,461,Vadodara,VADODARA,-,-,Narmada,Narmada,Orsang,-,-,Orsang,22.26500000,73.72722222,09-08-2019 06:00,5.2
6689,6689,BODELI,CWC,24,Gujarat,461,Vadodara,VADODARA,-,-,Narmada,Narmada,Orsang,-,-,Orsang,22.26500000,73.72722222,09-08-2019 07:00,11.8
6690,6690,BODELI,CWC,24,Gujarat,461,Vadodara,VADODARA,-,-,Narmada,Narmada,Orsang,-,-,Orsang,22.26500000,73.72722222,09-08-2019 08:00,8.4
6691,6691,BODELI,CWC,24,Gujarat,461,Vadodara,VADODARA,-,-,Narmada,Narmada,Orsang,-,-,Orsang,22.26500000,73.72722222,09-08-2019 08:30,111.8
6692,6692,BODELI,CWC,24,Gujarat,461,Vadodara,VADODARA,-,-,Narmada,Narmada,Orsang,-,-,Orsang,22.26500000,73.72722222,09-08-2019 09:00,5.6
6693,6693,BODELI,CWC,24,Gujarat,461,Vadodara,VADODARA,-,-,Narmada,Narmada,Orsang,-,-,Orsang,22.26500000,73.72722222,09-08-2019 10:00,6.4
6694,6694,BODELI,CWC,24,Gujarat,461,Vadodara,VADODARA,-,-,Narmada,Narmada,Orsang,-,-,Orsang,22.26500000,73.72722222,09-08-2019 11:00,8.6
6695,6695,BODELI,CWC,24,Gujarat,461,Vadodara,VADODARA,-,-,Narmada,Narmada,Orsang,-,-,Orsang,22.26500000,73.72722222,09-08-2019 12:00,11.8
6696,6696,BODELI,CWC,24,Gujarat,461,Vadodara,VADODARA,-,-,Narmada,Narmada,Orsang,-,-,Orsang,22.26500000,73.72722222,09-08-2019 13:00,4.4
6697,6697,BODELI,CWC,24,Gujarat,461,Vadodara,VADODARA,-,-,Narmada,Narmada,Orsang,-,-,Orsang,22.26500000,73.72722222,09-08-2019 14:00,14.8
6698,6698,BODELI,CWC,24,Gujarat,461,Vadodara,VADODARA,-,-,Narmada,Narmada,Orsang,-,-,Orsang,22.26500000,73.72722222,09-08-2019 15:00,5
6699,6699,BODELI,CWC,24,Gujarat,461,Vadodara,VADODARA,-,-,Narmada,Narmada,Orsang,-,-,Orsang,22.26500000,73.72722222,09-08-2019 16:00,7.4
6700,6700,BODELI,CWC,24,Gujarat,461,Vadodara,VADODARA,-,-,Narmada,Narmada,Orsang,-,-,Orsang,22.26500000,73.72722222,09-08-2019 17:00,4.8
6701,6701,BODELI,CWC,24,Gujarat,461,Vadodara,VADODARA,-,-,Narmada,Narmada,Orsang,-,-,Orsang,22.26500000,73.72722222,09-08-2019 18:00,7.4
6702,6702,BODELI,CWC,24,Gujarat,461,Vadodara,VADODARA,-,-,Narmada,Narmada,Orsang,-,-,Orsang,22.26500000,73.72722222,09-08-2019 19:00,2
6703,6703,BODELI,CWC,24,Gujarat,461,Vadodara,VADODARA,-,-,Narmada,Narmada,Orsang,-,-,Orsang,22.26500000,73.72722222,09-08-2019 20:00,5.4
6704,6704,BODELI,CWC,24,Gujarat,461,Vadodara,VADODARA,-,-,Narmada,Narmada,Orsang,-,-,Orsang,22.26500000,73.72722222,09-08-2019 21:00,1.2
6705,6705,BODELI,CWC,24,Gujarat,461,Vadodara,VADODARA,-,-,Narmada,Narmada,Orsang,-,-,Orsang,22.26500000,73.72722222,09-08-2019 22:00,0.6
6706,6706,BODELI,CWC,24,Gujarat,461,Vadodara,VADODARA,-,-,Narmada,Narmada,Orsang,-,-,Orsang,22.26500000,73.72722222,09-08-2019 23:00,1.4
6707,6707,BODELI,CWC,24,Gujarat,461,Vadodara,VADODARA,-,-,Narmada,Narmada,Orsang,-,-,Orsang,22.26500000,73.72722222,10-08-2019 00:00,0.6
6708,6708,BODELI,CWC,24,Gujarat,461,Vadodara,VADODARA,-,-,Narmada,Narmada,Orsang,-,-,Orsang,22.26500000,73.72722222,10-08-2019 01:00,1.2
6709,6709,BODELI,CWC,24,Gujarat,461,Vadodara,VADODARA,-,-,Narmada,Narmada,Orsang,-,-,Orsang,22.26500000,73.72722222,10-08-2019 03:00,0.6
6710,6710,BODELI,CWC,24,Gujarat,461,Vadodara,VADODARA,-,-,Narmada,Narmada,Orsang,-,-,Orsang,22.26500000,73.72722222,10-08-2019 05:00,0.6
6711,6711,BODELI,CWC,24,Gujarat,461,Vadodara,VADODARA,-,-,Narmada,Narmada,Orsang,-,-,Orsang,22.26500000,73.72722222,10-08-2019 06:00,0.4
6712,6712,BODELI,CWC,24,Gujarat,461,Vadodara,VADODARA,-,-,Narmada,Narmada,Orsang,-,-,Orsang,22.26500000,73.72722222,10-08-2019 07:00,1.2
6713,6713,BODELI,CWC,24,Gujarat,461,Vadodara,VADODARA,-,-,Narmada,Narmada,Orsang,-,-,Orsang,22.26500000,73.72722222,10-08-2019 08:00,3
6714,6714,BODELI,CWC,24,Gujarat,461,Vadodara,VADODARA,-,-,Narmada,Narmada,Orsang,-,-,Orsang,22.26500000,73.72722222,10-08-2019 08:30,93.8
6715,6715,BODELI,CWC,24,Gujarat,461,Vadodara,VADODARA,-,-,Narmada,Narmada,Orsang,-,-,Orsang,22.26500000,73.72722222,10-08-2019 09:00,0.6
6716,6716,BODELI,CWC,24,Gujarat,461,Vadodara,VADODARA,-,-,Narmada,Narmada,Orsang,-,-,Orsang,22.26500000,73.72722222,10-08-2019 10:00,0.4
6717,6717,BODELI,CWC,24,Gujarat,461,Vadodara,VADODARA,-,-,Narmada,Narmada,Orsang,-,-,Orsang,22.26500000,73.72722222,10-08-2019 11:00,1
6718,6718,BODELI,CWC,24,Gujarat,461,Vadodara,VADODARA,-,-,Narmada,Narmada,Orsang,-,-,Orsang,22.26500000,73.72722222,10-08-2019 12:00,0.6
6719,6719,BODELI,CWC,24,Gujarat,461,Vadodara,VADODARA,-,-,Narmada,Narmada,Orsang,-,-,Orsang,22.26500000,73.72722222,10-08-2019 13:00,1
6720,6720,BODELI,CWC,24,Gujarat,461,Vadodara,VADODARA,-,-,Narmada,Narmada,Orsang,-,-,Orsang,22.26500000,73.72722222,10-08-2019 17:00,1.4
6721,6721,BODELI,CWC,24,Gujarat,461,Vadodara,VADODARA,-,-,Narmada,Narmada,Orsang,-,-,Orsang,22.26500000,73.72722222,10-08-2019 18:00,0.8
6722,6722,BODELI,CWC,24,Gujarat,461,Vadodara,VADODARA,-,-,Narmada,Narmada,Orsang,-,-,Orsang,22.26500000,73.72722222,10-08-2019 20:00,0.6
6723,6723,BODELI,CWC,24,Gujarat,461,Vadodara,VADODARA,-,-,Narmada,Narmada,Orsang,-,-,Orsang,22.26500000,73.72722222,10-08-2019 21:00,1.4
6724,6724,BODELI,CWC,24,Gujarat,461,Vadodara,VADODARA,-,-,Narmada,Narmada,Orsang,-,-,Orsang,22.26500000,73.72722222,10-08-2019 22:00,0.8
6725,6725,BODELI,CWC,24,Gujarat,461,Vadodara,VADODARA,-,-,Narmada,Narmada,Orsang,-,-,Orsang,22.26500000,73.72722222,10-08-2019 23:00,0.4
6726,6726,BODELI,CWC,24,Gujarat,461,Vadodara,VADODARA,-,-,Narmada,Narmada,Orsang,-,-,Orsang,22.26500000,73.72722222,11-08-2019 01:00,0.2
6727,6727,BODELI,CWC,24,Gujarat,461,Vadodara,VADODARA,-,-,Narmada,Narmada,Orsang,-,-,Orsang,22.26500000,73.72722222,11-08-2019 06:00,0.8
6728,6728,BODELI,CWC,24,Gujarat,461,Vadodara,VADODARA,-,-,Narmada,Narmada,Orsang,-,-,Orsang,22.26500000,73.72722222,11-08-2019 07:00,0.4
6729,6729,BODELI,CWC,24,Gujarat,461,Vadodara,VADODARA,-,-,Narmada,Narmada,Orsang,-,-,Orsang,22.26500000,73.72722222,11-08-2019 08:00,0.2
6730,6730,BODELI,CWC,24,Gujarat,461,Vadodara,VADODARA,-,-,Narmada,Narmada,Orsang,-,-,Orsang,22.26500000,73.72722222,11-08-2019 08:30,10.6
6731,6731,BODELI,CWC,24,Gujarat,461,Vadodara,VADODARA,-,-,Narmada,Narmada,Orsang,-,-,Orsang,22.26500000,73.72722222,11-08-2019 09:00,1.8
6732,6732,BODELI,CWC,24,Gujarat,461,Vadodara,VADODARA,-,-,Narmada,Narmada,Orsang,-,-,Orsang,22.26500000,73.72722222,11-08-2019 10:00,1.8
6733,6733,BODELI,CWC,24,Gujarat,461,Vadodara,VADODARA,-,-,Narmada,Narmada,Orsang,-,-,Orsang,22.26500000,73.72722222,11-08-2019 11:00,2.8
6734,6734,BODELI,CWC,24,Gujarat,461,Vadodara,VADODARA,-,-,Narmada,Narmada,Orsang,-,-,Orsang,22.26500000,73.72722222,11-08-2019 12:00,2.4
6735,6735,BODELI,CWC,24,Gujarat,461,Vadodara,VADODARA,-,-,Narmada,Narmada,Orsang,-,-,Orsang,22.26500000,73.72722222,11-08-2019 13:00,1.2
6736,6736,BODELI,CWC,24,Gujarat,461,Vadodara,VADODARA,-,-,Narmada,Narmada,Orsang,-,-,Orsang,22.26500000,73.72722222,11-08-2019 14:00,3.4
6737,6737,BODELI,CWC,24,Gujarat,461,Vadodara,VADODARA,-,-,Narmada,Narmada,Orsang,-,-,Orsang,22.26500000,73.72722222,11-08-2019 15:00,4.4
6738,6738,BODELI,CWC,24,Gujarat,461,Vadodara,VADODARA,-,-,Narmada,Narmada,Orsang,-,-,Orsang,22.26500000,73.72722222,11-08-2019 16:00,0.6
6739,6739,BODELI,CWC,24,Gujarat,461,Vadodara,VADODARA,-,-,Narmada,Narmada,Orsang,-,-,Orsang,22.26500000,73.72722222,12-08-2019 08:30,18.4
6740,6740,BODELI,CWC,24,Gujarat,461,Vadodara,VADODARA,-,-,Narmada,Narmada,Orsang,-,-,Orsang,22.26500000,73.72722222,12-08-2019 09:00,0.6
6741,6741,BODELI,CWC,24,Gujarat,461,Vadodara,VADODARA,-,-,Narmada,Narmada,Orsang,-,-,Orsang,22.26500000,73.72722222,12-08-2019 10:00,0.2
6742,6742,BODELI,CWC,24,Gujarat,461,Vadodara,VADODARA,-,-,Narmada,Narmada,Orsang,-,-,Orsang,22.26500000,73.72722222,13-08-2019 08:30,0.8
6743,6743,BODELI,CWC,24,Gujarat,461,Vadodara,VADODARA,-,-,Narmada,Narmada,Orsang,-,-,Orsang,22.26500000,73.72722222,14-08-2019 06:00,0.6
6744,6744,BODELI,CWC,24,Gujarat,461,Vadodara,VADODARA,-,-,Narmada,Narmada,Orsang,-,-,Orsang,22.26500000,73.72722222,14-08-2019 08:30,0.6
6745,6745,BODELI,CWC,24,Gujarat,461,Vadodara,VADODARA,-,-,Narmada,Narmada,Orsang,-,-,Orsang,22.26500000,73.72722222,14-08-2019 15:00,5.4
6746,6746,BODELI,CWC,24,Gujarat,461,Vadodara,VADODARA,-,-,Narmada,Narmada,Orsang,-,-,Orsang,22.26500000,73.72722222,14-08-2019 22:00,0.2
6747,6747,BODELI,CWC,24,Gujarat,461,Vadodara,VADODARA,-,-,Narmada,Narmada,Orsang,-,-,Orsang,22.26500000,73.72722222,15-08-2019 02:00,0.4
6748,6748,BODELI,CWC,24,Gujarat,461,Vadodara,VADODARA,-,-,Narmada,Narmada,Orsang,-,-,Orsang,22.26500000,73.72722222,15-08-2019 04:00,0.2
6749,6749,BODELI,CWC,24,Gujarat,461,Vadodara,VADODARA,-,-,Narmada,Narmada,Orsang,-,-,Orsang,22.26500000,73.72722222,15-08-2019 08:30,0.8
6750,6750,BODELI,CWC,24,Gujarat,461,Vadodara,VADODARA,-,-,Narmada,Narmada,Orsang,-,-,Orsang,22.26500000,73.72722222,15-08-2019 12:00,1
6751,6751,BODELI,CWC,24,Gujarat,461,Vadodara,VADODARA,-,-,Narmada,Narmada,Orsang,-,-,Orsang,22.26500000,73.72722222,15-08-2019 13:00,1
6752,6752,BODELI,CWC,24,Gujarat,461,Vadodara,VADODARA,-,-,Narmada,Narmada,Orsang,-,-,Orsang,22.26500000,73.72722222,15-08-2019 16:00,0.4
6753,6753,BODELI,CWC,24,Gujarat,461,Vadodara,VADODARA,-,-,Narmada,Narmada,Orsang,-,-,Orsang,22.26500000,73.72722222,15-08-2019 20:00,7
6754,6754,BODELI,CWC,24,Gujarat,461,Vadodara,VADODARA,-,-,Narmada,Narmada,Orsang,-,-,Orsang,22.26500000,73.72722222,15-08-2019 21:00,5.4
6755,6755,BODELI,CWC,24,Gujarat,461,Vadodara,VADODARA,-,-,Narmada,Narmada,Orsang,-,-,Orsang,22.26500000,73.72722222,16-08-2019 00:00,1.4
6756,6756,BODELI,CWC,24,Gujarat,461,Vadodara,VADODARA,-,-,Narmada,Narmada,Orsang,-,-,Orsang,22.26500000,73.72722222,16-08-2019 01:00,0.8
6757,6757,BODELI,CWC,24,Gujarat,461,Vadodara,VADODARA,-,-,Narmada,Narmada,Orsang,-,-,Orsang,22.26500000,73.72722222,16-08-2019 03:00,1
6758,6758,BODELI,CWC,24,Gujarat,461,Vadodara,VADODARA,-,-,Narmada,Narmada,Orsang,-,-,Orsang,22.26500000,73.72722222,16-08-2019 04:00,8.8
6759,6759,BODELI,CWC,24,Gujarat,461,Vadodara,VADODARA,-,-,Narmada,Narmada,Orsang,-,-,Orsang,22.26500000,73.72722222,16-08-2019 05:00,9.2
6760,6760,BODELI,CWC,24,Gujarat,461,Vadodara,VADODARA,-,-,Narmada,Narmada,Orsang,-,-,Orsang,22.26500000,73.72722222,16-08-2019 08:30,36.4
6761,6761,BODELI,CWC,24,Gujarat,461,Vadodara,VADODARA,-,-,Narmada,Narmada,Orsang,-,-,Orsang,22.26500000,73.72722222,16-08-2019 11:00,0.6
6762,6762,BODELI,CWC,24,Gujarat,461,Vadodara,VADODARA,-,-,Narmada,Narmada,Orsang,-,-,Orsang,22.26500000,73.72722222,16-08-2019 12:00,1.4
6763,6763,BODELI,CWC,24,Gujarat,461,Vadodara,VADODARA,-,-,Narmada,Narmada,Orsang,-,-,Orsang,22.26500000,73.72722222,16-08-2019 13:00,0.6
6764,6764,BODELI,CWC,24,Gujarat,461,Vadodara,VADODARA,-,-,Narmada,Narmada,Orsang,-,-,Orsang,22.26500000,73.72722222,16-08-2019 18:00,2.4
6765,6765,BODELI,CWC,24,Gujarat,461,Vadodara,VADODARA,-,-,Narmada,Narmada,Orsang,-,-,Orsang,22.26500000,73.72722222,16-08-2019 19:00,0.4
6766,6766,BODELI,CWC,24,Gujarat,461,Vadodara,VADODARA,-,-,Narmada,Narmada,Orsang,-,-,Orsang,22.26500000,73.72722222,16-08-2019 20:00,0.8
6767,6767,BODELI,CWC,24,Gujarat,461,Vadodara,VADODARA,-,-,Narmada,Narmada,Orsang,-,-,Orsang,22.26500000,73.72722222,16-08-2019 21:00,4.8
6768,6768,BODELI,CWC,24,Gujarat,461,Vadodara,VADODARA,-,-,Narmada,Narmada,Orsang,-,-,Orsang,22.26500000,73.72722222,17-08-2019 08:30,20.2
6769,6769,BODELI,CWC,24,Gujarat,461,Vadodara,VADODARA,-,-,Narmada,Narmada,Orsang,-,-,Orsang,22.26500000,73.72722222,18-08-2019 14:00,2
6770,6770,BODELI,CWC,24,Gujarat,461,Vadodara,VADODARA,-,-,Narmada,Narmada,Orsang,-,-,Orsang,22.26500000,73.72722222,19-08-2019 19:00,2.2
6771,6771,BODELI,CWC,24,Gujarat,461,Vadodara,VADODARA,-,-,Narmada,Narmada,Orsang,-,-,Orsang,22.26500000,73.72722222,19-08-2019 20:00,9.2
6772,6772,BODELI,CWC,24,Gujarat,461,Vadodara,VADODARA,-,-,Narmada,Narmada,Orsang,-,-,Orsang,22.26500000,73.72722222,20-08-2019 08:30,11.4
6773,6773,BODELI,CWC,24,Gujarat,461,Vadodara,VADODARA,-,-,Narmada,Narmada,Orsang,-,-,Orsang,22.26500000,73.72722222,20-08-2019 18:00,1.6
6774,6774,BODELI,CWC,24,Gujarat,461,Vadodara,VADODARA,-,-,Narmada,Narmada,Orsang,-,-,Orsang,22.26500000,73.72722222,21-08-2019 08:30,1.6
6775,6775,BODELI,CWC,24,Gujarat,461,Vadodara,VADODARA,-,-,Narmada,Narmada,Orsang,-,-,Orsang,22.26500000,73.72722222,21-08-2019 13:00,1
6776,6776,BODELI,CWC,24,Gujarat,461,Vadodara,VADODARA,-,-,Narmada,Narmada,Orsang,-,-,Orsang,22.26500000,73.72722222,22-08-2019 08:30,1
6777,6777,BODELI,CWC,24,Gujarat,461,Vadodara,VADODARA,-,-,Narmada,Narmada,Orsang,-,-,Orsang,22.26500000,73.72722222,22-08-2019 12:00,0.2
6778,6778,BODELI,CWC,24,Gujarat,461,Vadodara,VADODARA,-,-,Narmada,Narmada,Orsang,-,-,Orsang,22.26500000,73.72722222,23-08-2019 08:30,0.2
6779,6779,BODELI,CWC,24,Gujarat,461,Vadodara,VADODARA,-,-,Narmada,Narmada,Orsang,-,-,Orsang,22.26500000,73.72722222,25-08-2019 21:00,0.6
6780,6780,BODELI,CWC,24,Gujarat,461,Vadodara,VADODARA,-,-,Narmada,Narmada,Orsang,-,-,Orsang,22.26500000,73.72722222,26-08-2019 08:30,2
6781,6781,BODELI,CWC,24,Gujarat,461,Vadodara,VADODARA,-,-,Narmada,Narmada,Orsang,-,-,Orsang,22.26500000,73.72722222,26-08-2019 09:00,1.4
6782,6782,BODELI,CWC,24,Gujarat,461,Vadodara,VADODARA,-,-,Narmada,Narmada,Orsang,-,-,Orsang,22.26500000,73.72722222,26-08-2019 11:00,0.6
6783,6783,BODELI,CWC,24,Gujarat,461,Vadodara,VADODARA,-,-,Narmada,Narmada,Orsang,-,-,Orsang,22.26500000,73.72722222,26-08-2019 12:00,0.2
6784,6784,BODELI,CWC,24,Gujarat,461,Vadodara,VADODARA,-,-,Narmada,Narmada,Orsang,-,-,Orsang,22.26500000,73.72722222,26-08-2019 13:00,4.4
6785,6785,BODELI,CWC,24,Gujarat,461,Vadodara,VADODARA,-,-,Narmada,Narmada,Orsang,-,-,Orsang,22.26500000,73.72722222,26-08-2019 14:00,4.6
6786,6786,BODELI,CWC,24,Gujarat,461,Vadodara,VADODARA,-,-,Narmada,Narmada,Orsang,-,-,Orsang,22.26500000,73.72722222,26-08-2019 15:00,1.6
6787,6787,BODELI,CWC,24,Gujarat,461,Vadodara,VADODARA,-,-,Narmada,Narmada,Orsang,-,-,Orsang,22.26500000,73.72722222,26-08-2019 16:00,3
6788,6788,BODELI,CWC,24,Gujarat,461,Vadodara,VADODARA,-,-,Narmada,Narmada,Orsang,-,-,Orsang,22.26500000,73.72722222,26-08-2019 17:00,0.6
6789,6789,BODELI,CWC,24,Gujarat,461,Vadodara,VADODARA,-,-,Narmada,Narmada,Orsang,-,-,Orsang,22.26500000,73.72722222,26-08-2019 18:00,0.2
6790,6790,BODELI,CWC,24,Gujarat,461,Vadodara,VADODARA,-,-,Narmada,Narmada,Orsang,-,-,Orsang,22.26500000,73.72722222,26-08-2019 19:00,2.8
6791,6791,BODELI,CWC,24,Gujarat,461,Vadodara,VADODARA,-,-,Narmada,Narmada,Orsang,-,-,Orsang,22.26500000,73.72722222,26-08-2019 20:00,1.8
6792,6792,BODELI,CWC,24,Gujarat,461,Vadodara,VADODARA,-,-,Narmada,Narmada,Orsang,-,-,Orsang,22.26500000,73.72722222,26-08-2019 21:00,0.2
6793,6793,BODELI,CWC,24,Gujarat,461,Vadodara,VADODARA,-,-,Narmada,Narmada,Orsang,-,-,Orsang,22.26500000,73.72722222,26-08-2019 23:00,0.4
6794,6794,BODELI,CWC,24,Gujarat,461,Vadodara,VADODARA,-,-,Narmada,Narmada,Orsang,-,-,Orsang,22.26500000,73.72722222,27-08-2019 00:00,1.8
6795,6795,BODELI,CWC,24,Gujarat,461,Vadodara,VADODARA,-,-,Narmada,Narmada,Orsang,-,-,Orsang,22.26500000,73.72722222,27-08-2019 01:00,2.4
6796,6796,BODELI,CWC,24,Gujarat,461,Vadodara,VADODARA,-,-,Narmada,Narmada,Orsang,-,-,Orsang,22.26500000,73.72722222,27-08-2019 02:00,20.2
6797,6797,BODELI,CWC,24,Gujarat,461,Vadodara,VADODARA,-,-,Narmada,Narmada,Orsang,-,-,Orsang,22.26500000,73.72722222,27-08-2019 03:00,1.2
6798,6798,BODELI,CWC,24,Gujarat,461,Vadodara,VADODARA,-,-,Narmada,Narmada,Orsang,-,-,Orsang,22.26500000,73.72722222,27-08-2019 04:00,0.6
6799,6799,BODELI,CWC,24,Gujarat,461,Vadodara,VADODARA,-,-,Narmada,Narmada,Orsang,-,-,Orsang,22.26500000,73.72722222,27-08-2019 05:00,2.8
6800,6800,BODELI,CWC,24,Gujarat,461,Vadodara,VADODARA,-,-,Narmada,Narmada,Orsang,-,-,Orsang,22.26500000,73.72722222,27-08-2019 06:00,6
6801,6801,BODELI,CWC,24,Gujarat,461,Vadodara,VADODARA,-,-,Narmada,Narmada,Orsang,-,-,Orsang,22.26500000,73.72722222,27-08-2019 07:00,2
6802,6802,BODELI,CWC,24,Gujarat,461,Vadodara,VADODARA,-,-,Narmada,Narmada,Orsang,-,-,Orsang,22.26500000,73.72722222,27-08-2019 08:00,2.2
6803,6803,BODELI,CWC,24,Gujarat,461,Vadodara,VADODARA,-,-,Narmada,Narmada,Orsang,-,-,Orsang,22.26500000,73.72722222,27-08-2019 08:30,60
6804,6804,BODELI,CWC,24,Gujarat,461,Vadodara,VADODARA,-,-,Narmada,Narmada,Orsang,-,-,Orsang,22.26500000,73.72722222,27-08-2019 09:00,5.2
6805,6805,BODELI,CWC,24,Gujarat,461,Vadodara,VADODARA,-,-,Narmada,Narmada,Orsang,-,-,Orsang,22.26500000,73.72722222,27-08-2019 10:00,7.6
6806,6806,BODELI,CWC,24,Gujarat,461,Vadodara,VADODARA,-,-,Narmada,Narmada,Orsang,-,-,Orsang,22.26500000,73.72722222,27-08-2019 11:00,4
6807,6807,BODELI,CWC,24,Gujarat,461,Vadodara,VADODARA,-,-,Narmada,Narmada,Orsang,-,-,Orsang,22.26500000,73.72722222,27-08-2019 12:00,15.2
6808,6808,BODELI,CWC,24,Gujarat,461,Vadodara,VADODARA,-,-,Narmada,Narmada,Orsang,-,-,Orsang,22.26500000,73.72722222,27-08-2019 13:00,7.8
6809,6809,BODELI,CWC,24,Gujarat,461,Vadodara,VADODARA,-,-,Narmada,Narmada,Orsang,-,-,Orsang,22.26500000,73.72722222,27-08-2019 14:00,1.4
6810,6810,BODELI,CWC,24,Gujarat,461,Vadodara,VADODARA,-,-,Narmada,Narmada,Orsang,-,-,Orsang,22.26500000,73.72722222,27-08-2019 15:00,2.4
6811,6811,BODELI,CWC,24,Gujarat,461,Vadodara,VADODARA,-,-,Narmada,Narmada,Orsang,-,-,Orsang,22.26500000,73.72722222,27-08-2019 16:00,0.2
6812,6812,BODELI,CWC,24,Gujarat,461,Vadodara,VADODARA,-,-,Narmada,Narmada,Orsang,-,-,Orsang,22.26500000,73.72722222,27-08-2019 18:00,0.4
6813,6813,BODELI,CWC,24,Gujarat,461,Vadodara,VADODARA,-,-,Narmada,Narmada,Orsang,-,-,Orsang,22.26500000,73.72722222,28-08-2019 04:00,0.6
6814,6814,BODELI,CWC,24,Gujarat,461,Vadodara,VADODARA,-,-,Narmada,Narmada,Orsang,-,-,Orsang,22.26500000,73.72722222,28-08-2019 08:30,44.8
6815,6815,BODELI,CWC,24,Gujarat,461,Vadodara,VADODARA,-,-,Narmada,Narmada,Orsang,-,-,Orsang,22.26500000,73.72722222,31-08-2019 21:00,9.8
6816,6816,BODELI,CWC,24,Gujarat,461,Vadodara,VADODARA,-,-,Narmada,Narmada,Orsang,-,-,Orsang,22.26500000,73.72722222,01-09-2019 08:30,11.6
6817,6817,BODELI,CWC,24,Gujarat,461,Vadodara,VADODARA,-,-,Narmada,Narmada,Orsang,-,-,Orsang,22.26500000,73.72722222,01-09-2019 20:00,5.8
6818,6818,BODELI,CWC,24,Gujarat,461,Vadodara,VADODARA,-,-,Narmada,Narmada,Orsang,-,-,Orsang,22.26500000,73.72722222,02-09-2019 08:30,5.8
6819,6819,BODELI,CWC,24,Gujarat,461,Vadodara,VADODARA,-,-,Narmada,Narmada,Orsang,-,-,Orsang,22.26500000,73.72722222,02-09-2019 15:00,1.6
6820,6820,BODELI,CWC,24,Gujarat,461,Vadodara,VADODARA,-,-,Narmada,Narmada,Orsang,-,-,Orsang,22.26500000,73.72722222,03-09-2019 08:30,1.6
6821,6821,BODELI,CWC,24,Gujarat,461,Vadodara,VADODARA,-,-,Narmada,Narmada,Orsang,-,-,Orsang,22.26500000,73.72722222,03-09-2019 18:00,7.4
6822,6822,BODELI,CWC,24,Gujarat,461,Vadodara,VADODARA,-,-,Narmada,Narmada,Orsang,-,-,Orsang,22.26500000,73.72722222,03-09-2019 19:00,20.4
6823,6823,BODELI,CWC,24,Gujarat,461,Vadodara,VADODARA,-,-,Narmada,Narmada,Orsang,-,-,Orsang,22.26500000,73.72722222,04-09-2019 08:30,27.8
6824,6824,BODELI,CWC,24,Gujarat,461,Vadodara,VADODARA,-,-,Narmada,Narmada,Orsang,-,-,Orsang,22.26500000,73.72722222,05-09-2019 08:30,2.4
6825,6825,BODELI,CWC,24,Gujarat,461,Vadodara,VADODARA,-,-,Narmada,Narmada,Orsang,-,-,Orsang,22.26500000,73.72722222,05-09-2019 22:00,5.4
6826,6826,BODELI,CWC,24,Gujarat,461,Vadodara,VADODARA,-,-,Narmada,Narmada,Orsang,-,-,Orsang,22.26500000,73.72722222,05-09-2019 23:00,12.2
6827,6827,BODELI,CWC,24,Gujarat,461,Vadodara,VADODARA,-,-,Narmada,Narmada,Orsang,-,-,Orsang,22.26500000,73.72722222,06-09-2019 08:30,17.6
6828,6828,BODELI,CWC,24,Gujarat,461,Vadodara,VADODARA,-,-,Narmada,Narmada,Orsang,-,-,Orsang,22.26500000,73.72722222,07-09-2019 05:00,1.2
6829,6829,BODELI,CWC,24,Gujarat,461,Vadodara,VADODARA,-,-,Narmada,Narmada,Orsang,-,-,Orsang,22.26500000,73.72722222,07-09-2019 08:30,1.2
6830,6830,BODELI,CWC,24,Gujarat,461,Vadodara,VADODARA,-,-,Narmada,Narmada,Orsang,-,-,Orsang,22.26500000,73.72722222,07-09-2019 09:00,2
6831,6831,BODELI,CWC,24,Gujarat,461,Vadodara,VADODARA,-,-,Narmada,Narmada,Orsang,-,-,Orsang,22.26500000,73.72722222,08-09-2019 07:00,0.2
6832,6832,BODELI,CWC,24,Gujarat,461,Vadodara,VADODARA,-,-,Narmada,Narmada,Orsang,-,-,Orsang,22.26500000,73.72722222,08-09-2019 08:00,0.4
6833,6833,BODELI,CWC,24,Gujarat,461,Vadodara,VADODARA,-,-,Narmada,Narmada,Orsang,-,-,Orsang,22.26500000,73.72722222,08-09-2019 08:30,1.6
6834,6834,BODELI,CWC,24,Gujarat,461,Vadodara,VADODARA,-,-,Narmada,Narmada,Orsang,-,-,Orsang,22.26500000,73.72722222,08-09-2019 16:00,0.6
6835,6835,BODELI,CWC,24,Gujarat,461,Vadodara,VADODARA,-,-,Narmada,Narmada,Orsang,-,-,Orsang,22.26500000,73.72722222,09-09-2019 08:30,2.4
6836,6836,BODELI,CWC,24,Gujarat,461,Vadodara,VADODARA,-,-,Narmada,Narmada,Orsang,-,-,Orsang,22.26500000,73.72722222,09-09-2019 11:00,0.4
6837,6837,BODELI,CWC,24,Gujarat,461,Vadodara,VADODARA,-,-,Narmada,Narmada,Orsang,-,-,Orsang,22.26500000,73.72722222,09-09-2019 12:00,0.6
6838,6838,BODELI,CWC,24,Gujarat,461,Vadodara,VADODARA,-,-,Narmada,Narmada,Orsang,-,-,Orsang,22.26500000,73.72722222,09-09-2019 13:00,0.6
6839,6839,BODELI,CWC,24,Gujarat,461,Vadodara,VADODARA,-,-,Narmada,Narmada,Orsang,-,-,Orsang,22.26500000,73.72722222,09-09-2019 14:00,1
6840,6840,BODELI,CWC,24,Gujarat,461,Vadodara,VADODARA,-,-,Narmada,Narmada,Orsang,-,-,Orsang,22.26500000,73.72722222,09-09-2019 21:00,0.2
6841,6841,BODELI,CWC,24,Gujarat,461,Vadodara,VADODARA,-,-,Narmada,Narmada,Orsang,-,-,Orsang,22.26500000,73.72722222,09-09-2019 22:00,49.8
6842,6842,BODELI,CWC,24,Gujarat,461,Vadodara,VADODARA,-,-,Narmada,Narmada,Orsang,-,-,Orsang,22.26500000,73.72722222,09-09-2019 23:00,2
6843,6843,BODELI,CWC,24,Gujarat,461,Vadodara,VADODARA,-,-,Narmada,Narmada,Orsang,-,-,Orsang,22.26500000,73.72722222,10-09-2019 04:00,10.6
6844,6844,BODELI,CWC,24,Gujarat,461,Vadodara,VADODARA,-,-,Narmada,Narmada,Orsang,-,-,Orsang,22.26500000,73.72722222,10-09-2019 05:00,16.2
6845,6845,BODELI,CWC,24,Gujarat,461,Vadodara,VADODARA,-,-,Narmada,Narmada,Orsang,-,-,Orsang,22.26500000,73.72722222,10-09-2019 06:00,1.6
6846,6846,BODELI,CWC,24,Gujarat,461,Vadodara,VADODARA,-,-,Narmada,Narmada,Orsang,-,-,Orsang,22.26500000,73.72722222,10-09-2019 08:00,1
6847,6847,BODELI,CWC,24,Gujarat,461,Vadodara,VADODARA,-,-,Narmada,Narmada,Orsang,-,-,Orsang,22.26500000,73.72722222,10-09-2019 08:30,90.6
6848,6848,BODELI,CWC,24,Gujarat,461,Vadodara,VADODARA,-,-,Narmada,Narmada,Orsang,-,-,Orsang,22.26500000,73.72722222,10-09-2019 09:00,3.2
6849,6849,BODELI,CWC,24,Gujarat,461,Vadodara,VADODARA,-,-,Narmada,Narmada,Orsang,-,-,Orsang,22.26500000,73.72722222,10-09-2019 10:00,1.2
6850,6850,BODELI,CWC,24,Gujarat,461,Vadodara,VADODARA,-,-,Narmada,Narmada,Orsang,-,-,Orsang,22.26500000,73.72722222,10-09-2019 11:00,1.6
6851,6851,BODELI,CWC,24,Gujarat,461,Vadodara,VADODARA,-,-,Narmada,Narmada,Orsang,-,-,Orsang,22.26500000,73.72722222,10-09-2019 13:00,1.4
6852,6852,BODELI,CWC,24,Gujarat,461,Vadodara,VADODARA,-,-,Narmada,Narmada,Orsang,-,-,Orsang,22.26500000,73.72722222,10-09-2019 14:00,3.2
6853,6853,BODELI,CWC,24,Gujarat,461,Vadodara,VADODARA,-,-,Narmada,Narmada,Orsang,-,-,Orsang,22.26500000,73.72722222,10-09-2019 15:00,3
6854,6854,BODELI,CWC,24,Gujarat,461,Vadodara,VADODARA,-,-,Narmada,Narmada,Orsang,-,-,Orsang,22.26500000,73.72722222,10-09-2019 16:00,0.8
6855,6855,BODELI,CWC,24,Gujarat,461,Vadodara,VADODARA,-,-,Narmada,Narmada,Orsang,-,-,Orsang,22.26500000,73.72722222,10-09-2019 17:00,0.4
6856,6856,BODELI,CWC,24,Gujarat,461,Vadodara,VADODARA,-,-,Narmada,Narmada,Orsang,-,-,Orsang,22.26500000,73.72722222,10-09-2019 18:00,0.2
6857,6857,BODELI,CWC,24,Gujarat,461,Vadodara,VADODARA,-,-,Narmada,Narmada,Orsang,-,-,Orsang,22.26500000,73.72722222,10-09-2019 22:00,1
6858,6858,BODELI,CWC,24,Gujarat,461,Vadodara,VADODARA,-,-,Narmada,Narmada,Orsang,-,-,Orsang,22.26500000,73.72722222,10-09-2019 23:00,0.6
6859,6859,BODELI,CWC,24,Gujarat,461,Vadodara,VADODARA,-,-,Narmada,Narmada,Orsang,-,-,Orsang,22.26500000,73.72722222,11-09-2019 00:00,0.2
6860,6860,BODELI,CWC,24,Gujarat,461,Vadodara,VADODARA,-,-,Narmada,Narmada,Orsang,-,-,Orsang,22.26500000,73.72722222,11-09-2019 08:30,22.2
6861,6861,BODELI,CWC,24,Gujarat,461,Vadodara,VADODARA,-,-,Narmada,Narmada,Orsang,-,-,Orsang,22.26500000,73.72722222,12-09-2019 15:00,3.6
6862,6862,BODELI,CWC,24,Gujarat,461,Vadodara,VADODARA,-,-,Narmada,Narmada,Orsang,-,-,Orsang,22.26500000,73.72722222,12-09-2019 17:00,3
6863,6863,BODELI,CWC,24,Gujarat,461,Vadodara,VADODARA,-,-,Narmada,Narmada,Orsang,-,-,Orsang,22.26500000,73.72722222,13-09-2019 07:00,0.6
6864,6864,BODELI,CWC,24,Gujarat,461,Vadodara,VADODARA,-,-,Narmada,Narmada,Orsang,-,-,Orsang,22.26500000,73.72722222,13-09-2019 08:00,1.2
6865,6865,BODELI,CWC,24,Gujarat,461,Vadodara,VADODARA,-,-,Narmada,Narmada,Orsang,-,-,Orsang,22.26500000,73.72722222,13-09-2019 08:30,12.4
6866,6866,BODELI,CWC,24,Gujarat,461,Vadodara,VADODARA,-,-,Narmada,Narmada,Orsang,-,-,Orsang,22.26500000,73.72722222,13-09-2019 09:00,2.8
6867,6867,BODELI,CWC,24,Gujarat,461,Vadodara,VADODARA,-,-,Narmada,Narmada,Orsang,-,-,Orsang,22.26500000,73.72722222,13-09-2019 10:00,0.8
6868,6868,BODELI,CWC,24,Gujarat,461,Vadodara,VADODARA,-,-,Narmada,Narmada,Orsang,-,-,Orsang,22.26500000,73.72722222,13-09-2019 11:00,0.4
6869,6869,BODELI,CWC,24,Gujarat,461,Vadodara,VADODARA,-,-,Narmada,Narmada,Orsang,-,-,Orsang,22.26500000,73.72722222,13-09-2019 13:00,0.4
6870,6870,BODELI,CWC,24,Gujarat,461,Vadodara,VADODARA,-,-,Narmada,Narmada,Orsang,-,-,Orsang,22.26500000,73.72722222,13-09-2019 15:00,1
6871,6871,BODELI,CWC,24,Gujarat,461,Vadodara,VADODARA,-,-,Narmada,Narmada,Orsang,-,-,Orsang,22.26500000,73.72722222,13-09-2019 16:00,0.4
6872,6872,BODELI,CWC,24,Gujarat,461,Vadodara,VADODARA,-,-,Narmada,Narmada,Orsang,-,-,Orsang,22.26500000,73.72722222,13-09-2019 17:00,0.4
6873,6873,BODELI,CWC,24,Gujarat,461,Vadodara,VADODARA,-,-,Narmada,Narmada,Orsang,-,-,Orsang,22.26500000,73.72722222,13-09-2019 18:00,0.8
6874,6874,BODELI,CWC,24,Gujarat,461,Vadodara,VADODARA,-,-,Narmada,Narmada,Orsang,-,-,Orsang,22.26500000,73.72722222,13-09-2019 19:00,6.4
6875,6875,BODELI,CWC,24,Gujarat,461,Vadodara,VADODARA,-,-,Narmada,Narmada,Orsang,-,-,Orsang,22.26500000,73.72722222,14-09-2019 02:00,0.8
6876,6876,BODELI,CWC,24,Gujarat,461,Vadodara,VADODARA,-,-,Narmada,Narmada,Orsang,-,-,Orsang,22.26500000,73.72722222,14-09-2019 03:00,1.2
6877,6877,BODELI,CWC,24,Gujarat,461,Vadodara,VADODARA,-,-,Narmada,Narmada,Orsang,-,-,Orsang,22.26500000,73.72722222,14-09-2019 08:30,15.2
6878,6878,BODELI,CWC,24,Gujarat,461,Vadodara,VADODARA,-,-,Narmada,Narmada,Orsang,-,-,Orsang,22.26500000,73.72722222,15-09-2019 02:00,0.6
6879,6879,BODELI,CWC,24,Gujarat,461,Vadodara,VADODARA,-,-,Narmada,Narmada,Orsang,-,-,Orsang,22.26500000,73.72722222,15-09-2019 08:00,0.2
6880,6880,BODELI,CWC,24,Gujarat,461,Vadodara,VADODARA,-,-,Narmada,Narmada,Orsang,-,-,Orsang,22.26500000,73.72722222,15-09-2019 08:30,0.8
6881,6881,BODELI,CWC,24,Gujarat,461,Vadodara,VADODARA,-,-,Narmada,Narmada,Orsang,-,-,Orsang,22.26500000,73.72722222,15-09-2019 10:00,1.6
6882,6882,BODELI,CWC,24,Gujarat,461,Vadodara,VADODARA,-,-,Narmada,Narmada,Orsang,-,-,Orsang,22.26500000,73.72722222,15-09-2019 11:00,0.6
6883,6883,BODELI,CWC,24,Gujarat,461,Vadodara,VADODARA,-,-,Narmada,Narmada,Orsang,-,-,Orsang,22.26500000,73.72722222,15-09-2019 12:00,0.4
6884,6884,BODELI,CWC,24,Gujarat,461,Vadodara,VADODARA,-,-,Narmada,Narmada,Orsang,-,-,Orsang,22.26500000,73.72722222,16-09-2019 07:00,0.6
6885,6885,BODELI,CWC,24,Gujarat,461,Vadodara,VADODARA,-,-,Narmada,Narmada,Orsang,-,-,Orsang,22.26500000,73.72722222,16-09-2019 08:30,6.2
6886,6886,BODELI,CWC,24,Gujarat,461,Vadodara,VADODARA,-,-,Narmada,Narmada,Orsang,-,-,Orsang,22.26500000,73.72722222,18-09-2019 18:00,8.6
6887,6887,BODELI,CWC,24,Gujarat,461,Vadodara,VADODARA,-,-,Narmada,Narmada,Orsang,-,-,Orsang,22.26500000,73.72722222,18-09-2019 19:00,3.4
6888,6888,BODELI,CWC,24,Gujarat,461,Vadodara,VADODARA,-,-,Narmada,Narmada,Orsang,-,-,Orsang,22.26500000,73.72722222,18-09-2019 20:00,3
6889,6889,BODELI,CWC,24,Gujarat,461,Vadodara,VADODARA,-,-,Narmada,Narmada,Orsang,-,-,Orsang,22.26500000,73.72722222,18-09-2019 21:00,2
6890,6890,BODELI,CWC,24,Gujarat,461,Vadodara,VADODARA,-,-,Narmada,Narmada,Orsang,-,-,Orsang,22.26500000,73.72722222,19-09-2019 08:30,17
6891,6891,BODELI,CWC,24,Gujarat,461,Vadodara,VADODARA,-,-,Narmada,Narmada,Orsang,-,-,Orsang,22.26500000,73.72722222,20-09-2019 16:00,12.4
6892,6892,BODELI,CWC,24,Gujarat,461,Vadodara,VADODARA,-,-,Narmada,Narmada,Orsang,-,-,Orsang,22.26500000,73.72722222,20-09-2019 21:00,0.4
6893,6893,BODELI,CWC,24,Gujarat,461,Vadodara,VADODARA,-,-,Narmada,Narmada,Orsang,-,-,Orsang,22.26500000,73.72722222,21-09-2019 00:00,4.8
6894,6894,BODELI,CWC,24,Gujarat,461,Vadodara,VADODARA,-,-,Narmada,Narmada,Orsang,-,-,Orsang,22.26500000,73.72722222,21-09-2019 01:00,4.2
6895,6895,BODELI,CWC,24,Gujarat,461,Vadodara,VADODARA,-,-,Narmada,Narmada,Orsang,-,-,Orsang,22.26500000,73.72722222,21-09-2019 02:00,0.8
6896,6896,BODELI,CWC,24,Gujarat,461,Vadodara,VADODARA,-,-,Narmada,Narmada,Orsang,-,-,Orsang,22.26500000,73.72722222,21-09-2019 08:30,27.2
6897,6897,BODELI,CWC,24,Gujarat,461,Vadodara,VADODARA,-,-,Narmada,Narmada,Orsang,-,-,Orsang,22.26500000,73.72722222,22-09-2019 13:00,4.8
6898,6898,BODELI,CWC,24,Gujarat,461,Vadodara,VADODARA,-,-,Narmada,Narmada,Orsang,-,-,Orsang,22.26500000,73.72722222,22-09-2019 16:00,23
6899,6899,BODELI,CWC,24,Gujarat,461,Vadodara,VADODARA,-,-,Narmada,Narmada,Orsang,-,-,Orsang,22.26500000,73.72722222,22-09-2019 17:00,6
6900,6900,BODELI,CWC,24,Gujarat,461,Vadodara,VADODARA,-,-,Narmada,Narmada,Orsang,-,-,Orsang,22.26500000,73.72722222,23-09-2019 08:30,29
6901,6901,BODELI,CWC,24,Gujarat,461,Vadodara,VADODARA,-,-,Narmada,Narmada,Orsang,-,-,Orsang,22.26500000,73.72722222,25-09-2019 15:00,12.2
6902,6902,BODELI,CWC,24,Gujarat,461,Vadodara,VADODARA,-,-,Narmada,Narmada,Orsang,-,-,Orsang,22.26500000,73.72722222,25-09-2019 18:00,0.8
6903,6903,BODELI,CWC,24,Gujarat,461,Vadodara,VADODARA,-,-,Narmada,Narmada,Orsang,-,-,Orsang,22.26500000,73.72722222,25-09-2019 19:00,4
6904,6904,BODELI,CWC,24,Gujarat,461,Vadodara,VADODARA,-,-,Narmada,Narmada,Orsang,-,-,Orsang,22.26500000,73.72722222,25-09-2019 20:00,5.4
6905,6905,BODELI,CWC,24,Gujarat,461,Vadodara,VADODARA,-,-,Narmada,Narmada,Orsang,-,-,Orsang,22.26500000,73.72722222,25-09-2019 21:00,3.4
6906,6906,BODELI,CWC,24,Gujarat,461,Vadodara,VADODARA,-,-,Narmada,Narmada,Orsang,-,-,Orsang,22.26500000,73.72722222,26-09-2019 08:30,25
6907,6907,BODELI,CWC,24,Gujarat,461,Vadodara,VADODARA,-,-,Narmada,Narmada,Orsang,-,-,Orsang,22.26500000,73.72722222,26-09-2019 22:00,1.4
6908,6908,BODELI,CWC,24,Gujarat,461,Vadodara,VADODARA,-,-,Narmada,Narmada,Orsang,-,-,Orsang,22.26500000,73.72722222,26-09-2019 23:00,1.2
6909,6909,BODELI,CWC,24,Gujarat,461,Vadodara,VADODARA,-,-,Narmada,Narmada,Orsang,-,-,Orsang,22.26500000,73.72722222,27-09-2019 00:00,0.6
6910,6910,BODELI,CWC,24,Gujarat,461,Vadodara,VADODARA,-,-,Narmada,Narmada,Orsang,-,-,Orsang,22.26500000,73.72722222,27-09-2019 02:00,0.4
6911,6911,BODELI,CWC,24,Gujarat,461,Vadodara,VADODARA,-,-,Narmada,Narmada,Orsang,-,-,Orsang,22.26500000,73.72722222,27-09-2019 08:30,7.6
6912,6912,BODELI,CWC,24,Gujarat,461,Vadodara,VADODARA,-,-,Narmada,Narmada,Orsang,-,-,Orsang,22.26500000,73.72722222,27-09-2019 12:00,0.4
6913,6913,BODELI,CWC,24,Gujarat,461,Vadodara,VADODARA,-,-,Narmada,Narmada,Orsang,-,-,Orsang,22.26500000,73.72722222,27-09-2019 17:00,8.6
6914,6914,BODELI,CWC,24,Gujarat,461,Vadodara,VADODARA,-,-,Narmada,Narmada,Orsang,-,-,Orsang,22.26500000,73.72722222,27-09-2019 20:00,2
6915,6915,BODELI,CWC,24,Gujarat,461,Vadodara,VADODARA,-,-,Narmada,Narmada,Orsang,-,-,Orsang,22.26500000,73.72722222,27-09-2019 21:00,7.4
6916,6916,BODELI,CWC,24,Gujarat,461,Vadodara,VADODARA,-,-,Narmada,Narmada,Orsang,-,-,Orsang,22.26500000,73.72722222,27-09-2019 22:00,2
6917,6917,BODELI,CWC,24,Gujarat,461,Vadodara,VADODARA,-,-,Narmada,Narmada,Orsang,-,-,Orsang,22.26500000,73.72722222,27-09-2019 23:00,2.2
6918,6918,BODELI,CWC,24,Gujarat,461,Vadodara,VADODARA,-,-,Narmada,Narmada,Orsang,-,-,Orsang,22.26500000,73.72722222,28-09-2019 00:00,2.6
6919,6919,BODELI,CWC,24,Gujarat,461,Vadodara,VADODARA,-,-,Narmada,Narmada,Orsang,-,-,Orsang,22.26500000,73.72722222,28-09-2019 01:00,4.4
6920,6920,BODELI,CWC,24,Gujarat,461,Vadodara,VADODARA,-,-,Narmada,Narmada,Orsang,-,-,Orsang,22.26500000,73.72722222,28-09-2019 02:00,3.8
6921,6921,BODELI,CWC,24,Gujarat,461,Vadodara,VADODARA,-,-,Narmada,Narmada,Orsang,-,-,Orsang,22.26500000,73.72722222,28-09-2019 03:00,4.2
6922,6922,BODELI,CWC,24,Gujarat,461,Vadodara,VADODARA,-,-,Narmada,Narmada,Orsang,-,-,Orsang,22.26500000,73.72722222,28-09-2019 04:00,0.2
6923,6923,BODELI,CWC,24,Gujarat,461,Vadodara,VADODARA,-,-,Narmada,Narmada,Orsang,-,-,Orsang,22.26500000,73.72722222,29-09-2019 14:00,1.4
6924,6924,BODELI,CWC,24,Gujarat,461,Vadodara,VADODARA,-,-,Narmada,Narmada,Orsang,-,-,Orsang,22.26500000,73.72722222,30-09-2019 08:30,1.8
6925,6925,BODELI,CWC,24,Gujarat,461,Vadodara,VADODARA,-,-,Narmada,Narmada,Orsang,-,-,Orsang,22.26500000,73.72722222,30-09-2019 15:00,7
6926,6926,BODELI,CWC,24,Gujarat,461,Vadodara,VADODARA,-,-,Narmada,Narmada,Orsang,-,-,Orsang,22.26500000,73.72722222,30-09-2019 22:00,11
6927,6927,BODELI,CWC,24,Gujarat,461,Vadodara,VADODARA,-,-,Narmada,Narmada,Orsang,-,-,Orsang,22.26500000,73.72722222,30-09-2019 23:00,1
6928,6928,BODELI,CWC,24,Gujarat,461,Vadodara,VADODARA,-,-,Narmada,Narmada,Orsang,-,-,Orsang,22.26500000,73.72722222,01-10-2019 00:00,0.8
6929,6929,BODELI,CWC,24,Gujarat,461,Vadodara,VADODARA,-,-,Narmada,Narmada,Orsang,-,-,Orsang,22.26500000,73.72722222,01-10-2019 02:00,0.8
6930,6930,BODELI,CWC,24,Gujarat,461,Vadodara,VADODARA,-,-,Narmada,Narmada,Orsang,-,-,Orsang,22.26500000,73.72722222,01-10-2019 03:00,1.2
6931,6931,BODELI,CWC,24,Gujarat,461,Vadodara,VADODARA,-,-,Narmada,Narmada,Orsang,-,-,Orsang,22.26500000,73.72722222,01-10-2019 04:00,0.2
6932,6932,BODELI,CWC,24,Gujarat,461,Vadodara,VADODARA,-,-,Narmada,Narmada,Orsang,-,-,Orsang,22.26500000,73.72722222,01-10-2019 08:00,0.6
6933,6933,BODELI,CWC,24,Gujarat,461,Vadodara,VADODARA,-,-,Narmada,Narmada,Orsang,-,-,Orsang,22.26500000,73.72722222,01-10-2019 08:30,15.6
6934,6934,BODELI,CWC,24,Gujarat,461,Vadodara,VADODARA,-,-,Narmada,Narmada,Orsang,-,-,Orsang,22.26500000,73.72722222,01-10-2019 12:00,0.6
6935,6935,BODELI,CWC,24,Gujarat,461,Vadodara,VADODARA,-,-,Narmada,Narmada,Orsang,-,-,Orsang,22.26500000,73.72722222,02-10-2019 00:00,0.4
6936,6936,BODELI,CWC,24,Gujarat,461,Vadodara,VADODARA,-,-,Narmada,Narmada,Orsang,-,-,Orsang,22.26500000,73.72722222,02-10-2019 08:30,1
6937,6937,BODELI,CWC,24,Gujarat,461,Vadodara,VADODARA,-,-,Narmada,Narmada,Orsang,-,-,Orsang,22.26500000,73.72722222,06-10-2019 18:00,2.2
6938,6938,BODELI,CWC,24,Gujarat,461,Vadodara,VADODARA,-,-,Narmada,Narmada,Orsang,-,-,Orsang,22.26500000,73.72722222,06-10-2019 22:00,24.4
6939,6939,BODELI,CWC,24,Gujarat,461,Vadodara,VADODARA,-,-,Narmada,Narmada,Orsang,-,-,Orsang,22.26500000,73.72722222,06-10-2019 23:00,1.6
6940,6940,BODELI,CWC,24,Gujarat,461,Vadodara,VADODARA,-,-,Narmada,Narmada,Orsang,-,-,Orsang,22.26500000,73.72722222,07-10-2019 08:30,26
6941,6941,BODELI,CWC,24,Gujarat,461,Vadodara,VADODARA,-,-,Narmada,Narmada,Orsang,-,-,Orsang,22.26500000,73.72722222,22-10-2019 06:00,0.4
6942,6942,BODELI,CWC,24,Gujarat,461,Vadodara,VADODARA,-,-,Narmada,Narmada,Orsang,-,-,Orsang,22.26500000,73.72722222,23-10-2019 08:30,0.2
6943,6943,BODELI,CWC,24,Gujarat,461,Vadodara,VADODARA,-,-,Narmada,Narmada,Orsang,-,-,Orsang,22.26500000,73.72722222,27-10-2019 08:30,1
6944,6944,BODELI,CWC,24,Gujarat,461,Vadodara,VADODARA,-,-,Narmada,Narmada,Orsang,-,-,Orsang,22.26500000,73.72722222,29-10-2019 08:30,7.4
6945,6945,BODELI,CWC,24,Gujarat,461,Vadodara,VADODARA,-,-,Narmada,Narmada,Orsang,-,-,Orsang,22.26500000,73.72722222,30-10-2019 04:00,2.2
6946,6946,BODELI,CWC,24,Gujarat,461,Vadodara,VADODARA,-,-,Narmada,Narmada,Orsang,-,-,Orsang,22.26500000,73.72722222,30-10-2019 05:00,1.4
6947,6947,BODELI,CWC,24,Gujarat,461,Vadodara,VADODARA,-,-,Narmada,Narmada,Orsang,-,-,Orsang,22.26500000,73.72722222,30-10-2019 07:00,0.2
6948,6948,BODELI,CWC,24,Gujarat,461,Vadodara,VADODARA,-,-,Narmada,Narmada,Orsang,-,-,Orsang,22.26500000,73.72722222,30-10-2019 08:30,6.6
6949,6949,BODELI,CWC,24,Gujarat,461,Vadodara,VADODARA,-,-,Narmada,Narmada,Orsang,-,-,Orsang,22.26500000,73.72722222,31-10-2019 18:00,3.4
6950,6950,BODELI,CWC,24,Gujarat,461,Vadodara,VADODARA,-,-,Narmada,Narmada,Orsang,-,-,Orsang,22.26500000,73.72722222,07-11-2019 08:30,19
6951,6951,BODELI,CWC,24,Gujarat,461,Vadodara,VADODARA,-,-,Narmada,Narmada,Orsang,-,-,Orsang,22.26500000,73.72722222,06-06-2020 08:30,6.6
6952,6952,BODELI,CWC,24,Gujarat,461,Vadodara,VADODARA,-,-,Narmada,Narmada,Orsang,-,-,Orsang,22.26500000,73.72722222,11-06-2020 08:30,35
6953,6953,BODELI,CWC,24,Gujarat,461,Vadodara,VADODARA,-,-,Narmada,Narmada,Orsang,-,-,Orsang,22.26500000,73.72722222,13-06-2020 08:30,29.6
6954,6954,BODELI,CWC,24,Gujarat,461,Vadodara,VADODARA,-,-,Narmada,Narmada,Orsang,-,-,Orsang,22.26500000,73.72722222,15-06-2020 08:30,36.8
6955,6955,BODELI,CWC,24,Gujarat,461,Vadodara,VADODARA,-,-,Narmada,Narmada,Orsang,-,-,Orsang,22.26500000,73.72722222,17-06-2020 08:30,27.2
6956,6956,BODELI,CWC,24,Gujarat,461,Vadodara,VADODARA,-,-,Narmada,Narmada,Orsang,-,-,Orsang,22.26500000,73.72722222,01-07-2020 08:30,3.4
6957,6957,BODELI,CWC,24,Gujarat,461,Vadodara,VADODARA,-,-,Narmada,Narmada,Orsang,-,-,Orsang,22.26500000,73.72722222,04-07-2020 08:30,18.2
6958,6958,BODELI,CWC,24,Gujarat,461,Vadodara,VADODARA,-,-,Narmada,Narmada,Orsang,-,-,Orsang,22.26500000,73.72722222,06-07-2020 08:30,2
6959,6959,BODELI,CWC,24,Gujarat,461,Vadodara,VADODARA,-,-,Narmada,Narmada,Orsang,-,-,Orsang,22.26500000,73.72722222,07-07-2020 08:30,4
6960,6960,BODELI,CWC,24,Gujarat,461,Vadodara,VADODARA,-,-,Narmada,Narmada,Orsang,-,-,Orsang,22.26500000,73.72722222,08-07-2020 08:30,7.2
6961,6961,BODELI,CWC,24,Gujarat,461,Vadodara,VADODARA,-,-,Narmada,Narmada,Orsang,-,-,Orsang,22.26500000,73.72722222,09-07-2020 08:30,9.6
6962,6962,BODELI,CWC,24,Gujarat,461,Vadodara,VADODARA,-,-,Narmada,Narmada,Orsang,-,-,Orsang,22.26500000,73.72722222,10-07-2020 08:30,6
6963,6963,BODELI,CWC,24,Gujarat,461,Vadodara,VADODARA,-,-,Narmada,Narmada,Orsang,-,-,Orsang,22.26500000,73.72722222,11-07-2020 08:30,2.2
6964,6964,BODELI,CWC,24,Gujarat,461,Vadodara,VADODARA,-,-,Narmada,Narmada,Orsang,-,-,Orsang,22.26500000,73.72722222,12-07-2020 08:30,19.4
6965,6965,BODELI,CWC,24,Gujarat,461,Vadodara,VADODARA,-,-,Narmada,Narmada,Orsang,-,-,Orsang,22.26500000,73.72722222,13-07-2020 08:30,1
6966,6966,BODELI,CWC,24,Gujarat,461,Vadodara,VADODARA,-,-,Narmada,Narmada,Orsang,-,-,Orsang,22.26500000,73.72722222,16-07-2020 08:30,10.2
6967,6967,BODELI,CWC,24,Gujarat,461,Vadodara,VADODARA,-,-,Narmada,Narmada,Orsang,-,-,Orsang,22.26500000,73.72722222,17-07-2020 08:30,20.8
6968,6968,BODELI,CWC,24,Gujarat,461,Vadodara,VADODARA,-,-,Narmada,Narmada,Orsang,-,-,Orsang,22.26500000,73.72722222,18-07-2020 08:30,5.4
6969,6969,BODELI,CWC,24,Gujarat,461,Vadodara,VADODARA,-,-,Narmada,Narmada,Orsang,-,-,Orsang,22.26500000,73.72722222,20-07-2020 08:30,13.8
6970,6970,BODELI,CWC,24,Gujarat,461,Vadodara,VADODARA,-,-,Narmada,Narmada,Orsang,-,-,Orsang,22.26500000,73.72722222,24-07-2020 08:30,0.4
6971,6971,BODELI,CWC,24,Gujarat,461,Vadodara,VADODARA,-,-,Narmada,Narmada,Orsang,-,-,Orsang,22.26500000,73.72722222,25-07-2020 08:30,0.2
6972,6972,BODELI,CWC,24,Gujarat,461,Vadodara,VADODARA,-,-,Narmada,Narmada,Orsang,-,-,Orsang,22.26500000,73.72722222,26-07-2020 08:30,1.2
6973,6973,BODELI,CWC,24,Gujarat,461,Vadodara,VADODARA,-,-,Narmada,Narmada,Orsang,-,-,Orsang,22.26500000,73.72722222,27-07-2020 08:30,21.2
6974,6974,BODELI,CWC,24,Gujarat,461,Vadodara,VADODARA,-,-,Narmada,Narmada,Orsang,-,-,Orsang,22.26500000,73.72722222,28-07-2020 08:30,7
6975,6975,BODELI,CWC,24,Gujarat,461,Vadodara,VADODARA,-,-,Narmada,Narmada,Orsang,-,-,Orsang,22.26500000,73.72722222,30-07-2020 08:30,1.4
6976,6976,BODELI,CWC,24,Gujarat,461,Vadodara,VADODARA,-,-,Narmada,Narmada,Orsang,-,-,Orsang,22.26500000,73.72722222,01-08-2020 08:30,4.4
6977,6977,BODELI,CWC,24,Gujarat,461,Vadodara,VADODARA,-,-,Narmada,Narmada,Orsang,-,-,Orsang,22.26500000,73.72722222,05-08-2020 08:30,40.2
6978,6978,BODELI,CWC,24,Gujarat,461,Vadodara,VADODARA,-,-,Narmada,Narmada,Orsang,-,-,Orsang,22.26500000,73.72722222,06-08-2020 08:30,11.2
6979,6979,BODELI,CWC,24,Gujarat,461,Vadodara,VADODARA,-,-,Narmada,Narmada,Orsang,-,-,Orsang,22.26500000,73.72722222,07-08-2020 08:30,4.8
6980,6980,BODELI,CWC,24,Gujarat,461,Vadodara,VADODARA,-,-,Narmada,Narmada,Orsang,-,-,Orsang,22.26500000,73.72722222,08-08-2020 08:30,10
6981,6981,BODELI,CWC,24,Gujarat,461,Vadodara,VADODARA,-,-,Narmada,Narmada,Orsang,-,-,Orsang,22.26500000,73.72722222,09-08-2020 08:30,40.6
6982,6982,BODELI,CWC,24,Gujarat,461,Vadodara,VADODARA,-,-,Narmada,Narmada,Orsang,-,-,Orsang,22.26500000,73.72722222,10-08-2020 08:30,93.6
6983,6983,BODELI,CWC,24,Gujarat,461,Vadodara,VADODARA,-,-,Narmada,Narmada,Orsang,-,-,Orsang,22.26500000,73.72722222,11-08-2020 08:30,11.4
6984,6984,BODELI,CWC,24,Gujarat,461,Vadodara,VADODARA,-,-,Narmada,Narmada,Orsang,-,-,Orsang,22.26500000,73.72722222,12-08-2020 08:30,20.8
6985,6985,BODELI,CWC,24,Gujarat,461,Vadodara,VADODARA,-,-,Narmada,Narmada,Orsang,-,-,Orsang,22.26500000,73.72722222,13-08-2020 08:30,75
6986,6986,BODELI,CWC,24,Gujarat,461,Vadodara,VADODARA,-,-,Narmada,Narmada,Orsang,-,-,Orsang,22.26500000,73.72722222,14-08-2020 08:30,96.4
6987,6987,BODELI,CWC,24,Gujarat,461,Vadodara,VADODARA,-,-,Narmada,Narmada,Orsang,-,-,Orsang,22.26500000,73.72722222,15-08-2020 08:30,55.4
6988,6988,BODELI,CWC,24,Gujarat,461,Vadodara,VADODARA,-,-,Narmada,Narmada,Orsang,-,-,Orsang,22.26500000,73.72722222,16-08-2020 08:30,24
6989,6989,BODELI,CWC,24,Gujarat,461,Vadodara,VADODARA,-,-,Narmada,Narmada,Orsang,-,-,Orsang,22.26500000,73.72722222,17-08-2020 08:30,9.6
6990,6990,BODELI,CWC,24,Gujarat,461,Vadodara,VADODARA,-,-,Narmada,Narmada,Orsang,-,-,Orsang,22.26500000,73.72722222,18-08-2020 08:30,41.2
6991,6991,BODELI,CWC,24,Gujarat,461,Vadodara,VADODARA,-,-,Narmada,Narmada,Orsang,-,-,Orsang,22.26500000,73.72722222,19-08-2020 08:30,4
6992,6992,BODELI,CWC,24,Gujarat,461,Vadodara,VADODARA,-,-,Narmada,Narmada,Orsang,-,-,Orsang,22.26500000,73.72722222,20-08-2020 08:30,11
6993,6993,BODELI,CWC,24,Gujarat,461,Vadodara,VADODARA,-,-,Narmada,Narmada,Orsang,-,-,Orsang,22.26500000,73.72722222,21-08-2020 08:30,1.4
6994,6994,BODELI,CWC,24,Gujarat,461,Vadodara,VADODARA,-,-,Narmada,Narmada,Orsang,-,-,Orsang,22.26500000,73.72722222,22-08-2020 08:30,25.6
6995,6995,BODELI,CWC,24,Gujarat,461,Vadodara,VADODARA,-,-,Narmada,Narmada,Orsang,-,-,Orsang,22.26500000,73.72722222,23-08-2020 08:30,41
6996,6996,BODELI,CWC,24,Gujarat,461,Vadodara,VADODARA,-,-,Narmada,Narmada,Orsang,-,-,Orsang,22.26500000,73.72722222,24-08-2020 08:30,63
6997,6997,BODELI,CWC,24,Gujarat,461,Vadodara,VADODARA,-,-,Narmada,Narmada,Orsang,-,-,Orsang,22.26500000,73.72722222,25-08-2020 08:30,34
6998,6998,BODELI,CWC,24,Gujarat,461,Vadodara,VADODARA,-,-,Narmada,Narmada,Orsang,-,-,Orsang,22.26500000,73.72722222,26-08-2020 08:30,1.4
6999,6999,BODELI,CWC,24,Gujarat,461,Vadodara,VADODARA,-,-,Narmada,Narmada,Orsang,-,-,Orsang,22.26500000,73.72722222,27-08-2020 08:30,3.4
7000,7000,BODELI,CWC,24,Gujarat,461,Vadodara,VADODARA,-,-,Narmada,Narmada,Orsang,-,-,Orsang,22.26500000,73.72722222,28-08-2020 08:30,3.6
7001,7001,BODELI,CWC,24,Gujarat,461,Vadodara,VADODARA,-,-,Narmada,Narmada,Orsang,-,-,Orsang,22.26500000,73.72722222,29-08-2020 08:30,2.2
7002,7002,BODELI,CWC,24,Gujarat,461,Vadodara,VADODARA,-,-,Narmada,Narmada,Orsang,-,-,Orsang,22.26500000,73.72722222,30-08-2020 08:30,7.4
7003,7003,BODELI,CWC,24,Gujarat,461,Vadodara,VADODARA,-,-,Narmada,Narmada,Orsang,-,-,Orsang,22.26500000,73.72722222,31-08-2020 08:30,53.2
7004,7004,BODELI,CWC,24,Gujarat,461,Vadodara,VADODARA,-,-,Narmada,Narmada,Orsang,-,-,Orsang,22.26500000,73.72722222,12-09-2020 08:30,29.2
7005,7005,BODELI,CWC,24,Gujarat,461,Vadodara,VADODARA,-,-,Narmada,Narmada,Orsang,-,-,Orsang,22.26500000,73.72722222,17-09-2020 08:30,39.6
7006,7006,BODELI,CWC,24,Gujarat,461,Vadodara,VADODARA,-,-,Narmada,Narmada,Orsang,-,-,Orsang,22.26500000,73.72722222,18-09-2020 08:30,4.4
7007,7007,BODELI,CWC,24,Gujarat,461,Vadodara,VADODARA,-,-,Narmada,Narmada,Orsang,-,-,Orsang,22.26500000,73.72722222,19-09-2020 08:30,0.4
7008,7008,BODELI,CWC,24,Gujarat,461,Vadodara,VADODARA,-,-,Narmada,Narmada,Orsang,-,-,Orsang,22.26500000,73.72722222,20-09-2020 08:30,8.4
7009,7009,BODELI,CWC,24,Gujarat,461,Vadodara,VADODARA,-,-,Narmada,Narmada,Orsang,-,-,Orsang,22.26500000,73.72722222,21-09-2020 08:30,6.6
7010,7010,BODELI,CWC,24,Gujarat,461,Vadodara,VADODARA,-,-,Narmada,Narmada,Orsang,-,-,Orsang,22.26500000,73.72722222,22-09-2020 08:30,4.2
7011,7011,BODELI,CWC,24,Gujarat,461,Vadodara,VADODARA,-,-,Narmada,Narmada,Orsang,-,-,Orsang,22.26500000,73.72722222,23-09-2020 08:30,17.2
7012,7012,BODELI,CWC,24,Gujarat,461,Vadodara,VADODARA,-,-,Narmada,Narmada,Orsang,-,-,Orsang,22.26500000,73.72722222,24-09-2020 08:30,26.8
7013,7013,BODELI,CWC,24,Gujarat,461,Vadodara,VADODARA,-,-,Narmada,Narmada,Orsang,-,-,Orsang,22.26500000,73.72722222,26-09-2020 08:30,8.4
7014,7014,BODELI,CWC,24,Gujarat,461,Vadodara,VADODARA,-,-,Narmada,Narmada,Orsang,-,-,Orsang,22.26500000,73.72722222,18-10-2020 08:30,3
8025,8025,CHANWADA,CWC,24,Gujarat,461,Vadodara,DABHOI,-,-,Narmada,Narmada,Orsang,-,-,Orsang,22.05000000,73.46527778,23-06-2015 08:30,2.6
8026,8026,CHANWADA,CWC,24,Gujarat,461,Vadodara,DABHOI,-,-,Narmada,Narmada,Orsang,-,-,Orsang,22.05000000,73.46527778,24-06-2015 08:30,3.8
8027,8027,CHANWADA,CWC,24,Gujarat,461,Vadodara,DABHOI,-,-,Narmada,Narmada,Orsang,-,-,Orsang,22.05000000,73.46527778,25-06-2015 08:30,53.8
8028,8028,CHANWADA,CWC,24,Gujarat,461,Vadodara,DABHOI,-,-,Narmada,Narmada,Orsang,-,-,Orsang,22.05000000,73.46527778,07-07-2015 08:30,0.4
8029,8029,CHANWADA,CWC,24,Gujarat,461,Vadodara,DABHOI,-,-,Narmada,Narmada,Orsang,-,-,Orsang,22.05000000,73.46527778,12-07-2015 08:30,3.6
8030,8030,CHANWADA,CWC,24,Gujarat,461,Vadodara,DABHOI,-,-,Narmada,Narmada,Orsang,-,-,Orsang,22.05000000,73.46527778,21-07-2015 08:30,4.6
8031,8031,CHANWADA,CWC,24,Gujarat,461,Vadodara,DABHOI,-,-,Narmada,Narmada,Orsang,-,-,Orsang,22.05000000,73.46527778,22-07-2015 08:30,1.6
8032,8032,CHANWADA,CWC,24,Gujarat,461,Vadodara,DABHOI,-,-,Narmada,Narmada,Orsang,-,-,Orsang,22.05000000,73.46527778,23-07-2015 08:30,18
8033,8033,CHANWADA,CWC,24,Gujarat,461,Vadodara,DABHOI,-,-,Narmada,Narmada,Orsang,-,-,Orsang,22.05000000,73.46527778,25-07-2015 08:30,51.2
8034,8034,CHANWADA,CWC,24,Gujarat,461,Vadodara,DABHOI,-,-,Narmada,Narmada,Orsang,-,-,Orsang,22.05000000,73.46527778,26-07-2015 08:30,30
8035,8035,CHANWADA,CWC,24,Gujarat,461,Vadodara,DABHOI,-,-,Narmada,Narmada,Orsang,-,-,Orsang,22.05000000,73.46527778,27-07-2015 08:30,45.4
8036,8036,CHANWADA,CWC,24,Gujarat,461,Vadodara,DABHOI,-,-,Narmada,Narmada,Orsang,-,-,Orsang,22.05000000,73.46527778,28-07-2015 08:30,44.4
8037,8037,CHANWADA,CWC,24,Gujarat,461,Vadodara,DABHOI,-,-,Narmada,Narmada,Orsang,-,-,Orsang,22.05000000,73.46527778,29-07-2015 08:30,7.6
8038,8038,CHANWADA,CWC,24,Gujarat,461,Vadodara,DABHOI,-,-,Narmada,Narmada,Orsang,-,-,Orsang,22.05000000,73.46527778,30-07-2015 08:30,1.2
8039,8039,CHANWADA,CWC,24,Gujarat,461,Vadodara,DABHOI,-,-,Narmada,Narmada,Orsang,-,-,Orsang,22.05000000,73.46527778,01-08-2015 08:30,1.6
8040,8040,CHANWADA,CWC,24,Gujarat,461,Vadodara,DABHOI,-,-,Narmada,Narmada,Orsang,-,-,Orsang,22.05000000,73.46527778,06-08-2015 08:30,3
8041,8041,CHANWADA,CWC,24,Gujarat,461,Vadodara,DABHOI,-,-,Narmada,Narmada,Orsang,-,-,Orsang,22.05000000,73.46527778,07-08-2015 08:30,2
8042,8042,CHANWADA,CWC,24,Gujarat,461,Vadodara,DABHOI,-,-,Narmada,Narmada,Orsang,-,-,Orsang,22.05000000,73.46527778,13-08-2015 08:30,0.6
8043,8043,CHANWADA,CWC,24,Gujarat,461,Vadodara,DABHOI,-,-,Narmada,Narmada,Orsang,-,-,Orsang,22.05000000,73.46527778,14-08-2015 08:30,1.6
8044,8044,CHANWADA,CWC,24,Gujarat,461,Vadodara,DABHOI,-,-,Narmada,Narmada,Orsang,-,-,Orsang,22.05000000,73.46527778,15-08-2015 08:30,1
8045,8045,CHANWADA,CWC,24,Gujarat,461,Vadodara,DABHOI,-,-,Narmada,Narmada,Orsang,-,-,Orsang,22.05000000,73.46527778,16-08-2015 08:30,2.4
8046,8046,CHANWADA,CWC,24,Gujarat,461,Vadodara,DABHOI,-,-,Narmada,Narmada,Orsang,-,-,Orsang,22.05000000,73.46527778,17-08-2015 08:30,5.6
8047,8047,CHANWADA,CWC,24,Gujarat,461,Vadodara,DABHOI,-,-,Narmada,Narmada,Orsang,-,-,Orsang,22.05000000,73.46527778,18-08-2015 08:30,2.6
8048,8048,CHANWADA,CWC,24,Gujarat,461,Vadodara,DABHOI,-,-,Narmada,Narmada,Orsang,-,-,Orsang,22.05000000,73.46527778,19-08-2015 08:30,3.4
8049,8049,CHANWADA,CWC,24,Gujarat,461,Vadodara,DABHOI,-,-,Narmada,Narmada,Orsang,-,-,Orsang,22.05000000,73.46527778,21-08-2015 08:30,5
8050,8050,CHANWADA,CWC,24,Gujarat,461,Vadodara,DABHOI,-,-,Narmada,Narmada,Orsang,-,-,Orsang,22.05000000,73.46527778,12-09-2015 08:30,14
8051,8051,CHANWADA,CWC,24,Gujarat,461,Vadodara,DABHOI,-,-,Narmada,Narmada,Orsang,-,-,Orsang,22.05000000,73.46527778,14-09-2015 08:30,28.6
8052,8052,CHANWADA,CWC,24,Gujarat,461,Vadodara,DABHOI,-,-,Narmada,Narmada,Orsang,-,-,Orsang,22.05000000,73.46527778,19-09-2015 08:30,21.4
8053,8053,CHANWADA,CWC,24,Gujarat,461,Vadodara,DABHOI,-,-,Narmada,Narmada,Orsang,-,-,Orsang,22.05000000,73.46527778,20-09-2015 08:30,8
8054,8054,CHANWADA,CWC,24,Gujarat,461,Vadodara,DABHOI,-,-,Narmada,Narmada,Orsang,-,-,Orsang,22.05000000,73.46527778,21-09-2015 08:30,4
8055,8055,CHANWADA,CWC,24,Gujarat,461,Vadodara,DABHOI,-,-,Narmada,Narmada,Orsang,-,-,Orsang,22.05000000,73.46527778,22-09-2015 08:30,2.2
8056,8056,CHANWADA,CWC,24,Gujarat,461,Vadodara,DABHOI,-,-,Narmada,Narmada,Orsang,-,-,Orsang,22.05000000,73.46527778,20-06-2016 08:30,1.6
8057,8057,CHANWADA,CWC,24,Gujarat,461,Vadodara,DABHOI,-,-,Narmada,Narmada,Orsang,-,-,Orsang,22.05000000,73.46527778,22-06-2016 08:30,1.6
8058,8058,CHANWADA,CWC,24,Gujarat,461,Vadodara,DABHOI,-,-,Narmada,Narmada,Orsang,-,-,Orsang,22.05000000,73.46527778,26-06-2016 08:30,12.4
8059,8059,CHANWADA,CWC,24,Gujarat,461,Vadodara,DABHOI,-,-,Narmada,Narmada,Orsang,-,-,Orsang,22.05000000,73.46527778,28-06-2016 08:30,1
8060,8060,CHANWADA,CWC,24,Gujarat,461,Vadodara,DABHOI,-,-,Narmada,Narmada,Orsang,-,-,Orsang,22.05000000,73.46527778,29-06-2016 08:30,13.6
8061,8061,CHANWADA,CWC,24,Gujarat,461,Vadodara,DABHOI,-,-,Narmada,Narmada,Orsang,-,-,Orsang,22.05000000,73.46527778,30-06-2016 08:30,2
8062,8062,CHANWADA,CWC,24,Gujarat,461,Vadodara,DABHOI,-,-,Narmada,Narmada,Orsang,-,-,Orsang,22.05000000,73.46527778,03-07-2016 08:30,3.2
8063,8063,CHANWADA,CWC,24,Gujarat,461,Vadodara,DABHOI,-,-,Narmada,Narmada,Orsang,-,-,Orsang,22.05000000,73.46527778,05-07-2016 08:30,21
8064,8064,CHANWADA,CWC,24,Gujarat,461,Vadodara,DABHOI,-,-,Narmada,Narmada,Orsang,-,-,Orsang,22.05000000,73.46527778,08-07-2016 08:30,2.8
8065,8065,CHANWADA,CWC,24,Gujarat,461,Vadodara,DABHOI,-,-,Narmada,Narmada,Orsang,-,-,Orsang,22.05000000,73.46527778,09-07-2016 08:30,5.2
8066,8066,CHANWADA,CWC,24,Gujarat,461,Vadodara,DABHOI,-,-,Narmada,Narmada,Orsang,-,-,Orsang,22.05000000,73.46527778,11-07-2016 08:30,3.6
8067,8067,CHANWADA,CWC,24,Gujarat,461,Vadodara,DABHOI,-,-,Narmada,Narmada,Orsang,-,-,Orsang,22.05000000,73.46527778,13-07-2016 08:30,47.8
8068,8068,CHANWADA,CWC,24,Gujarat,461,Vadodara,DABHOI,-,-,Narmada,Narmada,Orsang,-,-,Orsang,22.05000000,73.46527778,14-07-2016 08:30,5.4
8069,8069,CHANWADA,CWC,24,Gujarat,461,Vadodara,DABHOI,-,-,Narmada,Narmada,Orsang,-,-,Orsang,22.05000000,73.46527778,19-07-2016 08:30,18.11
8070,8070,CHANWADA,CWC,24,Gujarat,461,Vadodara,DABHOI,-,-,Narmada,Narmada,Orsang,-,-,Orsang,22.05000000,73.46527778,20-07-2016 08:30,19
8071,8071,CHANWADA,CWC,24,Gujarat,461,Vadodara,DABHOI,-,-,Narmada,Narmada,Orsang,-,-,Orsang,22.05000000,73.46527778,24-07-2016 08:30,4
8072,8072,CHANWADA,CWC,24,Gujarat,461,Vadodara,DABHOI,-,-,Narmada,Narmada,Orsang,-,-,Orsang,22.05000000,73.46527778,25-07-2016 08:30,18.04
8073,8073,CHANWADA,CWC,24,Gujarat,461,Vadodara,DABHOI,-,-,Narmada,Narmada,Orsang,-,-,Orsang,22.05000000,73.46527778,27-07-2016 08:30,1.2
8074,8074,CHANWADA,CWC,24,Gujarat,461,Vadodara,DABHOI,-,-,Narmada,Narmada,Orsang,-,-,Orsang,22.05000000,73.46527778,28-07-2016 08:30,4.8
8075,8075,CHANWADA,CWC,24,Gujarat,461,Vadodara,DABHOI,-,-,Narmada,Narmada,Orsang,-,-,Orsang,22.05000000,73.46527778,29-07-2016 08:30,36
8076,8076,CHANWADA,CWC,24,Gujarat,461,Vadodara,DABHOI,-,-,Narmada,Narmada,Orsang,-,-,Orsang,22.05000000,73.46527778,31-07-2016 08:30,14
8077,8077,CHANWADA,CWC,24,Gujarat,461,Vadodara,DABHOI,-,-,Narmada,Narmada,Orsang,-,-,Orsang,22.05000000,73.46527778,01-08-2016 08:30,9.8
8078,8078,CHANWADA,CWC,24,Gujarat,461,Vadodara,DABHOI,-,-,Narmada,Narmada,Orsang,-,-,Orsang,22.05000000,73.46527778,02-08-2016 08:30,12.2
8079,8079,CHANWADA,CWC,24,Gujarat,461,Vadodara,DABHOI,-,-,Narmada,Narmada,Orsang,-,-,Orsang,22.05000000,73.46527778,03-08-2016 08:30,28
8080,8080,CHANWADA,CWC,24,Gujarat,461,Vadodara,DABHOI,-,-,Narmada,Narmada,Orsang,-,-,Orsang,22.05000000,73.46527778,06-08-2016 08:30,3
8081,8081,CHANWADA,CWC,24,Gujarat,461,Vadodara,DABHOI,-,-,Narmada,Narmada,Orsang,-,-,Orsang,22.05000000,73.46527778,07-08-2016 08:30,9.4
8082,8082,CHANWADA,CWC,24,Gujarat,461,Vadodara,DABHOI,-,-,Narmada,Narmada,Orsang,-,-,Orsang,22.05000000,73.46527778,08-08-2016 08:30,42
8083,8083,CHANWADA,CWC,24,Gujarat,461,Vadodara,DABHOI,-,-,Narmada,Narmada,Orsang,-,-,Orsang,22.05000000,73.46527778,09-08-2016 08:30,2.6
8084,8084,CHANWADA,CWC,24,Gujarat,461,Vadodara,DABHOI,-,-,Narmada,Narmada,Orsang,-,-,Orsang,22.05000000,73.46527778,10-08-2016 08:30,15.4
8085,8085,CHANWADA,CWC,24,Gujarat,461,Vadodara,DABHOI,-,-,Narmada,Narmada,Orsang,-,-,Orsang,22.05000000,73.46527778,11-08-2016 08:30,50.8
8086,8086,CHANWADA,CWC,24,Gujarat,461,Vadodara,DABHOI,-,-,Narmada,Narmada,Orsang,-,-,Orsang,22.05000000,73.46527778,20-08-2016 08:30,11.8
8087,8087,CHANWADA,CWC,24,Gujarat,461,Vadodara,DABHOI,-,-,Narmada,Narmada,Orsang,-,-,Orsang,22.05000000,73.46527778,21-08-2016 08:30,5.2
8088,8088,CHANWADA,CWC,24,Gujarat,461,Vadodara,DABHOI,-,-,Narmada,Narmada,Orsang,-,-,Orsang,22.05000000,73.46527778,22-08-2016 08:30,3.8
8089,8089,CHANWADA,CWC,24,Gujarat,461,Vadodara,DABHOI,-,-,Narmada,Narmada,Orsang,-,-,Orsang,22.05000000,73.46527778,23-08-2016 08:30,2.6
8090,8090,CHANWADA,CWC,24,Gujarat,461,Vadodara,DABHOI,-,-,Narmada,Narmada,Orsang,-,-,Orsang,22.05000000,73.46527778,25-08-2016 08:30,7.8
8091,8091,CHANWADA,CWC,24,Gujarat,461,Vadodara,DABHOI,-,-,Narmada,Narmada,Orsang,-,-,Orsang,22.05000000,73.46527778,26-08-2016 08:30,5.2
8092,8092,CHANWADA,CWC,24,Gujarat,461,Vadodara,DABHOI,-,-,Narmada,Narmada,Orsang,-,-,Orsang,22.05000000,73.46527778,27-08-2016 08:30,4.8
8093,8093,CHANWADA,CWC,24,Gujarat,461,Vadodara,DABHOI,-,-,Narmada,Narmada,Orsang,-,-,Orsang,22.05000000,73.46527778,30-08-2016 08:30,1.2
8094,8094,CHANWADA,CWC,24,Gujarat,461,Vadodara,DABHOI,-,-,Narmada,Narmada,Orsang,-,-,Orsang,22.05000000,73.46527778,31-08-2016 08:30,5.8
8095,8095,CHANWADA,CWC,24,Gujarat,461,Vadodara,DABHOI,-,-,Narmada,Narmada,Orsang,-,-,Orsang,22.05000000,73.46527778,01-09-2016 08:30,10.4
8096,8096,CHANWADA,CWC,24,Gujarat,461,Vadodara,DABHOI,-,-,Narmada,Narmada,Orsang,-,-,Orsang,22.05000000,73.46527778,02-09-2016 08:30,6
8097,8097,CHANWADA,CWC,24,Gujarat,461,Vadodara,DABHOI,-,-,Narmada,Narmada,Orsang,-,-,Orsang,22.05000000,73.46527778,05-09-2016 08:30,2
8098,8098,CHANWADA,CWC,24,Gujarat,461,Vadodara,DABHOI,-,-,Narmada,Narmada,Orsang,-,-,Orsang,22.05000000,73.46527778,15-09-2016 08:30,19.2
8099,8099,CHANWADA,CWC,24,Gujarat,461,Vadodara,DABHOI,-,-,Narmada,Narmada,Orsang,-,-,Orsang,22.05000000,73.46527778,16-09-2016 08:30,12.6
8100,8100,CHANWADA,CWC,24,Gujarat,461,Vadodara,DABHOI,-,-,Narmada,Narmada,Orsang,-,-,Orsang,22.05000000,73.46527778,17-09-2016 08:30,6.2
8101,8101,CHANWADA,CWC,24,Gujarat,461,Vadodara,DABHOI,-,-,Narmada,Narmada,Orsang,-,-,Orsang,22.05000000,73.46527778,18-09-2016 08:30,6
8102,8102,CHANWADA,CWC,24,Gujarat,461,Vadodara,DABHOI,-,-,Narmada,Narmada,Orsang,-,-,Orsang,22.05000000,73.46527778,19-09-2016 08:30,2
8103,8103,CHANWADA,CWC,24,Gujarat,461,Vadodara,DABHOI,-,-,Narmada,Narmada,Orsang,-,-,Orsang,22.05000000,73.46527778,20-09-2016 08:30,14.6
8104,8104,CHANWADA,CWC,24,Gujarat,461,Vadodara,DABHOI,-,-,Narmada,Narmada,Orsang,-,-,Orsang,22.05000000,73.46527778,25-09-2016 08:30,43
8105,8105,CHANWADA,CWC,24,Gujarat,461,Vadodara,DABHOI,-,-,Narmada,Narmada,Orsang,-,-,Orsang,22.05000000,73.46527778,02-10-2016 08:30,1.2
8106,8106,CHANWADA,CWC,24,Gujarat,461,Vadodara,DABHOI,-,-,Narmada,Narmada,Orsang,-,-,Orsang,22.05000000,73.46527778,03-10-2016 08:30,37
8107,8107,CHANWADA,CWC,24,Gujarat,461,Vadodara,DABHOI,-,-,Narmada,Narmada,Orsang,-,-,Orsang,22.05000000,73.46527778,05-10-2016 08:30,8
8108,8108,CHANWADA,CWC,24,Gujarat,461,Vadodara,DABHOI,-,-,Narmada,Narmada,Orsang,-,-,Orsang,22.05000000,73.46527778,06-10-2016 08:30,6.2
8109,8109,CHANWADA,CWC,24,Gujarat,461,Vadodara,DABHOI,-,-,Narmada,Narmada,Orsang,-,-,Orsang,22.05000000,73.46527778,21-03-2017 08:30,7.8
8110,8110,CHANWADA,CWC,24,Gujarat,461,Vadodara,DABHOI,-,-,Narmada,Narmada,Orsang,-,-,Orsang,22.05000000,73.46527778,22-03-2017 08:30,17.4
8111,8111,CHANWADA,CWC,24,Gujarat,461,Vadodara,DABHOI,-,-,Narmada,Narmada,Orsang,-,-,Orsang,22.05000000,73.46527778,26-03-2017 08:30,0.4
8112,8112,CHANWADA,CWC,24,Gujarat,461,Vadodara,DABHOI,-,-,Narmada,Narmada,Orsang,-,-,Orsang,22.05000000,73.46527778,29-03-2017 08:30,6.4
8113,8113,CHANWADA,CWC,24,Gujarat,461,Vadodara,DABHOI,-,-,Narmada,Narmada,Orsang,-,-,Orsang,22.05000000,73.46527778,30-03-2017 08:30,1.6
8114,8114,CHANWADA,CWC,24,Gujarat,461,Vadodara,DABHOI,-,-,Narmada,Narmada,Orsang,-,-,Orsang,22.05000000,73.46527778,02-06-2017 08:30,11.4
8115,8115,CHANWADA,CWC,24,Gujarat,461,Vadodara,DABHOI,-,-,Narmada,Narmada,Orsang,-,-,Orsang,22.05000000,73.46527778,08-06-2017 08:30,4.8
8116,8116,CHANWADA,CWC,24,Gujarat,461,Vadodara,DABHOI,-,-,Narmada,Narmada,Orsang,-,-,Orsang,22.05000000,73.46527778,10-06-2017 08:30,25
8117,8117,CHANWADA,CWC,24,Gujarat,461,Vadodara,DABHOI,-,-,Narmada,Narmada,Orsang,-,-,Orsang,22.05000000,73.46527778,13-06-2017 08:30,60
8118,8118,CHANWADA,CWC,24,Gujarat,461,Vadodara,DABHOI,-,-,Narmada,Narmada,Orsang,-,-,Orsang,22.05000000,73.46527778,21-06-2017 08:30,7.8
8119,8119,CHANWADA,CWC,24,Gujarat,461,Vadodara,DABHOI,-,-,Narmada,Narmada,Orsang,-,-,Orsang,22.05000000,73.46527778,22-06-2017 08:30,17.4
8120,8120,CHANWADA,CWC,24,Gujarat,461,Vadodara,DABHOI,-,-,Narmada,Narmada,Orsang,-,-,Orsang,22.05000000,73.46527778,24-06-2017 08:30,49
8121,8121,CHANWADA,CWC,24,Gujarat,461,Vadodara,DABHOI,-,-,Narmada,Narmada,Orsang,-,-,Orsang,22.05000000,73.46527778,29-06-2017 08:30,6.4
8122,8122,CHANWADA,CWC,24,Gujarat,461,Vadodara,DABHOI,-,-,Narmada,Narmada,Orsang,-,-,Orsang,22.05000000,73.46527778,30-06-2017 08:30,1.6
8123,8123,CHANWADA,CWC,24,Gujarat,461,Vadodara,DABHOI,-,-,Narmada,Narmada,Orsang,-,-,Orsang,22.05000000,73.46527778,01-07-2017 08:30,8.8
8124,8124,CHANWADA,CWC,24,Gujarat,461,Vadodara,DABHOI,-,-,Narmada,Narmada,Orsang,-,-,Orsang,22.05000000,73.46527778,02-07-2017 08:30,16.2
8125,8125,CHANWADA,CWC,24,Gujarat,461,Vadodara,DABHOI,-,-,Narmada,Narmada,Orsang,-,-,Orsang,22.05000000,73.46527778,03-07-2017 08:30,0.4
8126,8126,CHANWADA,CWC,24,Gujarat,461,Vadodara,DABHOI,-,-,Narmada,Narmada,Orsang,-,-,Orsang,22.05000000,73.46527778,04-07-2017 08:30,61.2
8127,8127,CHANWADA,CWC,24,Gujarat,461,Vadodara,DABHOI,-,-,Narmada,Narmada,Orsang,-,-,Orsang,22.05000000,73.46527778,09-07-2017 08:30,5
8128,8128,CHANWADA,CWC,24,Gujarat,461,Vadodara,DABHOI,-,-,Narmada,Narmada,Orsang,-,-,Orsang,22.05000000,73.46527778,12-07-2017 08:30,37.8
8129,8129,CHANWADA,CWC,24,Gujarat,461,Vadodara,DABHOI,-,-,Narmada,Narmada,Orsang,-,-,Orsang,22.05000000,73.46527778,13-07-2017 08:30,8.6
8130,8130,CHANWADA,CWC,24,Gujarat,461,Vadodara,DABHOI,-,-,Narmada,Narmada,Orsang,-,-,Orsang,22.05000000,73.46527778,14-07-2017 08:30,10.4
8131,8131,CHANWADA,CWC,24,Gujarat,461,Vadodara,DABHOI,-,-,Narmada,Narmada,Orsang,-,-,Orsang,22.05000000,73.46527778,15-07-2017 08:30,25.4
8132,8132,CHANWADA,CWC,24,Gujarat,461,Vadodara,DABHOI,-,-,Narmada,Narmada,Orsang,-,-,Orsang,22.05000000,73.46527778,16-07-2017 08:30,40.2
8133,8133,CHANWADA,CWC,24,Gujarat,461,Vadodara,DABHOI,-,-,Narmada,Narmada,Orsang,-,-,Orsang,22.05000000,73.46527778,17-07-2017 08:30,0.6
8134,8134,CHANWADA,CWC,24,Gujarat,461,Vadodara,DABHOI,-,-,Narmada,Narmada,Orsang,-,-,Orsang,22.05000000,73.46527778,18-07-2017 08:30,96.2
8135,8135,CHANWADA,CWC,24,Gujarat,461,Vadodara,DABHOI,-,-,Narmada,Narmada,Orsang,-,-,Orsang,22.05000000,73.46527778,22-07-2017 08:30,17.8
8136,8136,CHANWADA,CWC,24,Gujarat,461,Vadodara,DABHOI,-,-,Narmada,Narmada,Orsang,-,-,Orsang,22.05000000,73.46527778,23-07-2017 08:30,28.4
8137,8137,CHANWADA,CWC,24,Gujarat,461,Vadodara,DABHOI,-,-,Narmada,Narmada,Orsang,-,-,Orsang,22.05000000,73.46527778,24-07-2017 08:30,12.6
8138,8138,CHANWADA,CWC,24,Gujarat,461,Vadodara,DABHOI,-,-,Narmada,Narmada,Orsang,-,-,Orsang,22.05000000,73.46527778,25-07-2017 08:30,6
8139,8139,CHANWADA,CWC,24,Gujarat,461,Vadodara,DABHOI,-,-,Narmada,Narmada,Orsang,-,-,Orsang,22.05000000,73.46527778,26-07-2017 08:30,27.4
8140,8140,CHANWADA,CWC,24,Gujarat,461,Vadodara,DABHOI,-,-,Narmada,Narmada,Orsang,-,-,Orsang,22.05000000,73.46527778,27-07-2017 08:30,6.6
8141,8141,CHANWADA,CWC,24,Gujarat,461,Vadodara,DABHOI,-,-,Narmada,Narmada,Orsang,-,-,Orsang,22.05000000,73.46527778,28-07-2017 08:30,7.6
8142,8142,CHANWADA,CWC,24,Gujarat,461,Vadodara,DABHOI,-,-,Narmada,Narmada,Orsang,-,-,Orsang,22.05000000,73.46527778,29-07-2017 08:30,29.4
8143,8143,CHANWADA,CWC,24,Gujarat,461,Vadodara,DABHOI,-,-,Narmada,Narmada,Orsang,-,-,Orsang,22.05000000,73.46527778,30-07-2017 08:30,2
8144,8144,CHANWADA,CWC,24,Gujarat,461,Vadodara,DABHOI,-,-,Narmada,Narmada,Orsang,-,-,Orsang,22.05000000,73.46527778,31-07-2017 08:30,14.2
8145,8145,CHANWADA,CWC,24,Gujarat,461,Vadodara,DABHOI,-,-,Narmada,Narmada,Orsang,-,-,Orsang,22.05000000,73.46527778,01-08-2017 08:30,2.2
8146,8146,CHANWADA,CWC,24,Gujarat,461,Vadodara,DABHOI,-,-,Narmada,Narmada,Orsang,-,-,Orsang,22.05000000,73.46527778,13-08-2017 08:30,4.8
8147,8147,CHANWADA,CWC,24,Gujarat,461,Vadodara,DABHOI,-,-,Narmada,Narmada,Orsang,-,-,Orsang,22.05000000,73.46527778,14-08-2017 08:30,13.6
8148,8148,CHANWADA,CWC,24,Gujarat,461,Vadodara,DABHOI,-,-,Narmada,Narmada,Orsang,-,-,Orsang,22.05000000,73.46527778,15-08-2017 08:30,1.4
8149,8149,CHANWADA,CWC,24,Gujarat,461,Vadodara,DABHOI,-,-,Narmada,Narmada,Orsang,-,-,Orsang,22.05000000,73.46527778,20-08-2017 08:30,4.8
8150,8150,CHANWADA,CWC,24,Gujarat,461,Vadodara,DABHOI,-,-,Narmada,Narmada,Orsang,-,-,Orsang,22.05000000,73.46527778,21-08-2017 08:30,10.2
8151,8151,CHANWADA,CWC,24,Gujarat,461,Vadodara,DABHOI,-,-,Narmada,Narmada,Orsang,-,-,Orsang,22.05000000,73.46527778,22-08-2017 08:30,2.2
8152,8152,CHANWADA,CWC,24,Gujarat,461,Vadodara,DABHOI,-,-,Narmada,Narmada,Orsang,-,-,Orsang,22.05000000,73.46527778,23-08-2017 08:30,3.4
8153,8153,CHANWADA,CWC,24,Gujarat,461,Vadodara,DABHOI,-,-,Narmada,Narmada,Orsang,-,-,Orsang,22.05000000,73.46527778,24-08-2017 08:30,2.6
8154,8154,CHANWADA,CWC,24,Gujarat,461,Vadodara,DABHOI,-,-,Narmada,Narmada,Orsang,-,-,Orsang,22.05000000,73.46527778,27-08-2017 08:30,25.4
8155,8155,CHANWADA,CWC,24,Gujarat,461,Vadodara,DABHOI,-,-,Narmada,Narmada,Orsang,-,-,Orsang,22.05000000,73.46527778,28-08-2017 08:30,52.2
8156,8156,CHANWADA,CWC,24,Gujarat,461,Vadodara,DABHOI,-,-,Narmada,Narmada,Orsang,-,-,Orsang,22.05000000,73.46527778,29-08-2017 08:30,22
8157,8157,CHANWADA,CWC,24,Gujarat,461,Vadodara,DABHOI,-,-,Narmada,Narmada,Orsang,-,-,Orsang,22.05000000,73.46527778,30-08-2017 08:30,42.8
8158,8158,CHANWADA,CWC,24,Gujarat,461,Vadodara,DABHOI,-,-,Narmada,Narmada,Orsang,-,-,Orsang,22.05000000,73.46527778,31-08-2017 08:30,2.4
8159,8159,CHANWADA,CWC,24,Gujarat,461,Vadodara,DABHOI,-,-,Narmada,Narmada,Orsang,-,-,Orsang,22.05000000,73.46527778,04-09-2017 08:30,9.4
8160,8160,CHANWADA,CWC,24,Gujarat,461,Vadodara,DABHOI,-,-,Narmada,Narmada,Orsang,-,-,Orsang,22.05000000,73.46527778,05-09-2017 08:30,1
8161,8161,CHANWADA,CWC,24,Gujarat,461,Vadodara,DABHOI,-,-,Narmada,Narmada,Orsang,-,-,Orsang,22.05000000,73.46527778,06-09-2017 08:30,6.4
8162,8162,CHANWADA,CWC,24,Gujarat,461,Vadodara,DABHOI,-,-,Narmada,Narmada,Orsang,-,-,Orsang,22.05000000,73.46527778,10-09-2017 08:30,1.2
8163,8163,CHANWADA,CWC,24,Gujarat,461,Vadodara,DABHOI,-,-,Narmada,Narmada,Orsang,-,-,Orsang,22.05000000,73.46527778,13-09-2017 08:30,6.2
8164,8164,CHANWADA,CWC,24,Gujarat,461,Vadodara,DABHOI,-,-,Narmada,Narmada,Orsang,-,-,Orsang,22.05000000,73.46527778,15-09-2017 08:30,24.6
8165,8165,CHANWADA,CWC,24,Gujarat,461,Vadodara,DABHOI,-,-,Narmada,Narmada,Orsang,-,-,Orsang,22.05000000,73.46527778,18-09-2017 08:30,14.8
8166,8166,CHANWADA,CWC,24,Gujarat,461,Vadodara,DABHOI,-,-,Narmada,Narmada,Orsang,-,-,Orsang,22.05000000,73.46527778,19-09-2017 08:30,24
8167,8167,CHANWADA,CWC,24,Gujarat,461,Vadodara,DABHOI,-,-,Narmada,Narmada,Orsang,-,-,Orsang,22.05000000,73.46527778,11-10-2017 08:30,2.4
8168,8168,CHANWADA,CWC,24,Gujarat,461,Vadodara,DABHOI,-,-,Narmada,Narmada,Orsang,-,-,Orsang,22.05000000,73.46527778,05-12-2017 08:30,1
8169,8169,CHANWADA,CWC,24,Gujarat,461,Vadodara,DABHOI,-,-,Narmada,Narmada,Orsang,-,-,Orsang,22.05000000,73.46527778,06-12-2017 08:30,8.4
8170,8170,CHANWADA,CWC,24,Gujarat,461,Vadodara,DABHOI,-,-,Narmada,Narmada,Orsang,-,-,Orsang,22.05000000,73.46527778,24-06-2018 08:30,3.2
8171,8171,CHANWADA,CWC,24,Gujarat,461,Vadodara,DABHOI,-,-,Narmada,Narmada,Orsang,-,-,Orsang,22.05000000,73.46527778,26-06-2018 08:30,63.9
8172,8172,CHANWADA,CWC,24,Gujarat,461,Vadodara,DABHOI,-,-,Narmada,Narmada,Orsang,-,-,Orsang,22.05000000,73.46527778,27-06-2018 08:30,1.2
8173,8173,CHANWADA,CWC,24,Gujarat,461,Vadodara,DABHOI,-,-,Narmada,Narmada,Orsang,-,-,Orsang,22.05000000,73.46527778,30-06-2018 08:30,1.5
8174,8174,CHANWADA,CWC,24,Gujarat,461,Vadodara,DABHOI,-,-,Narmada,Narmada,Orsang,-,-,Orsang,22.05000000,73.46527778,04-07-2018 08:30,9.6
8175,8175,CHANWADA,CWC,24,Gujarat,461,Vadodara,DABHOI,-,-,Narmada,Narmada,Orsang,-,-,Orsang,22.05000000,73.46527778,05-07-2018 08:30,35.2
8176,8176,CHANWADA,CWC,24,Gujarat,461,Vadodara,DABHOI,-,-,Narmada,Narmada,Orsang,-,-,Orsang,22.05000000,73.46527778,06-07-2018 08:30,6.2
8177,8177,CHANWADA,CWC,24,Gujarat,461,Vadodara,DABHOI,-,-,Narmada,Narmada,Orsang,-,-,Orsang,22.05000000,73.46527778,07-07-2018 08:30,4
8178,8178,CHANWADA,CWC,24,Gujarat,461,Vadodara,DABHOI,-,-,Narmada,Narmada,Orsang,-,-,Orsang,22.05000000,73.46527778,11-07-2018 08:30,16.4
8179,8179,CHANWADA,CWC,24,Gujarat,461,Vadodara,DABHOI,-,-,Narmada,Narmada,Orsang,-,-,Orsang,22.05000000,73.46527778,12-07-2018 08:30,14.4
8180,8180,CHANWADA,CWC,24,Gujarat,461,Vadodara,DABHOI,-,-,Narmada,Narmada,Orsang,-,-,Orsang,22.05000000,73.46527778,13-07-2018 08:30,95.8
8181,8181,CHANWADA,CWC,24,Gujarat,461,Vadodara,DABHOI,-,-,Narmada,Narmada,Orsang,-,-,Orsang,22.05000000,73.46527778,15-07-2018 08:30,17.8
8182,8182,CHANWADA,CWC,24,Gujarat,461,Vadodara,DABHOI,-,-,Narmada,Narmada,Orsang,-,-,Orsang,22.05000000,73.46527778,17-07-2018 08:30,63.8
8183,8183,CHANWADA,CWC,24,Gujarat,461,Vadodara,DABHOI,-,-,Narmada,Narmada,Orsang,-,-,Orsang,22.05000000,73.46527778,18-07-2018 08:30,1.6
8184,8184,CHANWADA,CWC,24,Gujarat,461,Vadodara,DABHOI,-,-,Narmada,Narmada,Orsang,-,-,Orsang,22.05000000,73.46527778,19-07-2018 08:30,6.2
8185,8185,CHANWADA,CWC,24,Gujarat,461,Vadodara,DABHOI,-,-,Narmada,Narmada,Orsang,-,-,Orsang,22.05000000,73.46527778,20-07-2018 08:30,13
8186,8186,CHANWADA,CWC,24,Gujarat,461,Vadodara,DABHOI,-,-,Narmada,Narmada,Orsang,-,-,Orsang,22.05000000,73.46527778,21-07-2018 08:30,11.6
8187,8187,CHANWADA,CWC,24,Gujarat,461,Vadodara,DABHOI,-,-,Narmada,Narmada,Orsang,-,-,Orsang,22.05000000,73.46527778,22-07-2018 08:30,4.4
8188,8188,CHANWADA,CWC,24,Gujarat,461,Vadodara,DABHOI,-,-,Narmada,Narmada,Orsang,-,-,Orsang,22.05000000,73.46527778,23-07-2018 08:30,1.2
8189,8189,CHANWADA,CWC,24,Gujarat,461,Vadodara,DABHOI,-,-,Narmada,Narmada,Orsang,-,-,Orsang,22.05000000,73.46527778,25-07-2018 08:30,45.6
8190,8190,CHANWADA,CWC,24,Gujarat,461,Vadodara,DABHOI,-,-,Narmada,Narmada,Orsang,-,-,Orsang,22.05000000,73.46527778,26-07-2018 08:30,12
8191,8191,CHANWADA,CWC,24,Gujarat,461,Vadodara,DABHOI,-,-,Narmada,Narmada,Orsang,-,-,Orsang,22.05000000,73.46527778,27-07-2018 08:30,2.6
8192,8192,CHANWADA,CWC,24,Gujarat,461,Vadodara,DABHOI,-,-,Narmada,Narmada,Orsang,-,-,Orsang,22.05000000,73.46527778,01-08-2018 08:30,1.4
8193,8193,CHANWADA,CWC,24,Gujarat,461,Vadodara,DABHOI,-,-,Narmada,Narmada,Orsang,-,-,Orsang,22.05000000,73.46527778,03-08-2018 08:30,2.4
8194,8194,CHANWADA,CWC,24,Gujarat,461,Vadodara,DABHOI,-,-,Narmada,Narmada,Orsang,-,-,Orsang,22.05000000,73.46527778,07-08-2018 08:30,0.8
8195,8195,CHANWADA,CWC,24,Gujarat,461,Vadodara,DABHOI,-,-,Narmada,Narmada,Orsang,-,-,Orsang,22.05000000,73.46527778,09-08-2018 08:30,4.6
8196,8196,CHANWADA,CWC,24,Gujarat,461,Vadodara,DABHOI,-,-,Narmada,Narmada,Orsang,-,-,Orsang,22.05000000,73.46527778,10-08-2018 08:30,2.4
8197,8197,CHANWADA,CWC,24,Gujarat,461,Vadodara,DABHOI,-,-,Narmada,Narmada,Orsang,-,-,Orsang,22.05000000,73.46527778,17-08-2018 08:30,111.2
8198,8198,CHANWADA,CWC,24,Gujarat,461,Vadodara,DABHOI,-,-,Narmada,Narmada,Orsang,-,-,Orsang,22.05000000,73.46527778,18-08-2018 08:30,4.2
8199,8199,CHANWADA,CWC,24,Gujarat,461,Vadodara,DABHOI,-,-,Narmada,Narmada,Orsang,-,-,Orsang,22.05000000,73.46527778,19-08-2018 08:30,19.6
8200,8200,CHANWADA,CWC,24,Gujarat,461,Vadodara,DABHOI,-,-,Narmada,Narmada,Orsang,-,-,Orsang,22.05000000,73.46527778,20-08-2018 08:30,1
8201,8201,CHANWADA,CWC,24,Gujarat,461,Vadodara,DABHOI,-,-,Narmada,Narmada,Orsang,-,-,Orsang,22.05000000,73.46527778,21-08-2018 08:30,15.2
8202,8202,CHANWADA,CWC,24,Gujarat,461,Vadodara,DABHOI,-,-,Narmada,Narmada,Orsang,-,-,Orsang,22.05000000,73.46527778,22-08-2018 08:30,12.8
8203,8203,CHANWADA,CWC,24,Gujarat,461,Vadodara,DABHOI,-,-,Narmada,Narmada,Orsang,-,-,Orsang,22.05000000,73.46527778,24-08-2018 08:30,4.2
8204,8204,CHANWADA,CWC,24,Gujarat,461,Vadodara,DABHOI,-,-,Narmada,Narmada,Orsang,-,-,Orsang,22.05000000,73.46527778,30-08-2018 08:30,1.6
8205,8205,CHANWADA,CWC,24,Gujarat,461,Vadodara,DABHOI,-,-,Narmada,Narmada,Orsang,-,-,Orsang,22.05000000,73.46527778,31-08-2018 08:30,3.2
8206,8206,CHANWADA,CWC,24,Gujarat,461,Vadodara,DABHOI,-,-,Narmada,Narmada,Orsang,-,-,Orsang,22.05000000,73.46527778,01-09-2018 08:30,6.6
8207,8207,CHANWADA,CWC,24,Gujarat,461,Vadodara,DABHOI,-,-,Narmada,Narmada,Orsang,-,-,Orsang,22.05000000,73.46527778,02-09-2018 08:30,1
8208,8208,CHANWADA,CWC,24,Gujarat,461,Vadodara,DABHOI,-,-,Narmada,Narmada,Orsang,-,-,Orsang,22.05000000,73.46527778,04-09-2018 08:30,2
8209,8209,CHANWADA,CWC,24,Gujarat,461,Vadodara,DABHOI,-,-,Narmada,Narmada,Orsang,-,-,Orsang,22.05000000,73.46527778,15-09-2018 08:30,8.6
8210,8210,CHANWADA,CWC,24,Gujarat,461,Vadodara,DABHOI,-,-,Narmada,Narmada,Orsang,-,-,Orsang,22.05000000,73.46527778,16-09-2018 08:30,6.2
8211,8211,CHANWADA,CWC,24,Gujarat,461,Vadodara,DABHOI,-,-,Narmada,Narmada,Orsang,-,-,Orsang,22.05000000,73.46527778,23-09-2018 08:30,33.6
8212,8212,CHANWADA,CWC,24,Gujarat,461,Vadodara,DABHOI,-,-,Narmada,Narmada,Orsang,-,-,Orsang,22.05000000,73.46527778,13-06-2019 08:30,2
8213,8213,CHANWADA,CWC,24,Gujarat,461,Vadodara,DABHOI,-,-,Narmada,Narmada,Orsang,-,-,Orsang,22.05000000,73.46527778,14-06-2019 08:30,5
8214,8214,CHANWADA,CWC,24,Gujarat,461,Vadodara,DABHOI,-,-,Narmada,Narmada,Orsang,-,-,Orsang,22.05000000,73.46527778,15-06-2019 08:30,17.12
8215,8215,CHANWADA,CWC,24,Gujarat,461,Vadodara,DABHOI,-,-,Narmada,Narmada,Orsang,-,-,Orsang,22.05000000,73.46527778,18-06-2019 04:00,0.03
8216,8216,CHANWADA,CWC,24,Gujarat,461,Vadodara,DABHOI,-,-,Narmada,Narmada,Orsang,-,-,Orsang,22.05000000,73.46527778,19-06-2019 08:30,6.8
8217,8217,CHANWADA,CWC,24,Gujarat,461,Vadodara,DABHOI,-,-,Narmada,Narmada,Orsang,-,-,Orsang,22.05000000,73.46527778,24-06-2019 08:00,1.4
8218,8218,CHANWADA,CWC,24,Gujarat,461,Vadodara,DABHOI,-,-,Narmada,Narmada,Orsang,-,-,Orsang,22.05000000,73.46527778,24-06-2019 08:30,1.4
8219,8219,CHANWADA,CWC,24,Gujarat,461,Vadodara,DABHOI,-,-,Narmada,Narmada,Orsang,-,-,Orsang,22.05000000,73.46527778,25-06-2019 08:00,22.4
8220,8220,CHANWADA,CWC,24,Gujarat,461,Vadodara,DABHOI,-,-,Narmada,Narmada,Orsang,-,-,Orsang,22.05000000,73.46527778,25-06-2019 08:30,22.4
8221,8221,CHANWADA,CWC,24,Gujarat,461,Vadodara,DABHOI,-,-,Narmada,Narmada,Orsang,-,-,Orsang,22.05000000,73.46527778,26-06-2019 08:00,3.4
8222,8222,CHANWADA,CWC,24,Gujarat,461,Vadodara,DABHOI,-,-,Narmada,Narmada,Orsang,-,-,Orsang,22.05000000,73.46527778,26-06-2019 08:30,3.4
8223,8223,CHANWADA,CWC,24,Gujarat,461,Vadodara,DABHOI,-,-,Narmada,Narmada,Orsang,-,-,Orsang,22.05000000,73.46527778,28-06-2019 08:00,5.2
8224,8224,CHANWADA,CWC,24,Gujarat,461,Vadodara,DABHOI,-,-,Narmada,Narmada,Orsang,-,-,Orsang,22.05000000,73.46527778,28-06-2019 08:30,5.2
8225,8225,CHANWADA,CWC,24,Gujarat,461,Vadodara,DABHOI,-,-,Narmada,Narmada,Orsang,-,-,Orsang,22.05000000,73.46527778,29-06-2019 08:00,22.6
8226,8226,CHANWADA,CWC,24,Gujarat,461,Vadodara,DABHOI,-,-,Narmada,Narmada,Orsang,-,-,Orsang,22.05000000,73.46527778,29-06-2019 08:30,22.6
8227,8227,CHANWADA,CWC,24,Gujarat,461,Vadodara,DABHOI,-,-,Narmada,Narmada,Orsang,-,-,Orsang,22.05000000,73.46527778,30-06-2019 08:00,52
8228,8228,CHANWADA,CWC,24,Gujarat,461,Vadodara,DABHOI,-,-,Narmada,Narmada,Orsang,-,-,Orsang,22.05000000,73.46527778,30-06-2019 08:30,52
8229,8229,CHANWADA,CWC,24,Gujarat,461,Vadodara,DABHOI,-,-,Narmada,Narmada,Orsang,-,-,Orsang,22.05000000,73.46527778,01-07-2019 08:00,42.8
8230,8230,CHANWADA,CWC,24,Gujarat,461,Vadodara,DABHOI,-,-,Narmada,Narmada,Orsang,-,-,Orsang,22.05000000,73.46527778,01-07-2019 08:30,42.8
8231,8231,CHANWADA,CWC,24,Gujarat,461,Vadodara,DABHOI,-,-,Narmada,Narmada,Orsang,-,-,Orsang,22.05000000,73.46527778,04-07-2019 08:00,47.6
8232,8232,CHANWADA,CWC,24,Gujarat,461,Vadodara,DABHOI,-,-,Narmada,Narmada,Orsang,-,-,Orsang,22.05000000,73.46527778,04-07-2019 08:30,47.6
8233,8233,CHANWADA,CWC,24,Gujarat,461,Vadodara,DABHOI,-,-,Narmada,Narmada,Orsang,-,-,Orsang,22.05000000,73.46527778,05-07-2019 08:00,15.8
8234,8234,CHANWADA,CWC,24,Gujarat,461,Vadodara,DABHOI,-,-,Narmada,Narmada,Orsang,-,-,Orsang,22.05000000,73.46527778,05-07-2019 08:30,15.8
8235,8235,CHANWADA,CWC,24,Gujarat,461,Vadodara,DABHOI,-,-,Narmada,Narmada,Orsang,-,-,Orsang,22.05000000,73.46527778,06-07-2019 08:00,17.2
8236,8236,CHANWADA,CWC,24,Gujarat,461,Vadodara,DABHOI,-,-,Narmada,Narmada,Orsang,-,-,Orsang,22.05000000,73.46527778,06-07-2019 08:30,17.2
8237,8237,CHANWADA,CWC,24,Gujarat,461,Vadodara,DABHOI,-,-,Narmada,Narmada,Orsang,-,-,Orsang,22.05000000,73.46527778,07-07-2019 08:00,72.4
8238,8238,CHANWADA,CWC,24,Gujarat,461,Vadodara,DABHOI,-,-,Narmada,Narmada,Orsang,-,-,Orsang,22.05000000,73.46527778,07-07-2019 08:30,72.4
8239,8239,CHANWADA,CWC,24,Gujarat,461,Vadodara,DABHOI,-,-,Narmada,Narmada,Orsang,-,-,Orsang,22.05000000,73.46527778,08-07-2019 08:00,54.6
8240,8240,CHANWADA,CWC,24,Gujarat,461,Vadodara,DABHOI,-,-,Narmada,Narmada,Orsang,-,-,Orsang,22.05000000,73.46527778,08-07-2019 08:30,54.6
8241,8241,CHANWADA,CWC,24,Gujarat,461,Vadodara,DABHOI,-,-,Narmada,Narmada,Orsang,-,-,Orsang,22.05000000,73.46527778,09-07-2019 08:00,4
8242,8242,CHANWADA,CWC,24,Gujarat,461,Vadodara,DABHOI,-,-,Narmada,Narmada,Orsang,-,-,Orsang,22.05000000,73.46527778,09-07-2019 08:30,4
8243,8243,CHANWADA,CWC,24,Gujarat,461,Vadodara,DABHOI,-,-,Narmada,Narmada,Orsang,-,-,Orsang,22.05000000,73.46527778,14-07-2019 08:00,3
8244,8244,CHANWADA,CWC,24,Gujarat,461,Vadodara,DABHOI,-,-,Narmada,Narmada,Orsang,-,-,Orsang,22.05000000,73.46527778,14-07-2019 08:30,3
8245,8245,CHANWADA,CWC,24,Gujarat,461,Vadodara,DABHOI,-,-,Narmada,Narmada,Orsang,-,-,Orsang,22.05000000,73.46527778,21-07-2019 08:00,11
8246,8246,CHANWADA,CWC,24,Gujarat,461,Vadodara,DABHOI,-,-,Narmada,Narmada,Orsang,-,-,Orsang,22.05000000,73.46527778,21-07-2019 08:30,11
8247,8247,CHANWADA,CWC,24,Gujarat,461,Vadodara,DABHOI,-,-,Narmada,Narmada,Orsang,-,-,Orsang,22.05000000,73.46527778,23-07-2019 08:00,21.6
8248,8248,CHANWADA,CWC,24,Gujarat,461,Vadodara,DABHOI,-,-,Narmada,Narmada,Orsang,-,-,Orsang,22.05000000,73.46527778,23-07-2019 08:30,21.6
8249,8249,CHANWADA,CWC,24,Gujarat,461,Vadodara,DABHOI,-,-,Narmada,Narmada,Orsang,-,-,Orsang,22.05000000,73.46527778,26-07-2019 08:00,33
8250,8250,CHANWADA,CWC,24,Gujarat,461,Vadodara,DABHOI,-,-,Narmada,Narmada,Orsang,-,-,Orsang,22.05000000,73.46527778,26-07-2019 08:30,33
8251,8251,CHANWADA,CWC,24,Gujarat,461,Vadodara,DABHOI,-,-,Narmada,Narmada,Orsang,-,-,Orsang,22.05000000,73.46527778,27-07-2019 08:00,4.2
8252,8252,CHANWADA,CWC,24,Gujarat,461,Vadodara,DABHOI,-,-,Narmada,Narmada,Orsang,-,-,Orsang,22.05000000,73.46527778,27-07-2019 08:30,31.4
8253,8253,CHANWADA,CWC,24,Gujarat,461,Vadodara,DABHOI,-,-,Narmada,Narmada,Orsang,-,-,Orsang,22.05000000,73.46527778,28-07-2019 08:00,9.2
8254,8254,CHANWADA,CWC,24,Gujarat,461,Vadodara,DABHOI,-,-,Narmada,Narmada,Orsang,-,-,Orsang,22.05000000,73.46527778,28-07-2019 08:30,9.2
8255,8255,CHANWADA,CWC,24,Gujarat,461,Vadodara,DABHOI,-,-,Narmada,Narmada,Orsang,-,-,Orsang,22.05000000,73.46527778,29-07-2019 08:00,7.4
8256,8256,CHANWADA,CWC,24,Gujarat,461,Vadodara,DABHOI,-,-,Narmada,Narmada,Orsang,-,-,Orsang,22.05000000,73.46527778,29-07-2019 08:30,7.4
8257,8257,CHANWADA,CWC,24,Gujarat,461,Vadodara,DABHOI,-,-,Narmada,Narmada,Orsang,-,-,Orsang,22.05000000,73.46527778,30-07-2019 08:00,25.2
8258,8258,CHANWADA,CWC,24,Gujarat,461,Vadodara,DABHOI,-,-,Narmada,Narmada,Orsang,-,-,Orsang,22.05000000,73.46527778,30-07-2019 08:30,25.2
8259,8259,CHANWADA,CWC,24,Gujarat,461,Vadodara,DABHOI,-,-,Narmada,Narmada,Orsang,-,-,Orsang,22.05000000,73.46527778,31-07-2019 08:00,8
8260,8260,CHANWADA,CWC,24,Gujarat,461,Vadodara,DABHOI,-,-,Narmada,Narmada,Orsang,-,-,Orsang,22.05000000,73.46527778,31-07-2019 08:30,8
8261,8261,CHANWADA,CWC,24,Gujarat,461,Vadodara,DABHOI,-,-,Narmada,Narmada,Orsang,-,-,Orsang,22.05000000,73.46527778,01-08-2019 08:00,123.8
8262,8262,CHANWADA,CWC,24,Gujarat,461,Vadodara,DABHOI,-,-,Narmada,Narmada,Orsang,-,-,Orsang,22.05000000,73.46527778,01-08-2019 08:30,123.8
8263,8263,CHANWADA,CWC,24,Gujarat,461,Vadodara,DABHOI,-,-,Narmada,Narmada,Orsang,-,-,Orsang,22.05000000,73.46527778,03-08-2019 08:00,22.8
8264,8264,CHANWADA,CWC,24,Gujarat,461,Vadodara,DABHOI,-,-,Narmada,Narmada,Orsang,-,-,Orsang,22.05000000,73.46527778,03-08-2019 08:30,22.8
8265,8265,CHANWADA,CWC,24,Gujarat,461,Vadodara,DABHOI,-,-,Narmada,Narmada,Orsang,-,-,Orsang,22.05000000,73.46527778,04-08-2019 08:00,227.8
8266,8266,CHANWADA,CWC,24,Gujarat,461,Vadodara,DABHOI,-,-,Narmada,Narmada,Orsang,-,-,Orsang,22.05000000,73.46527778,04-08-2019 08:30,227.8
8267,8267,CHANWADA,CWC,24,Gujarat,461,Vadodara,DABHOI,-,-,Narmada,Narmada,Orsang,-,-,Orsang,22.05000000,73.46527778,05-08-2019 08:00,115.4
8268,8268,CHANWADA,CWC,24,Gujarat,461,Vadodara,DABHOI,-,-,Narmada,Narmada,Orsang,-,-,Orsang,22.05000000,73.46527778,05-08-2019 08:30,115.4
8269,8269,CHANWADA,CWC,24,Gujarat,461,Vadodara,DABHOI,-,-,Narmada,Narmada,Orsang,-,-,Orsang,22.05000000,73.46527778,06-08-2019 08:30,108.8
8270,8270,CHANWADA,CWC,24,Gujarat,461,Vadodara,DABHOI,-,-,Narmada,Narmada,Orsang,-,-,Orsang,22.05000000,73.46527778,08-08-2019 08:30,4.2
8271,8271,CHANWADA,CWC,24,Gujarat,461,Vadodara,DABHOI,-,-,Narmada,Narmada,Orsang,-,-,Orsang,22.05000000,73.46527778,09-08-2019 08:30,66.4
8272,8272,CHANWADA,CWC,24,Gujarat,461,Vadodara,DABHOI,-,-,Narmada,Narmada,Orsang,-,-,Orsang,22.05000000,73.46527778,10-08-2019 08:30,73.8
8273,8273,CHANWADA,CWC,24,Gujarat,461,Vadodara,DABHOI,-,-,Narmada,Narmada,Orsang,-,-,Orsang,22.05000000,73.46527778,11-08-2019 08:00,15
8274,8274,CHANWADA,CWC,24,Gujarat,461,Vadodara,DABHOI,-,-,Narmada,Narmada,Orsang,-,-,Orsang,22.05000000,73.46527778,11-08-2019 08:30,15
8275,8275,CHANWADA,CWC,24,Gujarat,461,Vadodara,DABHOI,-,-,Narmada,Narmada,Orsang,-,-,Orsang,22.05000000,73.46527778,12-08-2019 08:30,10
8276,8276,CHANWADA,CWC,24,Gujarat,461,Vadodara,DABHOI,-,-,Narmada,Narmada,Orsang,-,-,Orsang,22.05000000,73.46527778,16-08-2019 08:30,5.6
8277,8277,CHANWADA,CWC,24,Gujarat,461,Vadodara,DABHOI,-,-,Narmada,Narmada,Orsang,-,-,Orsang,22.05000000,73.46527778,17-08-2019 08:30,33.6
8278,8278,CHANWADA,CWC,24,Gujarat,461,Vadodara,DABHOI,-,-,Narmada,Narmada,Orsang,-,-,Orsang,22.05000000,73.46527778,20-08-2019 08:30,21.4
8279,8279,CHANWADA,CWC,24,Gujarat,461,Vadodara,DABHOI,-,-,Narmada,Narmada,Orsang,-,-,Orsang,22.05000000,73.46527778,24-08-2019 08:30,25
8280,8280,CHANWADA,CWC,24,Gujarat,461,Vadodara,DABHOI,-,-,Narmada,Narmada,Orsang,-,-,Orsang,22.05000000,73.46527778,27-08-2019 08:30,30.6
8281,8281,CHANWADA,CWC,24,Gujarat,461,Vadodara,DABHOI,-,-,Narmada,Narmada,Orsang,-,-,Orsang,22.05000000,73.46527778,28-08-2019 08:30,52
8282,8282,CHANWADA,CWC,24,Gujarat,461,Vadodara,DABHOI,-,-,Narmada,Narmada,Orsang,-,-,Orsang,22.05000000,73.46527778,30-08-2019 08:30,3.8
8283,8283,CHANWADA,CWC,24,Gujarat,461,Vadodara,DABHOI,-,-,Narmada,Narmada,Orsang,-,-,Orsang,22.05000000,73.46527778,01-09-2019 08:30,8.2
8284,8284,CHANWADA,CWC,24,Gujarat,461,Vadodara,DABHOI,-,-,Narmada,Narmada,Orsang,-,-,Orsang,22.05000000,73.46527778,02-09-2019 08:30,9.8
8285,8285,CHANWADA,CWC,24,Gujarat,461,Vadodara,DABHOI,-,-,Narmada,Narmada,Orsang,-,-,Orsang,22.05000000,73.46527778,06-09-2019 08:30,1.2
8286,8286,CHANWADA,CWC,24,Gujarat,461,Vadodara,DABHOI,-,-,Narmada,Narmada,Orsang,-,-,Orsang,22.05000000,73.46527778,09-09-2019 08:30,22
8287,8287,CHANWADA,CWC,24,Gujarat,461,Vadodara,DABHOI,-,-,Narmada,Narmada,Orsang,-,-,Orsang,22.05000000,73.46527778,10-09-2019 08:30,64
8288,8288,CHANWADA,CWC,24,Gujarat,461,Vadodara,DABHOI,-,-,Narmada,Narmada,Orsang,-,-,Orsang,22.05000000,73.46527778,11-09-2019 08:30,10
8289,8289,CHANWADA,CWC,24,Gujarat,461,Vadodara,DABHOI,-,-,Narmada,Narmada,Orsang,-,-,Orsang,22.05000000,73.46527778,19-09-2019 08:30,31.2
8290,8290,CHANWADA,CWC,24,Gujarat,461,Vadodara,DABHOI,-,-,Narmada,Narmada,Orsang,-,-,Orsang,22.05000000,73.46527778,21-09-2019 08:30,39.4
8291,8291,CHANWADA,CWC,24,Gujarat,461,Vadodara,DABHOI,-,-,Narmada,Narmada,Orsang,-,-,Orsang,22.05000000,73.46527778,23-09-2019 08:30,2.8
8292,8292,CHANWADA,CWC,24,Gujarat,461,Vadodara,DABHOI,-,-,Narmada,Narmada,Orsang,-,-,Orsang,22.05000000,73.46527778,24-09-2019 08:30,2.6
8293,8293,CHANWADA,CWC,24,Gujarat,461,Vadodara,DABHOI,-,-,Narmada,Narmada,Orsang,-,-,Orsang,22.05000000,73.46527778,26-09-2019 08:30,25.2
8294,8294,CHANWADA,CWC,24,Gujarat,461,Vadodara,DABHOI,-,-,Narmada,Narmada,Orsang,-,-,Orsang,22.05000000,73.46527778,27-09-2019 07:00,20.6
8295,8295,CHANWADA,CWC,24,Gujarat,461,Vadodara,DABHOI,-,-,Narmada,Narmada,Orsang,-,-,Orsang,22.05000000,73.46527778,27-09-2019 08:30,14
8296,8296,CHANWADA,CWC,24,Gujarat,461,Vadodara,DABHOI,-,-,Narmada,Narmada,Orsang,-,-,Orsang,22.05000000,73.46527778,28-09-2019 08:30,47.2
8297,8297,CHANWADA,CWC,24,Gujarat,461,Vadodara,DABHOI,-,-,Narmada,Narmada,Orsang,-,-,Orsang,22.05000000,73.46527778,29-09-2019 08:30,2.2
8298,8298,CHANWADA,CWC,24,Gujarat,461,Vadodara,DABHOI,-,-,Narmada,Narmada,Orsang,-,-,Orsang,22.05000000,73.46527778,30-09-2019 08:30,2.4
8299,8299,CHANWADA,CWC,24,Gujarat,461,Vadodara,DABHOI,-,-,Narmada,Narmada,Orsang,-,-,Orsang,22.05000000,73.46527778,01-10-2019 08:30,51.4
8300,8300,CHANWADA,CWC,24,Gujarat,461,Vadodara,DABHOI,-,-,Narmada,Narmada,Orsang,-,-,Orsang,22.05000000,73.46527778,07-10-2019 08:30,34.2
8301,8301,CHANWADA,CWC,24,Gujarat,461,Vadodara,DABHOI,-,-,Narmada,Narmada,Orsang,-,-,Orsang,22.05000000,73.46527778,24-10-2019 08:30,1
8302,8302,CHANWADA,CWC,24,Gujarat,461,Vadodara,DABHOI,-,-,Narmada,Narmada,Orsang,-,-,Orsang,22.05000000,73.46527778,30-10-2019 08:30,3.2
8303,8303,CHANWADA,CWC,24,Gujarat,461,Vadodara,DABHOI,-,-,Narmada,Narmada,Orsang,-,-,Orsang,22.05000000,73.46527778,06-06-2020 08:30,11.2
8304,8304,CHANWADA,CWC,24,Gujarat,461,Vadodara,DABHOI,-,-,Narmada,Narmada,Orsang,-,-,Orsang,22.05000000,73.46527778,07-06-2020 08:30,11
8305,8305,CHANWADA,CWC,24,Gujarat,461,Vadodara,DABHOI,-,-,Narmada,Narmada,Orsang,-,-,Orsang,22.05000000,73.46527778,09-06-2020 08:30,9
8306,8306,CHANWADA,CWC,24,Gujarat,461,Vadodara,DABHOI,-,-,Narmada,Narmada,Orsang,-,-,Orsang,22.05000000,73.46527778,13-06-2020 08:30,9.2
8307,8307,CHANWADA,CWC,24,Gujarat,461,Vadodara,DABHOI,-,-,Narmada,Narmada,Orsang,-,-,Orsang,22.05000000,73.46527778,15-06-2020 08:30,27
8308,8308,CHANWADA,CWC,24,Gujarat,461,Vadodara,DABHOI,-,-,Narmada,Narmada,Orsang,-,-,Orsang,22.05000000,73.46527778,17-06-2020 08:30,3
8309,8309,CHANWADA,CWC,24,Gujarat,461,Vadodara,DABHOI,-,-,Narmada,Narmada,Orsang,-,-,Orsang,22.05000000,73.46527778,01-07-2020 08:30,7.4
8310,8310,CHANWADA,CWC,24,Gujarat,461,Vadodara,DABHOI,-,-,Narmada,Narmada,Orsang,-,-,Orsang,22.05000000,73.46527778,04-07-2020 08:30,12.2
8311,8311,CHANWADA,CWC,24,Gujarat,461,Vadodara,DABHOI,-,-,Narmada,Narmada,Orsang,-,-,Orsang,22.05000000,73.46527778,06-07-2020 08:30,8.4
8312,8312,CHANWADA,CWC,24,Gujarat,461,Vadodara,DABHOI,-,-,Narmada,Narmada,Orsang,-,-,Orsang,22.05000000,73.46527778,07-07-2020 08:30,4.4
8313,8313,CHANWADA,CWC,24,Gujarat,461,Vadodara,DABHOI,-,-,Narmada,Narmada,Orsang,-,-,Orsang,22.05000000,73.46527778,08-07-2020 08:30,7
8314,8314,CHANWADA,CWC,24,Gujarat,461,Vadodara,DABHOI,-,-,Narmada,Narmada,Orsang,-,-,Orsang,22.05000000,73.46527778,09-07-2020 08:30,4.8
8315,8315,CHANWADA,CWC,24,Gujarat,461,Vadodara,DABHOI,-,-,Narmada,Narmada,Orsang,-,-,Orsang,22.05000000,73.46527778,10-07-2020 08:30,3
8316,8316,CHANWADA,CWC,24,Gujarat,461,Vadodara,DABHOI,-,-,Narmada,Narmada,Orsang,-,-,Orsang,22.05000000,73.46527778,11-07-2020 08:30,8.8
8317,8317,CHANWADA,CWC,24,Gujarat,461,Vadodara,DABHOI,-,-,Narmada,Narmada,Orsang,-,-,Orsang,22.05000000,73.46527778,12-07-2020 08:30,6.6
8318,8318,CHANWADA,CWC,24,Gujarat,461,Vadodara,DABHOI,-,-,Narmada,Narmada,Orsang,-,-,Orsang,22.05000000,73.46527778,13-07-2020 08:30,2
8319,8319,CHANWADA,CWC,24,Gujarat,461,Vadodara,DABHOI,-,-,Narmada,Narmada,Orsang,-,-,Orsang,22.05000000,73.46527778,15-07-2020 08:30,3.4
8320,8320,CHANWADA,CWC,24,Gujarat,461,Vadodara,DABHOI,-,-,Narmada,Narmada,Orsang,-,-,Orsang,22.05000000,73.46527778,16-07-2020 08:30,10
8321,8321,CHANWADA,CWC,24,Gujarat,461,Vadodara,DABHOI,-,-,Narmada,Narmada,Orsang,-,-,Orsang,22.05000000,73.46527778,17-07-2020 08:30,16.4
8322,8322,CHANWADA,CWC,24,Gujarat,461,Vadodara,DABHOI,-,-,Narmada,Narmada,Orsang,-,-,Orsang,22.05000000,73.46527778,18-07-2020 08:30,2.8
8323,8323,CHANWADA,CWC,24,Gujarat,461,Vadodara,DABHOI,-,-,Narmada,Narmada,Orsang,-,-,Orsang,22.05000000,73.46527778,20-07-2020 08:30,2.2
8324,8324,CHANWADA,CWC,24,Gujarat,461,Vadodara,DABHOI,-,-,Narmada,Narmada,Orsang,-,-,Orsang,22.05000000,73.46527778,22-07-2020 08:30,6.4
8325,8325,CHANWADA,CWC,24,Gujarat,461,Vadodara,DABHOI,-,-,Narmada,Narmada,Orsang,-,-,Orsang,22.05000000,73.46527778,30-07-2020 08:30,1.8
8326,8326,CHANWADA,CWC,24,Gujarat,461,Vadodara,DABHOI,-,-,Narmada,Narmada,Orsang,-,-,Orsang,22.05000000,73.46527778,31-07-2020 08:30,4.6
8327,8327,CHANWADA,CWC,24,Gujarat,461,Vadodara,DABHOI,-,-,Narmada,Narmada,Orsang,-,-,Orsang,22.05000000,73.46527778,01-08-2020 08:30,1.4
8328,8328,CHANWADA,CWC,24,Gujarat,461,Vadodara,DABHOI,-,-,Narmada,Narmada,Orsang,-,-,Orsang,22.05000000,73.46527778,05-08-2020 08:30,23.6
8329,8329,CHANWADA,CWC,24,Gujarat,461,Vadodara,DABHOI,-,-,Narmada,Narmada,Orsang,-,-,Orsang,22.05000000,73.46527778,06-08-2020 08:30,2.4
8330,8330,CHANWADA,CWC,24,Gujarat,461,Vadodara,DABHOI,-,-,Narmada,Narmada,Orsang,-,-,Orsang,22.05000000,73.46527778,07-08-2020 08:30,9.6
8331,8331,CHANWADA,CWC,24,Gujarat,461,Vadodara,DABHOI,-,-,Narmada,Narmada,Orsang,-,-,Orsang,22.05000000,73.46527778,08-08-2020 08:30,20.4
8332,8332,CHANWADA,CWC,24,Gujarat,461,Vadodara,DABHOI,-,-,Narmada,Narmada,Orsang,-,-,Orsang,22.05000000,73.46527778,09-08-2020 08:30,8
8333,8333,CHANWADA,CWC,24,Gujarat,461,Vadodara,DABHOI,-,-,Narmada,Narmada,Orsang,-,-,Orsang,22.05000000,73.46527778,10-08-2020 08:30,16
8334,8334,CHANWADA,CWC,24,Gujarat,461,Vadodara,DABHOI,-,-,Narmada,Narmada,Orsang,-,-,Orsang,22.05000000,73.46527778,11-08-2020 08:30,2.8
8335,8335,CHANWADA,CWC,24,Gujarat,461,Vadodara,DABHOI,-,-,Narmada,Narmada,Orsang,-,-,Orsang,22.05000000,73.46527778,13-08-2020 08:30,117.4
8336,8336,CHANWADA,CWC,24,Gujarat,461,Vadodara,DABHOI,-,-,Narmada,Narmada,Orsang,-,-,Orsang,22.05000000,73.46527778,14-08-2020 08:30,94.6
8337,8337,CHANWADA,CWC,24,Gujarat,461,Vadodara,DABHOI,-,-,Narmada,Narmada,Orsang,-,-,Orsang,22.05000000,73.46527778,15-08-2020 08:30,36.2
8338,8338,CHANWADA,CWC,24,Gujarat,461,Vadodara,DABHOI,-,-,Narmada,Narmada,Orsang,-,-,Orsang,22.05000000,73.46527778,16-08-2020 08:30,33.2
8339,8339,CHANWADA,CWC,24,Gujarat,461,Vadodara,DABHOI,-,-,Narmada,Narmada,Orsang,-,-,Orsang,22.05000000,73.46527778,17-08-2020 08:30,19.4
8340,8340,CHANWADA,CWC,24,Gujarat,461,Vadodara,DABHOI,-,-,Narmada,Narmada,Orsang,-,-,Orsang,22.05000000,73.46527778,18-08-2020 08:30,9.8
8341,8341,CHANWADA,CWC,24,Gujarat,461,Vadodara,DABHOI,-,-,Narmada,Narmada,Orsang,-,-,Orsang,22.05000000,73.46527778,20-08-2020 08:30,15.8
8342,8342,CHANWADA,CWC,24,Gujarat,461,Vadodara,DABHOI,-,-,Narmada,Narmada,Orsang,-,-,Orsang,22.05000000,73.46527778,21-08-2020 08:30,32.2
8343,8343,CHANWADA,CWC,24,Gujarat,461,Vadodara,DABHOI,-,-,Narmada,Narmada,Orsang,-,-,Orsang,22.05000000,73.46527778,22-08-2020 08:30,3.2
8344,8344,CHANWADA,CWC,24,Gujarat,461,Vadodara,DABHOI,-,-,Narmada,Narmada,Orsang,-,-,Orsang,22.05000000,73.46527778,23-08-2020 08:30,29
8345,8345,CHANWADA,CWC,24,Gujarat,461,Vadodara,DABHOI,-,-,Narmada,Narmada,Orsang,-,-,Orsang,22.05000000,73.46527778,24-08-2020 08:30,15.6
8346,8346,CHANWADA,CWC,24,Gujarat,461,Vadodara,DABHOI,-,-,Narmada,Narmada,Orsang,-,-,Orsang,22.05000000,73.46527778,25-08-2020 08:30,26.4
8347,8347,CHANWADA,CWC,24,Gujarat,461,Vadodara,DABHOI,-,-,Narmada,Narmada,Orsang,-,-,Orsang,22.05000000,73.46527778,28-08-2020 08:30,4.6
8348,8348,CHANWADA,CWC,24,Gujarat,461,Vadodara,DABHOI,-,-,Narmada,Narmada,Orsang,-,-,Orsang,22.05000000,73.46527778,30-08-2020 08:30,28.2
8349,8349,CHANWADA,CWC,24,Gujarat,461,Vadodara,DABHOI,-,-,Narmada,Narmada,Orsang,-,-,Orsang,22.05000000,73.46527778,31-08-2020 08:30,31.6
8350,8350,CHANWADA,CWC,24,Gujarat,461,Vadodara,DABHOI,-,-,Narmada,Narmada,Orsang,-,-,Orsang,22.05000000,73.46527778,01-09-2020 08:30,1.8
8351,8351,CHANWADA,CWC,24,Gujarat,461,Vadodara,DABHOI,-,-,Narmada,Narmada,Orsang,-,-,Orsang,22.05000000,73.46527778,12-09-2020 08:30,5
8352,8352,CHANWADA,CWC,24,Gujarat,461,Vadodara,DABHOI,-,-,Narmada,Narmada,Orsang,-,-,Orsang,22.05000000,73.46527778,18-09-2020 08:30,85.2
8353,8353,CHANWADA,CWC,24,Gujarat,461,Vadodara,DABHOI,-,-,Narmada,Narmada,Orsang,-,-,Orsang,22.05000000,73.46527778,19-09-2020 08:30,29.6
8354,8354,CHANWADA,CWC,24,Gujarat,461,Vadodara,DABHOI,-,-,Narmada,Narmada,Orsang,-,-,Orsang,22.05000000,73.46527778,20-09-2020 08:30,28.6
8355,8355,CHANWADA,CWC,24,Gujarat,461,Vadodara,DABHOI,-,-,Narmada,Narmada,Orsang,-,-,Orsang,22.05000000,73.46527778,22-09-2020 08:30,69.2
8356,8356,CHANWADA,CWC,24,Gujarat,461,Vadodara,DABHOI,-,-,Narmada,Narmada,Orsang,-,-,Orsang,22.05000000,73.46527778,24-09-2020 08:30,16.6
66432,66432,PINGALWADA,CWC,24,Gujarat,461,Vadodara,VADODARA,-,-,Dhadhar,Narmada,-,-,-,Dhadhar,22.11083333,73.07861111,01-06-2006 08:30,4
66433,66433,PINGALWADA,CWC,24,Gujarat,461,Vadodara,VADODARA,-,-,Dhadhar,Narmada,-,-,-,Dhadhar,22.11083333,73.07861111,02-06-2006 08:30,24
66434,66434,PINGALWADA,CWC,24,Gujarat,461,Vadodara,VADODARA,-,-,Dhadhar,Narmada,-,-,-,Dhadhar,22.11083333,73.07861111,03-06-2006 08:30,44
66435,66435,PINGALWADA,CWC,24,Gujarat,461,Vadodara,VADODARA,-,-,Dhadhar,Narmada,-,-,-,Dhadhar,22.11083333,73.07861111,21-06-2006 08:30,16.8
66436,66436,PINGALWADA,CWC,24,Gujarat,461,Vadodara,VADODARA,-,-,Dhadhar,Narmada,-,-,-,Dhadhar,22.11083333,73.07861111,24-06-2006 08:30,1.6
66437,66437,PINGALWADA,CWC,24,Gujarat,461,Vadodara,VADODARA,-,-,Dhadhar,Narmada,-,-,-,Dhadhar,22.11083333,73.07861111,25-06-2006 08:30,2
66438,66438,PINGALWADA,CWC,24,Gujarat,461,Vadodara,VADODARA,-,-,Dhadhar,Narmada,-,-,-,Dhadhar,22.11083333,73.07861111,28-06-2006 08:30,32.6
66439,66439,PINGALWADA,CWC,24,Gujarat,461,Vadodara,VADODARA,-,-,Dhadhar,Narmada,-,-,-,Dhadhar,22.11083333,73.07861111,29-06-2006 08:30,0.8
66440,66440,PINGALWADA,CWC,24,Gujarat,461,Vadodara,VADODARA,-,-,Dhadhar,Narmada,-,-,-,Dhadhar,22.11083333,73.07861111,30-06-2006 08:30,27.2
66441,66441,PINGALWADA,CWC,24,Gujarat,461,Vadodara,VADODARA,-,-,Dhadhar,Narmada,-,-,-,Dhadhar,22.11083333,73.07861111,04-07-2006 08:30,8
66442,66442,PINGALWADA,CWC,24,Gujarat,461,Vadodara,VADODARA,-,-,Dhadhar,Narmada,-,-,-,Dhadhar,22.11083333,73.07861111,05-07-2006 08:30,72
66443,66443,PINGALWADA,CWC,24,Gujarat,461,Vadodara,VADODARA,-,-,Dhadhar,Narmada,-,-,-,Dhadhar,22.11083333,73.07861111,06-07-2006 08:30,139
66444,66444,PINGALWADA,CWC,24,Gujarat,461,Vadodara,VADODARA,-,-,Dhadhar,Narmada,-,-,-,Dhadhar,22.11083333,73.07861111,07-07-2006 08:30,13.6
66445,66445,PINGALWADA,CWC,24,Gujarat,461,Vadodara,VADODARA,-,-,Dhadhar,Narmada,-,-,-,Dhadhar,22.11083333,73.07861111,08-07-2006 08:30,14.8
66446,66446,PINGALWADA,CWC,24,Gujarat,461,Vadodara,VADODARA,-,-,Dhadhar,Narmada,-,-,-,Dhadhar,22.11083333,73.07861111,09-07-2006 08:30,0.8
66447,66447,PINGALWADA,CWC,24,Gujarat,461,Vadodara,VADODARA,-,-,Dhadhar,Narmada,-,-,-,Dhadhar,22.11083333,73.07861111,10-07-2006 08:30,0.4
66448,66448,PINGALWADA,CWC,24,Gujarat,461,Vadodara,VADODARA,-,-,Dhadhar,Narmada,-,-,-,Dhadhar,22.11083333,73.07861111,19-07-2006 08:30,8.6
66449,66449,PINGALWADA,CWC,24,Gujarat,461,Vadodara,VADODARA,-,-,Dhadhar,Narmada,-,-,-,Dhadhar,22.11083333,73.07861111,20-07-2006 08:30,19.4
66450,66450,PINGALWADA,CWC,24,Gujarat,461,Vadodara,VADODARA,-,-,Dhadhar,Narmada,-,-,-,Dhadhar,22.11083333,73.07861111,21-07-2006 08:30,4.8
66451,66451,PINGALWADA,CWC,24,Gujarat,461,Vadodara,VADODARA,-,-,Dhadhar,Narmada,-,-,-,Dhadhar,22.11083333,73.07861111,22-07-2006 08:30,16.4
66452,66452,PINGALWADA,CWC,24,Gujarat,461,Vadodara,VADODARA,-,-,Dhadhar,Narmada,-,-,-,Dhadhar,22.11083333,73.07861111,23-07-2006 08:30,12.2
66453,66453,PINGALWADA,CWC,24,Gujarat,461,Vadodara,VADODARA,-,-,Dhadhar,Narmada,-,-,-,Dhadhar,22.11083333,73.07861111,24-07-2006 08:30,0.6
66454,66454,PINGALWADA,CWC,24,Gujarat,461,Vadodara,VADODARA,-,-,Dhadhar,Narmada,-,-,-,Dhadhar,22.11083333,73.07861111,25-07-2006 08:30,3.2
66455,66455,PINGALWADA,CWC,24,Gujarat,461,Vadodara,VADODARA,-,-,Dhadhar,Narmada,-,-,-,Dhadhar,22.11083333,73.07861111,26-07-2006 08:30,5.8
66456,66456,PINGALWADA,CWC,24,Gujarat,461,Vadodara,VADODARA,-,-,Dhadhar,Narmada,-,-,-,Dhadhar,22.11083333,73.07861111,27-07-2006 08:30,22.4
66457,66457,PINGALWADA,CWC,24,Gujarat,461,Vadodara,VADODARA,-,-,Dhadhar,Narmada,-,-,-,Dhadhar,22.11083333,73.07861111,28-07-2006 08:30,77.6
66458,66458,PINGALWADA,CWC,24,Gujarat,461,Vadodara,VADODARA,-,-,Dhadhar,Narmada,-,-,-,Dhadhar,22.11083333,73.07861111,29-07-2006 08:30,94
66459,66459,PINGALWADA,CWC,24,Gujarat,461,Vadodara,VADODARA,-,-,Dhadhar,Narmada,-,-,-,Dhadhar,22.11083333,73.07861111,30-07-2006 08:30,174.4
66460,66460,PINGALWADA,CWC,24,Gujarat,461,Vadodara,VADODARA,-,-,Dhadhar,Narmada,-,-,-,Dhadhar,22.11083333,73.07861111,31-07-2006 08:30,6.8
66461,66461,PINGALWADA,CWC,24,Gujarat,461,Vadodara,VADODARA,-,-,Dhadhar,Narmada,-,-,-,Dhadhar,22.11083333,73.07861111,01-08-2006 08:30,16.4
66462,66462,PINGALWADA,CWC,24,Gujarat,461,Vadodara,VADODARA,-,-,Dhadhar,Narmada,-,-,-,Dhadhar,22.11083333,73.07861111,02-08-2006 08:30,24.4
66463,66463,PINGALWADA,CWC,24,Gujarat,461,Vadodara,VADODARA,-,-,Dhadhar,Narmada,-,-,-,Dhadhar,22.11083333,73.07861111,03-08-2006 08:30,33.6
66464,66464,PINGALWADA,CWC,24,Gujarat,461,Vadodara,VADODARA,-,-,Dhadhar,Narmada,-,-,-,Dhadhar,22.11083333,73.07861111,05-08-2006 08:30,1
66465,66465,PINGALWADA,CWC,24,Gujarat,461,Vadodara,VADODARA,-,-,Dhadhar,Narmada,-,-,-,Dhadhar,22.11083333,73.07861111,06-08-2006 08:30,2.8
66466,66466,PINGALWADA,CWC,24,Gujarat,461,Vadodara,VADODARA,-,-,Dhadhar,Narmada,-,-,-,Dhadhar,22.11083333,73.07861111,07-08-2006 08:30,43.8
66467,66467,PINGALWADA,CWC,24,Gujarat,461,Vadodara,VADODARA,-,-,Dhadhar,Narmada,-,-,-,Dhadhar,22.11083333,73.07861111,08-08-2006 08:30,46
66468,66468,PINGALWADA,CWC,24,Gujarat,461,Vadodara,VADODARA,-,-,Dhadhar,Narmada,-,-,-,Dhadhar,22.11083333,73.07861111,09-08-2006 08:30,22.2
66469,66469,PINGALWADA,CWC,24,Gujarat,461,Vadodara,VADODARA,-,-,Dhadhar,Narmada,-,-,-,Dhadhar,22.11083333,73.07861111,10-08-2006 08:30,42
66470,66470,PINGALWADA,CWC,24,Gujarat,461,Vadodara,VADODARA,-,-,Dhadhar,Narmada,-,-,-,Dhadhar,22.11083333,73.07861111,11-08-2006 08:30,44.2
66471,66471,PINGALWADA,CWC,24,Gujarat,461,Vadodara,VADODARA,-,-,Dhadhar,Narmada,-,-,-,Dhadhar,22.11083333,73.07861111,12-08-2006 08:30,51.4
66472,66472,PINGALWADA,CWC,24,Gujarat,461,Vadodara,VADODARA,-,-,Dhadhar,Narmada,-,-,-,Dhadhar,22.11083333,73.07861111,13-08-2006 08:30,101.4
66473,66473,PINGALWADA,CWC,24,Gujarat,461,Vadodara,VADODARA,-,-,Dhadhar,Narmada,-,-,-,Dhadhar,22.11083333,73.07861111,15-08-2006 08:30,6.6
66474,66474,PINGALWADA,CWC,24,Gujarat,461,Vadodara,VADODARA,-,-,Dhadhar,Narmada,-,-,-,Dhadhar,22.11083333,73.07861111,16-08-2006 08:30,59
66475,66475,PINGALWADA,CWC,24,Gujarat,461,Vadodara,VADODARA,-,-,Dhadhar,Narmada,-,-,-,Dhadhar,22.11083333,73.07861111,17-08-2006 08:30,3.2
66476,66476,PINGALWADA,CWC,24,Gujarat,461,Vadodara,VADODARA,-,-,Dhadhar,Narmada,-,-,-,Dhadhar,22.11083333,73.07861111,20-08-2006 08:30,4.2
66477,66477,PINGALWADA,CWC,24,Gujarat,461,Vadodara,VADODARA,-,-,Dhadhar,Narmada,-,-,-,Dhadhar,22.11083333,73.07861111,21-08-2006 08:30,10.2
66478,66478,PINGALWADA,CWC,24,Gujarat,461,Vadodara,VADODARA,-,-,Dhadhar,Narmada,-,-,-,Dhadhar,22.11083333,73.07861111,23-08-2006 08:30,1.8
66479,66479,PINGALWADA,CWC,24,Gujarat,461,Vadodara,VADODARA,-,-,Dhadhar,Narmada,-,-,-,Dhadhar,22.11083333,73.07861111,26-08-2006 08:30,1.6
66480,66480,PINGALWADA,CWC,24,Gujarat,461,Vadodara,VADODARA,-,-,Dhadhar,Narmada,-,-,-,Dhadhar,22.11083333,73.07861111,27-08-2006 08:30,28.6
66481,66481,PINGALWADA,CWC,24,Gujarat,461,Vadodara,VADODARA,-,-,Dhadhar,Narmada,-,-,-,Dhadhar,22.11083333,73.07861111,28-08-2006 08:30,2.2
66482,66482,PINGALWADA,CWC,24,Gujarat,461,Vadodara,VADODARA,-,-,Dhadhar,Narmada,-,-,-,Dhadhar,22.11083333,73.07861111,29-08-2006 08:30,5.8
66483,66483,PINGALWADA,CWC,24,Gujarat,461,Vadodara,VADODARA,-,-,Dhadhar,Narmada,-,-,-,Dhadhar,22.11083333,73.07861111,01-09-2006 08:30,0.8
66484,66484,PINGALWADA,CWC,24,Gujarat,461,Vadodara,VADODARA,-,-,Dhadhar,Narmada,-,-,-,Dhadhar,22.11083333,73.07861111,02-09-2006 08:30,1.6
66485,66485,PINGALWADA,CWC,24,Gujarat,461,Vadodara,VADODARA,-,-,Dhadhar,Narmada,-,-,-,Dhadhar,22.11083333,73.07861111,03-09-2006 08:30,5.2
66486,66486,PINGALWADA,CWC,24,Gujarat,461,Vadodara,VADODARA,-,-,Dhadhar,Narmada,-,-,-,Dhadhar,22.11083333,73.07861111,05-09-2006 08:30,12.8
66487,66487,PINGALWADA,CWC,24,Gujarat,461,Vadodara,VADODARA,-,-,Dhadhar,Narmada,-,-,-,Dhadhar,22.11083333,73.07861111,06-09-2006 08:30,25
66488,66488,PINGALWADA,CWC,24,Gujarat,461,Vadodara,VADODARA,-,-,Dhadhar,Narmada,-,-,-,Dhadhar,22.11083333,73.07861111,16-09-2006 08:30,20
66489,66489,PINGALWADA,CWC,24,Gujarat,461,Vadodara,VADODARA,-,-,Dhadhar,Narmada,-,-,-,Dhadhar,22.11083333,73.07861111,18-09-2006 08:30,31.4
66490,66490,PINGALWADA,CWC,24,Gujarat,461,Vadodara,VADODARA,-,-,Dhadhar,Narmada,-,-,-,Dhadhar,22.11083333,73.07861111,19-09-2006 08:30,6.2
66491,66491,PINGALWADA,CWC,24,Gujarat,461,Vadodara,VADODARA,-,-,Dhadhar,Narmada,-,-,-,Dhadhar,22.11083333,73.07861111,22-09-2006 08:30,37.2
66492,66492,PINGALWADA,CWC,24,Gujarat,461,Vadodara,VADODARA,-,-,Dhadhar,Narmada,-,-,-,Dhadhar,22.11083333,73.07861111,24-09-2006 08:30,6.8
66493,66493,PINGALWADA,CWC,24,Gujarat,461,Vadodara,VADODARA,-,-,Dhadhar,Narmada,-,-,-,Dhadhar,22.11083333,73.07861111,03-10-2006 08:30,3.4
66494,66494,PINGALWADA,CWC,24,Gujarat,461,Vadodara,VADODARA,-,-,Dhadhar,Narmada,-,-,-,Dhadhar,22.11083333,73.07861111,15-06-2010 08:30,13.8
66495,66495,PINGALWADA,CWC,24,Gujarat,461,Vadodara,VADODARA,-,-,Dhadhar,Narmada,-,-,-,Dhadhar,22.11083333,73.07861111,27-06-2010 08:30,19.2
66496,66496,PINGALWADA,CWC,24,Gujarat,461,Vadodara,VADODARA,-,-,Dhadhar,Narmada,-,-,-,Dhadhar,22.11083333,73.07861111,29-06-2010 08:30,1
66497,66497,PINGALWADA,CWC,24,Gujarat,461,Vadodara,VADODARA,-,-,Dhadhar,Narmada,-,-,-,Dhadhar,22.11083333,73.07861111,04-07-2010 08:30,14.8
66498,66498,PINGALWADA,CWC,24,Gujarat,461,Vadodara,VADODARA,-,-,Dhadhar,Narmada,-,-,-,Dhadhar,22.11083333,73.07861111,05-07-2010 08:30,19.2
66499,66499,PINGALWADA,CWC,24,Gujarat,461,Vadodara,VADODARA,-,-,Dhadhar,Narmada,-,-,-,Dhadhar,22.11083333,73.07861111,06-07-2010 08:30,4.2
66500,66500,PINGALWADA,CWC,24,Gujarat,461,Vadodara,VADODARA,-,-,Dhadhar,Narmada,-,-,-,Dhadhar,22.11083333,73.07861111,08-07-2010 08:30,4
66501,66501,PINGALWADA,CWC,24,Gujarat,461,Vadodara,VADODARA,-,-,Dhadhar,Narmada,-,-,-,Dhadhar,22.11083333,73.07861111,12-07-2010 08:30,44
66502,66502,PINGALWADA,CWC,24,Gujarat,461,Vadodara,VADODARA,-,-,Dhadhar,Narmada,-,-,-,Dhadhar,22.11083333,73.07861111,14-07-2010 08:30,1
66503,66503,PINGALWADA,CWC,24,Gujarat,461,Vadodara,VADODARA,-,-,Dhadhar,Narmada,-,-,-,Dhadhar,22.11083333,73.07861111,15-07-2010 08:30,1
66504,66504,PINGALWADA,CWC,24,Gujarat,461,Vadodara,VADODARA,-,-,Dhadhar,Narmada,-,-,-,Dhadhar,22.11083333,73.07861111,19-07-2010 08:30,6.4
66505,66505,PINGALWADA,CWC,24,Gujarat,461,Vadodara,VADODARA,-,-,Dhadhar,Narmada,-,-,-,Dhadhar,22.11083333,73.07861111,20-07-2010 08:30,5.6
66506,66506,PINGALWADA,CWC,24,Gujarat,461,Vadodara,VADODARA,-,-,Dhadhar,Narmada,-,-,-,Dhadhar,22.11083333,73.07861111,21-07-2010 08:30,1
66507,66507,PINGALWADA,CWC,24,Gujarat,461,Vadodara,VADODARA,-,-,Dhadhar,Narmada,-,-,-,Dhadhar,22.11083333,73.07861111,22-07-2010 08:30,4.4
66508,66508,PINGALWADA,CWC,24,Gujarat,461,Vadodara,VADODARA,-,-,Dhadhar,Narmada,-,-,-,Dhadhar,22.11083333,73.07861111,23-07-2010 08:30,3
66509,66509,PINGALWADA,CWC,24,Gujarat,461,Vadodara,VADODARA,-,-,Dhadhar,Narmada,-,-,-,Dhadhar,22.11083333,73.07861111,24-07-2010 08:30,4.2
66510,66510,PINGALWADA,CWC,24,Gujarat,461,Vadodara,VADODARA,-,-,Dhadhar,Narmada,-,-,-,Dhadhar,22.11083333,73.07861111,25-07-2010 08:30,15.4
66511,66511,PINGALWADA,CWC,24,Gujarat,461,Vadodara,VADODARA,-,-,Dhadhar,Narmada,-,-,-,Dhadhar,22.11083333,73.07861111,26-07-2010 08:30,18.4
66512,66512,PINGALWADA,CWC,24,Gujarat,461,Vadodara,VADODARA,-,-,Dhadhar,Narmada,-,-,-,Dhadhar,22.11083333,73.07861111,27-07-2010 08:30,1
66513,66513,PINGALWADA,CWC,24,Gujarat,461,Vadodara,VADODARA,-,-,Dhadhar,Narmada,-,-,-,Dhadhar,22.11083333,73.07861111,28-07-2010 08:30,1
66514,66514,PINGALWADA,CWC,24,Gujarat,461,Vadodara,VADODARA,-,-,Dhadhar,Narmada,-,-,-,Dhadhar,22.11083333,73.07861111,01-08-2010 08:30,18.4
66515,66515,PINGALWADA,CWC,24,Gujarat,461,Vadodara,VADODARA,-,-,Dhadhar,Narmada,-,-,-,Dhadhar,22.11083333,73.07861111,02-08-2010 08:30,4
66516,66516,PINGALWADA,CWC,24,Gujarat,461,Vadodara,VADODARA,-,-,Dhadhar,Narmada,-,-,-,Dhadhar,22.11083333,73.07861111,03-08-2010 08:30,13
66517,66517,PINGALWADA,CWC,24,Gujarat,461,Vadodara,VADODARA,-,-,Dhadhar,Narmada,-,-,-,Dhadhar,22.11083333,73.07861111,04-08-2010 08:30,29
66518,66518,PINGALWADA,CWC,24,Gujarat,461,Vadodara,VADODARA,-,-,Dhadhar,Narmada,-,-,-,Dhadhar,22.11083333,73.07861111,05-08-2010 08:30,4.4
66519,66519,PINGALWADA,CWC,24,Gujarat,461,Vadodara,VADODARA,-,-,Dhadhar,Narmada,-,-,-,Dhadhar,22.11083333,73.07861111,06-08-2010 08:30,1.4
66520,66520,PINGALWADA,CWC,24,Gujarat,461,Vadodara,VADODARA,-,-,Dhadhar,Narmada,-,-,-,Dhadhar,22.11083333,73.07861111,07-08-2010 08:30,4
66521,66521,PINGALWADA,CWC,24,Gujarat,461,Vadodara,VADODARA,-,-,Dhadhar,Narmada,-,-,-,Dhadhar,22.11083333,73.07861111,08-08-2010 08:30,4.4
66522,66522,PINGALWADA,CWC,24,Gujarat,461,Vadodara,VADODARA,-,-,Dhadhar,Narmada,-,-,-,Dhadhar,22.11083333,73.07861111,09-08-2010 08:30,18.4
66523,66523,PINGALWADA,CWC,24,Gujarat,461,Vadodara,VADODARA,-,-,Dhadhar,Narmada,-,-,-,Dhadhar,22.11083333,73.07861111,14-08-2010 08:30,5.6
66524,66524,PINGALWADA,CWC,24,Gujarat,461,Vadodara,VADODARA,-,-,Dhadhar,Narmada,-,-,-,Dhadhar,22.11083333,73.07861111,15-08-2010 08:30,15.6
66525,66525,PINGALWADA,CWC,24,Gujarat,461,Vadodara,VADODARA,-,-,Dhadhar,Narmada,-,-,-,Dhadhar,22.11083333,73.07861111,20-08-2010 08:30,1.4
66526,66526,PINGALWADA,CWC,24,Gujarat,461,Vadodara,VADODARA,-,-,Dhadhar,Narmada,-,-,-,Dhadhar,22.11083333,73.07861111,24-08-2010 08:30,5.8
66527,66527,PINGALWADA,CWC,24,Gujarat,461,Vadodara,VADODARA,-,-,Dhadhar,Narmada,-,-,-,Dhadhar,22.11083333,73.07861111,25-08-2010 08:30,3
66528,66528,PINGALWADA,CWC,24,Gujarat,461,Vadodara,VADODARA,-,-,Dhadhar,Narmada,-,-,-,Dhadhar,22.11083333,73.07861111,28-08-2010 08:30,4.6
66529,66529,PINGALWADA,CWC,24,Gujarat,461,Vadodara,VADODARA,-,-,Dhadhar,Narmada,-,-,-,Dhadhar,22.11083333,73.07861111,29-08-2010 08:30,1
66530,66530,PINGALWADA,CWC,24,Gujarat,461,Vadodara,VADODARA,-,-,Dhadhar,Narmada,-,-,-,Dhadhar,22.11083333,73.07861111,30-08-2010 08:30,12.4
66531,66531,PINGALWADA,CWC,24,Gujarat,461,Vadodara,VADODARA,-,-,Dhadhar,Narmada,-,-,-,Dhadhar,22.11083333,73.07861111,31-08-2010 08:30,7.4
66532,66532,PINGALWADA,CWC,24,Gujarat,461,Vadodara,VADODARA,-,-,Dhadhar,Narmada,-,-,-,Dhadhar,22.11083333,73.07861111,04-09-2010 08:30,3.8
66533,66533,PINGALWADA,CWC,24,Gujarat,461,Vadodara,VADODARA,-,-,Dhadhar,Narmada,-,-,-,Dhadhar,22.11083333,73.07861111,05-09-2010 08:30,31.4
66534,66534,PINGALWADA,CWC,24,Gujarat,461,Vadodara,VADODARA,-,-,Dhadhar,Narmada,-,-,-,Dhadhar,22.11083333,73.07861111,08-09-2010 08:30,1
66535,66535,PINGALWADA,CWC,24,Gujarat,461,Vadodara,VADODARA,-,-,Dhadhar,Narmada,-,-,-,Dhadhar,22.11083333,73.07861111,09-09-2010 08:30,75
66536,66536,PINGALWADA,CWC,24,Gujarat,461,Vadodara,VADODARA,-,-,Dhadhar,Narmada,-,-,-,Dhadhar,22.11083333,73.07861111,12-09-2010 08:30,1
66537,66537,PINGALWADA,CWC,24,Gujarat,461,Vadodara,VADODARA,-,-,Dhadhar,Narmada,-,-,-,Dhadhar,22.11083333,73.07861111,15-09-2010 08:30,2
66538,66538,PINGALWADA,CWC,24,Gujarat,461,Vadodara,VADODARA,-,-,Dhadhar,Narmada,-,-,-,Dhadhar,22.11083333,73.07861111,18-09-2010 08:30,3.2
66539,66539,PINGALWADA,CWC,24,Gujarat,461,Vadodara,VADODARA,-,-,Dhadhar,Narmada,-,-,-,Dhadhar,22.11083333,73.07861111,13-11-2010 08:30,6.8
66540,66540,PINGALWADA,CWC,24,Gujarat,461,Vadodara,VADODARA,-,-,Dhadhar,Narmada,-,-,-,Dhadhar,22.11083333,73.07861111,16-11-2010 08:30,23
66541,66541,PINGALWADA,CWC,24,Gujarat,461,Vadodara,VADODARA,-,-,Dhadhar,Narmada,-,-,-,Dhadhar,22.11083333,73.07861111,18-11-2010 08:30,12.2
66542,66542,PINGALWADA,CWC,24,Gujarat,461,Vadodara,VADODARA,-,-,Dhadhar,Narmada,-,-,-,Dhadhar,22.11083333,73.07861111,22-11-2010 08:30,4.8
66543,66543,PINGALWADA,CWC,24,Gujarat,461,Vadodara,VADODARA,-,-,Dhadhar,Narmada,-,-,-,Dhadhar,22.11083333,73.07861111,23-11-2010 08:30,5.6
66544,66544,PINGALWADA,CWC,24,Gujarat,461,Vadodara,VADODARA,-,-,Dhadhar,Narmada,-,-,-,Dhadhar,22.11083333,73.07861111,06-06-2011 08:30,26.6
66545,66545,PINGALWADA,CWC,24,Gujarat,461,Vadodara,VADODARA,-,-,Dhadhar,Narmada,-,-,-,Dhadhar,22.11083333,73.07861111,08-07-2011 08:30,6.4
66546,66546,PINGALWADA,CWC,24,Gujarat,461,Vadodara,VADODARA,-,-,Dhadhar,Narmada,-,-,-,Dhadhar,22.11083333,73.07861111,09-07-2011 08:30,4
66547,66547,PINGALWADA,CWC,24,Gujarat,461,Vadodara,VADODARA,-,-,Dhadhar,Narmada,-,-,-,Dhadhar,22.11083333,73.07861111,10-07-2011 08:30,6.8
66548,66548,PINGALWADA,CWC,24,Gujarat,461,Vadodara,VADODARA,-,-,Dhadhar,Narmada,-,-,-,Dhadhar,22.11083333,73.07861111,11-07-2011 08:30,10
66549,66549,PINGALWADA,CWC,24,Gujarat,461,Vadodara,VADODARA,-,-,Dhadhar,Narmada,-,-,-,Dhadhar,22.11083333,73.07861111,12-07-2011 08:30,41.2
66550,66550,PINGALWADA,CWC,24,Gujarat,461,Vadodara,VADODARA,-,-,Dhadhar,Narmada,-,-,-,Dhadhar,22.11083333,73.07861111,13-07-2011 08:30,1
66551,66551,PINGALWADA,CWC,24,Gujarat,461,Vadodara,VADODARA,-,-,Dhadhar,Narmada,-,-,-,Dhadhar,22.11083333,73.07861111,18-07-2011 08:30,7.6
66552,66552,PINGALWADA,CWC,24,Gujarat,461,Vadodara,VADODARA,-,-,Dhadhar,Narmada,-,-,-,Dhadhar,22.11083333,73.07861111,19-07-2011 08:30,33.2
66553,66553,PINGALWADA,CWC,24,Gujarat,461,Vadodara,VADODARA,-,-,Dhadhar,Narmada,-,-,-,Dhadhar,22.11083333,73.07861111,20-07-2011 08:30,39.6
66554,66554,PINGALWADA,CWC,24,Gujarat,461,Vadodara,VADODARA,-,-,Dhadhar,Narmada,-,-,-,Dhadhar,22.11083333,73.07861111,24-07-2011 08:30,1.4
66555,66555,PINGALWADA,CWC,24,Gujarat,461,Vadodara,VADODARA,-,-,Dhadhar,Narmada,-,-,-,Dhadhar,22.11083333,73.07861111,31-07-2011 08:30,5.8
66556,66556,PINGALWADA,CWC,24,Gujarat,461,Vadodara,VADODARA,-,-,Dhadhar,Narmada,-,-,-,Dhadhar,22.11083333,73.07861111,02-08-2011 08:30,1.4
66557,66557,PINGALWADA,CWC,24,Gujarat,461,Vadodara,VADODARA,-,-,Dhadhar,Narmada,-,-,-,Dhadhar,22.11083333,73.07861111,03-08-2011 08:30,1
66558,66558,PINGALWADA,CWC,24,Gujarat,461,Vadodara,VADODARA,-,-,Dhadhar,Narmada,-,-,-,Dhadhar,22.11083333,73.07861111,05-08-2011 08:30,2.2
66559,66559,PINGALWADA,CWC,24,Gujarat,461,Vadodara,VADODARA,-,-,Dhadhar,Narmada,-,-,-,Dhadhar,22.11083333,73.07861111,06-08-2011 08:30,2.8
66560,66560,PINGALWADA,CWC,24,Gujarat,461,Vadodara,VADODARA,-,-,Dhadhar,Narmada,-,-,-,Dhadhar,22.11083333,73.07861111,09-08-2011 08:30,37.6
66561,66561,PINGALWADA,CWC,24,Gujarat,461,Vadodara,VADODARA,-,-,Dhadhar,Narmada,-,-,-,Dhadhar,22.11083333,73.07861111,11-08-2011 08:30,1.2
66562,66562,PINGALWADA,CWC,24,Gujarat,461,Vadodara,VADODARA,-,-,Dhadhar,Narmada,-,-,-,Dhadhar,22.11083333,73.07861111,12-08-2011 08:30,100
66563,66563,PINGALWADA,CWC,24,Gujarat,461,Vadodara,VADODARA,-,-,Dhadhar,Narmada,-,-,-,Dhadhar,22.11083333,73.07861111,13-08-2011 08:30,30
66564,66564,PINGALWADA,CWC,24,Gujarat,461,Vadodara,VADODARA,-,-,Dhadhar,Narmada,-,-,-,Dhadhar,22.11083333,73.07861111,14-08-2011 08:30,83
66565,66565,PINGALWADA,CWC,24,Gujarat,461,Vadodara,VADODARA,-,-,Dhadhar,Narmada,-,-,-,Dhadhar,22.11083333,73.07861111,15-08-2011 08:30,4
66566,66566,PINGALWADA,CWC,24,Gujarat,461,Vadodara,VADODARA,-,-,Dhadhar,Narmada,-,-,-,Dhadhar,22.11083333,73.07861111,16-08-2011 08:30,8
66567,66567,PINGALWADA,CWC,24,Gujarat,461,Vadodara,VADODARA,-,-,Dhadhar,Narmada,-,-,-,Dhadhar,22.11083333,73.07861111,17-08-2011 08:30,3
66568,66568,PINGALWADA,CWC,24,Gujarat,461,Vadodara,VADODARA,-,-,Dhadhar,Narmada,-,-,-,Dhadhar,22.11083333,73.07861111,18-08-2011 08:30,35.6
66569,66569,PINGALWADA,CWC,24,Gujarat,461,Vadodara,VADODARA,-,-,Dhadhar,Narmada,-,-,-,Dhadhar,22.11083333,73.07861111,20-08-2011 08:30,6
66570,66570,PINGALWADA,CWC,24,Gujarat,461,Vadodara,VADODARA,-,-,Dhadhar,Narmada,-,-,-,Dhadhar,22.11083333,73.07861111,21-08-2011 08:30,16.8
66571,66571,PINGALWADA,CWC,24,Gujarat,461,Vadodara,VADODARA,-,-,Dhadhar,Narmada,-,-,-,Dhadhar,22.11083333,73.07861111,22-08-2011 08:30,16.6
66572,66572,PINGALWADA,CWC,24,Gujarat,461,Vadodara,VADODARA,-,-,Dhadhar,Narmada,-,-,-,Dhadhar,22.11083333,73.07861111,24-08-2011 08:30,10.8
66573,66573,PINGALWADA,CWC,24,Gujarat,461,Vadodara,VADODARA,-,-,Dhadhar,Narmada,-,-,-,Dhadhar,22.11083333,73.07861111,25-08-2011 08:30,2
66574,66574,PINGALWADA,CWC,24,Gujarat,461,Vadodara,VADODARA,-,-,Dhadhar,Narmada,-,-,-,Dhadhar,22.11083333,73.07861111,26-08-2011 08:30,37.6
66575,66575,PINGALWADA,CWC,24,Gujarat,461,Vadodara,VADODARA,-,-,Dhadhar,Narmada,-,-,-,Dhadhar,22.11083333,73.07861111,27-08-2011 08:30,16.4
66576,66576,PINGALWADA,CWC,24,Gujarat,461,Vadodara,VADODARA,-,-,Dhadhar,Narmada,-,-,-,Dhadhar,22.11083333,73.07861111,29-08-2011 08:30,85.6
66577,66577,PINGALWADA,CWC,24,Gujarat,461,Vadodara,VADODARA,-,-,Dhadhar,Narmada,-,-,-,Dhadhar,22.11083333,73.07861111,30-08-2011 08:30,11.6
66578,66578,PINGALWADA,CWC,24,Gujarat,461,Vadodara,VADODARA,-,-,Dhadhar,Narmada,-,-,-,Dhadhar,22.11083333,73.07861111,31-08-2011 08:30,1.2
66579,66579,PINGALWADA,CWC,24,Gujarat,461,Vadodara,VADODARA,-,-,Dhadhar,Narmada,-,-,-,Dhadhar,22.11083333,73.07861111,02-09-2011 08:30,8.4
66580,66580,PINGALWADA,CWC,24,Gujarat,461,Vadodara,VADODARA,-,-,Dhadhar,Narmada,-,-,-,Dhadhar,22.11083333,73.07861111,03-09-2011 08:30,2.6
66581,66581,PINGALWADA,CWC,24,Gujarat,461,Vadodara,VADODARA,-,-,Dhadhar,Narmada,-,-,-,Dhadhar,22.11083333,73.07861111,05-09-2011 08:30,3.2
66582,66582,PINGALWADA,CWC,24,Gujarat,461,Vadodara,VADODARA,-,-,Dhadhar,Narmada,-,-,-,Dhadhar,22.11083333,73.07861111,06-09-2011 08:30,6
66583,66583,PINGALWADA,CWC,24,Gujarat,461,Vadodara,VADODARA,-,-,Dhadhar,Narmada,-,-,-,Dhadhar,22.11083333,73.07861111,07-09-2011 08:30,2.2
66584,66584,PINGALWADA,CWC,24,Gujarat,461,Vadodara,VADODARA,-,-,Dhadhar,Narmada,-,-,-,Dhadhar,22.11083333,73.07861111,08-09-2011 08:30,10.2
66585,66585,PINGALWADA,CWC,24,Gujarat,461,Vadodara,VADODARA,-,-,Dhadhar,Narmada,-,-,-,Dhadhar,22.11083333,73.07861111,09-09-2011 08:30,1.6
66586,66586,PINGALWADA,CWC,24,Gujarat,461,Vadodara,VADODARA,-,-,Dhadhar,Narmada,-,-,-,Dhadhar,22.11083333,73.07861111,11-09-2011 08:30,11.8
66587,66587,PINGALWADA,CWC,24,Gujarat,461,Vadodara,VADODARA,-,-,Dhadhar,Narmada,-,-,-,Dhadhar,22.11083333,73.07861111,13-09-2011 08:30,23
66588,66588,PINGALWADA,CWC,24,Gujarat,461,Vadodara,VADODARA,-,-,Dhadhar,Narmada,-,-,-,Dhadhar,22.11083333,73.07861111,14-09-2011 08:30,1
66589,66589,PINGALWADA,CWC,24,Gujarat,461,Vadodara,VADODARA,-,-,Dhadhar,Narmada,-,-,-,Dhadhar,22.11083333,73.07861111,15-09-2011 08:30,2
66590,66590,PINGALWADA,CWC,24,Gujarat,461,Vadodara,VADODARA,-,-,Dhadhar,Narmada,-,-,-,Dhadhar,22.11083333,73.07861111,16-09-2011 08:30,2.2
66591,66591,PINGALWADA,CWC,24,Gujarat,461,Vadodara,VADODARA,-,-,Dhadhar,Narmada,-,-,-,Dhadhar,22.11083333,73.07861111,18-09-2011 08:30,3
66592,66592,PINGALWADA,CWC,24,Gujarat,461,Vadodara,VADODARA,-,-,Dhadhar,Narmada,-,-,-,Dhadhar,22.11083333,73.07861111,19-09-2011 08:30,1.6
66593,66593,PINGALWADA,CWC,24,Gujarat,461,Vadodara,VADODARA,-,-,Dhadhar,Narmada,-,-,-,Dhadhar,22.11083333,73.07861111,21-09-2011 08:30,2
66594,66594,PINGALWADA,CWC,24,Gujarat,461,Vadodara,VADODARA,-,-,Dhadhar,Narmada,-,-,-,Dhadhar,22.11083333,73.07861111,16-06-2012 08:30,3.2
66595,66595,PINGALWADA,CWC,24,Gujarat,461,Vadodara,VADODARA,-,-,Dhadhar,Narmada,-,-,-,Dhadhar,22.11083333,73.07861111,04-07-2012 08:30,70
66596,66596,PINGALWADA,CWC,24,Gujarat,461,Vadodara,VADODARA,-,-,Dhadhar,Narmada,-,-,-,Dhadhar,22.11083333,73.07861111,05-07-2012 08:30,12.4
66597,66597,PINGALWADA,CWC,24,Gujarat,461,Vadodara,VADODARA,-,-,Dhadhar,Narmada,-,-,-,Dhadhar,22.11083333,73.07861111,07-07-2012 08:30,2.6
66598,66598,PINGALWADA,CWC,24,Gujarat,461,Vadodara,VADODARA,-,-,Dhadhar,Narmada,-,-,-,Dhadhar,22.11083333,73.07861111,09-07-2012 08:30,1.4
66599,66599,PINGALWADA,CWC,24,Gujarat,461,Vadodara,VADODARA,-,-,Dhadhar,Narmada,-,-,-,Dhadhar,22.11083333,73.07861111,10-07-2012 08:30,15.4
66600,66600,PINGALWADA,CWC,24,Gujarat,461,Vadodara,VADODARA,-,-,Dhadhar,Narmada,-,-,-,Dhadhar,22.11083333,73.07861111,11-07-2012 08:30,11.8
66601,66601,PINGALWADA,CWC,24,Gujarat,461,Vadodara,VADODARA,-,-,Dhadhar,Narmada,-,-,-,Dhadhar,22.11083333,73.07861111,12-07-2012 08:30,11
66602,66602,PINGALWADA,CWC,24,Gujarat,461,Vadodara,VADODARA,-,-,Dhadhar,Narmada,-,-,-,Dhadhar,22.11083333,73.07861111,18-07-2012 08:30,22.6
66603,66603,PINGALWADA,CWC,24,Gujarat,461,Vadodara,VADODARA,-,-,Dhadhar,Narmada,-,-,-,Dhadhar,22.11083333,73.07861111,19-07-2012 08:30,2.4
66604,66604,PINGALWADA,CWC,24,Gujarat,461,Vadodara,VADODARA,-,-,Dhadhar,Narmada,-,-,-,Dhadhar,22.11083333,73.07861111,20-07-2012 08:30,2.4
66605,66605,PINGALWADA,CWC,24,Gujarat,461,Vadodara,VADODARA,-,-,Dhadhar,Narmada,-,-,-,Dhadhar,22.11083333,73.07861111,24-07-2012 08:30,5.6
66606,66606,PINGALWADA,CWC,24,Gujarat,461,Vadodara,VADODARA,-,-,Dhadhar,Narmada,-,-,-,Dhadhar,22.11083333,73.07861111,31-07-2012 08:30,2.4
66607,66607,PINGALWADA,CWC,24,Gujarat,461,Vadodara,VADODARA,-,-,Dhadhar,Narmada,-,-,-,Dhadhar,22.11083333,73.07861111,01-08-2012 08:30,2
66608,66608,PINGALWADA,CWC,24,Gujarat,461,Vadodara,VADODARA,-,-,Dhadhar,Narmada,-,-,-,Dhadhar,22.11083333,73.07861111,02-08-2012 08:30,6.6
66609,66609,PINGALWADA,CWC,24,Gujarat,461,Vadodara,VADODARA,-,-,Dhadhar,Narmada,-,-,-,Dhadhar,22.11083333,73.07861111,09-08-2012 08:30,2
66610,66610,PINGALWADA,CWC,24,Gujarat,461,Vadodara,VADODARA,-,-,Dhadhar,Narmada,-,-,-,Dhadhar,22.11083333,73.07861111,10-08-2012 08:30,6.4
66611,66611,PINGALWADA,CWC,24,Gujarat,461,Vadodara,VADODARA,-,-,Dhadhar,Narmada,-,-,-,Dhadhar,22.11083333,73.07861111,11-08-2012 08:30,2
66612,66612,PINGALWADA,CWC,24,Gujarat,461,Vadodara,VADODARA,-,-,Dhadhar,Narmada,-,-,-,Dhadhar,22.11083333,73.07861111,12-08-2012 08:30,94.8
66613,66613,PINGALWADA,CWC,24,Gujarat,461,Vadodara,VADODARA,-,-,Dhadhar,Narmada,-,-,-,Dhadhar,22.11083333,73.07861111,13-08-2012 08:30,63
66614,66614,PINGALWADA,CWC,24,Gujarat,461,Vadodara,VADODARA,-,-,Dhadhar,Narmada,-,-,-,Dhadhar,22.11083333,73.07861111,14-08-2012 08:30,22
66615,66615,PINGALWADA,CWC,24,Gujarat,461,Vadodara,VADODARA,-,-,Dhadhar,Narmada,-,-,-,Dhadhar,22.11083333,73.07861111,15-08-2012 08:30,9
66616,66616,PINGALWADA,CWC,24,Gujarat,461,Vadodara,VADODARA,-,-,Dhadhar,Narmada,-,-,-,Dhadhar,22.11083333,73.07861111,16-08-2012 08:30,1
66617,66617,PINGALWADA,CWC,24,Gujarat,461,Vadodara,VADODARA,-,-,Dhadhar,Narmada,-,-,-,Dhadhar,22.11083333,73.07861111,19-08-2012 08:30,6
66618,66618,PINGALWADA,CWC,24,Gujarat,461,Vadodara,VADODARA,-,-,Dhadhar,Narmada,-,-,-,Dhadhar,22.11083333,73.07861111,23-08-2012 08:30,0.4
66619,66619,PINGALWADA,CWC,24,Gujarat,461,Vadodara,VADODARA,-,-,Dhadhar,Narmada,-,-,-,Dhadhar,22.11083333,73.07861111,24-08-2012 08:30,3.04
66620,66620,PINGALWADA,CWC,24,Gujarat,461,Vadodara,VADODARA,-,-,Dhadhar,Narmada,-,-,-,Dhadhar,22.11083333,73.07861111,25-08-2012 08:30,0.6
66621,66621,PINGALWADA,CWC,24,Gujarat,461,Vadodara,VADODARA,-,-,Dhadhar,Narmada,-,-,-,Dhadhar,22.11083333,73.07861111,27-08-2012 08:30,12.9
66622,66622,PINGALWADA,CWC,24,Gujarat,461,Vadodara,VADODARA,-,-,Dhadhar,Narmada,-,-,-,Dhadhar,22.11083333,73.07861111,28-08-2012 08:30,5
66623,66623,PINGALWADA,CWC,24,Gujarat,461,Vadodara,VADODARA,-,-,Dhadhar,Narmada,-,-,-,Dhadhar,22.11083333,73.07861111,29-08-2012 08:30,6.2
66624,66624,PINGALWADA,CWC,24,Gujarat,461,Vadodara,VADODARA,-,-,Dhadhar,Narmada,-,-,-,Dhadhar,22.11083333,73.07861111,31-08-2012 08:30,3.2
66625,66625,PINGALWADA,CWC,24,Gujarat,461,Vadodara,VADODARA,-,-,Dhadhar,Narmada,-,-,-,Dhadhar,22.11083333,73.07861111,01-09-2012 08:30,9.2
66626,66626,PINGALWADA,CWC,24,Gujarat,461,Vadodara,VADODARA,-,-,Dhadhar,Narmada,-,-,-,Dhadhar,22.11083333,73.07861111,03-09-2012 08:30,11.4
66627,66627,PINGALWADA,CWC,24,Gujarat,461,Vadodara,VADODARA,-,-,Dhadhar,Narmada,-,-,-,Dhadhar,22.11083333,73.07861111,04-09-2012 08:30,11
66628,66628,PINGALWADA,CWC,24,Gujarat,461,Vadodara,VADODARA,-,-,Dhadhar,Narmada,-,-,-,Dhadhar,22.11083333,73.07861111,05-09-2012 08:30,69.6
66629,66629,PINGALWADA,CWC,24,Gujarat,461,Vadodara,VADODARA,-,-,Dhadhar,Narmada,-,-,-,Dhadhar,22.11083333,73.07861111,06-09-2012 08:30,2.4
66630,66630,PINGALWADA,CWC,24,Gujarat,461,Vadodara,VADODARA,-,-,Dhadhar,Narmada,-,-,-,Dhadhar,22.11083333,73.07861111,07-09-2012 08:30,24.4
66631,66631,PINGALWADA,CWC,24,Gujarat,461,Vadodara,VADODARA,-,-,Dhadhar,Narmada,-,-,-,Dhadhar,22.11083333,73.07861111,08-09-2012 08:30,10.6
66632,66632,PINGALWADA,CWC,24,Gujarat,461,Vadodara,VADODARA,-,-,Dhadhar,Narmada,-,-,-,Dhadhar,22.11083333,73.07861111,09-09-2012 08:30,14.6
66633,66633,PINGALWADA,CWC,24,Gujarat,461,Vadodara,VADODARA,-,-,Dhadhar,Narmada,-,-,-,Dhadhar,22.11083333,73.07861111,10-09-2012 08:30,5.4
66634,66634,PINGALWADA,CWC,24,Gujarat,461,Vadodara,VADODARA,-,-,Dhadhar,Narmada,-,-,-,Dhadhar,22.11083333,73.07861111,11-09-2012 08:30,86
66635,66635,PINGALWADA,CWC,24,Gujarat,461,Vadodara,VADODARA,-,-,Dhadhar,Narmada,-,-,-,Dhadhar,22.11083333,73.07861111,13-09-2012 08:30,3.4
66636,66636,PINGALWADA,CWC,24,Gujarat,461,Vadodara,VADODARA,-,-,Dhadhar,Narmada,-,-,-,Dhadhar,22.11083333,73.07861111,15-09-2012 08:30,1.8
66637,66637,PINGALWADA,CWC,24,Gujarat,461,Vadodara,VADODARA,-,-,Dhadhar,Narmada,-,-,-,Dhadhar,22.11083333,73.07861111,19-09-2012 08:30,10.4
66638,66638,PINGALWADA,CWC,24,Gujarat,461,Vadodara,VADODARA,-,-,Dhadhar,Narmada,-,-,-,Dhadhar,22.11083333,73.07861111,23-09-2012 08:30,0.2
66639,66639,PINGALWADA,CWC,24,Gujarat,461,Vadodara,VADODARA,-,-,Dhadhar,Narmada,-,-,-,Dhadhar,22.11083333,73.07861111,24-09-2012 08:30,1.2
66640,66640,PINGALWADA,CWC,24,Gujarat,461,Vadodara,VADODARA,-,-,Dhadhar,Narmada,-,-,-,Dhadhar,22.11083333,73.07861111,16-06-2014 07:00,-3
66641,66641,PINGALWADA,CWC,24,Gujarat,461,Vadodara,VADODARA,-,-,Dhadhar,Narmada,-,-,-,Dhadhar,22.11083333,73.07861111,16-07-2014 04:00,-2
66642,66642,PINGALWADA,CWC,24,Gujarat,461,Vadodara,VADODARA,-,-,Dhadhar,Narmada,-,-,-,Dhadhar,22.11083333,73.07861111,09-06-2015 08:30,0.8
66643,66643,PINGALWADA,CWC,24,Gujarat,461,Vadodara,VADODARA,-,-,Dhadhar,Narmada,-,-,-,Dhadhar,22.11083333,73.07861111,12-06-2015 08:30,1.6
66644,66644,PINGALWADA,CWC,24,Gujarat,461,Vadodara,VADODARA,-,-,Dhadhar,Narmada,-,-,-,Dhadhar,22.11083333,73.07861111,15-06-2015 08:30,9.4
66645,66645,PINGALWADA,CWC,24,Gujarat,461,Vadodara,VADODARA,-,-,Dhadhar,Narmada,-,-,-,Dhadhar,22.11083333,73.07861111,16-06-2015 08:30,43.6
66646,66646,PINGALWADA,CWC,24,Gujarat,461,Vadodara,VADODARA,-,-,Dhadhar,Narmada,-,-,-,Dhadhar,22.11083333,73.07861111,19-06-2015 08:30,0.8
66647,66647,PINGALWADA,CWC,24,Gujarat,461,Vadodara,VADODARA,-,-,Dhadhar,Narmada,-,-,-,Dhadhar,22.11083333,73.07861111,23-06-2015 08:30,3.8
66648,66648,PINGALWADA,CWC,24,Gujarat,461,Vadodara,VADODARA,-,-,Dhadhar,Narmada,-,-,-,Dhadhar,22.11083333,73.07861111,24-06-2015 08:30,19
66649,66649,PINGALWADA,CWC,24,Gujarat,461,Vadodara,VADODARA,-,-,Dhadhar,Narmada,-,-,-,Dhadhar,22.11083333,73.07861111,25-06-2015 08:30,42.2
66650,66650,PINGALWADA,CWC,24,Gujarat,461,Vadodara,VADODARA,-,-,Dhadhar,Narmada,-,-,-,Dhadhar,22.11083333,73.07861111,26-06-2015 08:30,4.8
66651,66651,PINGALWADA,CWC,24,Gujarat,461,Vadodara,VADODARA,-,-,Dhadhar,Narmada,-,-,-,Dhadhar,22.11083333,73.07861111,21-07-2015 08:30,3
66652,66652,PINGALWADA,CWC,24,Gujarat,461,Vadodara,VADODARA,-,-,Dhadhar,Narmada,-,-,-,Dhadhar,22.11083333,73.07861111,22-07-2015 08:30,3.8
66653,66653,PINGALWADA,CWC,24,Gujarat,461,Vadodara,VADODARA,-,-,Dhadhar,Narmada,-,-,-,Dhadhar,22.11083333,73.07861111,23-07-2015 08:30,58
66654,66654,PINGALWADA,CWC,24,Gujarat,461,Vadodara,VADODARA,-,-,Dhadhar,Narmada,-,-,-,Dhadhar,22.11083333,73.07861111,24-07-2015 08:30,8.2
66655,66655,PINGALWADA,CWC,24,Gujarat,461,Vadodara,VADODARA,-,-,Dhadhar,Narmada,-,-,-,Dhadhar,22.11083333,73.07861111,25-07-2015 08:30,8.6
66656,66656,PINGALWADA,CWC,24,Gujarat,461,Vadodara,VADODARA,-,-,Dhadhar,Narmada,-,-,-,Dhadhar,22.11083333,73.07861111,26-07-2015 08:30,10.4
66657,66657,PINGALWADA,CWC,24,Gujarat,461,Vadodara,VADODARA,-,-,Dhadhar,Narmada,-,-,-,Dhadhar,22.11083333,73.07861111,27-07-2015 08:30,66.4
66658,66658,PINGALWADA,CWC,24,Gujarat,461,Vadodara,VADODARA,-,-,Dhadhar,Narmada,-,-,-,Dhadhar,22.11083333,73.07861111,28-07-2015 08:30,20.4
66659,66659,PINGALWADA,CWC,24,Gujarat,461,Vadodara,VADODARA,-,-,Dhadhar,Narmada,-,-,-,Dhadhar,22.11083333,73.07861111,29-07-2015 08:30,12
66660,66660,PINGALWADA,CWC,24,Gujarat,461,Vadodara,VADODARA,-,-,Dhadhar,Narmada,-,-,-,Dhadhar,22.11083333,73.07861111,30-07-2015 08:30,1
66661,66661,PINGALWADA,CWC,24,Gujarat,461,Vadodara,VADODARA,-,-,Dhadhar,Narmada,-,-,-,Dhadhar,22.11083333,73.07861111,31-07-2015 08:30,1.2
66662,66662,PINGALWADA,CWC,24,Gujarat,461,Vadodara,VADODARA,-,-,Dhadhar,Narmada,-,-,-,Dhadhar,22.11083333,73.07861111,01-08-2015 08:30,40
66663,66663,PINGALWADA,CWC,24,Gujarat,461,Vadodara,VADODARA,-,-,Dhadhar,Narmada,-,-,-,Dhadhar,22.11083333,73.07861111,13-08-2015 08:30,5.8
66664,66664,PINGALWADA,CWC,24,Gujarat,461,Vadodara,VADODARA,-,-,Dhadhar,Narmada,-,-,-,Dhadhar,22.11083333,73.07861111,14-08-2015 08:30,3.2
66665,66665,PINGALWADA,CWC,24,Gujarat,461,Vadodara,VADODARA,-,-,Dhadhar,Narmada,-,-,-,Dhadhar,22.11083333,73.07861111,15-08-2015 08:30,13.6
66666,66666,PINGALWADA,CWC,24,Gujarat,461,Vadodara,VADODARA,-,-,Dhadhar,Narmada,-,-,-,Dhadhar,22.11083333,73.07861111,17-08-2015 08:30,15.4
66667,66667,PINGALWADA,CWC,24,Gujarat,461,Vadodara,VADODARA,-,-,Dhadhar,Narmada,-,-,-,Dhadhar,22.11083333,73.07861111,18-08-2015 08:30,0.4
66668,66668,PINGALWADA,CWC,24,Gujarat,461,Vadodara,VADODARA,-,-,Dhadhar,Narmada,-,-,-,Dhadhar,22.11083333,73.07861111,01-09-2015 08:30,4.8
66669,66669,PINGALWADA,CWC,24,Gujarat,461,Vadodara,VADODARA,-,-,Dhadhar,Narmada,-,-,-,Dhadhar,22.11083333,73.07861111,19-09-2015 08:30,35
66670,66670,PINGALWADA,CWC,24,Gujarat,461,Vadodara,VADODARA,-,-,Dhadhar,Narmada,-,-,-,Dhadhar,22.11083333,73.07861111,20-09-2015 08:30,15.2
66671,66671,PINGALWADA,CWC,24,Gujarat,461,Vadodara,VADODARA,-,-,Dhadhar,Narmada,-,-,-,Dhadhar,22.11083333,73.07861111,21-09-2015 08:30,14.6
66672,66672,PINGALWADA,CWC,24,Gujarat,461,Vadodara,VADODARA,-,-,Dhadhar,Narmada,-,-,-,Dhadhar,22.11083333,73.07861111,22-09-2015 08:30,3
66673,66673,PINGALWADA,CWC,24,Gujarat,461,Vadodara,VADODARA,-,-,Dhadhar,Narmada,-,-,-,Dhadhar,22.11083333,73.07861111,20-06-2016 08:30,1.8
66674,66674,PINGALWADA,CWC,24,Gujarat,461,Vadodara,VADODARA,-,-,Dhadhar,Narmada,-,-,-,Dhadhar,22.11083333,73.07861111,29-06-2016 08:30,3
66675,66675,PINGALWADA,CWC,24,Gujarat,461,Vadodara,VADODARA,-,-,Dhadhar,Narmada,-,-,-,Dhadhar,22.11083333,73.07861111,03-07-2016 08:30,1.8
66676,66676,PINGALWADA,CWC,24,Gujarat,461,Vadodara,VADODARA,-,-,Dhadhar,Narmada,-,-,-,Dhadhar,22.11083333,73.07861111,05-07-2016 08:30,10.4
66677,66677,PINGALWADA,CWC,24,Gujarat,461,Vadodara,VADODARA,-,-,Dhadhar,Narmada,-,-,-,Dhadhar,22.11083333,73.07861111,09-07-2016 08:30,3.6
66678,66678,PINGALWADA,CWC,24,Gujarat,461,Vadodara,VADODARA,-,-,Dhadhar,Narmada,-,-,-,Dhadhar,22.11083333,73.07861111,11-07-2016 08:30,1.2
66679,66679,PINGALWADA,CWC,24,Gujarat,461,Vadodara,VADODARA,-,-,Dhadhar,Narmada,-,-,-,Dhadhar,22.11083333,73.07861111,12-07-2016 08:30,5.2
66680,66680,PINGALWADA,CWC,24,Gujarat,461,Vadodara,VADODARA,-,-,Dhadhar,Narmada,-,-,-,Dhadhar,22.11083333,73.07861111,13-07-2016 08:30,20.2
66681,66681,PINGALWADA,CWC,24,Gujarat,461,Vadodara,VADODARA,-,-,Dhadhar,Narmada,-,-,-,Dhadhar,22.11083333,73.07861111,14-07-2016 08:30,2.2
66682,66682,PINGALWADA,CWC,24,Gujarat,461,Vadodara,VADODARA,-,-,Dhadhar,Narmada,-,-,-,Dhadhar,22.11083333,73.07861111,20-07-2016 08:30,4.2
66683,66683,PINGALWADA,CWC,24,Gujarat,461,Vadodara,VADODARA,-,-,Dhadhar,Narmada,-,-,-,Dhadhar,22.11083333,73.07861111,21-07-2016 08:30,4
66684,66684,PINGALWADA,CWC,24,Gujarat,461,Vadodara,VADODARA,-,-,Dhadhar,Narmada,-,-,-,Dhadhar,22.11083333,73.07861111,25-07-2016 08:30,18.2
66685,66685,PINGALWADA,CWC,24,Gujarat,461,Vadodara,VADODARA,-,-,Dhadhar,Narmada,-,-,-,Dhadhar,22.11083333,73.07861111,27-07-2016 08:30,1.2
66686,66686,PINGALWADA,CWC,24,Gujarat,461,Vadodara,VADODARA,-,-,Dhadhar,Narmada,-,-,-,Dhadhar,22.11083333,73.07861111,28-07-2016 08:30,1
66687,66687,PINGALWADA,CWC,24,Gujarat,461,Vadodara,VADODARA,-,-,Dhadhar,Narmada,-,-,-,Dhadhar,22.11083333,73.07861111,29-07-2016 08:30,20.6
66688,66688,PINGALWADA,CWC,24,Gujarat,461,Vadodara,VADODARA,-,-,Dhadhar,Narmada,-,-,-,Dhadhar,22.11083333,73.07861111,31-07-2016 08:30,1.2
66689,66689,PINGALWADA,CWC,24,Gujarat,461,Vadodara,VADODARA,-,-,Dhadhar,Narmada,-,-,-,Dhadhar,22.11083333,73.07861111,01-08-2016 08:30,26.8
66690,66690,PINGALWADA,CWC,24,Gujarat,461,Vadodara,VADODARA,-,-,Dhadhar,Narmada,-,-,-,Dhadhar,22.11083333,73.07861111,02-08-2016 08:30,6
66691,66691,PINGALWADA,CWC,24,Gujarat,461,Vadodara,VADODARA,-,-,Dhadhar,Narmada,-,-,-,Dhadhar,22.11083333,73.07861111,05-08-2016 08:30,1.2
66692,66692,PINGALWADA,CWC,24,Gujarat,461,Vadodara,VADODARA,-,-,Dhadhar,Narmada,-,-,-,Dhadhar,22.11083333,73.07861111,06-08-2016 08:30,2.6
66693,66693,PINGALWADA,CWC,24,Gujarat,461,Vadodara,VADODARA,-,-,Dhadhar,Narmada,-,-,-,Dhadhar,22.11083333,73.07861111,07-08-2016 08:30,11.4
66694,66694,PINGALWADA,CWC,24,Gujarat,461,Vadodara,VADODARA,-,-,Dhadhar,Narmada,-,-,-,Dhadhar,22.11083333,73.07861111,08-08-2016 08:00,0.01
66695,66695,PINGALWADA,CWC,24,Gujarat,461,Vadodara,VADODARA,-,-,Dhadhar,Narmada,-,-,-,Dhadhar,22.11083333,73.07861111,08-08-2016 08:30,25.2
66696,66696,PINGALWADA,CWC,24,Gujarat,461,Vadodara,VADODARA,-,-,Dhadhar,Narmada,-,-,-,Dhadhar,22.11083333,73.07861111,09-08-2016 08:30,15.4
66697,66697,PINGALWADA,CWC,24,Gujarat,461,Vadodara,VADODARA,-,-,Dhadhar,Narmada,-,-,-,Dhadhar,22.11083333,73.07861111,10-08-2016 08:30,29.4
66698,66698,PINGALWADA,CWC,24,Gujarat,461,Vadodara,VADODARA,-,-,Dhadhar,Narmada,-,-,-,Dhadhar,22.11083333,73.07861111,11-08-2016 08:30,6.4
66699,66699,PINGALWADA,CWC,24,Gujarat,461,Vadodara,VADODARA,-,-,Dhadhar,Narmada,-,-,-,Dhadhar,22.11083333,73.07861111,20-08-2016 08:30,6
66700,66700,PINGALWADA,CWC,24,Gujarat,461,Vadodara,VADODARA,-,-,Dhadhar,Narmada,-,-,-,Dhadhar,22.11083333,73.07861111,21-08-2016 08:30,2
66701,66701,PINGALWADA,CWC,24,Gujarat,461,Vadodara,VADODARA,-,-,Dhadhar,Narmada,-,-,-,Dhadhar,22.11083333,73.07861111,26-08-2016 08:30,12.4
66702,66702,PINGALWADA,CWC,24,Gujarat,461,Vadodara,VADODARA,-,-,Dhadhar,Narmada,-,-,-,Dhadhar,22.11083333,73.07861111,27-08-2016 08:30,8.2
66703,66703,PINGALWADA,CWC,24,Gujarat,461,Vadodara,VADODARA,-,-,Dhadhar,Narmada,-,-,-,Dhadhar,22.11083333,73.07861111,29-08-2016 08:30,3
66704,66704,PINGALWADA,CWC,24,Gujarat,461,Vadodara,VADODARA,-,-,Dhadhar,Narmada,-,-,-,Dhadhar,22.11083333,73.07861111,01-09-2016 08:30,15
66705,66705,PINGALWADA,CWC,24,Gujarat,461,Vadodara,VADODARA,-,-,Dhadhar,Narmada,-,-,-,Dhadhar,22.11083333,73.07861111,03-09-2016 08:30,1
66706,66706,PINGALWADA,CWC,24,Gujarat,461,Vadodara,VADODARA,-,-,Dhadhar,Narmada,-,-,-,Dhadhar,22.11083333,73.07861111,07-09-2016 08:30,2
66707,66707,PINGALWADA,CWC,24,Gujarat,461,Vadodara,VADODARA,-,-,Dhadhar,Narmada,-,-,-,Dhadhar,22.11083333,73.07861111,16-09-2016 08:30,3.4
66708,66708,PINGALWADA,CWC,24,Gujarat,461,Vadodara,VADODARA,-,-,Dhadhar,Narmada,-,-,-,Dhadhar,22.11083333,73.07861111,17-09-2016 08:30,26
66709,66709,PINGALWADA,CWC,24,Gujarat,461,Vadodara,VADODARA,-,-,Dhadhar,Narmada,-,-,-,Dhadhar,22.11083333,73.07861111,18-09-2016 08:30,11
66710,66710,PINGALWADA,CWC,24,Gujarat,461,Vadodara,VADODARA,-,-,Dhadhar,Narmada,-,-,-,Dhadhar,22.11083333,73.07861111,19-09-2016 08:30,25
66711,66711,PINGALWADA,CWC,24,Gujarat,461,Vadodara,VADODARA,-,-,Dhadhar,Narmada,-,-,-,Dhadhar,22.11083333,73.07861111,20-09-2016 08:30,2
66712,66712,PINGALWADA,CWC,24,Gujarat,461,Vadodara,VADODARA,-,-,Dhadhar,Narmada,-,-,-,Dhadhar,22.11083333,73.07861111,22-09-2016 08:30,30.6
66713,66713,PINGALWADA,CWC,24,Gujarat,461,Vadodara,VADODARA,-,-,Dhadhar,Narmada,-,-,-,Dhadhar,22.11083333,73.07861111,04-10-2016 08:30,27
66714,66714,PINGALWADA,CWC,24,Gujarat,461,Vadodara,VADODARA,-,-,Dhadhar,Narmada,-,-,-,Dhadhar,22.11083333,73.07861111,05-10-2016 08:30,2.4
66715,66715,PINGALWADA,CWC,24,Gujarat,461,Vadodara,VADODARA,-,-,Dhadhar,Narmada,-,-,-,Dhadhar,22.11083333,73.07861111,06-10-2016 08:30,50.4
66716,66716,PINGALWADA,CWC,24,Gujarat,461,Vadodara,VADODARA,-,-,Dhadhar,Narmada,-,-,-,Dhadhar,22.11083333,73.07861111,07-10-2016 08:30,14.8
66717,66717,PINGALWADA,CWC,24,Gujarat,461,Vadodara,VADODARA,-,-,Dhadhar,Narmada,-,-,-,Dhadhar,22.11083333,73.07861111,08-10-2016 08:30,4
66718,66718,PINGALWADA,CWC,24,Gujarat,461,Vadodara,VADODARA,-,-,Dhadhar,Narmada,-,-,-,Dhadhar,22.11083333,73.07861111,09-10-2016 08:30,2
66719,66719,PINGALWADA,CWC,24,Gujarat,461,Vadodara,VADODARA,-,-,Dhadhar,Narmada,-,-,-,Dhadhar,22.11083333,73.07861111,22-05-2017 08:30,7.6
66720,66720,PINGALWADA,CWC,24,Gujarat,461,Vadodara,VADODARA,-,-,Dhadhar,Narmada,-,-,-,Dhadhar,22.11083333,73.07861111,02-06-2017 08:30,6.8
66721,66721,PINGALWADA,CWC,24,Gujarat,461,Vadodara,VADODARA,-,-,Dhadhar,Narmada,-,-,-,Dhadhar,22.11083333,73.07861111,10-06-2017 08:30,19.4
66722,66722,PINGALWADA,CWC,24,Gujarat,461,Vadodara,VADODARA,-,-,Dhadhar,Narmada,-,-,-,Dhadhar,22.11083333,73.07861111,12-06-2017 08:30,28
66723,66723,PINGALWADA,CWC,24,Gujarat,461,Vadodara,VADODARA,-,-,Dhadhar,Narmada,-,-,-,Dhadhar,22.11083333,73.07861111,13-06-2017 08:30,6.2
66724,66724,PINGALWADA,CWC,24,Gujarat,461,Vadodara,VADODARA,-,-,Dhadhar,Narmada,-,-,-,Dhadhar,22.11083333,73.07861111,21-06-2017 08:30,7.6
66725,66725,PINGALWADA,CWC,24,Gujarat,461,Vadodara,VADODARA,-,-,Dhadhar,Narmada,-,-,-,Dhadhar,22.11083333,73.07861111,24-06-2017 08:30,98.8
66726,66726,PINGALWADA,CWC,24,Gujarat,461,Vadodara,VADODARA,-,-,Dhadhar,Narmada,-,-,-,Dhadhar,22.11083333,73.07861111,25-06-2017 08:30,26
66727,66727,PINGALWADA,CWC,24,Gujarat,461,Vadodara,VADODARA,-,-,Dhadhar,Narmada,-,-,-,Dhadhar,22.11083333,73.07861111,29-06-2017 08:30,3.6
66728,66728,PINGALWADA,CWC,24,Gujarat,461,Vadodara,VADODARA,-,-,Dhadhar,Narmada,-,-,-,Dhadhar,22.11083333,73.07861111,30-06-2017 08:30,7.8
66729,66729,PINGALWADA,CWC,24,Gujarat,461,Vadodara,VADODARA,-,-,Dhadhar,Narmada,-,-,-,Dhadhar,22.11083333,73.07861111,01-07-2017 08:30,10.2
66730,66730,PINGALWADA,CWC,24,Gujarat,461,Vadodara,VADODARA,-,-,Dhadhar,Narmada,-,-,-,Dhadhar,22.11083333,73.07861111,02-07-2017 08:30,12.4
66731,66731,PINGALWADA,CWC,24,Gujarat,461,Vadodara,VADODARA,-,-,Dhadhar,Narmada,-,-,-,Dhadhar,22.11083333,73.07861111,04-07-2017 08:30,33.2
66732,66732,PINGALWADA,CWC,24,Gujarat,461,Vadodara,VADODARA,-,-,Dhadhar,Narmada,-,-,-,Dhadhar,22.11083333,73.07861111,09-07-2017 08:30,4.6
66733,66733,PINGALWADA,CWC,24,Gujarat,461,Vadodara,VADODARA,-,-,Dhadhar,Narmada,-,-,-,Dhadhar,22.11083333,73.07861111,12-07-2017 08:30,7.4
66734,66734,PINGALWADA,CWC,24,Gujarat,461,Vadodara,VADODARA,-,-,Dhadhar,Narmada,-,-,-,Dhadhar,22.11083333,73.07861111,13-07-2017 08:30,17.6
66735,66735,PINGALWADA,CWC,24,Gujarat,461,Vadodara,VADODARA,-,-,Dhadhar,Narmada,-,-,-,Dhadhar,22.11083333,73.07861111,14-07-2017 08:30,12.4
66736,66736,PINGALWADA,CWC,24,Gujarat,461,Vadodara,VADODARA,-,-,Dhadhar,Narmada,-,-,-,Dhadhar,22.11083333,73.07861111,15-07-2017 08:30,67.2
66737,66737,PINGALWADA,CWC,24,Gujarat,461,Vadodara,VADODARA,-,-,Dhadhar,Narmada,-,-,-,Dhadhar,22.11083333,73.07861111,16-07-2017 08:30,7.6
66738,66738,PINGALWADA,CWC,24,Gujarat,461,Vadodara,VADODARA,-,-,Dhadhar,Narmada,-,-,-,Dhadhar,22.11083333,73.07861111,18-07-2017 08:30,9.6
66739,66739,PINGALWADA,CWC,24,Gujarat,461,Vadodara,VADODARA,-,-,Dhadhar,Narmada,-,-,-,Dhadhar,22.11083333,73.07861111,19-07-2017 08:30,13.6
66740,66740,PINGALWADA,CWC,24,Gujarat,461,Vadodara,VADODARA,-,-,Dhadhar,Narmada,-,-,-,Dhadhar,22.11083333,73.07861111,20-07-2017 08:30,4.4
66741,66741,PINGALWADA,CWC,24,Gujarat,461,Vadodara,VADODARA,-,-,Dhadhar,Narmada,-,-,-,Dhadhar,22.11083333,73.07861111,21-07-2017 08:30,1.8
66742,66742,PINGALWADA,CWC,24,Gujarat,461,Vadodara,VADODARA,-,-,Dhadhar,Narmada,-,-,-,Dhadhar,22.11083333,73.07861111,22-07-2017 08:30,15.4
66743,66743,PINGALWADA,CWC,24,Gujarat,461,Vadodara,VADODARA,-,-,Dhadhar,Narmada,-,-,-,Dhadhar,22.11083333,73.07861111,23-07-2017 08:30,43.8
66744,66744,PINGALWADA,CWC,24,Gujarat,461,Vadodara,VADODARA,-,-,Dhadhar,Narmada,-,-,-,Dhadhar,22.11083333,73.07861111,24-07-2017 08:30,11.2
66745,66745,PINGALWADA,CWC,24,Gujarat,461,Vadodara,VADODARA,-,-,Dhadhar,Narmada,-,-,-,Dhadhar,22.11083333,73.07861111,25-07-2017 08:30,6.4
66746,66746,PINGALWADA,CWC,24,Gujarat,461,Vadodara,VADODARA,-,-,Dhadhar,Narmada,-,-,-,Dhadhar,22.11083333,73.07861111,26-07-2017 08:30,3.8
66747,66747,PINGALWADA,CWC,24,Gujarat,461,Vadodara,VADODARA,-,-,Dhadhar,Narmada,-,-,-,Dhadhar,22.11083333,73.07861111,27-07-2017 08:30,15.2
66748,66748,PINGALWADA,CWC,24,Gujarat,461,Vadodara,VADODARA,-,-,Dhadhar,Narmada,-,-,-,Dhadhar,22.11083333,73.07861111,28-07-2017 08:30,6
66749,66749,PINGALWADA,CWC,24,Gujarat,461,Vadodara,VADODARA,-,-,Dhadhar,Narmada,-,-,-,Dhadhar,22.11083333,73.07861111,29-07-2017 08:30,31.2
66750,66750,PINGALWADA,CWC,24,Gujarat,461,Vadodara,VADODARA,-,-,Dhadhar,Narmada,-,-,-,Dhadhar,22.11083333,73.07861111,30-07-2017 08:30,3.2
66751,66751,PINGALWADA,CWC,24,Gujarat,461,Vadodara,VADODARA,-,-,Dhadhar,Narmada,-,-,-,Dhadhar,22.11083333,73.07861111,31-07-2017 08:30,3.8
66752,66752,PINGALWADA,CWC,24,Gujarat,461,Vadodara,VADODARA,-,-,Dhadhar,Narmada,-,-,-,Dhadhar,22.11083333,73.07861111,02-08-2017 17:30,5.2
66753,66753,PINGALWADA,CWC,24,Gujarat,461,Vadodara,VADODARA,-,-,Dhadhar,Narmada,-,-,-,Dhadhar,22.11083333,73.07861111,03-08-2017 08:30,5.2
66754,66754,PINGALWADA,CWC,24,Gujarat,461,Vadodara,VADODARA,-,-,Dhadhar,Narmada,-,-,-,Dhadhar,22.11083333,73.07861111,10-08-2017 08:30,2
66755,66755,PINGALWADA,CWC,24,Gujarat,461,Vadodara,VADODARA,-,-,Dhadhar,Narmada,-,-,-,Dhadhar,22.11083333,73.07861111,10-08-2017 08:30,2
66756,66756,PINGALWADA,CWC,24,Gujarat,461,Vadodara,VADODARA,-,-,Dhadhar,Narmada,-,-,-,Dhadhar,22.11083333,73.07861111,12-08-2017 17:30,8.8
66757,66757,PINGALWADA,CWC,24,Gujarat,461,Vadodara,VADODARA,-,-,Dhadhar,Narmada,-,-,-,Dhadhar,22.11083333,73.07861111,13-08-2017 08:30,8.8
66758,66758,PINGALWADA,CWC,24,Gujarat,461,Vadodara,VADODARA,-,-,Dhadhar,Narmada,-,-,-,Dhadhar,22.11083333,73.07861111,13-08-2017 17:30,7.6
66759,66759,PINGALWADA,CWC,24,Gujarat,461,Vadodara,VADODARA,-,-,Dhadhar,Narmada,-,-,-,Dhadhar,22.11083333,73.07861111,14-08-2017 08:30,7.6
66760,66760,PINGALWADA,CWC,24,Gujarat,461,Vadodara,VADODARA,-,-,Dhadhar,Narmada,-,-,-,Dhadhar,22.11083333,73.07861111,15-08-2017 08:30,3
66761,66761,PINGALWADA,CWC,24,Gujarat,461,Vadodara,VADODARA,-,-,Dhadhar,Narmada,-,-,-,Dhadhar,22.11083333,73.07861111,15-08-2017 08:30,3
66762,66762,PINGALWADA,CWC,24,Gujarat,461,Vadodara,VADODARA,-,-,Dhadhar,Narmada,-,-,-,Dhadhar,22.11083333,73.07861111,20-08-2017 08:30,2.2
66763,66763,PINGALWADA,CWC,24,Gujarat,461,Vadodara,VADODARA,-,-,Dhadhar,Narmada,-,-,-,Dhadhar,22.11083333,73.07861111,20-08-2017 08:30,2.2
66764,66764,PINGALWADA,CWC,24,Gujarat,461,Vadodara,VADODARA,-,-,Dhadhar,Narmada,-,-,-,Dhadhar,22.11083333,73.07861111,21-08-2017 08:30,13.4
66765,66765,PINGALWADA,CWC,24,Gujarat,461,Vadodara,VADODARA,-,-,Dhadhar,Narmada,-,-,-,Dhadhar,22.11083333,73.07861111,21-08-2017 08:30,13.4
66766,66766,PINGALWADA,CWC,24,Gujarat,461,Vadodara,VADODARA,-,-,Dhadhar,Narmada,-,-,-,Dhadhar,22.11083333,73.07861111,22-08-2017 08:30,1.6
66767,66767,PINGALWADA,CWC,24,Gujarat,461,Vadodara,VADODARA,-,-,Dhadhar,Narmada,-,-,-,Dhadhar,22.11083333,73.07861111,22-08-2017 08:30,1.6
66768,66768,PINGALWADA,CWC,24,Gujarat,461,Vadodara,VADODARA,-,-,Dhadhar,Narmada,-,-,-,Dhadhar,22.11083333,73.07861111,22-08-2017 17:30,2.6
66769,66769,PINGALWADA,CWC,24,Gujarat,461,Vadodara,VADODARA,-,-,Dhadhar,Narmada,-,-,-,Dhadhar,22.11083333,73.07861111,23-08-2017 08:30,2.6
66770,66770,PINGALWADA,CWC,24,Gujarat,461,Vadodara,VADODARA,-,-,Dhadhar,Narmada,-,-,-,Dhadhar,22.11083333,73.07861111,25-08-2017 08:30,6.2
66771,66771,PINGALWADA,CWC,24,Gujarat,461,Vadodara,VADODARA,-,-,Dhadhar,Narmada,-,-,-,Dhadhar,22.11083333,73.07861111,25-08-2017 08:30,6.2
66772,66772,PINGALWADA,CWC,24,Gujarat,461,Vadodara,VADODARA,-,-,Dhadhar,Narmada,-,-,-,Dhadhar,22.11083333,73.07861111,26-08-2017 08:30,7.1
66773,66773,PINGALWADA,CWC,24,Gujarat,461,Vadodara,VADODARA,-,-,Dhadhar,Narmada,-,-,-,Dhadhar,22.11083333,73.07861111,27-08-2017 08:30,29
66774,66774,PINGALWADA,CWC,24,Gujarat,461,Vadodara,VADODARA,-,-,Dhadhar,Narmada,-,-,-,Dhadhar,22.11083333,73.07861111,27-08-2017 08:30,29
66775,66775,PINGALWADA,CWC,24,Gujarat,461,Vadodara,VADODARA,-,-,Dhadhar,Narmada,-,-,-,Dhadhar,22.11083333,73.07861111,28-08-2017 08:30,37
66776,66776,PINGALWADA,CWC,24,Gujarat,461,Vadodara,VADODARA,-,-,Dhadhar,Narmada,-,-,-,Dhadhar,22.11083333,73.07861111,28-08-2017 08:30,37
66777,66777,PINGALWADA,CWC,24,Gujarat,461,Vadodara,VADODARA,-,-,Dhadhar,Narmada,-,-,-,Dhadhar,22.11083333,73.07861111,28-08-2017 17:30,20
66778,66778,PINGALWADA,CWC,24,Gujarat,461,Vadodara,VADODARA,-,-,Dhadhar,Narmada,-,-,-,Dhadhar,22.11083333,73.07861111,29-08-2017 08:30,20
66779,66779,PINGALWADA,CWC,24,Gujarat,461,Vadodara,VADODARA,-,-,Dhadhar,Narmada,-,-,-,Dhadhar,22.11083333,73.07861111,29-08-2017 17:30,9.6
66780,66780,PINGALWADA,CWC,24,Gujarat,461,Vadodara,VADODARA,-,-,Dhadhar,Narmada,-,-,-,Dhadhar,22.11083333,73.07861111,30-08-2017 08:30,13
66781,66781,PINGALWADA,CWC,24,Gujarat,461,Vadodara,VADODARA,-,-,Dhadhar,Narmada,-,-,-,Dhadhar,22.11083333,73.07861111,30-08-2017 08:30,3.4
66782,66782,PINGALWADA,CWC,24,Gujarat,461,Vadodara,VADODARA,-,-,Dhadhar,Narmada,-,-,-,Dhadhar,22.11083333,73.07861111,30-08-2017 17:30,2.2
66783,66783,PINGALWADA,CWC,24,Gujarat,461,Vadodara,VADODARA,-,-,Dhadhar,Narmada,-,-,-,Dhadhar,22.11083333,73.07861111,31-08-2017 08:30,6.2
66784,66784,PINGALWADA,CWC,24,Gujarat,461,Vadodara,VADODARA,-,-,Dhadhar,Narmada,-,-,-,Dhadhar,22.11083333,73.07861111,31-08-2017 08:30,4
66785,66785,PINGALWADA,CWC,24,Gujarat,461,Vadodara,VADODARA,-,-,Dhadhar,Narmada,-,-,-,Dhadhar,22.11083333,73.07861111,31-08-2017 17:30,2.8
66786,66786,PINGALWADA,CWC,24,Gujarat,461,Vadodara,VADODARA,-,-,Dhadhar,Narmada,-,-,-,Dhadhar,22.11083333,73.07861111,01-09-2017 08:30,21.4
66787,66787,PINGALWADA,CWC,24,Gujarat,461,Vadodara,VADODARA,-,-,Dhadhar,Narmada,-,-,-,Dhadhar,22.11083333,73.07861111,01-09-2017 08:30,18.6
66788,66788,PINGALWADA,CWC,24,Gujarat,461,Vadodara,VADODARA,-,-,Dhadhar,Narmada,-,-,-,Dhadhar,22.11083333,73.07861111,01-09-2017 17:30,2.8
66789,66789,PINGALWADA,CWC,24,Gujarat,461,Vadodara,VADODARA,-,-,Dhadhar,Narmada,-,-,-,Dhadhar,22.11083333,73.07861111,03-09-2017 08:30,6.8
66790,66790,PINGALWADA,CWC,24,Gujarat,461,Vadodara,VADODARA,-,-,Dhadhar,Narmada,-,-,-,Dhadhar,22.11083333,73.07861111,03-09-2017 08:30,6.8
66791,66791,PINGALWADA,CWC,24,Gujarat,461,Vadodara,VADODARA,-,-,Dhadhar,Narmada,-,-,-,Dhadhar,22.11083333,73.07861111,04-09-2017 08:30,1.8
66792,66792,PINGALWADA,CWC,24,Gujarat,461,Vadodara,VADODARA,-,-,Dhadhar,Narmada,-,-,-,Dhadhar,22.11083333,73.07861111,04-09-2017 08:30,1.8
66793,66793,PINGALWADA,CWC,24,Gujarat,461,Vadodara,VADODARA,-,-,Dhadhar,Narmada,-,-,-,Dhadhar,22.11083333,73.07861111,12-09-2017 17:30,64.6
66794,66794,PINGALWADA,CWC,24,Gujarat,461,Vadodara,VADODARA,-,-,Dhadhar,Narmada,-,-,-,Dhadhar,22.11083333,73.07861111,13-09-2017 08:30,64.6
66795,66795,PINGALWADA,CWC,24,Gujarat,461,Vadodara,VADODARA,-,-,Dhadhar,Narmada,-,-,-,Dhadhar,22.11083333,73.07861111,13-09-2017 17:30,3.4
66796,66796,PINGALWADA,CWC,24,Gujarat,461,Vadodara,VADODARA,-,-,Dhadhar,Narmada,-,-,-,Dhadhar,22.11083333,73.07861111,14-09-2017 08:30,3.4
66797,66797,PINGALWADA,CWC,24,Gujarat,461,Vadodara,VADODARA,-,-,Dhadhar,Narmada,-,-,-,Dhadhar,22.11083333,73.07861111,16-09-2017 08:30,1.4
66798,66798,PINGALWADA,CWC,24,Gujarat,461,Vadodara,VADODARA,-,-,Dhadhar,Narmada,-,-,-,Dhadhar,22.11083333,73.07861111,16-09-2017 08:30,1.4
66799,66799,PINGALWADA,CWC,24,Gujarat,461,Vadodara,VADODARA,-,-,Dhadhar,Narmada,-,-,-,Dhadhar,22.11083333,73.07861111,17-09-2017 08:30,6.4
66800,66800,PINGALWADA,CWC,24,Gujarat,461,Vadodara,VADODARA,-,-,Dhadhar,Narmada,-,-,-,Dhadhar,22.11083333,73.07861111,17-09-2017 08:30,6.4
66801,66801,PINGALWADA,CWC,24,Gujarat,461,Vadodara,VADODARA,-,-,Dhadhar,Narmada,-,-,-,Dhadhar,22.11083333,73.07861111,17-09-2017 17:30,66.4
66802,66802,PINGALWADA,CWC,24,Gujarat,461,Vadodara,VADODARA,-,-,Dhadhar,Narmada,-,-,-,Dhadhar,22.11083333,73.07861111,18-09-2017 08:30,66.4
66803,66803,PINGALWADA,CWC,24,Gujarat,461,Vadodara,VADODARA,-,-,Dhadhar,Narmada,-,-,-,Dhadhar,22.11083333,73.07861111,11-10-2017 08:30,3.2
66804,66804,PINGALWADA,CWC,24,Gujarat,461,Vadodara,VADODARA,-,-,Dhadhar,Narmada,-,-,-,Dhadhar,22.11083333,73.07861111,11-10-2017 08:30,3.2
66805,66805,PINGALWADA,CWC,24,Gujarat,461,Vadodara,VADODARA,-,-,Dhadhar,Narmada,-,-,-,Dhadhar,22.11083333,73.07861111,05-12-2017 08:30,4.2
66806,66806,PINGALWADA,CWC,24,Gujarat,461,Vadodara,VADODARA,-,-,Dhadhar,Narmada,-,-,-,Dhadhar,22.11083333,73.07861111,06-12-2017 08:30,5.2
66807,66807,PINGALWADA,CWC,24,Gujarat,461,Vadodara,VADODARA,-,-,Dhadhar,Narmada,-,-,-,Dhadhar,22.11083333,73.07861111,24-06-2018 08:30,6
66808,66808,PINGALWADA,CWC,24,Gujarat,461,Vadodara,VADODARA,-,-,Dhadhar,Narmada,-,-,-,Dhadhar,22.11083333,73.07861111,25-06-2018 08:30,1.2
66809,66809,PINGALWADA,CWC,24,Gujarat,461,Vadodara,VADODARA,-,-,Dhadhar,Narmada,-,-,-,Dhadhar,22.11083333,73.07861111,26-06-2018 08:30,58
66810,66810,PINGALWADA,CWC,24,Gujarat,461,Vadodara,VADODARA,-,-,Dhadhar,Narmada,-,-,-,Dhadhar,22.11083333,73.07861111,03-07-2018 08:30,4.8
66811,66811,PINGALWADA,CWC,24,Gujarat,461,Vadodara,VADODARA,-,-,Dhadhar,Narmada,-,-,-,Dhadhar,22.11083333,73.07861111,04-07-2018 08:30,10
66812,66812,PINGALWADA,CWC,24,Gujarat,461,Vadodara,VADODARA,-,-,Dhadhar,Narmada,-,-,-,Dhadhar,22.11083333,73.07861111,05-07-2018 08:30,38.2
66813,66813,PINGALWADA,CWC,24,Gujarat,461,Vadodara,VADODARA,-,-,Dhadhar,Narmada,-,-,-,Dhadhar,22.11083333,73.07861111,06-07-2018 08:30,4.6
66814,66814,PINGALWADA,CWC,24,Gujarat,461,Vadodara,VADODARA,-,-,Dhadhar,Narmada,-,-,-,Dhadhar,22.11083333,73.07861111,07-07-2018 08:30,25
66815,66815,PINGALWADA,CWC,24,Gujarat,461,Vadodara,VADODARA,-,-,Dhadhar,Narmada,-,-,-,Dhadhar,22.11083333,73.07861111,08-07-2018 08:30,6.2
66816,66816,PINGALWADA,CWC,24,Gujarat,461,Vadodara,VADODARA,-,-,Dhadhar,Narmada,-,-,-,Dhadhar,22.11083333,73.07861111,09-07-2018 08:30,6
66817,66817,PINGALWADA,CWC,24,Gujarat,461,Vadodara,VADODARA,-,-,Dhadhar,Narmada,-,-,-,Dhadhar,22.11083333,73.07861111,11-07-2018 08:30,41
66818,66818,PINGALWADA,CWC,24,Gujarat,461,Vadodara,VADODARA,-,-,Dhadhar,Narmada,-,-,-,Dhadhar,22.11083333,73.07861111,12-07-2018 08:30,35.4
66819,66819,PINGALWADA,CWC,24,Gujarat,461,Vadodara,VADODARA,-,-,Dhadhar,Narmada,-,-,-,Dhadhar,22.11083333,73.07861111,13-07-2018 08:30,35
66820,66820,PINGALWADA,CWC,24,Gujarat,461,Vadodara,VADODARA,-,-,Dhadhar,Narmada,-,-,-,Dhadhar,22.11083333,73.07861111,15-07-2018 08:30,9
66821,66821,PINGALWADA,CWC,24,Gujarat,461,Vadodara,VADODARA,-,-,Dhadhar,Narmada,-,-,-,Dhadhar,22.11083333,73.07861111,16-07-2018 08:30,21
66822,66822,PINGALWADA,CWC,24,Gujarat,461,Vadodara,VADODARA,-,-,Dhadhar,Narmada,-,-,-,Dhadhar,22.11083333,73.07861111,17-07-2018 08:30,63.8
66823,66823,PINGALWADA,CWC,24,Gujarat,461,Vadodara,VADODARA,-,-,Dhadhar,Narmada,-,-,-,Dhadhar,22.11083333,73.07861111,18-07-2018 08:30,7.2
66824,66824,PINGALWADA,CWC,24,Gujarat,461,Vadodara,VADODARA,-,-,Dhadhar,Narmada,-,-,-,Dhadhar,22.11083333,73.07861111,19-07-2018 08:30,1.6
66825,66825,PINGALWADA,CWC,24,Gujarat,461,Vadodara,VADODARA,-,-,Dhadhar,Narmada,-,-,-,Dhadhar,22.11083333,73.07861111,20-07-2018 08:30,6.8
66826,66826,PINGALWADA,CWC,24,Gujarat,461,Vadodara,VADODARA,-,-,Dhadhar,Narmada,-,-,-,Dhadhar,22.11083333,73.07861111,21-07-2018 08:30,20.8
66827,66827,PINGALWADA,CWC,24,Gujarat,461,Vadodara,VADODARA,-,-,Dhadhar,Narmada,-,-,-,Dhadhar,22.11083333,73.07861111,22-07-2018 08:30,2.4
66828,66828,PINGALWADA,CWC,24,Gujarat,461,Vadodara,VADODARA,-,-,Dhadhar,Narmada,-,-,-,Dhadhar,22.11083333,73.07861111,23-07-2018 08:30,3
66829,66829,PINGALWADA,CWC,24,Gujarat,461,Vadodara,VADODARA,-,-,Dhadhar,Narmada,-,-,-,Dhadhar,22.11083333,73.07861111,24-07-2018 08:30,6.4
66830,66830,PINGALWADA,CWC,24,Gujarat,461,Vadodara,VADODARA,-,-,Dhadhar,Narmada,-,-,-,Dhadhar,22.11083333,73.07861111,25-07-2018 08:30,14.8
66831,66831,PINGALWADA,CWC,24,Gujarat,461,Vadodara,VADODARA,-,-,Dhadhar,Narmada,-,-,-,Dhadhar,22.11083333,73.07861111,09-08-2018 08:30,1.8
66832,66832,PINGALWADA,CWC,24,Gujarat,461,Vadodara,VADODARA,-,-,Dhadhar,Narmada,-,-,-,Dhadhar,22.11083333,73.07861111,12-08-2018 08:30,2
66833,66833,PINGALWADA,CWC,24,Gujarat,461,Vadodara,VADODARA,-,-,Dhadhar,Narmada,-,-,-,Dhadhar,22.11083333,73.07861111,17-08-2018 08:30,77
66834,66834,PINGALWADA,CWC,24,Gujarat,461,Vadodara,VADODARA,-,-,Dhadhar,Narmada,-,-,-,Dhadhar,22.11083333,73.07861111,18-08-2018 08:30,6.2
66835,66835,PINGALWADA,CWC,24,Gujarat,461,Vadodara,VADODARA,-,-,Dhadhar,Narmada,-,-,-,Dhadhar,22.11083333,73.07861111,19-08-2018 08:30,2
66836,66836,PINGALWADA,CWC,24,Gujarat,461,Vadodara,VADODARA,-,-,Dhadhar,Narmada,-,-,-,Dhadhar,22.11083333,73.07861111,21-08-2018 08:30,12
66837,66837,PINGALWADA,CWC,24,Gujarat,461,Vadodara,VADODARA,-,-,Dhadhar,Narmada,-,-,-,Dhadhar,22.11083333,73.07861111,22-08-2018 08:30,13.3
66838,66838,PINGALWADA,CWC,24,Gujarat,461,Vadodara,VADODARA,-,-,Dhadhar,Narmada,-,-,-,Dhadhar,22.11083333,73.07861111,23-08-2018 08:30,11.4
66839,66839,PINGALWADA,CWC,24,Gujarat,461,Vadodara,VADODARA,-,-,Dhadhar,Narmada,-,-,-,Dhadhar,22.11083333,73.07861111,25-08-2018 08:30,1.6
66840,66840,PINGALWADA,CWC,24,Gujarat,461,Vadodara,VADODARA,-,-,Dhadhar,Narmada,-,-,-,Dhadhar,22.11083333,73.07861111,26-08-2018 08:30,1.4
66841,66841,PINGALWADA,CWC,24,Gujarat,461,Vadodara,VADODARA,-,-,Dhadhar,Narmada,-,-,-,Dhadhar,22.11083333,73.07861111,27-08-2018 08:30,4
66842,66842,PINGALWADA,CWC,24,Gujarat,461,Vadodara,VADODARA,-,-,Dhadhar,Narmada,-,-,-,Dhadhar,22.11083333,73.07861111,31-08-2018 08:30,10
66843,66843,PINGALWADA,CWC,24,Gujarat,461,Vadodara,VADODARA,-,-,Dhadhar,Narmada,-,-,-,Dhadhar,22.11083333,73.07861111,01-09-2018 08:30,35
66844,66844,PINGALWADA,CWC,24,Gujarat,461,Vadodara,VADODARA,-,-,Dhadhar,Narmada,-,-,-,Dhadhar,22.11083333,73.07861111,01-09-2018 09:00,35
66845,66845,PINGALWADA,CWC,24,Gujarat,461,Vadodara,VADODARA,-,-,Dhadhar,Narmada,-,-,-,Dhadhar,22.11083333,73.07861111,02-09-2018 08:30,3
66846,66846,PINGALWADA,CWC,24,Gujarat,461,Vadodara,VADODARA,-,-,Dhadhar,Narmada,-,-,-,Dhadhar,22.11083333,73.07861111,04-09-2018 08:30,1.6
66847,66847,PINGALWADA,CWC,24,Gujarat,461,Vadodara,VADODARA,-,-,Dhadhar,Narmada,-,-,-,Dhadhar,22.11083333,73.07861111,10-09-2018 08:30,5.3
66848,66848,PINGALWADA,CWC,24,Gujarat,461,Vadodara,VADODARA,-,-,Dhadhar,Narmada,-,-,-,Dhadhar,22.11083333,73.07861111,16-09-2018 08:30,6.8
66849,66849,PINGALWADA,CWC,24,Gujarat,461,Vadodara,VADODARA,-,-,Dhadhar,Narmada,-,-,-,Dhadhar,22.11083333,73.07861111,18-09-2018 08:30,13.4
66850,66850,PINGALWADA,CWC,24,Gujarat,461,Vadodara,VADODARA,-,-,Dhadhar,Narmada,-,-,-,Dhadhar,22.11083333,73.07861111,23-09-2018 08:30,10.4
66851,66851,PINGALWADA,CWC,24,Gujarat,461,Vadodara,VADODARA,-,-,Dhadhar,Narmada,-,-,-,Dhadhar,22.11083333,73.07861111,27-02-2019 08:30,1
66852,66852,PINGALWADA,CWC,24,Gujarat,461,Vadodara,VADODARA,-,-,Dhadhar,Narmada,-,-,-,Dhadhar,22.11083333,73.07861111,16-06-2019 08:30,2
66853,66853,PINGALWADA,CWC,24,Gujarat,461,Vadodara,VADODARA,-,-,Dhadhar,Narmada,-,-,-,Dhadhar,22.11083333,73.07861111,23-06-2019 08:30,1
66854,66854,PINGALWADA,CWC,24,Gujarat,461,Vadodara,VADODARA,-,-,Dhadhar,Narmada,-,-,-,Dhadhar,22.11083333,73.07861111,25-06-2019 08:00,21
66855,66855,PINGALWADA,CWC,24,Gujarat,461,Vadodara,VADODARA,-,-,Dhadhar,Narmada,-,-,-,Dhadhar,22.11083333,73.07861111,25-06-2019 08:30,21
66856,66856,PINGALWADA,CWC,24,Gujarat,461,Vadodara,VADODARA,-,-,Dhadhar,Narmada,-,-,-,Dhadhar,22.11083333,73.07861111,26-06-2019 08:00,4
66857,66857,PINGALWADA,CWC,24,Gujarat,461,Vadodara,VADODARA,-,-,Dhadhar,Narmada,-,-,-,Dhadhar,22.11083333,73.07861111,26-06-2019 08:30,4
66858,66858,PINGALWADA,CWC,24,Gujarat,461,Vadodara,VADODARA,-,-,Dhadhar,Narmada,-,-,-,Dhadhar,22.11083333,73.07861111,27-06-2019 08:00,16
66859,66859,PINGALWADA,CWC,24,Gujarat,461,Vadodara,VADODARA,-,-,Dhadhar,Narmada,-,-,-,Dhadhar,22.11083333,73.07861111,27-06-2019 08:30,16
66860,66860,PINGALWADA,CWC,24,Gujarat,461,Vadodara,VADODARA,-,-,Dhadhar,Narmada,-,-,-,Dhadhar,22.11083333,73.07861111,28-06-2019 08:00,67.8
66861,66861,PINGALWADA,CWC,24,Gujarat,461,Vadodara,VADODARA,-,-,Dhadhar,Narmada,-,-,-,Dhadhar,22.11083333,73.07861111,28-06-2019 08:30,67.8
66862,66862,PINGALWADA,CWC,24,Gujarat,461,Vadodara,VADODARA,-,-,Dhadhar,Narmada,-,-,-,Dhadhar,22.11083333,73.07861111,29-06-2019 08:00,33
66863,66863,PINGALWADA,CWC,24,Gujarat,461,Vadodara,VADODARA,-,-,Dhadhar,Narmada,-,-,-,Dhadhar,22.11083333,73.07861111,29-06-2019 08:30,33
66864,66864,PINGALWADA,CWC,24,Gujarat,461,Vadodara,VADODARA,-,-,Dhadhar,Narmada,-,-,-,Dhadhar,22.11083333,73.07861111,30-06-2019 08:00,4
66865,66865,PINGALWADA,CWC,24,Gujarat,461,Vadodara,VADODARA,-,-,Dhadhar,Narmada,-,-,-,Dhadhar,22.11083333,73.07861111,30-06-2019 08:30,4
66866,66866,PINGALWADA,CWC,24,Gujarat,461,Vadodara,VADODARA,-,-,Dhadhar,Narmada,-,-,-,Dhadhar,22.11083333,73.07861111,01-07-2019 08:00,25.4
66867,66867,PINGALWADA,CWC,24,Gujarat,461,Vadodara,VADODARA,-,-,Dhadhar,Narmada,-,-,-,Dhadhar,22.11083333,73.07861111,01-07-2019 08:30,25.4
66868,66868,PINGALWADA,CWC,24,Gujarat,461,Vadodara,VADODARA,-,-,Dhadhar,Narmada,-,-,-,Dhadhar,22.11083333,73.07861111,05-07-2019 08:00,7.4
66869,66869,PINGALWADA,CWC,24,Gujarat,461,Vadodara,VADODARA,-,-,Dhadhar,Narmada,-,-,-,Dhadhar,22.11083333,73.07861111,05-07-2019 08:30,7.4
66870,66870,PINGALWADA,CWC,24,Gujarat,461,Vadodara,VADODARA,-,-,Dhadhar,Narmada,-,-,-,Dhadhar,22.11083333,73.07861111,06-07-2019 08:00,4
66871,66871,PINGALWADA,CWC,24,Gujarat,461,Vadodara,VADODARA,-,-,Dhadhar,Narmada,-,-,-,Dhadhar,22.11083333,73.07861111,06-07-2019 08:30,4
66872,66872,PINGALWADA,CWC,24,Gujarat,461,Vadodara,VADODARA,-,-,Dhadhar,Narmada,-,-,-,Dhadhar,22.11083333,73.07861111,07-07-2019 08:00,27.4
66873,66873,PINGALWADA,CWC,24,Gujarat,461,Vadodara,VADODARA,-,-,Dhadhar,Narmada,-,-,-,Dhadhar,22.11083333,73.07861111,07-07-2019 08:30,27.4
66874,66874,PINGALWADA,CWC,24,Gujarat,461,Vadodara,VADODARA,-,-,Dhadhar,Narmada,-,-,-,Dhadhar,22.11083333,73.07861111,21-07-2019 08:00,34
66875,66875,PINGALWADA,CWC,24,Gujarat,461,Vadodara,VADODARA,-,-,Dhadhar,Narmada,-,-,-,Dhadhar,22.11083333,73.07861111,21-07-2019 08:30,34
66876,66876,PINGALWADA,CWC,24,Gujarat,461,Vadodara,VADODARA,-,-,Dhadhar,Narmada,-,-,-,Dhadhar,22.11083333,73.07861111,22-07-2019 08:00,14
66877,66877,PINGALWADA,CWC,24,Gujarat,461,Vadodara,VADODARA,-,-,Dhadhar,Narmada,-,-,-,Dhadhar,22.11083333,73.07861111,22-07-2019 08:30,14
66878,66878,PINGALWADA,CWC,24,Gujarat,461,Vadodara,VADODARA,-,-,Dhadhar,Narmada,-,-,-,Dhadhar,22.11083333,73.07861111,23-07-2019 08:00,2
66879,66879,PINGALWADA,CWC,24,Gujarat,461,Vadodara,VADODARA,-,-,Dhadhar,Narmada,-,-,-,Dhadhar,22.11083333,73.07861111,23-07-2019 08:30,2
66880,66880,PINGALWADA,CWC,24,Gujarat,461,Vadodara,VADODARA,-,-,Dhadhar,Narmada,-,-,-,Dhadhar,22.11083333,73.07861111,27-07-2019 08:00,4.2
66881,66881,PINGALWADA,CWC,24,Gujarat,461,Vadodara,VADODARA,-,-,Dhadhar,Narmada,-,-,-,Dhadhar,22.11083333,73.07861111,27-07-2019 08:30,4.2
66882,66882,PINGALWADA,CWC,24,Gujarat,461,Vadodara,VADODARA,-,-,Dhadhar,Narmada,-,-,-,Dhadhar,22.11083333,73.07861111,28-07-2019 08:00,3.2
66883,66883,PINGALWADA,CWC,24,Gujarat,461,Vadodara,VADODARA,-,-,Dhadhar,Narmada,-,-,-,Dhadhar,22.11083333,73.07861111,28-07-2019 08:30,3.2
66884,66884,PINGALWADA,CWC,24,Gujarat,461,Vadodara,VADODARA,-,-,Dhadhar,Narmada,-,-,-,Dhadhar,22.11083333,73.07861111,29-07-2019 08:30,6.03
66885,66885,PINGALWADA,CWC,24,Gujarat,461,Vadodara,VADODARA,-,-,Dhadhar,Narmada,-,-,-,Dhadhar,22.11083333,73.07861111,30-07-2019 08:00,54.2
66886,66886,PINGALWADA,CWC,24,Gujarat,461,Vadodara,VADODARA,-,-,Dhadhar,Narmada,-,-,-,Dhadhar,22.11083333,73.07861111,30-07-2019 08:30,54.2
66887,66887,PINGALWADA,CWC,24,Gujarat,461,Vadodara,VADODARA,-,-,Dhadhar,Narmada,-,-,-,Dhadhar,22.11083333,73.07861111,31-07-2019 08:00,12.2
66888,66888,PINGALWADA,CWC,24,Gujarat,461,Vadodara,VADODARA,-,-,Dhadhar,Narmada,-,-,-,Dhadhar,22.11083333,73.07861111,31-07-2019 08:30,12.2
66889,66889,PINGALWADA,CWC,24,Gujarat,461,Vadodara,VADODARA,-,-,Dhadhar,Narmada,-,-,-,Dhadhar,22.11083333,73.07861111,01-08-2019 08:00,14.8
66890,66890,PINGALWADA,CWC,24,Gujarat,461,Vadodara,VADODARA,-,-,Dhadhar,Narmada,-,-,-,Dhadhar,22.11083333,73.07861111,01-08-2019 08:30,180.8
66891,66891,PINGALWADA,CWC,24,Gujarat,461,Vadodara,VADODARA,-,-,Dhadhar,Narmada,-,-,-,Dhadhar,22.11083333,73.07861111,01-08-2019 17:00,1
66892,66892,PINGALWADA,CWC,24,Gujarat,461,Vadodara,VADODARA,-,-,Dhadhar,Narmada,-,-,-,Dhadhar,22.11083333,73.07861111,02-08-2019 07:00,2
66893,66893,PINGALWADA,CWC,24,Gujarat,461,Vadodara,VADODARA,-,-,Dhadhar,Narmada,-,-,-,Dhadhar,22.11083333,73.07861111,02-08-2019 08:30,3
66894,66894,PINGALWADA,CWC,24,Gujarat,461,Vadodara,VADODARA,-,-,Dhadhar,Narmada,-,-,-,Dhadhar,22.11083333,73.07861111,02-08-2019 18:00,3
66895,66895,PINGALWADA,CWC,24,Gujarat,461,Vadodara,VADODARA,-,-,Dhadhar,Narmada,-,-,-,Dhadhar,22.11083333,73.07861111,03-08-2019 08:00,3
66896,66896,PINGALWADA,CWC,24,Gujarat,461,Vadodara,VADODARA,-,-,Dhadhar,Narmada,-,-,-,Dhadhar,22.11083333,73.07861111,03-08-2019 08:30,3
66897,66897,PINGALWADA,CWC,24,Gujarat,461,Vadodara,VADODARA,-,-,Dhadhar,Narmada,-,-,-,Dhadhar,22.11083333,73.07861111,03-08-2019 16:00,8
66898,66898,PINGALWADA,CWC,24,Gujarat,461,Vadodara,VADODARA,-,-,Dhadhar,Narmada,-,-,-,Dhadhar,22.11083333,73.07861111,03-08-2019 21:00,4
66899,66899,PINGALWADA,CWC,24,Gujarat,461,Vadodara,VADODARA,-,-,Dhadhar,Narmada,-,-,-,Dhadhar,22.11083333,73.07861111,03-08-2019 22:00,3
66900,66900,PINGALWADA,CWC,24,Gujarat,461,Vadodara,VADODARA,-,-,Dhadhar,Narmada,-,-,-,Dhadhar,22.11083333,73.07861111,03-08-2019 23:00,6.6
66901,66901,PINGALWADA,CWC,24,Gujarat,461,Vadodara,VADODARA,-,-,Dhadhar,Narmada,-,-,-,Dhadhar,22.11083333,73.07861111,04-08-2019 06:00,7.6
66902,66902,PINGALWADA,CWC,24,Gujarat,461,Vadodara,VADODARA,-,-,Dhadhar,Narmada,-,-,-,Dhadhar,22.11083333,73.07861111,04-08-2019 08:00,77.6
66903,66903,PINGALWADA,CWC,24,Gujarat,461,Vadodara,VADODARA,-,-,Dhadhar,Narmada,-,-,-,Dhadhar,22.11083333,73.07861111,04-08-2019 08:30,77.6
66904,66904,PINGALWADA,CWC,24,Gujarat,461,Vadodara,VADODARA,-,-,Dhadhar,Narmada,-,-,-,Dhadhar,22.11083333,73.07861111,04-08-2019 10:00,1
66905,66905,PINGALWADA,CWC,24,Gujarat,461,Vadodara,VADODARA,-,-,Dhadhar,Narmada,-,-,-,Dhadhar,22.11083333,73.07861111,04-08-2019 11:00,1
66906,66906,PINGALWADA,CWC,24,Gujarat,461,Vadodara,VADODARA,-,-,Dhadhar,Narmada,-,-,-,Dhadhar,22.11083333,73.07861111,04-08-2019 12:00,3.4
66907,66907,PINGALWADA,CWC,24,Gujarat,461,Vadodara,VADODARA,-,-,Dhadhar,Narmada,-,-,-,Dhadhar,22.11083333,73.07861111,04-08-2019 13:00,0.6
66908,66908,PINGALWADA,CWC,24,Gujarat,461,Vadodara,VADODARA,-,-,Dhadhar,Narmada,-,-,-,Dhadhar,22.11083333,73.07861111,04-08-2019 14:00,0.7
66909,66909,PINGALWADA,CWC,24,Gujarat,461,Vadodara,VADODARA,-,-,Dhadhar,Narmada,-,-,-,Dhadhar,22.11083333,73.07861111,04-08-2019 15:00,0.3
66910,66910,PINGALWADA,CWC,24,Gujarat,461,Vadodara,VADODARA,-,-,Dhadhar,Narmada,-,-,-,Dhadhar,22.11083333,73.07861111,04-08-2019 17:00,1
66911,66911,PINGALWADA,CWC,24,Gujarat,461,Vadodara,VADODARA,-,-,Dhadhar,Narmada,-,-,-,Dhadhar,22.11083333,73.07861111,05-08-2019 08:00,12.2
66912,66912,PINGALWADA,CWC,24,Gujarat,461,Vadodara,VADODARA,-,-,Dhadhar,Narmada,-,-,-,Dhadhar,22.11083333,73.07861111,05-08-2019 08:30,12.2
66913,66913,PINGALWADA,CWC,24,Gujarat,461,Vadodara,VADODARA,-,-,Dhadhar,Narmada,-,-,-,Dhadhar,22.11083333,73.07861111,06-08-2019 08:30,1
66914,66914,PINGALWADA,CWC,24,Gujarat,461,Vadodara,VADODARA,-,-,Dhadhar,Narmada,-,-,-,Dhadhar,22.11083333,73.07861111,07-08-2019 08:30,1
66915,66915,PINGALWADA,CWC,24,Gujarat,461,Vadodara,VADODARA,-,-,Dhadhar,Narmada,-,-,-,Dhadhar,22.11083333,73.07861111,08-08-2019 08:30,1
66916,66916,PINGALWADA,CWC,24,Gujarat,461,Vadodara,VADODARA,-,-,Dhadhar,Narmada,-,-,-,Dhadhar,22.11083333,73.07861111,08-08-2019 14:00,1
66917,66917,PINGALWADA,CWC,24,Gujarat,461,Vadodara,VADODARA,-,-,Dhadhar,Narmada,-,-,-,Dhadhar,22.11083333,73.07861111,08-08-2019 15:00,1
66918,66918,PINGALWADA,CWC,24,Gujarat,461,Vadodara,VADODARA,-,-,Dhadhar,Narmada,-,-,-,Dhadhar,22.11083333,73.07861111,08-08-2019 16:00,1
66919,66919,PINGALWADA,CWC,24,Gujarat,461,Vadodara,VADODARA,-,-,Dhadhar,Narmada,-,-,-,Dhadhar,22.11083333,73.07861111,08-08-2019 17:00,1.4
66920,66920,PINGALWADA,CWC,24,Gujarat,461,Vadodara,VADODARA,-,-,Dhadhar,Narmada,-,-,-,Dhadhar,22.11083333,73.07861111,08-08-2019 18:00,2.6
66921,66921,PINGALWADA,CWC,24,Gujarat,461,Vadodara,VADODARA,-,-,Dhadhar,Narmada,-,-,-,Dhadhar,22.11083333,73.07861111,08-08-2019 19:00,0.8
66922,66922,PINGALWADA,CWC,24,Gujarat,461,Vadodara,VADODARA,-,-,Dhadhar,Narmada,-,-,-,Dhadhar,22.11083333,73.07861111,08-08-2019 21:00,2
66923,66923,PINGALWADA,CWC,24,Gujarat,461,Vadodara,VADODARA,-,-,Dhadhar,Narmada,-,-,-,Dhadhar,22.11083333,73.07861111,09-08-2019 03:00,1.4
66924,66924,PINGALWADA,CWC,24,Gujarat,461,Vadodara,VADODARA,-,-,Dhadhar,Narmada,-,-,-,Dhadhar,22.11083333,73.07861111,09-08-2019 04:00,1.6
66925,66925,PINGALWADA,CWC,24,Gujarat,461,Vadodara,VADODARA,-,-,Dhadhar,Narmada,-,-,-,Dhadhar,22.11083333,73.07861111,09-08-2019 05:00,10
66926,66926,PINGALWADA,CWC,24,Gujarat,461,Vadodara,VADODARA,-,-,Dhadhar,Narmada,-,-,-,Dhadhar,22.11083333,73.07861111,09-08-2019 06:00,3
66927,66927,PINGALWADA,CWC,24,Gujarat,461,Vadodara,VADODARA,-,-,Dhadhar,Narmada,-,-,-,Dhadhar,22.11083333,73.07861111,09-08-2019 07:00,11
66928,66928,PINGALWADA,CWC,24,Gujarat,461,Vadodara,VADODARA,-,-,Dhadhar,Narmada,-,-,-,Dhadhar,22.11083333,73.07861111,09-08-2019 08:30,45
66929,66929,PINGALWADA,CWC,24,Gujarat,461,Vadodara,VADODARA,-,-,Dhadhar,Narmada,-,-,-,Dhadhar,22.11083333,73.07861111,09-08-2019 09:00,20.2
66930,66930,PINGALWADA,CWC,24,Gujarat,461,Vadodara,VADODARA,-,-,Dhadhar,Narmada,-,-,-,Dhadhar,22.11083333,73.07861111,09-08-2019 10:00,8.8
66931,66931,PINGALWADA,CWC,24,Gujarat,461,Vadodara,VADODARA,-,-,Dhadhar,Narmada,-,-,-,Dhadhar,22.11083333,73.07861111,09-08-2019 12:00,3.8
66932,66932,PINGALWADA,CWC,24,Gujarat,461,Vadodara,VADODARA,-,-,Dhadhar,Narmada,-,-,-,Dhadhar,22.11083333,73.07861111,09-08-2019 13:00,13.2
66933,66933,PINGALWADA,CWC,24,Gujarat,461,Vadodara,VADODARA,-,-,Dhadhar,Narmada,-,-,-,Dhadhar,22.11083333,73.07861111,09-08-2019 14:00,13.2
66934,66934,PINGALWADA,CWC,24,Gujarat,461,Vadodara,VADODARA,-,-,Dhadhar,Narmada,-,-,-,Dhadhar,22.11083333,73.07861111,09-08-2019 16:00,8.6
66935,66935,PINGALWADA,CWC,24,Gujarat,461,Vadodara,VADODARA,-,-,Dhadhar,Narmada,-,-,-,Dhadhar,22.11083333,73.07861111,09-08-2019 17:00,4
66936,66936,PINGALWADA,CWC,24,Gujarat,461,Vadodara,VADODARA,-,-,Dhadhar,Narmada,-,-,-,Dhadhar,22.11083333,73.07861111,09-08-2019 18:00,4
66937,66937,PINGALWADA,CWC,24,Gujarat,461,Vadodara,VADODARA,-,-,Dhadhar,Narmada,-,-,-,Dhadhar,22.11083333,73.07861111,09-08-2019 19:00,2.4
66938,66938,PINGALWADA,CWC,24,Gujarat,461,Vadodara,VADODARA,-,-,Dhadhar,Narmada,-,-,-,Dhadhar,22.11083333,73.07861111,09-08-2019 20:00,1.6
66939,66939,PINGALWADA,CWC,24,Gujarat,461,Vadodara,VADODARA,-,-,Dhadhar,Narmada,-,-,-,Dhadhar,22.11083333,73.07861111,09-08-2019 21:00,2.6
66940,66940,PINGALWADA,CWC,24,Gujarat,461,Vadodara,VADODARA,-,-,Dhadhar,Narmada,-,-,-,Dhadhar,22.11083333,73.07861111,09-08-2019 22:00,2
66941,66941,PINGALWADA,CWC,24,Gujarat,461,Vadodara,VADODARA,-,-,Dhadhar,Narmada,-,-,-,Dhadhar,22.11083333,73.07861111,09-08-2019 23:00,2.6
66942,66942,PINGALWADA,CWC,24,Gujarat,461,Vadodara,VADODARA,-,-,Dhadhar,Narmada,-,-,-,Dhadhar,22.11083333,73.07861111,10-08-2019 08:00,1
66943,66943,PINGALWADA,CWC,24,Gujarat,461,Vadodara,VADODARA,-,-,Dhadhar,Narmada,-,-,-,Dhadhar,22.11083333,73.07861111,10-08-2019 08:30,104.6
66944,66944,PINGALWADA,CWC,24,Gujarat,461,Vadodara,VADODARA,-,-,Dhadhar,Narmada,-,-,-,Dhadhar,22.11083333,73.07861111,10-08-2019 17:00,0.6
66945,66945,PINGALWADA,CWC,24,Gujarat,461,Vadodara,VADODARA,-,-,Dhadhar,Narmada,-,-,-,Dhadhar,22.11083333,73.07861111,10-08-2019 18:00,1.6
66946,66946,PINGALWADA,CWC,24,Gujarat,461,Vadodara,VADODARA,-,-,Dhadhar,Narmada,-,-,-,Dhadhar,22.11083333,73.07861111,10-08-2019 19:00,1
66947,66947,PINGALWADA,CWC,24,Gujarat,461,Vadodara,VADODARA,-,-,Dhadhar,Narmada,-,-,-,Dhadhar,22.11083333,73.07861111,10-08-2019 20:00,4
66948,66948,PINGALWADA,CWC,24,Gujarat,461,Vadodara,VADODARA,-,-,Dhadhar,Narmada,-,-,-,Dhadhar,22.11083333,73.07861111,11-08-2019 01:00,6.8
66949,66949,PINGALWADA,CWC,24,Gujarat,461,Vadodara,VADODARA,-,-,Dhadhar,Narmada,-,-,-,Dhadhar,22.11083333,73.07861111,11-08-2019 02:00,5.2
66950,66950,PINGALWADA,CWC,24,Gujarat,461,Vadodara,VADODARA,-,-,Dhadhar,Narmada,-,-,-,Dhadhar,22.11083333,73.07861111,11-08-2019 03:00,2
66951,66951,PINGALWADA,CWC,24,Gujarat,461,Vadodara,VADODARA,-,-,Dhadhar,Narmada,-,-,-,Dhadhar,22.11083333,73.07861111,11-08-2019 04:00,3
66952,66952,PINGALWADA,CWC,24,Gujarat,461,Vadodara,VADODARA,-,-,Dhadhar,Narmada,-,-,-,Dhadhar,22.11083333,73.07861111,11-08-2019 07:00,2
66953,66953,PINGALWADA,CWC,24,Gujarat,461,Vadodara,VADODARA,-,-,Dhadhar,Narmada,-,-,-,Dhadhar,22.11083333,73.07861111,11-08-2019 08:00,1
66954,66954,PINGALWADA,CWC,24,Gujarat,461,Vadodara,VADODARA,-,-,Dhadhar,Narmada,-,-,-,Dhadhar,22.11083333,73.07861111,11-08-2019 08:30,27.2
66955,66955,PINGALWADA,CWC,24,Gujarat,461,Vadodara,VADODARA,-,-,Dhadhar,Narmada,-,-,-,Dhadhar,22.11083333,73.07861111,11-08-2019 09:00,1
66956,66956,PINGALWADA,CWC,24,Gujarat,461,Vadodara,VADODARA,-,-,Dhadhar,Narmada,-,-,-,Dhadhar,22.11083333,73.07861111,11-08-2019 10:00,1
66957,66957,PINGALWADA,CWC,24,Gujarat,461,Vadodara,VADODARA,-,-,Dhadhar,Narmada,-,-,-,Dhadhar,22.11083333,73.07861111,11-08-2019 11:00,3
66958,66958,PINGALWADA,CWC,24,Gujarat,461,Vadodara,VADODARA,-,-,Dhadhar,Narmada,-,-,-,Dhadhar,22.11083333,73.07861111,11-08-2019 12:00,1.2
66959,66959,PINGALWADA,CWC,24,Gujarat,461,Vadodara,VADODARA,-,-,Dhadhar,Narmada,-,-,-,Dhadhar,22.11083333,73.07861111,12-08-2019 08:30,6.2
66960,66960,PINGALWADA,CWC,24,Gujarat,461,Vadodara,VADODARA,-,-,Dhadhar,Narmada,-,-,-,Dhadhar,22.11083333,73.07861111,15-08-2019 12:00,1
66961,66961,PINGALWADA,CWC,24,Gujarat,461,Vadodara,VADODARA,-,-,Dhadhar,Narmada,-,-,-,Dhadhar,22.11083333,73.07861111,15-08-2019 13:00,1
66962,66962,PINGALWADA,CWC,24,Gujarat,461,Vadodara,VADODARA,-,-,Dhadhar,Narmada,-,-,-,Dhadhar,22.11083333,73.07861111,16-08-2019 08:30,2
66963,66963,PINGALWADA,CWC,24,Gujarat,461,Vadodara,VADODARA,-,-,Dhadhar,Narmada,-,-,-,Dhadhar,22.11083333,73.07861111,16-08-2019 12:00,2.6
66964,66964,PINGALWADA,CWC,24,Gujarat,461,Vadodara,VADODARA,-,-,Dhadhar,Narmada,-,-,-,Dhadhar,22.11083333,73.07861111,16-08-2019 16:00,1.8
66965,66965,PINGALWADA,CWC,24,Gujarat,461,Vadodara,VADODARA,-,-,Dhadhar,Narmada,-,-,-,Dhadhar,22.11083333,73.07861111,16-08-2019 17:00,9.2
66966,66966,PINGALWADA,CWC,24,Gujarat,461,Vadodara,VADODARA,-,-,Dhadhar,Narmada,-,-,-,Dhadhar,22.11083333,73.07861111,16-08-2019 18:00,0.6
66967,66967,PINGALWADA,CWC,24,Gujarat,461,Vadodara,VADODARA,-,-,Dhadhar,Narmada,-,-,-,Dhadhar,22.11083333,73.07861111,16-08-2019 19:00,9
66968,66968,PINGALWADA,CWC,24,Gujarat,461,Vadodara,VADODARA,-,-,Dhadhar,Narmada,-,-,-,Dhadhar,22.11083333,73.07861111,16-08-2019 20:00,10
66969,66969,PINGALWADA,CWC,24,Gujarat,461,Vadodara,VADODARA,-,-,Dhadhar,Narmada,-,-,-,Dhadhar,22.11083333,73.07861111,17-08-2019 08:30,33.2
66970,66970,PINGALWADA,CWC,24,Gujarat,461,Vadodara,VADODARA,-,-,Dhadhar,Narmada,-,-,-,Dhadhar,22.11083333,73.07861111,19-08-2019 18:00,1
66971,66971,PINGALWADA,CWC,24,Gujarat,461,Vadodara,VADODARA,-,-,Dhadhar,Narmada,-,-,-,Dhadhar,22.11083333,73.07861111,22-08-2019 08:30,1
66972,66972,PINGALWADA,CWC,24,Gujarat,461,Vadodara,VADODARA,-,-,Dhadhar,Narmada,-,-,-,Dhadhar,22.11083333,73.07861111,26-08-2019 18:00,1.6
66973,66973,PINGALWADA,CWC,24,Gujarat,461,Vadodara,VADODARA,-,-,Dhadhar,Narmada,-,-,-,Dhadhar,22.11083333,73.07861111,26-08-2019 21:00,2
66974,66974,PINGALWADA,CWC,24,Gujarat,461,Vadodara,VADODARA,-,-,Dhadhar,Narmada,-,-,-,Dhadhar,22.11083333,73.07861111,27-08-2019 08:30,17
66975,66975,PINGALWADA,CWC,24,Gujarat,461,Vadodara,VADODARA,-,-,Dhadhar,Narmada,-,-,-,Dhadhar,22.11083333,73.07861111,27-08-2019 09:00,6.6
66976,66976,PINGALWADA,CWC,24,Gujarat,461,Vadodara,VADODARA,-,-,Dhadhar,Narmada,-,-,-,Dhadhar,22.11083333,73.07861111,27-08-2019 10:00,9
66977,66977,PINGALWADA,CWC,24,Gujarat,461,Vadodara,VADODARA,-,-,Dhadhar,Narmada,-,-,-,Dhadhar,22.11083333,73.07861111,27-08-2019 11:00,2
66978,66978,PINGALWADA,CWC,24,Gujarat,461,Vadodara,VADODARA,-,-,Dhadhar,Narmada,-,-,-,Dhadhar,22.11083333,73.07861111,27-08-2019 12:00,3.2
66979,66979,PINGALWADA,CWC,24,Gujarat,461,Vadodara,VADODARA,-,-,Dhadhar,Narmada,-,-,-,Dhadhar,22.11083333,73.07861111,27-08-2019 13:00,12
66980,66980,PINGALWADA,CWC,24,Gujarat,461,Vadodara,VADODARA,-,-,Dhadhar,Narmada,-,-,-,Dhadhar,22.11083333,73.07861111,27-08-2019 14:00,10
66981,66981,PINGALWADA,CWC,24,Gujarat,461,Vadodara,VADODARA,-,-,Dhadhar,Narmada,-,-,-,Dhadhar,22.11083333,73.07861111,27-08-2019 15:00,20
66982,66982,PINGALWADA,CWC,24,Gujarat,461,Vadodara,VADODARA,-,-,Dhadhar,Narmada,-,-,-,Dhadhar,22.11083333,73.07861111,27-08-2019 23:00,3
66983,66983,PINGALWADA,CWC,24,Gujarat,461,Vadodara,VADODARA,-,-,Dhadhar,Narmada,-,-,-,Dhadhar,22.11083333,73.07861111,28-08-2019 00:00,7.8
66984,66984,PINGALWADA,CWC,24,Gujarat,461,Vadodara,VADODARA,-,-,Dhadhar,Narmada,-,-,-,Dhadhar,22.11083333,73.07861111,28-08-2019 04:00,6.2
66985,66985,PINGALWADA,CWC,24,Gujarat,461,Vadodara,VADODARA,-,-,Dhadhar,Narmada,-,-,-,Dhadhar,22.11083333,73.07861111,28-08-2019 07:00,4
66986,66986,PINGALWADA,CWC,24,Gujarat,461,Vadodara,VADODARA,-,-,Dhadhar,Narmada,-,-,-,Dhadhar,22.11083333,73.07861111,28-08-2019 08:30,46
66987,66987,PINGALWADA,CWC,24,Gujarat,461,Vadodara,VADODARA,-,-,Dhadhar,Narmada,-,-,-,Dhadhar,22.11083333,73.07861111,29-08-2019 12:00,2
66988,66988,PINGALWADA,CWC,24,Gujarat,461,Vadodara,VADODARA,-,-,Dhadhar,Narmada,-,-,-,Dhadhar,22.11083333,73.07861111,29-08-2019 13:00,1
66989,66989,PINGALWADA,CWC,24,Gujarat,461,Vadodara,VADODARA,-,-,Dhadhar,Narmada,-,-,-,Dhadhar,22.11083333,73.07861111,01-09-2019 21:00,1
66990,66990,PINGALWADA,CWC,24,Gujarat,461,Vadodara,VADODARA,-,-,Dhadhar,Narmada,-,-,-,Dhadhar,22.11083333,73.07861111,02-09-2019 08:30,4.4
66991,66991,PINGALWADA,CWC,24,Gujarat,461,Vadodara,VADODARA,-,-,Dhadhar,Narmada,-,-,-,Dhadhar,22.11083333,73.07861111,03-09-2019 10:00,1.2
66992,66992,PINGALWADA,CWC,24,Gujarat,461,Vadodara,VADODARA,-,-,Dhadhar,Narmada,-,-,-,Dhadhar,22.11083333,73.07861111,04-09-2019 08:30,15.6
66993,66993,PINGALWADA,CWC,24,Gujarat,461,Vadodara,VADODARA,-,-,Dhadhar,Narmada,-,-,-,Dhadhar,22.11083333,73.07861111,05-09-2019 08:30,2
66994,66994,PINGALWADA,CWC,24,Gujarat,461,Vadodara,VADODARA,-,-,Dhadhar,Narmada,-,-,-,Dhadhar,22.11083333,73.07861111,05-09-2019 21:00,5
66995,66995,PINGALWADA,CWC,24,Gujarat,461,Vadodara,VADODARA,-,-,Dhadhar,Narmada,-,-,-,Dhadhar,22.11083333,73.07861111,05-09-2019 22:00,4
66996,66996,PINGALWADA,CWC,24,Gujarat,461,Vadodara,VADODARA,-,-,Dhadhar,Narmada,-,-,-,Dhadhar,22.11083333,73.07861111,06-09-2019 08:30,9.4
66997,66997,PINGALWADA,CWC,24,Gujarat,461,Vadodara,VADODARA,-,-,Dhadhar,Narmada,-,-,-,Dhadhar,22.11083333,73.07861111,07-09-2019 13:00,8
66998,66998,PINGALWADA,CWC,24,Gujarat,461,Vadodara,VADODARA,-,-,Dhadhar,Narmada,-,-,-,Dhadhar,22.11083333,73.07861111,09-09-2019 14:00,3
66999,66999,PINGALWADA,CWC,24,Gujarat,461,Vadodara,VADODARA,-,-,Dhadhar,Narmada,-,-,-,Dhadhar,22.11083333,73.07861111,09-09-2019 15:00,1.4
67000,67000,PINGALWADA,CWC,24,Gujarat,461,Vadodara,VADODARA,-,-,Dhadhar,Narmada,-,-,-,Dhadhar,22.11083333,73.07861111,09-09-2019 20:00,17
67001,67001,PINGALWADA,CWC,24,Gujarat,461,Vadodara,VADODARA,-,-,Dhadhar,Narmada,-,-,-,Dhadhar,22.11083333,73.07861111,09-09-2019 21:00,3
67002,67002,PINGALWADA,CWC,24,Gujarat,461,Vadodara,VADODARA,-,-,Dhadhar,Narmada,-,-,-,Dhadhar,22.11083333,73.07861111,10-09-2019 06:00,16
67003,67003,PINGALWADA,CWC,24,Gujarat,461,Vadodara,VADODARA,-,-,Dhadhar,Narmada,-,-,-,Dhadhar,22.11083333,73.07861111,10-09-2019 07:00,20
67004,67004,PINGALWADA,CWC,24,Gujarat,461,Vadodara,VADODARA,-,-,Dhadhar,Narmada,-,-,-,Dhadhar,22.11083333,73.07861111,10-09-2019 08:00,21
67005,67005,PINGALWADA,CWC,24,Gujarat,461,Vadodara,VADODARA,-,-,Dhadhar,Narmada,-,-,-,Dhadhar,22.11083333,73.07861111,10-09-2019 08:30,112.4
67006,67006,PINGALWADA,CWC,24,Gujarat,461,Vadodara,VADODARA,-,-,Dhadhar,Narmada,-,-,-,Dhadhar,22.11083333,73.07861111,10-09-2019 09:00,1
67007,67007,PINGALWADA,CWC,24,Gujarat,461,Vadodara,VADODARA,-,-,Dhadhar,Narmada,-,-,-,Dhadhar,22.11083333,73.07861111,10-09-2019 10:00,4
67008,67008,PINGALWADA,CWC,24,Gujarat,461,Vadodara,VADODARA,-,-,Dhadhar,Narmada,-,-,-,Dhadhar,22.11083333,73.07861111,10-09-2019 11:00,6
67009,67009,PINGALWADA,CWC,24,Gujarat,461,Vadodara,VADODARA,-,-,Dhadhar,Narmada,-,-,-,Dhadhar,22.11083333,73.07861111,10-09-2019 12:00,1
67010,67010,PINGALWADA,CWC,24,Gujarat,461,Vadodara,VADODARA,-,-,Dhadhar,Narmada,-,-,-,Dhadhar,22.11083333,73.07861111,11-09-2019 08:30,32
67011,67011,PINGALWADA,CWC,24,Gujarat,461,Vadodara,VADODARA,-,-,Dhadhar,Narmada,-,-,-,Dhadhar,22.11083333,73.07861111,11-09-2019 13:00,11.9
67012,67012,PINGALWADA,CWC,24,Gujarat,461,Vadodara,VADODARA,-,-,Dhadhar,Narmada,-,-,-,Dhadhar,22.11083333,73.07861111,11-09-2019 14:00,11.95
67013,67013,PINGALWADA,CWC,24,Gujarat,461,Vadodara,VADODARA,-,-,Dhadhar,Narmada,-,-,-,Dhadhar,22.11083333,73.07861111,11-09-2019 15:00,12
67014,67014,PINGALWADA,CWC,24,Gujarat,461,Vadodara,VADODARA,-,-,Dhadhar,Narmada,-,-,-,Dhadhar,22.11083333,73.07861111,13-09-2019 11:00,2
67015,67015,PINGALWADA,CWC,24,Gujarat,461,Vadodara,VADODARA,-,-,Dhadhar,Narmada,-,-,-,Dhadhar,22.11083333,73.07861111,14-09-2019 08:30,2
67016,67016,PINGALWADA,CWC,24,Gujarat,461,Vadodara,VADODARA,-,-,Dhadhar,Narmada,-,-,-,Dhadhar,22.11083333,73.07861111,18-09-2019 17:00,2
67017,67017,PINGALWADA,CWC,24,Gujarat,461,Vadodara,VADODARA,-,-,Dhadhar,Narmada,-,-,-,Dhadhar,22.11083333,73.07861111,19-09-2019 08:30,5
67018,67018,PINGALWADA,CWC,24,Gujarat,461,Vadodara,VADODARA,-,-,Dhadhar,Narmada,-,-,-,Dhadhar,22.11083333,73.07861111,21-09-2019 08:30,22
67019,67019,PINGALWADA,CWC,24,Gujarat,461,Vadodara,VADODARA,-,-,Dhadhar,Narmada,-,-,-,Dhadhar,22.11083333,73.07861111,22-09-2019 17:00,16
67020,67020,PINGALWADA,CWC,24,Gujarat,461,Vadodara,VADODARA,-,-,Dhadhar,Narmada,-,-,-,Dhadhar,22.11083333,73.07861111,23-09-2019 08:30,16
67021,67021,PINGALWADA,CWC,24,Gujarat,461,Vadodara,VADODARA,-,-,Dhadhar,Narmada,-,-,-,Dhadhar,22.11083333,73.07861111,25-09-2019 16:00,56
67022,67022,PINGALWADA,CWC,24,Gujarat,461,Vadodara,VADODARA,-,-,Dhadhar,Narmada,-,-,-,Dhadhar,22.11083333,73.07861111,25-09-2019 17:00,14
67023,67023,PINGALWADA,CWC,24,Gujarat,461,Vadodara,VADODARA,-,-,Dhadhar,Narmada,-,-,-,Dhadhar,22.11083333,73.07861111,25-09-2019 20:00,2
67024,67024,PINGALWADA,CWC,24,Gujarat,461,Vadodara,VADODARA,-,-,Dhadhar,Narmada,-,-,-,Dhadhar,22.11083333,73.07861111,25-09-2019 21:00,2
67025,67025,PINGALWADA,CWC,24,Gujarat,461,Vadodara,VADODARA,-,-,Dhadhar,Narmada,-,-,-,Dhadhar,22.11083333,73.07861111,26-09-2019 08:30,74
67026,67026,PINGALWADA,CWC,24,Gujarat,461,Vadodara,VADODARA,-,-,Dhadhar,Narmada,-,-,-,Dhadhar,22.11083333,73.07861111,27-09-2019 08:30,12
67027,67027,PINGALWADA,CWC,24,Gujarat,461,Vadodara,VADODARA,-,-,Dhadhar,Narmada,-,-,-,Dhadhar,22.11083333,73.07861111,27-09-2019 15:00,7.6
67028,67028,PINGALWADA,CWC,24,Gujarat,461,Vadodara,VADODARA,-,-,Dhadhar,Narmada,-,-,-,Dhadhar,22.11083333,73.07861111,27-09-2019 16:00,2
67029,67029,PINGALWADA,CWC,24,Gujarat,461,Vadodara,VADODARA,-,-,Dhadhar,Narmada,-,-,-,Dhadhar,22.11083333,73.07861111,27-09-2019 17:00,2.4
67030,67030,PINGALWADA,CWC,24,Gujarat,461,Vadodara,VADODARA,-,-,Dhadhar,Narmada,-,-,-,Dhadhar,22.11083333,73.07861111,27-09-2019 19:00,10
67031,67031,PINGALWADA,CWC,24,Gujarat,461,Vadodara,VADODARA,-,-,Dhadhar,Narmada,-,-,-,Dhadhar,22.11083333,73.07861111,27-09-2019 20:00,0.8
67032,67032,PINGALWADA,CWC,24,Gujarat,461,Vadodara,VADODARA,-,-,Dhadhar,Narmada,-,-,-,Dhadhar,22.11083333,73.07861111,28-09-2019 00:00,1
67033,67033,PINGALWADA,CWC,24,Gujarat,461,Vadodara,VADODARA,-,-,Dhadhar,Narmada,-,-,-,Dhadhar,22.11083333,73.07861111,28-09-2019 07:00,2
67034,67034,PINGALWADA,CWC,24,Gujarat,461,Vadodara,VADODARA,-,-,Dhadhar,Narmada,-,-,-,Dhadhar,22.11083333,73.07861111,28-09-2019 08:30,21
67035,67035,PINGALWADA,CWC,24,Gujarat,461,Vadodara,VADODARA,-,-,Dhadhar,Narmada,-,-,-,Dhadhar,22.11083333,73.07861111,30-09-2019 10:00,5
67036,67036,PINGALWADA,CWC,24,Gujarat,461,Vadodara,VADODARA,-,-,Dhadhar,Narmada,-,-,-,Dhadhar,22.11083333,73.07861111,30-09-2019 11:00,1
67037,67037,PINGALWADA,CWC,24,Gujarat,461,Vadodara,VADODARA,-,-,Dhadhar,Narmada,-,-,-,Dhadhar,22.11083333,73.07861111,01-10-2019 08:30,85
67038,67038,PINGALWADA,CWC,24,Gujarat,461,Vadodara,VADODARA,-,-,Dhadhar,Narmada,-,-,-,Dhadhar,22.11083333,73.07861111,28-10-2019 08:30,2
67039,67039,PINGALWADA,CWC,24,Gujarat,461,Vadodara,VADODARA,-,-,Dhadhar,Narmada,-,-,-,Dhadhar,22.11083333,73.07861111,29-10-2019 08:30,14.4
67040,67040,PINGALWADA,CWC,24,Gujarat,461,Vadodara,VADODARA,-,-,Dhadhar,Narmada,-,-,-,Dhadhar,22.11083333,73.07861111,29-10-2019 19:00,22
67041,67041,PINGALWADA,CWC,24,Gujarat,461,Vadodara,VADODARA,-,-,Dhadhar,Narmada,-,-,-,Dhadhar,22.11083333,73.07861111,30-10-2019 08:30,22
67042,67042,PINGALWADA,CWC,24,Gujarat,461,Vadodara,VADODARA,-,-,Dhadhar,Narmada,-,-,-,Dhadhar,22.11083333,73.07861111,08-11-2019 08:30,1
67043,67043,PINGALWADA,CWC,24,Gujarat,461,Vadodara,VADODARA,-,-,Dhadhar,Narmada,-,-,-,Dhadhar,22.11083333,73.07861111,06-06-2020 08:30,3.2
67044,67044,PINGALWADA,CWC,24,Gujarat,461,Vadodara,VADODARA,-,-,Dhadhar,Narmada,-,-,-,Dhadhar,22.11083333,73.07861111,07-06-2020 08:30,9.6
67045,67045,PINGALWADA,CWC,24,Gujarat,461,Vadodara,VADODARA,-,-,Dhadhar,Narmada,-,-,-,Dhadhar,22.11083333,73.07861111,09-06-2020 08:30,5.4
67046,67046,PINGALWADA,CWC,24,Gujarat,461,Vadodara,VADODARA,-,-,Dhadhar,Narmada,-,-,-,Dhadhar,22.11083333,73.07861111,10-06-2020 08:30,2.2
67047,67047,PINGALWADA,CWC,24,Gujarat,461,Vadodara,VADODARA,-,-,Dhadhar,Narmada,-,-,-,Dhadhar,22.11083333,73.07861111,11-06-2020 08:30,9
67048,67048,PINGALWADA,CWC,24,Gujarat,461,Vadodara,VADODARA,-,-,Dhadhar,Narmada,-,-,-,Dhadhar,22.11083333,73.07861111,13-06-2020 08:30,46
67049,67049,PINGALWADA,CWC,24,Gujarat,461,Vadodara,VADODARA,-,-,Dhadhar,Narmada,-,-,-,Dhadhar,22.11083333,73.07861111,14-06-2020 08:30,1
67050,67050,PINGALWADA,CWC,24,Gujarat,461,Vadodara,VADODARA,-,-,Dhadhar,Narmada,-,-,-,Dhadhar,22.11083333,73.07861111,15-06-2020 08:30,4
67051,67051,PINGALWADA,CWC,24,Gujarat,461,Vadodara,VADODARA,-,-,Dhadhar,Narmada,-,-,-,Dhadhar,22.11083333,73.07861111,17-06-2020 08:30,58
67052,67052,PINGALWADA,CWC,24,Gujarat,461,Vadodara,VADODARA,-,-,Dhadhar,Narmada,-,-,-,Dhadhar,22.11083333,73.07861111,22-06-2020 08:30,2
67053,67053,PINGALWADA,CWC,24,Gujarat,461,Vadodara,VADODARA,-,-,Dhadhar,Narmada,-,-,-,Dhadhar,22.11083333,73.07861111,23-06-2020 08:30,7.6
67054,67054,PINGALWADA,CWC,24,Gujarat,461,Vadodara,VADODARA,-,-,Dhadhar,Narmada,-,-,-,Dhadhar,22.11083333,73.07861111,27-06-2020 08:30,2
67055,67055,PINGALWADA,CWC,24,Gujarat,461,Vadodara,VADODARA,-,-,Dhadhar,Narmada,-,-,-,Dhadhar,22.11083333,73.07861111,01-07-2020 08:30,14.4
67056,67056,PINGALWADA,CWC,24,Gujarat,461,Vadodara,VADODARA,-,-,Dhadhar,Narmada,-,-,-,Dhadhar,22.11083333,73.07861111,04-07-2020 08:30,1.6
67057,67057,PINGALWADA,CWC,24,Gujarat,461,Vadodara,VADODARA,-,-,Dhadhar,Narmada,-,-,-,Dhadhar,22.11083333,73.07861111,06-07-2020 08:30,18.6
67058,67058,PINGALWADA,CWC,24,Gujarat,461,Vadodara,VADODARA,-,-,Dhadhar,Narmada,-,-,-,Dhadhar,22.11083333,73.07861111,07-07-2020 08:30,10.2
67059,67059,PINGALWADA,CWC,24,Gujarat,461,Vadodara,VADODARA,-,-,Dhadhar,Narmada,-,-,-,Dhadhar,22.11083333,73.07861111,08-07-2020 08:30,4
67060,67060,PINGALWADA,CWC,24,Gujarat,461,Vadodara,VADODARA,-,-,Dhadhar,Narmada,-,-,-,Dhadhar,22.11083333,73.07861111,10-07-2020 08:30,4.8
67061,67061,PINGALWADA,CWC,24,Gujarat,461,Vadodara,VADODARA,-,-,Dhadhar,Narmada,-,-,-,Dhadhar,22.11083333,73.07861111,11-07-2020 08:30,2
67062,67062,PINGALWADA,CWC,24,Gujarat,461,Vadodara,VADODARA,-,-,Dhadhar,Narmada,-,-,-,Dhadhar,22.11083333,73.07861111,12-07-2020 08:30,2
67063,67063,PINGALWADA,CWC,24,Gujarat,461,Vadodara,VADODARA,-,-,Dhadhar,Narmada,-,-,-,Dhadhar,22.11083333,73.07861111,13-07-2020 08:30,7.6
67064,67064,PINGALWADA,CWC,24,Gujarat,461,Vadodara,VADODARA,-,-,Dhadhar,Narmada,-,-,-,Dhadhar,22.11083333,73.07861111,16-07-2020 08:30,2.6
67065,67065,PINGALWADA,CWC,24,Gujarat,461,Vadodara,VADODARA,-,-,Dhadhar,Narmada,-,-,-,Dhadhar,22.11083333,73.07861111,17-07-2020 08:30,1
67066,67066,PINGALWADA,CWC,24,Gujarat,461,Vadodara,VADODARA,-,-,Dhadhar,Narmada,-,-,-,Dhadhar,22.11083333,73.07861111,19-07-2020 08:30,3
67067,67067,PINGALWADA,CWC,24,Gujarat,461,Vadodara,VADODARA,-,-,Dhadhar,Narmada,-,-,-,Dhadhar,22.11083333,73.07861111,21-07-2020 08:30,1.2
67068,67068,PINGALWADA,CWC,24,Gujarat,461,Vadodara,VADODARA,-,-,Dhadhar,Narmada,-,-,-,Dhadhar,22.11083333,73.07861111,22-07-2020 08:30,2.4
67069,67069,PINGALWADA,CWC,24,Gujarat,461,Vadodara,VADODARA,-,-,Dhadhar,Narmada,-,-,-,Dhadhar,22.11083333,73.07861111,23-07-2020 08:30,0.4
67070,67070,PINGALWADA,CWC,24,Gujarat,461,Vadodara,VADODARA,-,-,Dhadhar,Narmada,-,-,-,Dhadhar,22.11083333,73.07861111,25-07-2020 08:30,8.4
67071,67071,PINGALWADA,CWC,24,Gujarat,461,Vadodara,VADODARA,-,-,Dhadhar,Narmada,-,-,-,Dhadhar,22.11083333,73.07861111,26-07-2020 08:30,4.4
67072,67072,PINGALWADA,CWC,24,Gujarat,461,Vadodara,VADODARA,-,-,Dhadhar,Narmada,-,-,-,Dhadhar,22.11083333,73.07861111,27-07-2020 08:30,1.2
67073,67073,PINGALWADA,CWC,24,Gujarat,461,Vadodara,VADODARA,-,-,Dhadhar,Narmada,-,-,-,Dhadhar,22.11083333,73.07861111,30-07-2020 08:30,1
67074,67074,PINGALWADA,CWC,24,Gujarat,461,Vadodara,VADODARA,-,-,Dhadhar,Narmada,-,-,-,Dhadhar,22.11083333,73.07861111,31-07-2020 08:30,43
67075,67075,PINGALWADA,CWC,24,Gujarat,461,Vadodara,VADODARA,-,-,Dhadhar,Narmada,-,-,-,Dhadhar,22.11083333,73.07861111,05-08-2020 08:30,8
67076,67076,PINGALWADA,CWC,24,Gujarat,461,Vadodara,VADODARA,-,-,Dhadhar,Narmada,-,-,-,Dhadhar,22.11083333,73.07861111,06-08-2020 08:30,13.2
67077,67077,PINGALWADA,CWC,24,Gujarat,461,Vadodara,VADODARA,-,-,Dhadhar,Narmada,-,-,-,Dhadhar,22.11083333,73.07861111,07-08-2020 08:30,12.4
67078,67078,PINGALWADA,CWC,24,Gujarat,461,Vadodara,VADODARA,-,-,Dhadhar,Narmada,-,-,-,Dhadhar,22.11083333,73.07861111,08-08-2020 08:30,5.4
67079,67079,PINGALWADA,CWC,24,Gujarat,461,Vadodara,VADODARA,-,-,Dhadhar,Narmada,-,-,-,Dhadhar,22.11083333,73.07861111,09-08-2020 08:30,6.8
67080,67080,PINGALWADA,CWC,24,Gujarat,461,Vadodara,VADODARA,-,-,Dhadhar,Narmada,-,-,-,Dhadhar,22.11083333,73.07861111,10-08-2020 08:30,13
67081,67081,PINGALWADA,CWC,24,Gujarat,461,Vadodara,VADODARA,-,-,Dhadhar,Narmada,-,-,-,Dhadhar,22.11083333,73.07861111,12-08-2020 08:30,6
67082,67082,PINGALWADA,CWC,24,Gujarat,461,Vadodara,VADODARA,-,-,Dhadhar,Narmada,-,-,-,Dhadhar,22.11083333,73.07861111,13-08-2020 08:30,50.8
67083,67083,PINGALWADA,CWC,24,Gujarat,461,Vadodara,VADODARA,-,-,Dhadhar,Narmada,-,-,-,Dhadhar,22.11083333,73.07861111,14-08-2020 08:30,81.4
67084,67084,PINGALWADA,CWC,24,Gujarat,461,Vadodara,VADODARA,-,-,Dhadhar,Narmada,-,-,-,Dhadhar,22.11083333,73.07861111,15-08-2020 08:30,64.2
67085,67085,PINGALWADA,CWC,24,Gujarat,461,Vadodara,VADODARA,-,-,Dhadhar,Narmada,-,-,-,Dhadhar,22.11083333,73.07861111,16-08-2020 08:30,77.2
67086,67086,PINGALWADA,CWC,24,Gujarat,461,Vadodara,VADODARA,-,-,Dhadhar,Narmada,-,-,-,Dhadhar,22.11083333,73.07861111,17-08-2020 08:30,11
67087,67087,PINGALWADA,CWC,24,Gujarat,461,Vadodara,VADODARA,-,-,Dhadhar,Narmada,-,-,-,Dhadhar,22.11083333,73.07861111,18-08-2020 08:30,20.8
67088,67088,PINGALWADA,CWC,24,Gujarat,461,Vadodara,VADODARA,-,-,Dhadhar,Narmada,-,-,-,Dhadhar,22.11083333,73.07861111,20-08-2020 08:30,3.2
67089,67089,PINGALWADA,CWC,24,Gujarat,461,Vadodara,VADODARA,-,-,Dhadhar,Narmada,-,-,-,Dhadhar,22.11083333,73.07861111,21-08-2020 08:30,18
67090,67090,PINGALWADA,CWC,24,Gujarat,461,Vadodara,VADODARA,-,-,Dhadhar,Narmada,-,-,-,Dhadhar,22.11083333,73.07861111,22-08-2020 08:30,1.2
67091,67091,PINGALWADA,CWC,24,Gujarat,461,Vadodara,VADODARA,-,-,Dhadhar,Narmada,-,-,-,Dhadhar,22.11083333,73.07861111,23-08-2020 08:30,54
67092,67092,PINGALWADA,CWC,24,Gujarat,461,Vadodara,VADODARA,-,-,Dhadhar,Narmada,-,-,-,Dhadhar,22.11083333,73.07861111,24-08-2020 08:30,30.2
67093,67093,PINGALWADA,CWC,24,Gujarat,461,Vadodara,VADODARA,-,-,Dhadhar,Narmada,-,-,-,Dhadhar,22.11083333,73.07861111,25-08-2020 08:30,8
67094,67094,PINGALWADA,CWC,24,Gujarat,461,Vadodara,VADODARA,-,-,Dhadhar,Narmada,-,-,-,Dhadhar,22.11083333,73.07861111,26-08-2020 08:30,3
67095,67095,PINGALWADA,CWC,24,Gujarat,461,Vadodara,VADODARA,-,-,Dhadhar,Narmada,-,-,-,Dhadhar,22.11083333,73.07861111,27-08-2020 08:30,1.4
67096,67096,PINGALWADA,CWC,24,Gujarat,461,Vadodara,VADODARA,-,-,Dhadhar,Narmada,-,-,-,Dhadhar,22.11083333,73.07861111,29-08-2020 08:30,2
67097,67097,PINGALWADA,CWC,24,Gujarat,461,Vadodara,VADODARA,-,-,Dhadhar,Narmada,-,-,-,Dhadhar,22.11083333,73.07861111,30-08-2020 08:30,59
67098,67098,PINGALWADA,CWC,24,Gujarat,461,Vadodara,VADODARA,-,-,Dhadhar,Narmada,-,-,-,Dhadhar,22.11083333,73.07861111,31-08-2020 08:30,65.6
67099,67099,PINGALWADA,CWC,24,Gujarat,461,Vadodara,VADODARA,-,-,Dhadhar,Narmada,-,-,-,Dhadhar,22.11083333,73.07861111,01-09-2020 08:30,2
67100,67100,PINGALWADA,CWC,24,Gujarat,461,Vadodara,VADODARA,-,-,Dhadhar,Narmada,-,-,-,Dhadhar,22.11083333,73.07861111,12-09-2020 08:30,16.8
67101,67101,PINGALWADA,CWC,24,Gujarat,461,Vadodara,VADODARA,-,-,Dhadhar,Narmada,-,-,-,Dhadhar,22.11083333,73.07861111,18-09-2020 08:30,5
67102,67102,PINGALWADA,CWC,24,Gujarat,461,Vadodara,VADODARA,-,-,Dhadhar,Narmada,-,-,-,Dhadhar,22.11083333,73.07861111,19-09-2020 08:30,2
67103,67103,PINGALWADA,CWC,24,Gujarat,461,Vadodara,VADODARA,-,-,Dhadhar,Narmada,-,-,-,Dhadhar,22.11083333,73.07861111,20-09-2020 08:30,5.6
67104,67104,PINGALWADA,CWC,24,Gujarat,461,Vadodara,VADODARA,-,-,Dhadhar,Narmada,-,-,-,Dhadhar,22.11083333,73.07861111,21-09-2020 08:30,12
67105,67105,PINGALWADA,CWC,24,Gujarat,461,Vadodara,VADODARA,-,-,Dhadhar,Narmada,-,-,-,Dhadhar,22.11083333,73.07861111,22-09-2020 08:30,62
67106,67106,PINGALWADA,CWC,24,Gujarat,461,Vadodara,VADODARA,-,-,Dhadhar,Narmada,-,-,-,Dhadhar,22.11083333,73.07861111,24-09-2020 08:30,12.4
67107,67107,PINGALWADA,CWC,24,Gujarat,461,Vadodara,VADODARA,-,-,Dhadhar,Narmada,-,-,-,Dhadhar,22.11083333,73.07861111,18-10-2020 08:30,5.2
