SlNo,Station,Agency,State LGD Code,State,District LGD Code,District,Tehsil,Block,Village,River,Basin,Tributary,Subtributary,SubSubtributary,Local River,Latitude,Longitude,Data Acquisition Time,Manual Daily Rainfall (mm)
1,Madhuganga Reservoir,CWC,24,Gujarat,462,Valsad,KAPRADA,-,-,Daman Ganga,West flowing rivers from Tapi to Tadri,-,-,-,-,20.19333333,73.06500000,06-06-1980 08:30,62.5
2,Madhuganga Reservoir,CWC,24,Gujarat,462,Valsad,KAPRADA,-,-,Daman Ganga,West flowing rivers from Tapi to Tadri,-,-,-,-,20.19333333,73.06500000,07-06-1980 08:30,66.2
3,Madhuganga Reservoir,CWC,24,Gujarat,462,Valsad,KAPRADA,-,-,Daman Ganga,West flowing rivers from Tapi to Tadri,-,-,-,-,20.19333333,73.06500000,08-06-1980 08:30,3
4,Madhuganga Reservoir,CWC,24,Gujarat,462,Valsad,KAPRADA,-,-,Daman Ganga,West flowing rivers from Tapi to Tadri,-,-,-,-,20.19333333,73.06500000,09-06-1980 08:30,0.2
5,Madhuganga Reservoir,CWC,24,Gujarat,462,Valsad,KAPRADA,-,-,Daman Ganga,West flowing rivers from Tapi to Tadri,-,-,-,-,20.19333333,73.06500000,10-06-1980 08:30,37.25
6,Madhuganga Reservoir,CWC,24,Gujarat,462,Valsad,KAPRADA,-,-,Daman Ganga,West flowing rivers from Tapi to Tadri,-,-,-,-,20.19333333,73.06500000,12-06-1980 08:30,2.9
7,Madhuganga Reservoir,CWC,24,Gujarat,462,Valsad,KAPRADA,-,-,Daman Ganga,West flowing rivers from Tapi to Tadri,-,-,-,-,20.19333333,73.06500000,15-06-1980 08:30,39.2
8,Madhuganga Reservoir,CWC,24,Gujarat,462,Valsad,KAPRADA,-,-,Daman Ganga,West flowing rivers from Tapi to Tadri,-,-,-,-,20.19333333,73.06500000,16-06-1980 08:30,0.4
9,Madhuganga Reservoir,CWC,24,Gujarat,462,Valsad,KAPRADA,-,-,Daman Ganga,West flowing rivers from Tapi to Tadri,-,-,-,-,20.19333333,73.06500000,17-06-1980 08:30,9
10,Madhuganga Reservoir,CWC,24,Gujarat,462,Valsad,KAPRADA,-,-,Daman Ganga,West flowing rivers from Tapi to Tadri,-,-,-,-,20.19333333,73.06500000,18-06-1980 08:30,15.5
11,Madhuganga Reservoir,CWC,24,Gujarat,462,Valsad,KAPRADA,-,-,Daman Ganga,West flowing rivers from Tapi to Tadri,-,-,-,-,20.19333333,73.06500000,22-06-1980 08:30,1
12,Madhuganga Reservoir,CWC,24,Gujarat,462,Valsad,KAPRADA,-,-,Daman Ganga,West flowing rivers from Tapi to Tadri,-,-,-,-,20.19333333,73.06500000,23-06-1980 08:30,51
13,Madhuganga Reservoir,CWC,24,Gujarat,462,Valsad,KAPRADA,-,-,Daman Ganga,West flowing rivers from Tapi to Tadri,-,-,-,-,20.19333333,73.06500000,24-06-1980 08:30,67
14,Madhuganga Reservoir,CWC,24,Gujarat,462,Valsad,KAPRADA,-,-,Daman Ganga,West flowing rivers from Tapi to Tadri,-,-,-,-,20.19333333,73.06500000,25-06-1980 08:30,7.25
15,Madhuganga Reservoir,CWC,24,Gujarat,462,Valsad,KAPRADA,-,-,Daman Ganga,West flowing rivers from Tapi to Tadri,-,-,-,-,20.19333333,73.06500000,26-06-1980 08:30,14
16,Madhuganga Reservoir,CWC,24,Gujarat,462,Valsad,KAPRADA,-,-,Daman Ganga,West flowing rivers from Tapi to Tadri,-,-,-,-,20.19333333,73.06500000,27-06-1980 08:30,7.4
17,Madhuganga Reservoir,CWC,24,Gujarat,462,Valsad,KAPRADA,-,-,Daman Ganga,West flowing rivers from Tapi to Tadri,-,-,-,-,20.19333333,73.06500000,28-06-1980 08:30,53.5
18,Madhuganga Reservoir,CWC,24,Gujarat,462,Valsad,KAPRADA,-,-,Daman Ganga,West flowing rivers from Tapi to Tadri,-,-,-,-,20.19333333,73.06500000,29-06-1980 08:30,44.8
19,Madhuganga Reservoir,CWC,24,Gujarat,462,Valsad,KAPRADA,-,-,Daman Ganga,West flowing rivers from Tapi to Tadri,-,-,-,-,20.19333333,73.06500000,30-06-1980 08:30,19.5
20,Madhuganga Reservoir,CWC,24,Gujarat,462,Valsad,KAPRADA,-,-,Daman Ganga,West flowing rivers from Tapi to Tadri,-,-,-,-,20.19333333,73.06500000,01-07-1980 08:30,98.5
21,Madhuganga Reservoir,CWC,24,Gujarat,462,Valsad,KAPRADA,-,-,Daman Ganga,West flowing rivers from Tapi to Tadri,-,-,-,-,20.19333333,73.06500000,02-07-1980 08:30,48.75
22,Madhuganga Reservoir,CWC,24,Gujarat,462,Valsad,KAPRADA,-,-,Daman Ganga,West flowing rivers from Tapi to Tadri,-,-,-,-,20.19333333,73.06500000,03-07-1980 08:30,182.8
23,Madhuganga Reservoir,CWC,24,Gujarat,462,Valsad,KAPRADA,-,-,Daman Ganga,West flowing rivers from Tapi to Tadri,-,-,-,-,20.19333333,73.06500000,04-07-1980 08:30,100
24,Madhuganga Reservoir,CWC,24,Gujarat,462,Valsad,KAPRADA,-,-,Daman Ganga,West flowing rivers from Tapi to Tadri,-,-,-,-,20.19333333,73.06500000,05-07-1980 08:30,32.5
25,Madhuganga Reservoir,CWC,24,Gujarat,462,Valsad,KAPRADA,-,-,Daman Ganga,West flowing rivers from Tapi to Tadri,-,-,-,-,20.19333333,73.06500000,06-07-1980 08:30,19.5
26,Madhuganga Reservoir,CWC,24,Gujarat,462,Valsad,KAPRADA,-,-,Daman Ganga,West flowing rivers from Tapi to Tadri,-,-,-,-,20.19333333,73.06500000,07-07-1980 08:30,10.8
27,Madhuganga Reservoir,CWC,24,Gujarat,462,Valsad,KAPRADA,-,-,Daman Ganga,West flowing rivers from Tapi to Tadri,-,-,-,-,20.19333333,73.06500000,08-07-1980 08:30,40
28,Madhuganga Reservoir,CWC,24,Gujarat,462,Valsad,KAPRADA,-,-,Daman Ganga,West flowing rivers from Tapi to Tadri,-,-,-,-,20.19333333,73.06500000,09-07-1980 08:30,2.7
29,Madhuganga Reservoir,CWC,24,Gujarat,462,Valsad,KAPRADA,-,-,Daman Ganga,West flowing rivers from Tapi to Tadri,-,-,-,-,20.19333333,73.06500000,10-07-1980 08:30,2.2
30,Madhuganga Reservoir,CWC,24,Gujarat,462,Valsad,KAPRADA,-,-,Daman Ganga,West flowing rivers from Tapi to Tadri,-,-,-,-,20.19333333,73.06500000,11-07-1980 08:30,10.5
31,Madhuganga Reservoir,CWC,24,Gujarat,462,Valsad,KAPRADA,-,-,Daman Ganga,West flowing rivers from Tapi to Tadri,-,-,-,-,20.19333333,73.06500000,12-07-1980 08:30,10
32,Madhuganga Reservoir,CWC,24,Gujarat,462,Valsad,KAPRADA,-,-,Daman Ganga,West flowing rivers from Tapi to Tadri,-,-,-,-,20.19333333,73.06500000,13-07-1980 08:30,2.7
33,Madhuganga Reservoir,CWC,24,Gujarat,462,Valsad,KAPRADA,-,-,Daman Ganga,West flowing rivers from Tapi to Tadri,-,-,-,-,20.19333333,73.06500000,14-07-1980 08:30,0.5
34,Madhuganga Reservoir,CWC,24,Gujarat,462,Valsad,KAPRADA,-,-,Daman Ganga,West flowing rivers from Tapi to Tadri,-,-,-,-,20.19333333,73.06500000,15-07-1980 08:30,0.5
35,Madhuganga Reservoir,CWC,24,Gujarat,462,Valsad,KAPRADA,-,-,Daman Ganga,West flowing rivers from Tapi to Tadri,-,-,-,-,20.19333333,73.06500000,16-07-1980 08:30,1.6
36,Madhuganga Reservoir,CWC,24,Gujarat,462,Valsad,KAPRADA,-,-,Daman Ganga,West flowing rivers from Tapi to Tadri,-,-,-,-,20.19333333,73.06500000,17-07-1980 08:30,3
37,Madhuganga Reservoir,CWC,24,Gujarat,462,Valsad,KAPRADA,-,-,Daman Ganga,West flowing rivers from Tapi to Tadri,-,-,-,-,20.19333333,73.06500000,18-07-1980 08:30,6
38,Madhuganga Reservoir,CWC,24,Gujarat,462,Valsad,KAPRADA,-,-,Daman Ganga,West flowing rivers from Tapi to Tadri,-,-,-,-,20.19333333,73.06500000,19-07-1980 08:30,8
39,Madhuganga Reservoir,CWC,24,Gujarat,462,Valsad,KAPRADA,-,-,Daman Ganga,West flowing rivers from Tapi to Tadri,-,-,-,-,20.19333333,73.06500000,20-07-1980 08:30,1.8
40,Madhuganga Reservoir,CWC,24,Gujarat,462,Valsad,KAPRADA,-,-,Daman Ganga,West flowing rivers from Tapi to Tadri,-,-,-,-,20.19333333,73.06500000,21-07-1980 08:30,1.7
41,Madhuganga Reservoir,CWC,24,Gujarat,462,Valsad,KAPRADA,-,-,Daman Ganga,West flowing rivers from Tapi to Tadri,-,-,-,-,20.19333333,73.06500000,22-07-1980 08:30,3.5
42,Madhuganga Reservoir,CWC,24,Gujarat,462,Valsad,KAPRADA,-,-,Daman Ganga,West flowing rivers from Tapi to Tadri,-,-,-,-,20.19333333,73.06500000,23-07-1980 08:30,0.75
43,Madhuganga Reservoir,CWC,24,Gujarat,462,Valsad,KAPRADA,-,-,Daman Ganga,West flowing rivers from Tapi to Tadri,-,-,-,-,20.19333333,73.06500000,24-07-1980 08:30,2.75
44,Madhuganga Reservoir,CWC,24,Gujarat,462,Valsad,KAPRADA,-,-,Daman Ganga,West flowing rivers from Tapi to Tadri,-,-,-,-,20.19333333,73.06500000,25-07-1980 08:30,32.5
45,Madhuganga Reservoir,CWC,24,Gujarat,462,Valsad,KAPRADA,-,-,Daman Ganga,West flowing rivers from Tapi to Tadri,-,-,-,-,20.19333333,73.06500000,26-07-1980 08:30,103
46,Madhuganga Reservoir,CWC,24,Gujarat,462,Valsad,KAPRADA,-,-,Daman Ganga,West flowing rivers from Tapi to Tadri,-,-,-,-,20.19333333,73.06500000,27-07-1980 08:30,108
47,Madhuganga Reservoir,CWC,24,Gujarat,462,Valsad,KAPRADA,-,-,Daman Ganga,West flowing rivers from Tapi to Tadri,-,-,-,-,20.19333333,73.06500000,28-07-1980 08:30,8
48,Madhuganga Reservoir,CWC,24,Gujarat,462,Valsad,KAPRADA,-,-,Daman Ganga,West flowing rivers from Tapi to Tadri,-,-,-,-,20.19333333,73.06500000,29-07-1980 08:30,13.8
49,Madhuganga Reservoir,CWC,24,Gujarat,462,Valsad,KAPRADA,-,-,Daman Ganga,West flowing rivers from Tapi to Tadri,-,-,-,-,20.19333333,73.06500000,30-07-1980 08:30,19.4
50,Madhuganga Reservoir,CWC,24,Gujarat,462,Valsad,KAPRADA,-,-,Daman Ganga,West flowing rivers from Tapi to Tadri,-,-,-,-,20.19333333,73.06500000,31-07-1980 08:30,27.8
51,Madhuganga Reservoir,CWC,24,Gujarat,462,Valsad,KAPRADA,-,-,Daman Ganga,West flowing rivers from Tapi to Tadri,-,-,-,-,20.19333333,73.06500000,01-08-1980 08:30,60.5
52,Madhuganga Reservoir,CWC,24,Gujarat,462,Valsad,KAPRADA,-,-,Daman Ganga,West flowing rivers from Tapi to Tadri,-,-,-,-,20.19333333,73.06500000,02-08-1980 08:30,175.5
53,Madhuganga Reservoir,CWC,24,Gujarat,462,Valsad,KAPRADA,-,-,Daman Ganga,West flowing rivers from Tapi to Tadri,-,-,-,-,20.19333333,73.06500000,03-08-1980 08:30,47.5
54,Madhuganga Reservoir,CWC,24,Gujarat,462,Valsad,KAPRADA,-,-,Daman Ganga,West flowing rivers from Tapi to Tadri,-,-,-,-,20.19333333,73.06500000,04-08-1980 08:30,108.7
55,Madhuganga Reservoir,CWC,24,Gujarat,462,Valsad,KAPRADA,-,-,Daman Ganga,West flowing rivers from Tapi to Tadri,-,-,-,-,20.19333333,73.06500000,05-08-1980 08:30,39
56,Madhuganga Reservoir,CWC,24,Gujarat,462,Valsad,KAPRADA,-,-,Daman Ganga,West flowing rivers from Tapi to Tadri,-,-,-,-,20.19333333,73.06500000,06-08-1980 08:30,14
57,Madhuganga Reservoir,CWC,24,Gujarat,462,Valsad,KAPRADA,-,-,Daman Ganga,West flowing rivers from Tapi to Tadri,-,-,-,-,20.19333333,73.06500000,07-08-1980 08:30,27
58,Madhuganga Reservoir,CWC,24,Gujarat,462,Valsad,KAPRADA,-,-,Daman Ganga,West flowing rivers from Tapi to Tadri,-,-,-,-,20.19333333,73.06500000,08-08-1980 08:30,10.6
59,Madhuganga Reservoir,CWC,24,Gujarat,462,Valsad,KAPRADA,-,-,Daman Ganga,West flowing rivers from Tapi to Tadri,-,-,-,-,20.19333333,73.06500000,09-08-1980 08:30,21.5
60,Madhuganga Reservoir,CWC,24,Gujarat,462,Valsad,KAPRADA,-,-,Daman Ganga,West flowing rivers from Tapi to Tadri,-,-,-,-,20.19333333,73.06500000,10-08-1980 08:30,3.5
61,Madhuganga Reservoir,CWC,24,Gujarat,462,Valsad,KAPRADA,-,-,Daman Ganga,West flowing rivers from Tapi to Tadri,-,-,-,-,20.19333333,73.06500000,11-08-1980 08:30,7
62,Madhuganga Reservoir,CWC,24,Gujarat,462,Valsad,KAPRADA,-,-,Daman Ganga,West flowing rivers from Tapi to Tadri,-,-,-,-,20.19333333,73.06500000,12-08-1980 08:30,1.4
63,Madhuganga Reservoir,CWC,24,Gujarat,462,Valsad,KAPRADA,-,-,Daman Ganga,West flowing rivers from Tapi to Tadri,-,-,-,-,20.19333333,73.06500000,13-08-1980 08:30,0.75
64,Madhuganga Reservoir,CWC,24,Gujarat,462,Valsad,KAPRADA,-,-,Daman Ganga,West flowing rivers from Tapi to Tadri,-,-,-,-,20.19333333,73.06500000,14-08-1980 08:30,2.5
65,Madhuganga Reservoir,CWC,24,Gujarat,462,Valsad,KAPRADA,-,-,Daman Ganga,West flowing rivers from Tapi to Tadri,-,-,-,-,20.19333333,73.06500000,15-08-1980 08:30,0.25
66,Madhuganga Reservoir,CWC,24,Gujarat,462,Valsad,KAPRADA,-,-,Daman Ganga,West flowing rivers from Tapi to Tadri,-,-,-,-,20.19333333,73.06500000,16-08-1980 08:30,0.4
67,Madhuganga Reservoir,CWC,24,Gujarat,462,Valsad,KAPRADA,-,-,Daman Ganga,West flowing rivers from Tapi to Tadri,-,-,-,-,20.19333333,73.06500000,17-08-1980 08:30,15.5
68,Madhuganga Reservoir,CWC,24,Gujarat,462,Valsad,KAPRADA,-,-,Daman Ganga,West flowing rivers from Tapi to Tadri,-,-,-,-,20.19333333,73.06500000,18-08-1980 08:30,7.8
69,Madhuganga Reservoir,CWC,24,Gujarat,462,Valsad,KAPRADA,-,-,Daman Ganga,West flowing rivers from Tapi to Tadri,-,-,-,-,20.19333333,73.06500000,19-08-1980 08:30,17.5
70,Madhuganga Reservoir,CWC,24,Gujarat,462,Valsad,KAPRADA,-,-,Daman Ganga,West flowing rivers from Tapi to Tadri,-,-,-,-,20.19333333,73.06500000,20-08-1980 08:30,0.8
71,Madhuganga Reservoir,CWC,24,Gujarat,462,Valsad,KAPRADA,-,-,Daman Ganga,West flowing rivers from Tapi to Tadri,-,-,-,-,20.19333333,73.06500000,21-08-1980 08:30,6.8
72,Madhuganga Reservoir,CWC,24,Gujarat,462,Valsad,KAPRADA,-,-,Daman Ganga,West flowing rivers from Tapi to Tadri,-,-,-,-,20.19333333,73.06500000,23-08-1980 08:30,57
73,Madhuganga Reservoir,CWC,24,Gujarat,462,Valsad,KAPRADA,-,-,Daman Ganga,West flowing rivers from Tapi to Tadri,-,-,-,-,20.19333333,73.06500000,24-08-1980 08:30,0.9
74,Madhuganga Reservoir,CWC,24,Gujarat,462,Valsad,KAPRADA,-,-,Daman Ganga,West flowing rivers from Tapi to Tadri,-,-,-,-,20.19333333,73.06500000,25-08-1980 08:30,4
75,Madhuganga Reservoir,CWC,24,Gujarat,462,Valsad,KAPRADA,-,-,Daman Ganga,West flowing rivers from Tapi to Tadri,-,-,-,-,20.19333333,73.06500000,26-08-1980 08:30,1
76,Madhuganga Reservoir,CWC,24,Gujarat,462,Valsad,KAPRADA,-,-,Daman Ganga,West flowing rivers from Tapi to Tadri,-,-,-,-,20.19333333,73.06500000,27-08-1980 08:30,11.8
77,Madhuganga Reservoir,CWC,24,Gujarat,462,Valsad,KAPRADA,-,-,Daman Ganga,West flowing rivers from Tapi to Tadri,-,-,-,-,20.19333333,73.06500000,28-08-1980 08:30,11.5
78,Madhuganga Reservoir,CWC,24,Gujarat,462,Valsad,KAPRADA,-,-,Daman Ganga,West flowing rivers from Tapi to Tadri,-,-,-,-,20.19333333,73.06500000,29-08-1980 08:30,0.2
79,Madhuganga Reservoir,CWC,24,Gujarat,462,Valsad,KAPRADA,-,-,Daman Ganga,West flowing rivers from Tapi to Tadri,-,-,-,-,20.19333333,73.06500000,30-08-1980 08:30,5.5
80,Madhuganga Reservoir,CWC,24,Gujarat,462,Valsad,KAPRADA,-,-,Daman Ganga,West flowing rivers from Tapi to Tadri,-,-,-,-,20.19333333,73.06500000,31-08-1980 08:30,15.4
81,Madhuganga Reservoir,CWC,24,Gujarat,462,Valsad,KAPRADA,-,-,Daman Ganga,West flowing rivers from Tapi to Tadri,-,-,-,-,20.19333333,73.06500000,01-09-1980 08:30,22.25
82,Madhuganga Reservoir,CWC,24,Gujarat,462,Valsad,KAPRADA,-,-,Daman Ganga,West flowing rivers from Tapi to Tadri,-,-,-,-,20.19333333,73.06500000,02-09-1980 08:30,77.5
83,Madhuganga Reservoir,CWC,24,Gujarat,462,Valsad,KAPRADA,-,-,Daman Ganga,West flowing rivers from Tapi to Tadri,-,-,-,-,20.19333333,73.06500000,03-09-1980 08:30,33.6
84,Madhuganga Reservoir,CWC,24,Gujarat,462,Valsad,KAPRADA,-,-,Daman Ganga,West flowing rivers from Tapi to Tadri,-,-,-,-,20.19333333,73.06500000,04-09-1980 08:30,7.9
85,Madhuganga Reservoir,CWC,24,Gujarat,462,Valsad,KAPRADA,-,-,Daman Ganga,West flowing rivers from Tapi to Tadri,-,-,-,-,20.19333333,73.06500000,05-09-1980 08:30,3.4
86,Madhuganga Reservoir,CWC,24,Gujarat,462,Valsad,KAPRADA,-,-,Daman Ganga,West flowing rivers from Tapi to Tadri,-,-,-,-,20.19333333,73.06500000,06-09-1980 08:30,4.3
87,Madhuganga Reservoir,CWC,24,Gujarat,462,Valsad,KAPRADA,-,-,Daman Ganga,West flowing rivers from Tapi to Tadri,-,-,-,-,20.19333333,73.06500000,09-09-1980 08:30,1
88,Madhuganga Reservoir,CWC,24,Gujarat,462,Valsad,KAPRADA,-,-,Daman Ganga,West flowing rivers from Tapi to Tadri,-,-,-,-,20.19333333,73.06500000,11-09-1980 08:30,3
89,Madhuganga Reservoir,CWC,24,Gujarat,462,Valsad,KAPRADA,-,-,Daman Ganga,West flowing rivers from Tapi to Tadri,-,-,-,-,20.19333333,73.06500000,12-09-1980 08:30,3
90,Madhuganga Reservoir,CWC,24,Gujarat,462,Valsad,KAPRADA,-,-,Daman Ganga,West flowing rivers from Tapi to Tadri,-,-,-,-,20.19333333,73.06500000,13-09-1980 08:30,0.5
91,Madhuganga Reservoir,CWC,24,Gujarat,462,Valsad,KAPRADA,-,-,Daman Ganga,West flowing rivers from Tapi to Tadri,-,-,-,-,20.19333333,73.06500000,14-09-1980 08:30,0.5
92,Madhuganga Reservoir,CWC,24,Gujarat,462,Valsad,KAPRADA,-,-,Daman Ganga,West flowing rivers from Tapi to Tadri,-,-,-,-,20.19333333,73.06500000,15-09-1980 08:30,23.4
93,Madhuganga Reservoir,CWC,24,Gujarat,462,Valsad,KAPRADA,-,-,Daman Ganga,West flowing rivers from Tapi to Tadri,-,-,-,-,20.19333333,73.06500000,16-09-1980 08:30,0.25
94,Madhuganga Reservoir,CWC,24,Gujarat,462,Valsad,KAPRADA,-,-,Daman Ganga,West flowing rivers from Tapi to Tadri,-,-,-,-,20.19333333,73.06500000,17-09-1980 08:30,5.5
95,Madhuganga Reservoir,CWC,24,Gujarat,462,Valsad,KAPRADA,-,-,Daman Ganga,West flowing rivers from Tapi to Tadri,-,-,-,-,20.19333333,73.06500000,18-09-1980 08:30,0.75
96,Madhuganga Reservoir,CWC,24,Gujarat,462,Valsad,KAPRADA,-,-,Daman Ganga,West flowing rivers from Tapi to Tadri,-,-,-,-,20.19333333,73.06500000,24-09-1980 08:30,1
97,Madhuganga Reservoir,CWC,24,Gujarat,462,Valsad,KAPRADA,-,-,Daman Ganga,West flowing rivers from Tapi to Tadri,-,-,-,-,20.19333333,73.06500000,26-09-1980 08:30,15
98,Madhuganga Reservoir,CWC,24,Gujarat,462,Valsad,KAPRADA,-,-,Daman Ganga,West flowing rivers from Tapi to Tadri,-,-,-,-,20.19333333,73.06500000,29-09-1980 08:30,12.75
99,Madhuganga Reservoir,CWC,24,Gujarat,462,Valsad,KAPRADA,-,-,Daman Ganga,West flowing rivers from Tapi to Tadri,-,-,-,-,20.19333333,73.06500000,02-10-1980 08:30,8.25
100,Madhuganga Reservoir,CWC,24,Gujarat,462,Valsad,KAPRADA,-,-,Daman Ganga,West flowing rivers from Tapi to Tadri,-,-,-,-,20.19333333,73.06500000,03-10-1980 08:30,2.7
101,Madhuganga Reservoir,CWC,24,Gujarat,462,Valsad,KAPRADA,-,-,Daman Ganga,West flowing rivers from Tapi to Tadri,-,-,-,-,20.19333333,73.06500000,20-12-1980 08:30,3
102,Madhuganga Reservoir,CWC,24,Gujarat,462,Valsad,KAPRADA,-,-,Daman Ganga,West flowing rivers from Tapi to Tadri,-,-,-,-,20.19333333,73.06500000,23-06-1981 08:30,7
103,Madhuganga Reservoir,CWC,24,Gujarat,462,Valsad,KAPRADA,-,-,Daman Ganga,West flowing rivers from Tapi to Tadri,-,-,-,-,20.19333333,73.06500000,24-06-1981 08:30,2.2
104,Madhuganga Reservoir,CWC,24,Gujarat,462,Valsad,KAPRADA,-,-,Daman Ganga,West flowing rivers from Tapi to Tadri,-,-,-,-,20.19333333,73.06500000,25-06-1981 08:30,22.4
105,Madhuganga Reservoir,CWC,24,Gujarat,462,Valsad,KAPRADA,-,-,Daman Ganga,West flowing rivers from Tapi to Tadri,-,-,-,-,20.19333333,73.06500000,26-06-1981 08:30,87.5
106,Madhuganga Reservoir,CWC,24,Gujarat,462,Valsad,KAPRADA,-,-,Daman Ganga,West flowing rivers from Tapi to Tadri,-,-,-,-,20.19333333,73.06500000,27-06-1981 08:30,31
107,Madhuganga Reservoir,CWC,24,Gujarat,462,Valsad,KAPRADA,-,-,Daman Ganga,West flowing rivers from Tapi to Tadri,-,-,-,-,20.19333333,73.06500000,28-06-1981 08:30,20.5
108,Madhuganga Reservoir,CWC,24,Gujarat,462,Valsad,KAPRADA,-,-,Daman Ganga,West flowing rivers from Tapi to Tadri,-,-,-,-,20.19333333,73.06500000,29-06-1981 08:30,101.25
109,Madhuganga Reservoir,CWC,24,Gujarat,462,Valsad,KAPRADA,-,-,Daman Ganga,West flowing rivers from Tapi to Tadri,-,-,-,-,20.19333333,73.06500000,30-06-1981 08:30,135.2
110,Madhuganga Reservoir,CWC,24,Gujarat,462,Valsad,KAPRADA,-,-,Daman Ganga,West flowing rivers from Tapi to Tadri,-,-,-,-,20.19333333,73.06500000,01-07-1981 08:30,108
111,Madhuganga Reservoir,CWC,24,Gujarat,462,Valsad,KAPRADA,-,-,Daman Ganga,West flowing rivers from Tapi to Tadri,-,-,-,-,20.19333333,73.06500000,02-07-1981 08:30,72
112,Madhuganga Reservoir,CWC,24,Gujarat,462,Valsad,KAPRADA,-,-,Daman Ganga,West flowing rivers from Tapi to Tadri,-,-,-,-,20.19333333,73.06500000,03-07-1981 08:30,23.25
113,Madhuganga Reservoir,CWC,24,Gujarat,462,Valsad,KAPRADA,-,-,Daman Ganga,West flowing rivers from Tapi to Tadri,-,-,-,-,20.19333333,73.06500000,04-07-1981 08:30,4
114,Madhuganga Reservoir,CWC,24,Gujarat,462,Valsad,KAPRADA,-,-,Daman Ganga,West flowing rivers from Tapi to Tadri,-,-,-,-,20.19333333,73.06500000,05-07-1981 08:30,0.2
115,Madhuganga Reservoir,CWC,24,Gujarat,462,Valsad,KAPRADA,-,-,Daman Ganga,West flowing rivers from Tapi to Tadri,-,-,-,-,20.19333333,73.06500000,06-07-1981 08:30,37.2
116,Madhuganga Reservoir,CWC,24,Gujarat,462,Valsad,KAPRADA,-,-,Daman Ganga,West flowing rivers from Tapi to Tadri,-,-,-,-,20.19333333,73.06500000,07-07-1981 08:30,107.3
117,Madhuganga Reservoir,CWC,24,Gujarat,462,Valsad,KAPRADA,-,-,Daman Ganga,West flowing rivers from Tapi to Tadri,-,-,-,-,20.19333333,73.06500000,08-07-1981 08:30,17.8
118,Madhuganga Reservoir,CWC,24,Gujarat,462,Valsad,KAPRADA,-,-,Daman Ganga,West flowing rivers from Tapi to Tadri,-,-,-,-,20.19333333,73.06500000,09-07-1981 08:30,177
119,Madhuganga Reservoir,CWC,24,Gujarat,462,Valsad,KAPRADA,-,-,Daman Ganga,West flowing rivers from Tapi to Tadri,-,-,-,-,20.19333333,73.06500000,10-07-1981 08:30,76.2
120,Madhuganga Reservoir,CWC,24,Gujarat,462,Valsad,KAPRADA,-,-,Daman Ganga,West flowing rivers from Tapi to Tadri,-,-,-,-,20.19333333,73.06500000,11-07-1981 08:30,15.1
121,Madhuganga Reservoir,CWC,24,Gujarat,462,Valsad,KAPRADA,-,-,Daman Ganga,West flowing rivers from Tapi to Tadri,-,-,-,-,20.19333333,73.06500000,12-07-1981 08:30,10
122,Madhuganga Reservoir,CWC,24,Gujarat,462,Valsad,KAPRADA,-,-,Daman Ganga,West flowing rivers from Tapi to Tadri,-,-,-,-,20.19333333,73.06500000,13-07-1981 08:30,32.7
123,Madhuganga Reservoir,CWC,24,Gujarat,462,Valsad,KAPRADA,-,-,Daman Ganga,West flowing rivers from Tapi to Tadri,-,-,-,-,20.19333333,73.06500000,14-07-1981 08:30,126.25
124,Madhuganga Reservoir,CWC,24,Gujarat,462,Valsad,KAPRADA,-,-,Daman Ganga,West flowing rivers from Tapi to Tadri,-,-,-,-,20.19333333,73.06500000,15-07-1981 08:30,58.4
125,Madhuganga Reservoir,CWC,24,Gujarat,462,Valsad,KAPRADA,-,-,Daman Ganga,West flowing rivers from Tapi to Tadri,-,-,-,-,20.19333333,73.06500000,16-07-1981 08:30,58.7
126,Madhuganga Reservoir,CWC,24,Gujarat,462,Valsad,KAPRADA,-,-,Daman Ganga,West flowing rivers from Tapi to Tadri,-,-,-,-,20.19333333,73.06500000,17-07-1981 08:30,55.6
127,Madhuganga Reservoir,CWC,24,Gujarat,462,Valsad,KAPRADA,-,-,Daman Ganga,West flowing rivers from Tapi to Tadri,-,-,-,-,20.19333333,73.06500000,18-07-1981 08:30,1.8
128,Madhuganga Reservoir,CWC,24,Gujarat,462,Valsad,KAPRADA,-,-,Daman Ganga,West flowing rivers from Tapi to Tadri,-,-,-,-,20.19333333,73.06500000,19-07-1981 08:30,6.2
129,Madhuganga Reservoir,CWC,24,Gujarat,462,Valsad,KAPRADA,-,-,Daman Ganga,West flowing rivers from Tapi to Tadri,-,-,-,-,20.19333333,73.06500000,20-07-1981 08:30,5.7
130,Madhuganga Reservoir,CWC,24,Gujarat,462,Valsad,KAPRADA,-,-,Daman Ganga,West flowing rivers from Tapi to Tadri,-,-,-,-,20.19333333,73.06500000,21-07-1981 08:30,17.6
131,Madhuganga Reservoir,CWC,24,Gujarat,462,Valsad,KAPRADA,-,-,Daman Ganga,West flowing rivers from Tapi to Tadri,-,-,-,-,20.19333333,73.06500000,22-07-1981 08:30,70
132,Madhuganga Reservoir,CWC,24,Gujarat,462,Valsad,KAPRADA,-,-,Daman Ganga,West flowing rivers from Tapi to Tadri,-,-,-,-,20.19333333,73.06500000,23-07-1981 08:30,50.2
133,Madhuganga Reservoir,CWC,24,Gujarat,462,Valsad,KAPRADA,-,-,Daman Ganga,West flowing rivers from Tapi to Tadri,-,-,-,-,20.19333333,73.06500000,24-07-1981 08:30,19.1
134,Madhuganga Reservoir,CWC,24,Gujarat,462,Valsad,KAPRADA,-,-,Daman Ganga,West flowing rivers from Tapi to Tadri,-,-,-,-,20.19333333,73.06500000,25-07-1981 08:30,12.6
135,Madhuganga Reservoir,CWC,24,Gujarat,462,Valsad,KAPRADA,-,-,Daman Ganga,West flowing rivers from Tapi to Tadri,-,-,-,-,20.19333333,73.06500000,26-07-1981 08:30,2.5
136,Madhuganga Reservoir,CWC,24,Gujarat,462,Valsad,KAPRADA,-,-,Daman Ganga,West flowing rivers from Tapi to Tadri,-,-,-,-,20.19333333,73.06500000,27-07-1981 08:30,18
137,Madhuganga Reservoir,CWC,24,Gujarat,462,Valsad,KAPRADA,-,-,Daman Ganga,West flowing rivers from Tapi to Tadri,-,-,-,-,20.19333333,73.06500000,28-07-1981 08:30,33.9
138,Madhuganga Reservoir,CWC,24,Gujarat,462,Valsad,KAPRADA,-,-,Daman Ganga,West flowing rivers from Tapi to Tadri,-,-,-,-,20.19333333,73.06500000,29-07-1981 08:30,27.8
139,Madhuganga Reservoir,CWC,24,Gujarat,462,Valsad,KAPRADA,-,-,Daman Ganga,West flowing rivers from Tapi to Tadri,-,-,-,-,20.19333333,73.06500000,30-07-1981 08:30,3.9
140,Madhuganga Reservoir,CWC,24,Gujarat,462,Valsad,KAPRADA,-,-,Daman Ganga,West flowing rivers from Tapi to Tadri,-,-,-,-,20.19333333,73.06500000,31-07-1981 08:30,0.4
141,Madhuganga Reservoir,CWC,24,Gujarat,462,Valsad,KAPRADA,-,-,Daman Ganga,West flowing rivers from Tapi to Tadri,-,-,-,-,20.19333333,73.06500000,01-08-1981 08:30,40.8
142,Madhuganga Reservoir,CWC,24,Gujarat,462,Valsad,KAPRADA,-,-,Daman Ganga,West flowing rivers from Tapi to Tadri,-,-,-,-,20.19333333,73.06500000,02-08-1981 08:30,3.1
143,Madhuganga Reservoir,CWC,24,Gujarat,462,Valsad,KAPRADA,-,-,Daman Ganga,West flowing rivers from Tapi to Tadri,-,-,-,-,20.19333333,73.06500000,03-08-1981 08:30,2.5
144,Madhuganga Reservoir,CWC,24,Gujarat,462,Valsad,KAPRADA,-,-,Daman Ganga,West flowing rivers from Tapi to Tadri,-,-,-,-,20.19333333,73.06500000,04-08-1981 08:30,7
145,Madhuganga Reservoir,CWC,24,Gujarat,462,Valsad,KAPRADA,-,-,Daman Ganga,West flowing rivers from Tapi to Tadri,-,-,-,-,20.19333333,73.06500000,05-08-1981 08:30,100.2
146,Madhuganga Reservoir,CWC,24,Gujarat,462,Valsad,KAPRADA,-,-,Daman Ganga,West flowing rivers from Tapi to Tadri,-,-,-,-,20.19333333,73.06500000,06-08-1981 08:30,84.5
147,Madhuganga Reservoir,CWC,24,Gujarat,462,Valsad,KAPRADA,-,-,Daman Ganga,West flowing rivers from Tapi to Tadri,-,-,-,-,20.19333333,73.06500000,07-08-1981 08:30,34.75
148,Madhuganga Reservoir,CWC,24,Gujarat,462,Valsad,KAPRADA,-,-,Daman Ganga,West flowing rivers from Tapi to Tadri,-,-,-,-,20.19333333,73.06500000,08-08-1981 08:30,13
149,Madhuganga Reservoir,CWC,24,Gujarat,462,Valsad,KAPRADA,-,-,Daman Ganga,West flowing rivers from Tapi to Tadri,-,-,-,-,20.19333333,73.06500000,09-08-1981 08:30,9.25
150,Madhuganga Reservoir,CWC,24,Gujarat,462,Valsad,KAPRADA,-,-,Daman Ganga,West flowing rivers from Tapi to Tadri,-,-,-,-,20.19333333,73.06500000,10-08-1981 08:30,47.75
151,Madhuganga Reservoir,CWC,24,Gujarat,462,Valsad,KAPRADA,-,-,Daman Ganga,West flowing rivers from Tapi to Tadri,-,-,-,-,20.19333333,73.06500000,11-08-1981 08:30,57.8
152,Madhuganga Reservoir,CWC,24,Gujarat,462,Valsad,KAPRADA,-,-,Daman Ganga,West flowing rivers from Tapi to Tadri,-,-,-,-,20.19333333,73.06500000,12-08-1981 08:30,2.6
153,Madhuganga Reservoir,CWC,24,Gujarat,462,Valsad,KAPRADA,-,-,Daman Ganga,West flowing rivers from Tapi to Tadri,-,-,-,-,20.19333333,73.06500000,13-08-1981 08:30,1.3
154,Madhuganga Reservoir,CWC,24,Gujarat,462,Valsad,KAPRADA,-,-,Daman Ganga,West flowing rivers from Tapi to Tadri,-,-,-,-,20.19333333,73.06500000,14-08-1981 08:30,6
155,Madhuganga Reservoir,CWC,24,Gujarat,462,Valsad,KAPRADA,-,-,Daman Ganga,West flowing rivers from Tapi to Tadri,-,-,-,-,20.19333333,73.06500000,15-08-1981 08:30,20
156,Madhuganga Reservoir,CWC,24,Gujarat,462,Valsad,KAPRADA,-,-,Daman Ganga,West flowing rivers from Tapi to Tadri,-,-,-,-,20.19333333,73.06500000,16-08-1981 08:30,26.2
157,Madhuganga Reservoir,CWC,24,Gujarat,462,Valsad,KAPRADA,-,-,Daman Ganga,West flowing rivers from Tapi to Tadri,-,-,-,-,20.19333333,73.06500000,17-08-1981 08:30,14
158,Madhuganga Reservoir,CWC,24,Gujarat,462,Valsad,KAPRADA,-,-,Daman Ganga,West flowing rivers from Tapi to Tadri,-,-,-,-,20.19333333,73.06500000,18-08-1981 08:30,46.8
159,Madhuganga Reservoir,CWC,24,Gujarat,462,Valsad,KAPRADA,-,-,Daman Ganga,West flowing rivers from Tapi to Tadri,-,-,-,-,20.19333333,73.06500000,19-08-1981 08:30,22
160,Madhuganga Reservoir,CWC,24,Gujarat,462,Valsad,KAPRADA,-,-,Daman Ganga,West flowing rivers from Tapi to Tadri,-,-,-,-,20.19333333,73.06500000,20-08-1981 08:30,4.5
161,Madhuganga Reservoir,CWC,24,Gujarat,462,Valsad,KAPRADA,-,-,Daman Ganga,West flowing rivers from Tapi to Tadri,-,-,-,-,20.19333333,73.06500000,21-08-1981 08:30,24.5
162,Madhuganga Reservoir,CWC,24,Gujarat,462,Valsad,KAPRADA,-,-,Daman Ganga,West flowing rivers from Tapi to Tadri,-,-,-,-,20.19333333,73.06500000,22-08-1981 08:30,3.25
163,Madhuganga Reservoir,CWC,24,Gujarat,462,Valsad,KAPRADA,-,-,Daman Ganga,West flowing rivers from Tapi to Tadri,-,-,-,-,20.19333333,73.06500000,23-08-1981 08:30,4.5
164,Madhuganga Reservoir,CWC,24,Gujarat,462,Valsad,KAPRADA,-,-,Daman Ganga,West flowing rivers from Tapi to Tadri,-,-,-,-,20.19333333,73.06500000,24-08-1981 08:30,0.5
165,Madhuganga Reservoir,CWC,24,Gujarat,462,Valsad,KAPRADA,-,-,Daman Ganga,West flowing rivers from Tapi to Tadri,-,-,-,-,20.19333333,73.06500000,26-08-1981 08:30,3.1
166,Madhuganga Reservoir,CWC,24,Gujarat,462,Valsad,KAPRADA,-,-,Daman Ganga,West flowing rivers from Tapi to Tadri,-,-,-,-,20.19333333,73.06500000,27-08-1981 08:30,7.75
167,Madhuganga Reservoir,CWC,24,Gujarat,462,Valsad,KAPRADA,-,-,Daman Ganga,West flowing rivers from Tapi to Tadri,-,-,-,-,20.19333333,73.06500000,28-08-1981 08:30,14.5
168,Madhuganga Reservoir,CWC,24,Gujarat,462,Valsad,KAPRADA,-,-,Daman Ganga,West flowing rivers from Tapi to Tadri,-,-,-,-,20.19333333,73.06500000,29-08-1981 08:30,2.3
169,Madhuganga Reservoir,CWC,24,Gujarat,462,Valsad,KAPRADA,-,-,Daman Ganga,West flowing rivers from Tapi to Tadri,-,-,-,-,20.19333333,73.06500000,30-08-1981 08:30,0.7
170,Madhuganga Reservoir,CWC,24,Gujarat,462,Valsad,KAPRADA,-,-,Daman Ganga,West flowing rivers from Tapi to Tadri,-,-,-,-,20.19333333,73.06500000,31-08-1981 08:30,0.2
171,Madhuganga Reservoir,CWC,24,Gujarat,462,Valsad,KAPRADA,-,-,Daman Ganga,West flowing rivers from Tapi to Tadri,-,-,-,-,20.19333333,73.06500000,06-09-1981 08:30,13.9
172,Madhuganga Reservoir,CWC,24,Gujarat,462,Valsad,KAPRADA,-,-,Daman Ganga,West flowing rivers from Tapi to Tadri,-,-,-,-,20.19333333,73.06500000,07-09-1981 08:30,6.4
173,Madhuganga Reservoir,CWC,24,Gujarat,462,Valsad,KAPRADA,-,-,Daman Ganga,West flowing rivers from Tapi to Tadri,-,-,-,-,20.19333333,73.06500000,10-09-1981 08:30,0.3
174,Madhuganga Reservoir,CWC,24,Gujarat,462,Valsad,KAPRADA,-,-,Daman Ganga,West flowing rivers from Tapi to Tadri,-,-,-,-,20.19333333,73.06500000,11-09-1981 08:30,13
175,Madhuganga Reservoir,CWC,24,Gujarat,462,Valsad,KAPRADA,-,-,Daman Ganga,West flowing rivers from Tapi to Tadri,-,-,-,-,20.19333333,73.06500000,13-09-1981 08:30,8.75
176,Madhuganga Reservoir,CWC,24,Gujarat,462,Valsad,KAPRADA,-,-,Daman Ganga,West flowing rivers from Tapi to Tadri,-,-,-,-,20.19333333,73.06500000,15-09-1981 08:30,21.25
177,Madhuganga Reservoir,CWC,24,Gujarat,462,Valsad,KAPRADA,-,-,Daman Ganga,West flowing rivers from Tapi to Tadri,-,-,-,-,20.19333333,73.06500000,16-09-1981 08:30,11.7
178,Madhuganga Reservoir,CWC,24,Gujarat,462,Valsad,KAPRADA,-,-,Daman Ganga,West flowing rivers from Tapi to Tadri,-,-,-,-,20.19333333,73.06500000,17-09-1981 08:30,2.9
179,Madhuganga Reservoir,CWC,24,Gujarat,462,Valsad,KAPRADA,-,-,Daman Ganga,West flowing rivers from Tapi to Tadri,-,-,-,-,20.19333333,73.06500000,18-09-1981 08:30,11.25
180,Madhuganga Reservoir,CWC,24,Gujarat,462,Valsad,KAPRADA,-,-,Daman Ganga,West flowing rivers from Tapi to Tadri,-,-,-,-,20.19333333,73.06500000,19-09-1981 08:30,14.1
181,Madhuganga Reservoir,CWC,24,Gujarat,462,Valsad,KAPRADA,-,-,Daman Ganga,West flowing rivers from Tapi to Tadri,-,-,-,-,20.19333333,73.06500000,20-09-1981 08:30,6.5
182,Madhuganga Reservoir,CWC,24,Gujarat,462,Valsad,KAPRADA,-,-,Daman Ganga,West flowing rivers from Tapi to Tadri,-,-,-,-,20.19333333,73.06500000,22-09-1981 08:30,50
183,Madhuganga Reservoir,CWC,24,Gujarat,462,Valsad,KAPRADA,-,-,Daman Ganga,West flowing rivers from Tapi to Tadri,-,-,-,-,20.19333333,73.06500000,23-09-1981 08:30,48.25
184,Madhuganga Reservoir,CWC,24,Gujarat,462,Valsad,KAPRADA,-,-,Daman Ganga,West flowing rivers from Tapi to Tadri,-,-,-,-,20.19333333,73.06500000,24-09-1981 08:30,107.75
185,Madhuganga Reservoir,CWC,24,Gujarat,462,Valsad,KAPRADA,-,-,Daman Ganga,West flowing rivers from Tapi to Tadri,-,-,-,-,20.19333333,73.06500000,25-09-1981 08:30,17.25
186,Madhuganga Reservoir,CWC,24,Gujarat,462,Valsad,KAPRADA,-,-,Daman Ganga,West flowing rivers from Tapi to Tadri,-,-,-,-,20.19333333,73.06500000,27-09-1981 08:30,10.9
187,Madhuganga Reservoir,CWC,24,Gujarat,462,Valsad,KAPRADA,-,-,Daman Ganga,West flowing rivers from Tapi to Tadri,-,-,-,-,20.19333333,73.06500000,28-09-1981 08:30,61.8
188,Madhuganga Reservoir,CWC,24,Gujarat,462,Valsad,KAPRADA,-,-,Daman Ganga,West flowing rivers from Tapi to Tadri,-,-,-,-,20.19333333,73.06500000,29-09-1981 08:30,8
189,Madhuganga Reservoir,CWC,24,Gujarat,462,Valsad,KAPRADA,-,-,Daman Ganga,West flowing rivers from Tapi to Tadri,-,-,-,-,20.19333333,73.06500000,30-09-1981 08:30,8.2
190,Madhuganga Reservoir,CWC,24,Gujarat,462,Valsad,KAPRADA,-,-,Daman Ganga,West flowing rivers from Tapi to Tadri,-,-,-,-,20.19333333,73.06500000,01-10-1981 08:30,72.25
191,Madhuganga Reservoir,CWC,24,Gujarat,462,Valsad,KAPRADA,-,-,Daman Ganga,West flowing rivers from Tapi to Tadri,-,-,-,-,20.19333333,73.06500000,02-10-1981 08:30,1
192,Madhuganga Reservoir,CWC,24,Gujarat,462,Valsad,KAPRADA,-,-,Daman Ganga,West flowing rivers from Tapi to Tadri,-,-,-,-,20.19333333,73.06500000,30-10-1981 08:30,27.2
193,Madhuganga Reservoir,CWC,24,Gujarat,462,Valsad,KAPRADA,-,-,Daman Ganga,West flowing rivers from Tapi to Tadri,-,-,-,-,20.19333333,73.06500000,10-06-1982 08:30,9.5
194,Madhuganga Reservoir,CWC,24,Gujarat,462,Valsad,KAPRADA,-,-,Daman Ganga,West flowing rivers from Tapi to Tadri,-,-,-,-,20.19333333,73.06500000,11-06-1982 08:30,2.5
195,Madhuganga Reservoir,CWC,24,Gujarat,462,Valsad,KAPRADA,-,-,Daman Ganga,West flowing rivers from Tapi to Tadri,-,-,-,-,20.19333333,73.06500000,12-06-1982 08:30,4
196,Madhuganga Reservoir,CWC,24,Gujarat,462,Valsad,KAPRADA,-,-,Daman Ganga,West flowing rivers from Tapi to Tadri,-,-,-,-,20.19333333,73.06500000,14-06-1982 08:30,2
197,Madhuganga Reservoir,CWC,24,Gujarat,462,Valsad,KAPRADA,-,-,Daman Ganga,West flowing rivers from Tapi to Tadri,-,-,-,-,20.19333333,73.06500000,15-06-1982 08:30,5.9
198,Madhuganga Reservoir,CWC,24,Gujarat,462,Valsad,KAPRADA,-,-,Daman Ganga,West flowing rivers from Tapi to Tadri,-,-,-,-,20.19333333,73.06500000,16-06-1982 08:30,2
199,Madhuganga Reservoir,CWC,24,Gujarat,462,Valsad,KAPRADA,-,-,Daman Ganga,West flowing rivers from Tapi to Tadri,-,-,-,-,20.19333333,73.06500000,17-06-1982 08:30,0.5
200,Madhuganga Reservoir,CWC,24,Gujarat,462,Valsad,KAPRADA,-,-,Daman Ganga,West flowing rivers from Tapi to Tadri,-,-,-,-,20.19333333,73.06500000,18-06-1982 08:30,69.5
201,Madhuganga Reservoir,CWC,24,Gujarat,462,Valsad,KAPRADA,-,-,Daman Ganga,West flowing rivers from Tapi to Tadri,-,-,-,-,20.19333333,73.06500000,19-06-1982 08:30,57
202,Madhuganga Reservoir,CWC,24,Gujarat,462,Valsad,KAPRADA,-,-,Daman Ganga,West flowing rivers from Tapi to Tadri,-,-,-,-,20.19333333,73.06500000,20-06-1982 08:30,6.7
203,Madhuganga Reservoir,CWC,24,Gujarat,462,Valsad,KAPRADA,-,-,Daman Ganga,West flowing rivers from Tapi to Tadri,-,-,-,-,20.19333333,73.06500000,21-06-1982 08:30,26.5
204,Madhuganga Reservoir,CWC,24,Gujarat,462,Valsad,KAPRADA,-,-,Daman Ganga,West flowing rivers from Tapi to Tadri,-,-,-,-,20.19333333,73.06500000,22-06-1982 08:30,1.9
205,Madhuganga Reservoir,CWC,24,Gujarat,462,Valsad,KAPRADA,-,-,Daman Ganga,West flowing rivers from Tapi to Tadri,-,-,-,-,20.19333333,73.06500000,23-06-1982 08:30,1.7
206,Madhuganga Reservoir,CWC,24,Gujarat,462,Valsad,KAPRADA,-,-,Daman Ganga,West flowing rivers from Tapi to Tadri,-,-,-,-,20.19333333,73.06500000,30-06-1982 08:30,0.2
207,Madhuganga Reservoir,CWC,24,Gujarat,462,Valsad,KAPRADA,-,-,Daman Ganga,West flowing rivers from Tapi to Tadri,-,-,-,-,20.19333333,73.06500000,01-07-1982 08:30,14.7
208,Madhuganga Reservoir,CWC,24,Gujarat,462,Valsad,KAPRADA,-,-,Daman Ganga,West flowing rivers from Tapi to Tadri,-,-,-,-,20.19333333,73.06500000,02-07-1982 08:30,1.4
209,Madhuganga Reservoir,CWC,24,Gujarat,462,Valsad,KAPRADA,-,-,Daman Ganga,West flowing rivers from Tapi to Tadri,-,-,-,-,20.19333333,73.06500000,03-07-1982 08:30,30
210,Madhuganga Reservoir,CWC,24,Gujarat,462,Valsad,KAPRADA,-,-,Daman Ganga,West flowing rivers from Tapi to Tadri,-,-,-,-,20.19333333,73.06500000,04-07-1982 08:30,39
211,Madhuganga Reservoir,CWC,24,Gujarat,462,Valsad,KAPRADA,-,-,Daman Ganga,West flowing rivers from Tapi to Tadri,-,-,-,-,20.19333333,73.06500000,05-07-1982 08:30,32.8
212,Madhuganga Reservoir,CWC,24,Gujarat,462,Valsad,KAPRADA,-,-,Daman Ganga,West flowing rivers from Tapi to Tadri,-,-,-,-,20.19333333,73.06500000,07-07-1982 08:30,0.2
213,Madhuganga Reservoir,CWC,24,Gujarat,462,Valsad,KAPRADA,-,-,Daman Ganga,West flowing rivers from Tapi to Tadri,-,-,-,-,20.19333333,73.06500000,09-07-1982 08:30,0.2
214,Madhuganga Reservoir,CWC,24,Gujarat,462,Valsad,KAPRADA,-,-,Daman Ganga,West flowing rivers from Tapi to Tadri,-,-,-,-,20.19333333,73.06500000,10-07-1982 08:30,15
215,Madhuganga Reservoir,CWC,24,Gujarat,462,Valsad,KAPRADA,-,-,Daman Ganga,West flowing rivers from Tapi to Tadri,-,-,-,-,20.19333333,73.06500000,12-07-1982 08:30,0.25
216,Madhuganga Reservoir,CWC,24,Gujarat,462,Valsad,KAPRADA,-,-,Daman Ganga,West flowing rivers from Tapi to Tadri,-,-,-,-,20.19333333,73.06500000,13-07-1982 08:30,24
217,Madhuganga Reservoir,CWC,24,Gujarat,462,Valsad,KAPRADA,-,-,Daman Ganga,West flowing rivers from Tapi to Tadri,-,-,-,-,20.19333333,73.06500000,14-07-1982 08:30,19.5
218,Madhuganga Reservoir,CWC,24,Gujarat,462,Valsad,KAPRADA,-,-,Daman Ganga,West flowing rivers from Tapi to Tadri,-,-,-,-,20.19333333,73.06500000,15-07-1982 08:30,28.6
219,Madhuganga Reservoir,CWC,24,Gujarat,462,Valsad,KAPRADA,-,-,Daman Ganga,West flowing rivers from Tapi to Tadri,-,-,-,-,20.19333333,73.06500000,16-07-1982 08:30,55.1
220,Madhuganga Reservoir,CWC,24,Gujarat,462,Valsad,KAPRADA,-,-,Daman Ganga,West flowing rivers from Tapi to Tadri,-,-,-,-,20.19333333,73.06500000,17-07-1982 08:30,2
221,Madhuganga Reservoir,CWC,24,Gujarat,462,Valsad,KAPRADA,-,-,Daman Ganga,West flowing rivers from Tapi to Tadri,-,-,-,-,20.19333333,73.06500000,18-07-1982 08:30,7.9
222,Madhuganga Reservoir,CWC,24,Gujarat,462,Valsad,KAPRADA,-,-,Daman Ganga,West flowing rivers from Tapi to Tadri,-,-,-,-,20.19333333,73.06500000,21-07-1982 08:30,31
223,Madhuganga Reservoir,CWC,24,Gujarat,462,Valsad,KAPRADA,-,-,Daman Ganga,West flowing rivers from Tapi to Tadri,-,-,-,-,20.19333333,73.06500000,22-07-1982 08:30,72.8
224,Madhuganga Reservoir,CWC,24,Gujarat,462,Valsad,KAPRADA,-,-,Daman Ganga,West flowing rivers from Tapi to Tadri,-,-,-,-,20.19333333,73.06500000,23-07-1982 08:30,63.2
225,Madhuganga Reservoir,CWC,24,Gujarat,462,Valsad,KAPRADA,-,-,Daman Ganga,West flowing rivers from Tapi to Tadri,-,-,-,-,20.19333333,73.06500000,24-07-1982 08:30,32.3
226,Madhuganga Reservoir,CWC,24,Gujarat,462,Valsad,KAPRADA,-,-,Daman Ganga,West flowing rivers from Tapi to Tadri,-,-,-,-,20.19333333,73.06500000,25-07-1982 08:30,16.5
227,Madhuganga Reservoir,CWC,24,Gujarat,462,Valsad,KAPRADA,-,-,Daman Ganga,West flowing rivers from Tapi to Tadri,-,-,-,-,20.19333333,73.06500000,26-07-1982 08:30,5
228,Madhuganga Reservoir,CWC,24,Gujarat,462,Valsad,KAPRADA,-,-,Daman Ganga,West flowing rivers from Tapi to Tadri,-,-,-,-,20.19333333,73.06500000,27-07-1982 08:30,53.75
229,Madhuganga Reservoir,CWC,24,Gujarat,462,Valsad,KAPRADA,-,-,Daman Ganga,West flowing rivers from Tapi to Tadri,-,-,-,-,20.19333333,73.06500000,28-07-1982 08:30,6.7
230,Madhuganga Reservoir,CWC,24,Gujarat,462,Valsad,KAPRADA,-,-,Daman Ganga,West flowing rivers from Tapi to Tadri,-,-,-,-,20.19333333,73.06500000,29-07-1982 08:30,5.6
231,Madhuganga Reservoir,CWC,24,Gujarat,462,Valsad,KAPRADA,-,-,Daman Ganga,West flowing rivers from Tapi to Tadri,-,-,-,-,20.19333333,73.06500000,30-07-1982 08:30,5.7
232,Madhuganga Reservoir,CWC,24,Gujarat,462,Valsad,KAPRADA,-,-,Daman Ganga,West flowing rivers from Tapi to Tadri,-,-,-,-,20.19333333,73.06500000,31-07-1982 08:30,3
233,Madhuganga Reservoir,CWC,24,Gujarat,462,Valsad,KAPRADA,-,-,Daman Ganga,West flowing rivers from Tapi to Tadri,-,-,-,-,20.19333333,73.06500000,01-08-1982 08:30,0.1
234,Madhuganga Reservoir,CWC,24,Gujarat,462,Valsad,KAPRADA,-,-,Daman Ganga,West flowing rivers from Tapi to Tadri,-,-,-,-,20.19333333,73.06500000,02-08-1982 08:30,2.6
235,Madhuganga Reservoir,CWC,24,Gujarat,462,Valsad,KAPRADA,-,-,Daman Ganga,West flowing rivers from Tapi to Tadri,-,-,-,-,20.19333333,73.06500000,03-08-1982 08:30,55.7
236,Madhuganga Reservoir,CWC,24,Gujarat,462,Valsad,KAPRADA,-,-,Daman Ganga,West flowing rivers from Tapi to Tadri,-,-,-,-,20.19333333,73.06500000,04-08-1982 08:30,3.2
237,Madhuganga Reservoir,CWC,24,Gujarat,462,Valsad,KAPRADA,-,-,Daman Ganga,West flowing rivers from Tapi to Tadri,-,-,-,-,20.19333333,73.06500000,05-08-1982 08:30,0.25
238,Madhuganga Reservoir,CWC,24,Gujarat,462,Valsad,KAPRADA,-,-,Daman Ganga,West flowing rivers from Tapi to Tadri,-,-,-,-,20.19333333,73.06500000,07-08-1982 08:30,4.5
239,Madhuganga Reservoir,CWC,24,Gujarat,462,Valsad,KAPRADA,-,-,Daman Ganga,West flowing rivers from Tapi to Tadri,-,-,-,-,20.19333333,73.06500000,08-08-1982 08:30,5.75
240,Madhuganga Reservoir,CWC,24,Gujarat,462,Valsad,KAPRADA,-,-,Daman Ganga,West flowing rivers from Tapi to Tadri,-,-,-,-,20.19333333,73.06500000,09-08-1982 08:30,89.3
241,Madhuganga Reservoir,CWC,24,Gujarat,462,Valsad,KAPRADA,-,-,Daman Ganga,West flowing rivers from Tapi to Tadri,-,-,-,-,20.19333333,73.06500000,10-08-1982 08:30,62.5
242,Madhuganga Reservoir,CWC,24,Gujarat,462,Valsad,KAPRADA,-,-,Daman Ganga,West flowing rivers from Tapi to Tadri,-,-,-,-,20.19333333,73.06500000,11-08-1982 08:30,57.5
243,Madhuganga Reservoir,CWC,24,Gujarat,462,Valsad,KAPRADA,-,-,Daman Ganga,West flowing rivers from Tapi to Tadri,-,-,-,-,20.19333333,73.06500000,12-08-1982 08:30,27
244,Madhuganga Reservoir,CWC,24,Gujarat,462,Valsad,KAPRADA,-,-,Daman Ganga,West flowing rivers from Tapi to Tadri,-,-,-,-,20.19333333,73.06500000,13-08-1982 08:30,59
245,Madhuganga Reservoir,CWC,24,Gujarat,462,Valsad,KAPRADA,-,-,Daman Ganga,West flowing rivers from Tapi to Tadri,-,-,-,-,20.19333333,73.06500000,14-08-1982 08:30,57.5
246,Madhuganga Reservoir,CWC,24,Gujarat,462,Valsad,KAPRADA,-,-,Daman Ganga,West flowing rivers from Tapi to Tadri,-,-,-,-,20.19333333,73.06500000,15-08-1982 08:30,115.7
247,Madhuganga Reservoir,CWC,24,Gujarat,462,Valsad,KAPRADA,-,-,Daman Ganga,West flowing rivers from Tapi to Tadri,-,-,-,-,20.19333333,73.06500000,16-08-1982 08:30,12.6
248,Madhuganga Reservoir,CWC,24,Gujarat,462,Valsad,KAPRADA,-,-,Daman Ganga,West flowing rivers from Tapi to Tadri,-,-,-,-,20.19333333,73.06500000,17-08-1982 08:30,20.1
249,Madhuganga Reservoir,CWC,24,Gujarat,462,Valsad,KAPRADA,-,-,Daman Ganga,West flowing rivers from Tapi to Tadri,-,-,-,-,20.19333333,73.06500000,18-08-1982 08:30,39.5
250,Madhuganga Reservoir,CWC,24,Gujarat,462,Valsad,KAPRADA,-,-,Daman Ganga,West flowing rivers from Tapi to Tadri,-,-,-,-,20.19333333,73.06500000,19-08-1982 08:30,13.5
251,Madhuganga Reservoir,CWC,24,Gujarat,462,Valsad,KAPRADA,-,-,Daman Ganga,West flowing rivers from Tapi to Tadri,-,-,-,-,20.19333333,73.06500000,20-08-1982 08:30,71.5
252,Madhuganga Reservoir,CWC,24,Gujarat,462,Valsad,KAPRADA,-,-,Daman Ganga,West flowing rivers from Tapi to Tadri,-,-,-,-,20.19333333,73.06500000,21-08-1982 08:30,104.2
253,Madhuganga Reservoir,CWC,24,Gujarat,462,Valsad,KAPRADA,-,-,Daman Ganga,West flowing rivers from Tapi to Tadri,-,-,-,-,20.19333333,73.06500000,22-08-1982 08:30,5.5
254,Madhuganga Reservoir,CWC,24,Gujarat,462,Valsad,KAPRADA,-,-,Daman Ganga,West flowing rivers from Tapi to Tadri,-,-,-,-,20.19333333,73.06500000,23-08-1982 08:30,7.2
255,Madhuganga Reservoir,CWC,24,Gujarat,462,Valsad,KAPRADA,-,-,Daman Ganga,West flowing rivers from Tapi to Tadri,-,-,-,-,20.19333333,73.06500000,24-08-1982 08:30,5.25
256,Madhuganga Reservoir,CWC,24,Gujarat,462,Valsad,KAPRADA,-,-,Daman Ganga,West flowing rivers from Tapi to Tadri,-,-,-,-,20.19333333,73.06500000,25-08-1982 08:30,3
257,Madhuganga Reservoir,CWC,24,Gujarat,462,Valsad,KAPRADA,-,-,Daman Ganga,West flowing rivers from Tapi to Tadri,-,-,-,-,20.19333333,73.06500000,27-08-1982 08:30,1.2
258,Madhuganga Reservoir,CWC,24,Gujarat,462,Valsad,KAPRADA,-,-,Daman Ganga,West flowing rivers from Tapi to Tadri,-,-,-,-,20.19333333,73.06500000,28-08-1982 08:30,0.4
259,Madhuganga Reservoir,CWC,24,Gujarat,462,Valsad,KAPRADA,-,-,Daman Ganga,West flowing rivers from Tapi to Tadri,-,-,-,-,20.19333333,73.06500000,29-08-1982 08:30,3.3
260,Madhuganga Reservoir,CWC,24,Gujarat,462,Valsad,KAPRADA,-,-,Daman Ganga,West flowing rivers from Tapi to Tadri,-,-,-,-,20.19333333,73.06500000,30-08-1982 08:30,17
261,Madhuganga Reservoir,CWC,24,Gujarat,462,Valsad,KAPRADA,-,-,Daman Ganga,West flowing rivers from Tapi to Tadri,-,-,-,-,20.19333333,73.06500000,31-08-1982 08:30,2.75
262,Madhuganga Reservoir,CWC,24,Gujarat,462,Valsad,KAPRADA,-,-,Daman Ganga,West flowing rivers from Tapi to Tadri,-,-,-,-,20.19333333,73.06500000,05-09-1982 08:30,6.1
263,Madhuganga Reservoir,CWC,24,Gujarat,462,Valsad,KAPRADA,-,-,Daman Ganga,West flowing rivers from Tapi to Tadri,-,-,-,-,20.19333333,73.06500000,06-09-1982 08:30,3.5
264,Madhuganga Reservoir,CWC,24,Gujarat,462,Valsad,KAPRADA,-,-,Daman Ganga,West flowing rivers from Tapi to Tadri,-,-,-,-,20.19333333,73.06500000,07-09-1982 08:30,15.9
265,Madhuganga Reservoir,CWC,24,Gujarat,462,Valsad,KAPRADA,-,-,Daman Ganga,West flowing rivers from Tapi to Tadri,-,-,-,-,20.19333333,73.06500000,08-09-1982 08:30,8.2
266,Madhuganga Reservoir,CWC,24,Gujarat,462,Valsad,KAPRADA,-,-,Daman Ganga,West flowing rivers from Tapi to Tadri,-,-,-,-,20.19333333,73.06500000,09-09-1982 08:30,6
267,Madhuganga Reservoir,CWC,24,Gujarat,462,Valsad,KAPRADA,-,-,Daman Ganga,West flowing rivers from Tapi to Tadri,-,-,-,-,20.19333333,73.06500000,10-09-1982 08:30,41
268,Madhuganga Reservoir,CWC,24,Gujarat,462,Valsad,KAPRADA,-,-,Daman Ganga,West flowing rivers from Tapi to Tadri,-,-,-,-,20.19333333,73.06500000,11-09-1982 08:30,0.8
269,Madhuganga Reservoir,CWC,24,Gujarat,462,Valsad,KAPRADA,-,-,Daman Ganga,West flowing rivers from Tapi to Tadri,-,-,-,-,20.19333333,73.06500000,14-09-1982 08:30,1.4
270,Madhuganga Reservoir,CWC,24,Gujarat,462,Valsad,KAPRADA,-,-,Daman Ganga,West flowing rivers from Tapi to Tadri,-,-,-,-,20.19333333,73.06500000,15-09-1982 08:30,4.25
271,Madhuganga Reservoir,CWC,24,Gujarat,462,Valsad,KAPRADA,-,-,Daman Ganga,West flowing rivers from Tapi to Tadri,-,-,-,-,20.19333333,73.06500000,19-09-1982 08:30,11.4
272,Madhuganga Reservoir,CWC,24,Gujarat,462,Valsad,KAPRADA,-,-,Daman Ganga,West flowing rivers from Tapi to Tadri,-,-,-,-,20.19333333,73.06500000,21-09-1982 08:30,26.5
273,Madhuganga Reservoir,CWC,24,Gujarat,462,Valsad,KAPRADA,-,-,Daman Ganga,West flowing rivers from Tapi to Tadri,-,-,-,-,20.19333333,73.06500000,22-09-1982 08:30,68.8
274,Madhuganga Reservoir,CWC,24,Gujarat,462,Valsad,KAPRADA,-,-,Daman Ganga,West flowing rivers from Tapi to Tadri,-,-,-,-,20.19333333,73.06500000,17-06-1983 08:30,27
275,Madhuganga Reservoir,CWC,24,Gujarat,462,Valsad,KAPRADA,-,-,Daman Ganga,West flowing rivers from Tapi to Tadri,-,-,-,-,20.19333333,73.06500000,18-06-1983 08:30,5.9
276,Madhuganga Reservoir,CWC,24,Gujarat,462,Valsad,KAPRADA,-,-,Daman Ganga,West flowing rivers from Tapi to Tadri,-,-,-,-,20.19333333,73.06500000,19-06-1983 08:30,16.4
277,Madhuganga Reservoir,CWC,24,Gujarat,462,Valsad,KAPRADA,-,-,Daman Ganga,West flowing rivers from Tapi to Tadri,-,-,-,-,20.19333333,73.06500000,20-06-1983 08:30,48
278,Madhuganga Reservoir,CWC,24,Gujarat,462,Valsad,KAPRADA,-,-,Daman Ganga,West flowing rivers from Tapi to Tadri,-,-,-,-,20.19333333,73.06500000,21-06-1983 08:30,80
279,Madhuganga Reservoir,CWC,24,Gujarat,462,Valsad,KAPRADA,-,-,Daman Ganga,West flowing rivers from Tapi to Tadri,-,-,-,-,20.19333333,73.06500000,22-06-1983 08:30,17
280,Madhuganga Reservoir,CWC,24,Gujarat,462,Valsad,KAPRADA,-,-,Daman Ganga,West flowing rivers from Tapi to Tadri,-,-,-,-,20.19333333,73.06500000,23-06-1983 08:30,25.7
281,Madhuganga Reservoir,CWC,24,Gujarat,462,Valsad,KAPRADA,-,-,Daman Ganga,West flowing rivers from Tapi to Tadri,-,-,-,-,20.19333333,73.06500000,24-06-1983 08:30,3.7
282,Madhuganga Reservoir,CWC,24,Gujarat,462,Valsad,KAPRADA,-,-,Daman Ganga,West flowing rivers from Tapi to Tadri,-,-,-,-,20.19333333,73.06500000,25-06-1983 08:30,0.3
283,Madhuganga Reservoir,CWC,24,Gujarat,462,Valsad,KAPRADA,-,-,Daman Ganga,West flowing rivers from Tapi to Tadri,-,-,-,-,20.19333333,73.06500000,27-06-1983 08:30,6.8
284,Madhuganga Reservoir,CWC,24,Gujarat,462,Valsad,KAPRADA,-,-,Daman Ganga,West flowing rivers from Tapi to Tadri,-,-,-,-,20.19333333,73.06500000,29-06-1983 08:30,1.4
285,Madhuganga Reservoir,CWC,24,Gujarat,462,Valsad,KAPRADA,-,-,Daman Ganga,West flowing rivers from Tapi to Tadri,-,-,-,-,20.19333333,73.06500000,30-06-1983 08:30,10.1
286,Madhuganga Reservoir,CWC,24,Gujarat,462,Valsad,KAPRADA,-,-,Daman Ganga,West flowing rivers from Tapi to Tadri,-,-,-,-,20.19333333,73.06500000,01-07-1983 08:30,6.5
287,Madhuganga Reservoir,CWC,24,Gujarat,462,Valsad,KAPRADA,-,-,Daman Ganga,West flowing rivers from Tapi to Tadri,-,-,-,-,20.19333333,73.06500000,02-07-1983 08:30,50.7
288,Madhuganga Reservoir,CWC,24,Gujarat,462,Valsad,KAPRADA,-,-,Daman Ganga,West flowing rivers from Tapi to Tadri,-,-,-,-,20.19333333,73.06500000,03-07-1983 08:30,77.6
289,Madhuganga Reservoir,CWC,24,Gujarat,462,Valsad,KAPRADA,-,-,Daman Ganga,West flowing rivers from Tapi to Tadri,-,-,-,-,20.19333333,73.06500000,04-07-1983 08:30,8.5
290,Madhuganga Reservoir,CWC,24,Gujarat,462,Valsad,KAPRADA,-,-,Daman Ganga,West flowing rivers from Tapi to Tadri,-,-,-,-,20.19333333,73.06500000,05-07-1983 08:30,4.2
291,Madhuganga Reservoir,CWC,24,Gujarat,462,Valsad,KAPRADA,-,-,Daman Ganga,West flowing rivers from Tapi to Tadri,-,-,-,-,20.19333333,73.06500000,06-07-1983 08:30,0.2
292,Madhuganga Reservoir,CWC,24,Gujarat,462,Valsad,KAPRADA,-,-,Daman Ganga,West flowing rivers from Tapi to Tadri,-,-,-,-,20.19333333,73.06500000,07-07-1983 08:30,31.7
293,Madhuganga Reservoir,CWC,24,Gujarat,462,Valsad,KAPRADA,-,-,Daman Ganga,West flowing rivers from Tapi to Tadri,-,-,-,-,20.19333333,73.06500000,08-07-1983 08:30,59
294,Madhuganga Reservoir,CWC,24,Gujarat,462,Valsad,KAPRADA,-,-,Daman Ganga,West flowing rivers from Tapi to Tadri,-,-,-,-,20.19333333,73.06500000,10-07-1983 08:30,37.6
295,Madhuganga Reservoir,CWC,24,Gujarat,462,Valsad,KAPRADA,-,-,Daman Ganga,West flowing rivers from Tapi to Tadri,-,-,-,-,20.19333333,73.06500000,11-07-1983 08:30,18.8
296,Madhuganga Reservoir,CWC,24,Gujarat,462,Valsad,KAPRADA,-,-,Daman Ganga,West flowing rivers from Tapi to Tadri,-,-,-,-,20.19333333,73.06500000,12-07-1983 08:30,83.5
297,Madhuganga Reservoir,CWC,24,Gujarat,462,Valsad,KAPRADA,-,-,Daman Ganga,West flowing rivers from Tapi to Tadri,-,-,-,-,20.19333333,73.06500000,13-07-1983 08:30,92
298,Madhuganga Reservoir,CWC,24,Gujarat,462,Valsad,KAPRADA,-,-,Daman Ganga,West flowing rivers from Tapi to Tadri,-,-,-,-,20.19333333,73.06500000,14-07-1983 08:30,0.3
299,Madhuganga Reservoir,CWC,24,Gujarat,462,Valsad,KAPRADA,-,-,Daman Ganga,West flowing rivers from Tapi to Tadri,-,-,-,-,20.19333333,73.06500000,15-07-1983 08:30,13.3
300,Madhuganga Reservoir,CWC,24,Gujarat,462,Valsad,KAPRADA,-,-,Daman Ganga,West flowing rivers from Tapi to Tadri,-,-,-,-,20.19333333,73.06500000,16-07-1983 08:30,4.2
301,Madhuganga Reservoir,CWC,24,Gujarat,462,Valsad,KAPRADA,-,-,Daman Ganga,West flowing rivers from Tapi to Tadri,-,-,-,-,20.19333333,73.06500000,17-07-1983 08:30,122.4
302,Madhuganga Reservoir,CWC,24,Gujarat,462,Valsad,KAPRADA,-,-,Daman Ganga,West flowing rivers from Tapi to Tadri,-,-,-,-,20.19333333,73.06500000,18-07-1983 08:30,154.1
303,Madhuganga Reservoir,CWC,24,Gujarat,462,Valsad,KAPRADA,-,-,Daman Ganga,West flowing rivers from Tapi to Tadri,-,-,-,-,20.19333333,73.06500000,19-07-1983 08:30,81.5
304,Madhuganga Reservoir,CWC,24,Gujarat,462,Valsad,KAPRADA,-,-,Daman Ganga,West flowing rivers from Tapi to Tadri,-,-,-,-,20.19333333,73.06500000,20-07-1983 08:30,69
305,Madhuganga Reservoir,CWC,24,Gujarat,462,Valsad,KAPRADA,-,-,Daman Ganga,West flowing rivers from Tapi to Tadri,-,-,-,-,20.19333333,73.06500000,21-07-1983 08:30,60
306,Madhuganga Reservoir,CWC,24,Gujarat,462,Valsad,KAPRADA,-,-,Daman Ganga,West flowing rivers from Tapi to Tadri,-,-,-,-,20.19333333,73.06500000,22-07-1983 08:30,55
307,Madhuganga Reservoir,CWC,24,Gujarat,462,Valsad,KAPRADA,-,-,Daman Ganga,West flowing rivers from Tapi to Tadri,-,-,-,-,20.19333333,73.06500000,23-07-1983 08:30,10
308,Madhuganga Reservoir,CWC,24,Gujarat,462,Valsad,KAPRADA,-,-,Daman Ganga,West flowing rivers from Tapi to Tadri,-,-,-,-,20.19333333,73.06500000,24-07-1983 08:30,18.5
309,Madhuganga Reservoir,CWC,24,Gujarat,462,Valsad,KAPRADA,-,-,Daman Ganga,West flowing rivers from Tapi to Tadri,-,-,-,-,20.19333333,73.06500000,25-07-1983 08:30,26.3
310,Madhuganga Reservoir,CWC,24,Gujarat,462,Valsad,KAPRADA,-,-,Daman Ganga,West flowing rivers from Tapi to Tadri,-,-,-,-,20.19333333,73.06500000,26-07-1983 08:30,13.3
311,Madhuganga Reservoir,CWC,24,Gujarat,462,Valsad,KAPRADA,-,-,Daman Ganga,West flowing rivers from Tapi to Tadri,-,-,-,-,20.19333333,73.06500000,27-07-1983 08:30,30
312,Madhuganga Reservoir,CWC,24,Gujarat,462,Valsad,KAPRADA,-,-,Daman Ganga,West flowing rivers from Tapi to Tadri,-,-,-,-,20.19333333,73.06500000,28-07-1983 08:30,32.2
313,Madhuganga Reservoir,CWC,24,Gujarat,462,Valsad,KAPRADA,-,-,Daman Ganga,West flowing rivers from Tapi to Tadri,-,-,-,-,20.19333333,73.06500000,29-07-1983 08:30,4.2
314,Madhuganga Reservoir,CWC,24,Gujarat,462,Valsad,KAPRADA,-,-,Daman Ganga,West flowing rivers from Tapi to Tadri,-,-,-,-,20.19333333,73.06500000,30-07-1983 08:30,36.4
315,Madhuganga Reservoir,CWC,24,Gujarat,462,Valsad,KAPRADA,-,-,Daman Ganga,West flowing rivers from Tapi to Tadri,-,-,-,-,20.19333333,73.06500000,31-07-1983 08:30,49
316,Madhuganga Reservoir,CWC,24,Gujarat,462,Valsad,KAPRADA,-,-,Daman Ganga,West flowing rivers from Tapi to Tadri,-,-,-,-,20.19333333,73.06500000,01-08-1983 08:30,24.2
317,Madhuganga Reservoir,CWC,24,Gujarat,462,Valsad,KAPRADA,-,-,Daman Ganga,West flowing rivers from Tapi to Tadri,-,-,-,-,20.19333333,73.06500000,02-08-1983 08:30,19.5
318,Madhuganga Reservoir,CWC,24,Gujarat,462,Valsad,KAPRADA,-,-,Daman Ganga,West flowing rivers from Tapi to Tadri,-,-,-,-,20.19333333,73.06500000,03-08-1983 08:30,57.6
319,Madhuganga Reservoir,CWC,24,Gujarat,462,Valsad,KAPRADA,-,-,Daman Ganga,West flowing rivers from Tapi to Tadri,-,-,-,-,20.19333333,73.06500000,04-08-1983 08:30,61
320,Madhuganga Reservoir,CWC,24,Gujarat,462,Valsad,KAPRADA,-,-,Daman Ganga,West flowing rivers from Tapi to Tadri,-,-,-,-,20.19333333,73.06500000,05-08-1983 08:30,21.7
321,Madhuganga Reservoir,CWC,24,Gujarat,462,Valsad,KAPRADA,-,-,Daman Ganga,West flowing rivers from Tapi to Tadri,-,-,-,-,20.19333333,73.06500000,06-08-1983 08:30,97.2
322,Madhuganga Reservoir,CWC,24,Gujarat,462,Valsad,KAPRADA,-,-,Daman Ganga,West flowing rivers from Tapi to Tadri,-,-,-,-,20.19333333,73.06500000,07-08-1983 08:30,217.5
323,Madhuganga Reservoir,CWC,24,Gujarat,462,Valsad,KAPRADA,-,-,Daman Ganga,West flowing rivers from Tapi to Tadri,-,-,-,-,20.19333333,73.06500000,08-08-1983 08:30,11.5
324,Madhuganga Reservoir,CWC,24,Gujarat,462,Valsad,KAPRADA,-,-,Daman Ganga,West flowing rivers from Tapi to Tadri,-,-,-,-,20.19333333,73.06500000,09-08-1983 08:30,0.8
325,Madhuganga Reservoir,CWC,24,Gujarat,462,Valsad,KAPRADA,-,-,Daman Ganga,West flowing rivers from Tapi to Tadri,-,-,-,-,20.19333333,73.06500000,10-08-1983 08:30,32.4
326,Madhuganga Reservoir,CWC,24,Gujarat,462,Valsad,KAPRADA,-,-,Daman Ganga,West flowing rivers from Tapi to Tadri,-,-,-,-,20.19333333,73.06500000,11-08-1983 08:30,54.9
327,Madhuganga Reservoir,CWC,24,Gujarat,462,Valsad,KAPRADA,-,-,Daman Ganga,West flowing rivers from Tapi to Tadri,-,-,-,-,20.19333333,73.06500000,12-08-1983 08:30,248.5
328,Madhuganga Reservoir,CWC,24,Gujarat,462,Valsad,KAPRADA,-,-,Daman Ganga,West flowing rivers from Tapi to Tadri,-,-,-,-,20.19333333,73.06500000,13-08-1983 08:30,16.7
329,Madhuganga Reservoir,CWC,24,Gujarat,462,Valsad,KAPRADA,-,-,Daman Ganga,West flowing rivers from Tapi to Tadri,-,-,-,-,20.19333333,73.06500000,14-08-1983 08:30,120
330,Madhuganga Reservoir,CWC,24,Gujarat,462,Valsad,KAPRADA,-,-,Daman Ganga,West flowing rivers from Tapi to Tadri,-,-,-,-,20.19333333,73.06500000,15-08-1983 08:30,32
331,Madhuganga Reservoir,CWC,24,Gujarat,462,Valsad,KAPRADA,-,-,Daman Ganga,West flowing rivers from Tapi to Tadri,-,-,-,-,20.19333333,73.06500000,16-08-1983 08:30,3.5
332,Madhuganga Reservoir,CWC,24,Gujarat,462,Valsad,KAPRADA,-,-,Daman Ganga,West flowing rivers from Tapi to Tadri,-,-,-,-,20.19333333,73.06500000,17-08-1983 08:30,17.8
333,Madhuganga Reservoir,CWC,24,Gujarat,462,Valsad,KAPRADA,-,-,Daman Ganga,West flowing rivers from Tapi to Tadri,-,-,-,-,20.19333333,73.06500000,18-08-1983 08:30,2
334,Madhuganga Reservoir,CWC,24,Gujarat,462,Valsad,KAPRADA,-,-,Daman Ganga,West flowing rivers from Tapi to Tadri,-,-,-,-,20.19333333,73.06500000,19-08-1983 08:30,5.7
335,Madhuganga Reservoir,CWC,24,Gujarat,462,Valsad,KAPRADA,-,-,Daman Ganga,West flowing rivers from Tapi to Tadri,-,-,-,-,20.19333333,73.06500000,21-08-1983 08:30,5.2
336,Madhuganga Reservoir,CWC,24,Gujarat,462,Valsad,KAPRADA,-,-,Daman Ganga,West flowing rivers from Tapi to Tadri,-,-,-,-,20.19333333,73.06500000,23-08-1983 08:30,4.5
337,Madhuganga Reservoir,CWC,24,Gujarat,462,Valsad,KAPRADA,-,-,Daman Ganga,West flowing rivers from Tapi to Tadri,-,-,-,-,20.19333333,73.06500000,24-08-1983 08:30,2.8
338,Madhuganga Reservoir,CWC,24,Gujarat,462,Valsad,KAPRADA,-,-,Daman Ganga,West flowing rivers from Tapi to Tadri,-,-,-,-,20.19333333,73.06500000,25-08-1983 08:30,2.8
339,Madhuganga Reservoir,CWC,24,Gujarat,462,Valsad,KAPRADA,-,-,Daman Ganga,West flowing rivers from Tapi to Tadri,-,-,-,-,20.19333333,73.06500000,26-08-1983 08:30,1.2
340,Madhuganga Reservoir,CWC,24,Gujarat,462,Valsad,KAPRADA,-,-,Daman Ganga,West flowing rivers from Tapi to Tadri,-,-,-,-,20.19333333,73.06500000,27-08-1983 08:30,2
341,Madhuganga Reservoir,CWC,24,Gujarat,462,Valsad,KAPRADA,-,-,Daman Ganga,West flowing rivers from Tapi to Tadri,-,-,-,-,20.19333333,73.06500000,28-08-1983 08:30,2.5
342,Madhuganga Reservoir,CWC,24,Gujarat,462,Valsad,KAPRADA,-,-,Daman Ganga,West flowing rivers from Tapi to Tadri,-,-,-,-,20.19333333,73.06500000,29-08-1983 08:30,10.7
343,Madhuganga Reservoir,CWC,24,Gujarat,462,Valsad,KAPRADA,-,-,Daman Ganga,West flowing rivers from Tapi to Tadri,-,-,-,-,20.19333333,73.06500000,30-08-1983 08:30,0.2
344,Madhuganga Reservoir,CWC,24,Gujarat,462,Valsad,KAPRADA,-,-,Daman Ganga,West flowing rivers from Tapi to Tadri,-,-,-,-,20.19333333,73.06500000,31-08-1983 08:30,0.8
345,Madhuganga Reservoir,CWC,24,Gujarat,462,Valsad,KAPRADA,-,-,Daman Ganga,West flowing rivers from Tapi to Tadri,-,-,-,-,20.19333333,73.06500000,01-09-1983 08:30,1.5
346,Madhuganga Reservoir,CWC,24,Gujarat,462,Valsad,KAPRADA,-,-,Daman Ganga,West flowing rivers from Tapi to Tadri,-,-,-,-,20.19333333,73.06500000,02-09-1983 08:30,15.3
347,Madhuganga Reservoir,CWC,24,Gujarat,462,Valsad,KAPRADA,-,-,Daman Ganga,West flowing rivers from Tapi to Tadri,-,-,-,-,20.19333333,73.06500000,03-09-1983 08:30,13.6
348,Madhuganga Reservoir,CWC,24,Gujarat,462,Valsad,KAPRADA,-,-,Daman Ganga,West flowing rivers from Tapi to Tadri,-,-,-,-,20.19333333,73.06500000,04-09-1983 08:30,0.9
349,Madhuganga Reservoir,CWC,24,Gujarat,462,Valsad,KAPRADA,-,-,Daman Ganga,West flowing rivers from Tapi to Tadri,-,-,-,-,20.19333333,73.06500000,05-09-1983 08:30,7.6
350,Madhuganga Reservoir,CWC,24,Gujarat,462,Valsad,KAPRADA,-,-,Daman Ganga,West flowing rivers from Tapi to Tadri,-,-,-,-,20.19333333,73.06500000,06-09-1983 08:30,13
351,Madhuganga Reservoir,CWC,24,Gujarat,462,Valsad,KAPRADA,-,-,Daman Ganga,West flowing rivers from Tapi to Tadri,-,-,-,-,20.19333333,73.06500000,07-09-1983 08:30,8.3
352,Madhuganga Reservoir,CWC,24,Gujarat,462,Valsad,KAPRADA,-,-,Daman Ganga,West flowing rivers from Tapi to Tadri,-,-,-,-,20.19333333,73.06500000,08-09-1983 08:30,13.2
353,Madhuganga Reservoir,CWC,24,Gujarat,462,Valsad,KAPRADA,-,-,Daman Ganga,West flowing rivers from Tapi to Tadri,-,-,-,-,20.19333333,73.06500000,09-09-1983 08:30,18
354,Madhuganga Reservoir,CWC,24,Gujarat,462,Valsad,KAPRADA,-,-,Daman Ganga,West flowing rivers from Tapi to Tadri,-,-,-,-,20.19333333,73.06500000,14-09-1983 08:30,25.8
355,Madhuganga Reservoir,CWC,24,Gujarat,462,Valsad,KAPRADA,-,-,Daman Ganga,West flowing rivers from Tapi to Tadri,-,-,-,-,20.19333333,73.06500000,16-09-1983 08:30,0.4
356,Madhuganga Reservoir,CWC,24,Gujarat,462,Valsad,KAPRADA,-,-,Daman Ganga,West flowing rivers from Tapi to Tadri,-,-,-,-,20.19333333,73.06500000,17-09-1983 08:30,9.1
357,Madhuganga Reservoir,CWC,24,Gujarat,462,Valsad,KAPRADA,-,-,Daman Ganga,West flowing rivers from Tapi to Tadri,-,-,-,-,20.19333333,73.06500000,18-09-1983 08:30,8
358,Madhuganga Reservoir,CWC,24,Gujarat,462,Valsad,KAPRADA,-,-,Daman Ganga,West flowing rivers from Tapi to Tadri,-,-,-,-,20.19333333,73.06500000,19-09-1983 08:30,1.4
359,Madhuganga Reservoir,CWC,24,Gujarat,462,Valsad,KAPRADA,-,-,Daman Ganga,West flowing rivers from Tapi to Tadri,-,-,-,-,20.19333333,73.06500000,20-09-1983 08:30,2.2
360,Madhuganga Reservoir,CWC,24,Gujarat,462,Valsad,KAPRADA,-,-,Daman Ganga,West flowing rivers from Tapi to Tadri,-,-,-,-,20.19333333,73.06500000,21-09-1983 08:30,93.2
361,Madhuganga Reservoir,CWC,24,Gujarat,462,Valsad,KAPRADA,-,-,Daman Ganga,West flowing rivers from Tapi to Tadri,-,-,-,-,20.19333333,73.06500000,22-09-1983 08:30,11
362,Madhuganga Reservoir,CWC,24,Gujarat,462,Valsad,KAPRADA,-,-,Daman Ganga,West flowing rivers from Tapi to Tadri,-,-,-,-,20.19333333,73.06500000,23-09-1983 08:30,2.5
363,Madhuganga Reservoir,CWC,24,Gujarat,462,Valsad,KAPRADA,-,-,Daman Ganga,West flowing rivers from Tapi to Tadri,-,-,-,-,20.19333333,73.06500000,24-09-1983 08:30,53.4
364,Madhuganga Reservoir,CWC,24,Gujarat,462,Valsad,KAPRADA,-,-,Daman Ganga,West flowing rivers from Tapi to Tadri,-,-,-,-,20.19333333,73.06500000,25-09-1983 08:30,8.5
365,Madhuganga Reservoir,CWC,24,Gujarat,462,Valsad,KAPRADA,-,-,Daman Ganga,West flowing rivers from Tapi to Tadri,-,-,-,-,20.19333333,73.06500000,26-09-1983 08:30,3.4
366,Madhuganga Reservoir,CWC,24,Gujarat,462,Valsad,KAPRADA,-,-,Daman Ganga,West flowing rivers from Tapi to Tadri,-,-,-,-,20.19333333,73.06500000,29-09-1983 08:30,1
367,Madhuganga Reservoir,CWC,24,Gujarat,462,Valsad,KAPRADA,-,-,Daman Ganga,West flowing rivers from Tapi to Tadri,-,-,-,-,20.19333333,73.06500000,30-09-1983 08:30,20.2
368,Madhuganga Reservoir,CWC,24,Gujarat,462,Valsad,KAPRADA,-,-,Daman Ganga,West flowing rivers from Tapi to Tadri,-,-,-,-,20.19333333,73.06500000,01-10-1983 08:30,18.8
369,Madhuganga Reservoir,CWC,24,Gujarat,462,Valsad,KAPRADA,-,-,Daman Ganga,West flowing rivers from Tapi to Tadri,-,-,-,-,20.19333333,73.06500000,06-10-1983 08:30,4
370,Madhuganga Reservoir,CWC,24,Gujarat,462,Valsad,KAPRADA,-,-,Daman Ganga,West flowing rivers from Tapi to Tadri,-,-,-,-,20.19333333,73.06500000,07-10-1983 08:30,11
371,Madhuganga Reservoir,CWC,24,Gujarat,462,Valsad,KAPRADA,-,-,Daman Ganga,West flowing rivers from Tapi to Tadri,-,-,-,-,20.19333333,73.06500000,08-10-1983 08:30,10.2
372,Madhuganga Reservoir,CWC,24,Gujarat,462,Valsad,KAPRADA,-,-,Daman Ganga,West flowing rivers from Tapi to Tadri,-,-,-,-,20.19333333,73.06500000,09-10-1983 08:30,34
373,Madhuganga Reservoir,CWC,24,Gujarat,462,Valsad,KAPRADA,-,-,Daman Ganga,West flowing rivers from Tapi to Tadri,-,-,-,-,20.19333333,73.06500000,10-10-1983 08:30,44.5
374,Madhuganga Reservoir,CWC,24,Gujarat,462,Valsad,KAPRADA,-,-,Daman Ganga,West flowing rivers from Tapi to Tadri,-,-,-,-,20.19333333,73.06500000,11-10-1983 08:30,54.6
375,Madhuganga Reservoir,CWC,24,Gujarat,462,Valsad,KAPRADA,-,-,Daman Ganga,West flowing rivers from Tapi to Tadri,-,-,-,-,20.19333333,73.06500000,07-06-1984 08:30,1.2
376,Madhuganga Reservoir,CWC,24,Gujarat,462,Valsad,KAPRADA,-,-,Daman Ganga,West flowing rivers from Tapi to Tadri,-,-,-,-,20.19333333,73.06500000,08-06-1984 08:30,22
377,Madhuganga Reservoir,CWC,24,Gujarat,462,Valsad,KAPRADA,-,-,Daman Ganga,West flowing rivers from Tapi to Tadri,-,-,-,-,20.19333333,73.06500000,11-06-1984 08:30,16
378,Madhuganga Reservoir,CWC,24,Gujarat,462,Valsad,KAPRADA,-,-,Daman Ganga,West flowing rivers from Tapi to Tadri,-,-,-,-,20.19333333,73.06500000,12-06-1984 08:30,3
379,Madhuganga Reservoir,CWC,24,Gujarat,462,Valsad,KAPRADA,-,-,Daman Ganga,West flowing rivers from Tapi to Tadri,-,-,-,-,20.19333333,73.06500000,13-06-1984 08:30,29.6
380,Madhuganga Reservoir,CWC,24,Gujarat,462,Valsad,KAPRADA,-,-,Daman Ganga,West flowing rivers from Tapi to Tadri,-,-,-,-,20.19333333,73.06500000,14-06-1984 08:30,23
381,Madhuganga Reservoir,CWC,24,Gujarat,462,Valsad,KAPRADA,-,-,Daman Ganga,West flowing rivers from Tapi to Tadri,-,-,-,-,20.19333333,73.06500000,15-06-1984 08:30,62
382,Madhuganga Reservoir,CWC,24,Gujarat,462,Valsad,KAPRADA,-,-,Daman Ganga,West flowing rivers from Tapi to Tadri,-,-,-,-,20.19333333,73.06500000,16-06-1984 08:30,99.4
383,Madhuganga Reservoir,CWC,24,Gujarat,462,Valsad,KAPRADA,-,-,Daman Ganga,West flowing rivers from Tapi to Tadri,-,-,-,-,20.19333333,73.06500000,17-06-1984 08:30,2
384,Madhuganga Reservoir,CWC,24,Gujarat,462,Valsad,KAPRADA,-,-,Daman Ganga,West flowing rivers from Tapi to Tadri,-,-,-,-,20.19333333,73.06500000,18-06-1984 08:30,1.6
385,Madhuganga Reservoir,CWC,24,Gujarat,462,Valsad,KAPRADA,-,-,Daman Ganga,West flowing rivers from Tapi to Tadri,-,-,-,-,20.19333333,73.06500000,19-06-1984 08:30,0.5
386,Madhuganga Reservoir,CWC,24,Gujarat,462,Valsad,KAPRADA,-,-,Daman Ganga,West flowing rivers from Tapi to Tadri,-,-,-,-,20.19333333,73.06500000,20-06-1984 08:30,8.4
387,Madhuganga Reservoir,CWC,24,Gujarat,462,Valsad,KAPRADA,-,-,Daman Ganga,West flowing rivers from Tapi to Tadri,-,-,-,-,20.19333333,73.06500000,21-06-1984 08:30,1
388,Madhuganga Reservoir,CWC,24,Gujarat,462,Valsad,KAPRADA,-,-,Daman Ganga,West flowing rivers from Tapi to Tadri,-,-,-,-,20.19333333,73.06500000,22-06-1984 08:30,0.1
389,Madhuganga Reservoir,CWC,24,Gujarat,462,Valsad,KAPRADA,-,-,Daman Ganga,West flowing rivers from Tapi to Tadri,-,-,-,-,20.19333333,73.06500000,23-06-1984 08:30,0.1
390,Madhuganga Reservoir,CWC,24,Gujarat,462,Valsad,KAPRADA,-,-,Daman Ganga,West flowing rivers from Tapi to Tadri,-,-,-,-,20.19333333,73.06500000,27-06-1984 08:30,3
391,Madhuganga Reservoir,CWC,24,Gujarat,462,Valsad,KAPRADA,-,-,Daman Ganga,West flowing rivers from Tapi to Tadri,-,-,-,-,20.19333333,73.06500000,28-06-1984 08:30,3.5
392,Madhuganga Reservoir,CWC,24,Gujarat,462,Valsad,KAPRADA,-,-,Daman Ganga,West flowing rivers from Tapi to Tadri,-,-,-,-,20.19333333,73.06500000,29-06-1984 08:30,13.1
393,Madhuganga Reservoir,CWC,24,Gujarat,462,Valsad,KAPRADA,-,-,Daman Ganga,West flowing rivers from Tapi to Tadri,-,-,-,-,20.19333333,73.06500000,30-06-1984 08:30,11.5
394,Madhuganga Reservoir,CWC,24,Gujarat,462,Valsad,KAPRADA,-,-,Daman Ganga,West flowing rivers from Tapi to Tadri,-,-,-,-,20.19333333,73.06500000,01-07-1984 08:30,9.3
395,Madhuganga Reservoir,CWC,24,Gujarat,462,Valsad,KAPRADA,-,-,Daman Ganga,West flowing rivers from Tapi to Tadri,-,-,-,-,20.19333333,73.06500000,02-07-1984 08:30,103.5
396,Madhuganga Reservoir,CWC,24,Gujarat,462,Valsad,KAPRADA,-,-,Daman Ganga,West flowing rivers from Tapi to Tadri,-,-,-,-,20.19333333,73.06500000,03-07-1984 08:30,126.5
397,Madhuganga Reservoir,CWC,24,Gujarat,462,Valsad,KAPRADA,-,-,Daman Ganga,West flowing rivers from Tapi to Tadri,-,-,-,-,20.19333333,73.06500000,04-07-1984 08:30,76.25
398,Madhuganga Reservoir,CWC,24,Gujarat,462,Valsad,KAPRADA,-,-,Daman Ganga,West flowing rivers from Tapi to Tadri,-,-,-,-,20.19333333,73.06500000,05-07-1984 08:30,75.9
399,Madhuganga Reservoir,CWC,24,Gujarat,462,Valsad,KAPRADA,-,-,Daman Ganga,West flowing rivers from Tapi to Tadri,-,-,-,-,20.19333333,73.06500000,06-07-1984 08:30,27.4
400,Madhuganga Reservoir,CWC,24,Gujarat,462,Valsad,KAPRADA,-,-,Daman Ganga,West flowing rivers from Tapi to Tadri,-,-,-,-,20.19333333,73.06500000,07-07-1984 08:30,2.75
401,Madhuganga Reservoir,CWC,24,Gujarat,462,Valsad,KAPRADA,-,-,Daman Ganga,West flowing rivers from Tapi to Tadri,-,-,-,-,20.19333333,73.06500000,08-07-1984 08:30,4
402,Madhuganga Reservoir,CWC,24,Gujarat,462,Valsad,KAPRADA,-,-,Daman Ganga,West flowing rivers from Tapi to Tadri,-,-,-,-,20.19333333,73.06500000,09-07-1984 08:30,24.1
403,Madhuganga Reservoir,CWC,24,Gujarat,462,Valsad,KAPRADA,-,-,Daman Ganga,West flowing rivers from Tapi to Tadri,-,-,-,-,20.19333333,73.06500000,10-07-1984 08:30,5.8
404,Madhuganga Reservoir,CWC,24,Gujarat,462,Valsad,KAPRADA,-,-,Daman Ganga,West flowing rivers from Tapi to Tadri,-,-,-,-,20.19333333,73.06500000,11-07-1984 08:30,1.2
405,Madhuganga Reservoir,CWC,24,Gujarat,462,Valsad,KAPRADA,-,-,Daman Ganga,West flowing rivers from Tapi to Tadri,-,-,-,-,20.19333333,73.06500000,13-07-1984 08:30,2.7
406,Madhuganga Reservoir,CWC,24,Gujarat,462,Valsad,KAPRADA,-,-,Daman Ganga,West flowing rivers from Tapi to Tadri,-,-,-,-,20.19333333,73.06500000,14-07-1984 08:30,11.5
407,Madhuganga Reservoir,CWC,24,Gujarat,462,Valsad,KAPRADA,-,-,Daman Ganga,West flowing rivers from Tapi to Tadri,-,-,-,-,20.19333333,73.06500000,15-07-1984 08:30,13.7
408,Madhuganga Reservoir,CWC,24,Gujarat,462,Valsad,KAPRADA,-,-,Daman Ganga,West flowing rivers from Tapi to Tadri,-,-,-,-,20.19333333,73.06500000,16-07-1984 08:30,10.5
409,Madhuganga Reservoir,CWC,24,Gujarat,462,Valsad,KAPRADA,-,-,Daman Ganga,West flowing rivers from Tapi to Tadri,-,-,-,-,20.19333333,73.06500000,17-07-1984 08:30,30.2
410,Madhuganga Reservoir,CWC,24,Gujarat,462,Valsad,KAPRADA,-,-,Daman Ganga,West flowing rivers from Tapi to Tadri,-,-,-,-,20.19333333,73.06500000,18-07-1984 08:30,91.4
411,Madhuganga Reservoir,CWC,24,Gujarat,462,Valsad,KAPRADA,-,-,Daman Ganga,West flowing rivers from Tapi to Tadri,-,-,-,-,20.19333333,73.06500000,19-07-1984 08:30,18.3
412,Madhuganga Reservoir,CWC,24,Gujarat,462,Valsad,KAPRADA,-,-,Daman Ganga,West flowing rivers from Tapi to Tadri,-,-,-,-,20.19333333,73.06500000,20-07-1984 08:30,6
413,Madhuganga Reservoir,CWC,24,Gujarat,462,Valsad,KAPRADA,-,-,Daman Ganga,West flowing rivers from Tapi to Tadri,-,-,-,-,20.19333333,73.06500000,21-07-1984 08:30,10.2
414,Madhuganga Reservoir,CWC,24,Gujarat,462,Valsad,KAPRADA,-,-,Daman Ganga,West flowing rivers from Tapi to Tadri,-,-,-,-,20.19333333,73.06500000,22-07-1984 08:30,2
415,Madhuganga Reservoir,CWC,24,Gujarat,462,Valsad,KAPRADA,-,-,Daman Ganga,West flowing rivers from Tapi to Tadri,-,-,-,-,20.19333333,73.06500000,23-07-1984 08:30,2.3
416,Madhuganga Reservoir,CWC,24,Gujarat,462,Valsad,KAPRADA,-,-,Daman Ganga,West flowing rivers from Tapi to Tadri,-,-,-,-,20.19333333,73.06500000,24-07-1984 08:30,51.5
417,Madhuganga Reservoir,CWC,24,Gujarat,462,Valsad,KAPRADA,-,-,Daman Ganga,West flowing rivers from Tapi to Tadri,-,-,-,-,20.19333333,73.06500000,25-07-1984 08:30,12.7
418,Madhuganga Reservoir,CWC,24,Gujarat,462,Valsad,KAPRADA,-,-,Daman Ganga,West flowing rivers from Tapi to Tadri,-,-,-,-,20.19333333,73.06500000,26-07-1984 08:30,1.7
419,Madhuganga Reservoir,CWC,24,Gujarat,462,Valsad,KAPRADA,-,-,Daman Ganga,West flowing rivers from Tapi to Tadri,-,-,-,-,20.19333333,73.06500000,27-07-1984 08:30,3.7
420,Madhuganga Reservoir,CWC,24,Gujarat,462,Valsad,KAPRADA,-,-,Daman Ganga,West flowing rivers from Tapi to Tadri,-,-,-,-,20.19333333,73.06500000,28-07-1984 08:30,0.6
421,Madhuganga Reservoir,CWC,24,Gujarat,462,Valsad,KAPRADA,-,-,Daman Ganga,West flowing rivers from Tapi to Tadri,-,-,-,-,20.19333333,73.06500000,29-07-1984 08:30,4.2
422,Madhuganga Reservoir,CWC,24,Gujarat,462,Valsad,KAPRADA,-,-,Daman Ganga,West flowing rivers from Tapi to Tadri,-,-,-,-,20.19333333,73.06500000,30-07-1984 08:30,13.5
423,Madhuganga Reservoir,CWC,24,Gujarat,462,Valsad,KAPRADA,-,-,Daman Ganga,West flowing rivers from Tapi to Tadri,-,-,-,-,20.19333333,73.06500000,31-07-1984 08:30,4.2
424,Madhuganga Reservoir,CWC,24,Gujarat,462,Valsad,KAPRADA,-,-,Daman Ganga,West flowing rivers from Tapi to Tadri,-,-,-,-,20.19333333,73.06500000,01-08-1984 08:30,11.5
425,Madhuganga Reservoir,CWC,24,Gujarat,462,Valsad,KAPRADA,-,-,Daman Ganga,West flowing rivers from Tapi to Tadri,-,-,-,-,20.19333333,73.06500000,02-08-1984 08:30,6.8
426,Madhuganga Reservoir,CWC,24,Gujarat,462,Valsad,KAPRADA,-,-,Daman Ganga,West flowing rivers from Tapi to Tadri,-,-,-,-,20.19333333,73.06500000,03-08-1984 08:30,38.2
427,Madhuganga Reservoir,CWC,24,Gujarat,462,Valsad,KAPRADA,-,-,Daman Ganga,West flowing rivers from Tapi to Tadri,-,-,-,-,20.19333333,73.06500000,04-08-1984 08:30,58
428,Madhuganga Reservoir,CWC,24,Gujarat,462,Valsad,KAPRADA,-,-,Daman Ganga,West flowing rivers from Tapi to Tadri,-,-,-,-,20.19333333,73.06500000,05-08-1984 08:30,30.7
429,Madhuganga Reservoir,CWC,24,Gujarat,462,Valsad,KAPRADA,-,-,Daman Ganga,West flowing rivers from Tapi to Tadri,-,-,-,-,20.19333333,73.06500000,06-08-1984 08:30,7.6
430,Madhuganga Reservoir,CWC,24,Gujarat,462,Valsad,KAPRADA,-,-,Daman Ganga,West flowing rivers from Tapi to Tadri,-,-,-,-,20.19333333,73.06500000,07-08-1984 08:30,9.1
431,Madhuganga Reservoir,CWC,24,Gujarat,462,Valsad,KAPRADA,-,-,Daman Ganga,West flowing rivers from Tapi to Tadri,-,-,-,-,20.19333333,73.06500000,08-08-1984 08:30,2.5
432,Madhuganga Reservoir,CWC,24,Gujarat,462,Valsad,KAPRADA,-,-,Daman Ganga,West flowing rivers from Tapi to Tadri,-,-,-,-,20.19333333,73.06500000,09-08-1984 08:30,14.5
433,Madhuganga Reservoir,CWC,24,Gujarat,462,Valsad,KAPRADA,-,-,Daman Ganga,West flowing rivers from Tapi to Tadri,-,-,-,-,20.19333333,73.06500000,10-08-1984 08:30,21.5
434,Madhuganga Reservoir,CWC,24,Gujarat,462,Valsad,KAPRADA,-,-,Daman Ganga,West flowing rivers from Tapi to Tadri,-,-,-,-,20.19333333,73.06500000,11-08-1984 08:30,83.2
435,Madhuganga Reservoir,CWC,24,Gujarat,462,Valsad,KAPRADA,-,-,Daman Ganga,West flowing rivers from Tapi to Tadri,-,-,-,-,20.19333333,73.06500000,12-08-1984 08:30,12
436,Madhuganga Reservoir,CWC,24,Gujarat,462,Valsad,KAPRADA,-,-,Daman Ganga,West flowing rivers from Tapi to Tadri,-,-,-,-,20.19333333,73.06500000,13-08-1984 08:30,9.1
437,Madhuganga Reservoir,CWC,24,Gujarat,462,Valsad,KAPRADA,-,-,Daman Ganga,West flowing rivers from Tapi to Tadri,-,-,-,-,20.19333333,73.06500000,14-08-1984 08:30,36.7
438,Madhuganga Reservoir,CWC,24,Gujarat,462,Valsad,KAPRADA,-,-,Daman Ganga,West flowing rivers from Tapi to Tadri,-,-,-,-,20.19333333,73.06500000,15-08-1984 08:30,7.4
439,Madhuganga Reservoir,CWC,24,Gujarat,462,Valsad,KAPRADA,-,-,Daman Ganga,West flowing rivers from Tapi to Tadri,-,-,-,-,20.19333333,73.06500000,16-08-1984 08:30,15.8
440,Madhuganga Reservoir,CWC,24,Gujarat,462,Valsad,KAPRADA,-,-,Daman Ganga,West flowing rivers from Tapi to Tadri,-,-,-,-,20.19333333,73.06500000,17-08-1984 08:30,26.6
441,Madhuganga Reservoir,CWC,24,Gujarat,462,Valsad,KAPRADA,-,-,Daman Ganga,West flowing rivers from Tapi to Tadri,-,-,-,-,20.19333333,73.06500000,18-08-1984 08:30,25.9
442,Madhuganga Reservoir,CWC,24,Gujarat,462,Valsad,KAPRADA,-,-,Daman Ganga,West flowing rivers from Tapi to Tadri,-,-,-,-,20.19333333,73.06500000,19-08-1984 08:30,48.8
443,Madhuganga Reservoir,CWC,24,Gujarat,462,Valsad,KAPRADA,-,-,Daman Ganga,West flowing rivers from Tapi to Tadri,-,-,-,-,20.19333333,73.06500000,20-08-1984 08:30,9
444,Madhuganga Reservoir,CWC,24,Gujarat,462,Valsad,KAPRADA,-,-,Daman Ganga,West flowing rivers from Tapi to Tadri,-,-,-,-,20.19333333,73.06500000,21-08-1984 08:30,1.7
445,Madhuganga Reservoir,CWC,24,Gujarat,462,Valsad,KAPRADA,-,-,Daman Ganga,West flowing rivers from Tapi to Tadri,-,-,-,-,20.19333333,73.06500000,23-08-1984 08:30,1.7
446,Madhuganga Reservoir,CWC,24,Gujarat,462,Valsad,KAPRADA,-,-,Daman Ganga,West flowing rivers from Tapi to Tadri,-,-,-,-,20.19333333,73.06500000,24-08-1984 08:30,11.6
447,Madhuganga Reservoir,CWC,24,Gujarat,462,Valsad,KAPRADA,-,-,Daman Ganga,West flowing rivers from Tapi to Tadri,-,-,-,-,20.19333333,73.06500000,25-08-1984 08:30,2
448,Madhuganga Reservoir,CWC,24,Gujarat,462,Valsad,KAPRADA,-,-,Daman Ganga,West flowing rivers from Tapi to Tadri,-,-,-,-,20.19333333,73.06500000,26-08-1984 08:30,2
449,Madhuganga Reservoir,CWC,24,Gujarat,462,Valsad,KAPRADA,-,-,Daman Ganga,West flowing rivers from Tapi to Tadri,-,-,-,-,20.19333333,73.06500000,27-08-1984 08:30,6.2
450,Madhuganga Reservoir,CWC,24,Gujarat,462,Valsad,KAPRADA,-,-,Daman Ganga,West flowing rivers from Tapi to Tadri,-,-,-,-,20.19333333,73.06500000,28-08-1984 08:30,14.5
451,Madhuganga Reservoir,CWC,24,Gujarat,462,Valsad,KAPRADA,-,-,Daman Ganga,West flowing rivers from Tapi to Tadri,-,-,-,-,20.19333333,73.06500000,29-08-1984 08:30,5.8
452,Madhuganga Reservoir,CWC,24,Gujarat,462,Valsad,KAPRADA,-,-,Daman Ganga,West flowing rivers from Tapi to Tadri,-,-,-,-,20.19333333,73.06500000,01-09-1984 08:30,0.7
453,Madhuganga Reservoir,CWC,24,Gujarat,462,Valsad,KAPRADA,-,-,Daman Ganga,West flowing rivers from Tapi to Tadri,-,-,-,-,20.19333333,73.06500000,02-09-1984 08:30,0.2
454,Madhuganga Reservoir,CWC,24,Gujarat,462,Valsad,KAPRADA,-,-,Daman Ganga,West flowing rivers from Tapi to Tadri,-,-,-,-,20.19333333,73.06500000,03-09-1984 08:30,1.3
455,Madhuganga Reservoir,CWC,24,Gujarat,462,Valsad,KAPRADA,-,-,Daman Ganga,West flowing rivers from Tapi to Tadri,-,-,-,-,20.19333333,73.06500000,04-09-1984 08:30,10
456,Madhuganga Reservoir,CWC,24,Gujarat,462,Valsad,KAPRADA,-,-,Daman Ganga,West flowing rivers from Tapi to Tadri,-,-,-,-,20.19333333,73.06500000,05-09-1984 08:30,4.6
457,Madhuganga Reservoir,CWC,24,Gujarat,462,Valsad,KAPRADA,-,-,Daman Ganga,West flowing rivers from Tapi to Tadri,-,-,-,-,20.19333333,73.06500000,06-09-1984 08:30,1.9
458,Madhuganga Reservoir,CWC,24,Gujarat,462,Valsad,KAPRADA,-,-,Daman Ganga,West flowing rivers from Tapi to Tadri,-,-,-,-,20.19333333,73.06500000,07-09-1984 08:30,2.5
459,Madhuganga Reservoir,CWC,24,Gujarat,462,Valsad,KAPRADA,-,-,Daman Ganga,West flowing rivers from Tapi to Tadri,-,-,-,-,20.19333333,73.06500000,08-09-1984 08:30,1.8
460,Madhuganga Reservoir,CWC,24,Gujarat,462,Valsad,KAPRADA,-,-,Daman Ganga,West flowing rivers from Tapi to Tadri,-,-,-,-,20.19333333,73.06500000,09-09-1984 08:30,1.25
461,Madhuganga Reservoir,CWC,24,Gujarat,462,Valsad,KAPRADA,-,-,Daman Ganga,West flowing rivers from Tapi to Tadri,-,-,-,-,20.19333333,73.06500000,11-09-1984 08:30,0.25
462,Madhuganga Reservoir,CWC,24,Gujarat,462,Valsad,KAPRADA,-,-,Daman Ganga,West flowing rivers from Tapi to Tadri,-,-,-,-,20.19333333,73.06500000,12-09-1984 08:30,26
463,Madhuganga Reservoir,CWC,24,Gujarat,462,Valsad,KAPRADA,-,-,Daman Ganga,West flowing rivers from Tapi to Tadri,-,-,-,-,20.19333333,73.06500000,13-09-1984 08:30,9.5
464,Madhuganga Reservoir,CWC,24,Gujarat,462,Valsad,KAPRADA,-,-,Daman Ganga,West flowing rivers from Tapi to Tadri,-,-,-,-,20.19333333,73.06500000,14-09-1984 08:30,2.5
465,Madhuganga Reservoir,CWC,24,Gujarat,462,Valsad,KAPRADA,-,-,Daman Ganga,West flowing rivers from Tapi to Tadri,-,-,-,-,20.19333333,73.06500000,18-09-1984 08:30,0.3
466,Madhuganga Reservoir,CWC,24,Gujarat,462,Valsad,KAPRADA,-,-,Daman Ganga,West flowing rivers from Tapi to Tadri,-,-,-,-,20.19333333,73.06500000,28-09-1984 08:30,1.8
467,Madhuganga Reservoir,CWC,24,Gujarat,462,Valsad,KAPRADA,-,-,Daman Ganga,West flowing rivers from Tapi to Tadri,-,-,-,-,20.19333333,73.06500000,06-10-1984 08:30,14
468,Madhuganga Reservoir,CWC,24,Gujarat,462,Valsad,KAPRADA,-,-,Daman Ganga,West flowing rivers from Tapi to Tadri,-,-,-,-,20.19333333,73.06500000,08-10-1984 08:30,67.5
469,Madhuganga Reservoir,CWC,24,Gujarat,462,Valsad,KAPRADA,-,-,Daman Ganga,West flowing rivers from Tapi to Tadri,-,-,-,-,20.19333333,73.06500000,09-10-1984 08:30,5.6
470,Madhuganga Reservoir,CWC,24,Gujarat,462,Valsad,KAPRADA,-,-,Daman Ganga,West flowing rivers from Tapi to Tadri,-,-,-,-,20.19333333,73.06500000,03-06-1985 08:30,1
471,Madhuganga Reservoir,CWC,24,Gujarat,462,Valsad,KAPRADA,-,-,Daman Ganga,West flowing rivers from Tapi to Tadri,-,-,-,-,20.19333333,73.06500000,04-06-1985 08:30,6.5
472,Madhuganga Reservoir,CWC,24,Gujarat,462,Valsad,KAPRADA,-,-,Daman Ganga,West flowing rivers from Tapi to Tadri,-,-,-,-,20.19333333,73.06500000,05-06-1985 08:30,3
473,Madhuganga Reservoir,CWC,24,Gujarat,462,Valsad,KAPRADA,-,-,Daman Ganga,West flowing rivers from Tapi to Tadri,-,-,-,-,20.19333333,73.06500000,06-06-1985 08:30,0.2
474,Madhuganga Reservoir,CWC,24,Gujarat,462,Valsad,KAPRADA,-,-,Daman Ganga,West flowing rivers from Tapi to Tadri,-,-,-,-,20.19333333,73.06500000,07-06-1985 08:30,46.6
475,Madhuganga Reservoir,CWC,24,Gujarat,462,Valsad,KAPRADA,-,-,Daman Ganga,West flowing rivers from Tapi to Tadri,-,-,-,-,20.19333333,73.06500000,08-06-1985 08:30,61.8
476,Madhuganga Reservoir,CWC,24,Gujarat,462,Valsad,KAPRADA,-,-,Daman Ganga,West flowing rivers from Tapi to Tadri,-,-,-,-,20.19333333,73.06500000,10-06-1985 08:30,0.7
477,Madhuganga Reservoir,CWC,24,Gujarat,462,Valsad,KAPRADA,-,-,Daman Ganga,West flowing rivers from Tapi to Tadri,-,-,-,-,20.19333333,73.06500000,11-06-1985 08:30,5.3
478,Madhuganga Reservoir,CWC,24,Gujarat,462,Valsad,KAPRADA,-,-,Daman Ganga,West flowing rivers from Tapi to Tadri,-,-,-,-,20.19333333,73.06500000,13-06-1985 08:30,1.4
479,Madhuganga Reservoir,CWC,24,Gujarat,462,Valsad,KAPRADA,-,-,Daman Ganga,West flowing rivers from Tapi to Tadri,-,-,-,-,20.19333333,73.06500000,14-06-1985 08:30,0.3
480,Madhuganga Reservoir,CWC,24,Gujarat,462,Valsad,KAPRADA,-,-,Daman Ganga,West flowing rivers from Tapi to Tadri,-,-,-,-,20.19333333,73.06500000,15-06-1985 08:30,0.2
481,Madhuganga Reservoir,CWC,24,Gujarat,462,Valsad,KAPRADA,-,-,Daman Ganga,West flowing rivers from Tapi to Tadri,-,-,-,-,20.19333333,73.06500000,16-06-1985 08:30,0.5
482,Madhuganga Reservoir,CWC,24,Gujarat,462,Valsad,KAPRADA,-,-,Daman Ganga,West flowing rivers from Tapi to Tadri,-,-,-,-,20.19333333,73.06500000,17-06-1985 08:30,4.7
483,Madhuganga Reservoir,CWC,24,Gujarat,462,Valsad,KAPRADA,-,-,Daman Ganga,West flowing rivers from Tapi to Tadri,-,-,-,-,20.19333333,73.06500000,19-06-1985 08:30,0.5
484,Madhuganga Reservoir,CWC,24,Gujarat,462,Valsad,KAPRADA,-,-,Daman Ganga,West flowing rivers from Tapi to Tadri,-,-,-,-,20.19333333,73.06500000,20-06-1985 08:30,4
485,Madhuganga Reservoir,CWC,24,Gujarat,462,Valsad,KAPRADA,-,-,Daman Ganga,West flowing rivers from Tapi to Tadri,-,-,-,-,20.19333333,73.06500000,21-06-1985 08:30,3.5
486,Madhuganga Reservoir,CWC,24,Gujarat,462,Valsad,KAPRADA,-,-,Daman Ganga,West flowing rivers from Tapi to Tadri,-,-,-,-,20.19333333,73.06500000,22-06-1985 08:30,2.5
487,Madhuganga Reservoir,CWC,24,Gujarat,462,Valsad,KAPRADA,-,-,Daman Ganga,West flowing rivers from Tapi to Tadri,-,-,-,-,20.19333333,73.06500000,26-06-1985 08:30,1.7
488,Madhuganga Reservoir,CWC,24,Gujarat,462,Valsad,KAPRADA,-,-,Daman Ganga,West flowing rivers from Tapi to Tadri,-,-,-,-,20.19333333,73.06500000,27-06-1985 08:30,7.5
489,Madhuganga Reservoir,CWC,24,Gujarat,462,Valsad,KAPRADA,-,-,Daman Ganga,West flowing rivers from Tapi to Tadri,-,-,-,-,20.19333333,73.06500000,28-06-1985 08:30,10
490,Madhuganga Reservoir,CWC,24,Gujarat,462,Valsad,KAPRADA,-,-,Daman Ganga,West flowing rivers from Tapi to Tadri,-,-,-,-,20.19333333,73.06500000,29-06-1985 08:30,1
491,Madhuganga Reservoir,CWC,24,Gujarat,462,Valsad,KAPRADA,-,-,Daman Ganga,West flowing rivers from Tapi to Tadri,-,-,-,-,20.19333333,73.06500000,30-06-1985 08:30,0.8
492,Madhuganga Reservoir,CWC,24,Gujarat,462,Valsad,KAPRADA,-,-,Daman Ganga,West flowing rivers from Tapi to Tadri,-,-,-,-,20.19333333,73.06500000,01-07-1985 08:30,0.8
493,Madhuganga Reservoir,CWC,24,Gujarat,462,Valsad,KAPRADA,-,-,Daman Ganga,West flowing rivers from Tapi to Tadri,-,-,-,-,20.19333333,73.06500000,02-07-1985 08:30,15.2
494,Madhuganga Reservoir,CWC,24,Gujarat,462,Valsad,KAPRADA,-,-,Daman Ganga,West flowing rivers from Tapi to Tadri,-,-,-,-,20.19333333,73.06500000,03-07-1985 08:30,10
495,Madhuganga Reservoir,CWC,24,Gujarat,462,Valsad,KAPRADA,-,-,Daman Ganga,West flowing rivers from Tapi to Tadri,-,-,-,-,20.19333333,73.06500000,04-07-1985 08:30,4.1
496,Madhuganga Reservoir,CWC,24,Gujarat,462,Valsad,KAPRADA,-,-,Daman Ganga,West flowing rivers from Tapi to Tadri,-,-,-,-,20.19333333,73.06500000,05-07-1985 08:30,17.1
497,Madhuganga Reservoir,CWC,24,Gujarat,462,Valsad,KAPRADA,-,-,Daman Ganga,West flowing rivers from Tapi to Tadri,-,-,-,-,20.19333333,73.06500000,06-07-1985 08:30,4.4
498,Madhuganga Reservoir,CWC,24,Gujarat,462,Valsad,KAPRADA,-,-,Daman Ganga,West flowing rivers from Tapi to Tadri,-,-,-,-,20.19333333,73.06500000,07-07-1985 08:30,2.2
499,Madhuganga Reservoir,CWC,24,Gujarat,462,Valsad,KAPRADA,-,-,Daman Ganga,West flowing rivers from Tapi to Tadri,-,-,-,-,20.19333333,73.06500000,08-07-1985 08:30,1.9
500,Madhuganga Reservoir,CWC,24,Gujarat,462,Valsad,KAPRADA,-,-,Daman Ganga,West flowing rivers from Tapi to Tadri,-,-,-,-,20.19333333,73.06500000,09-07-1985 08:30,0.2
501,Madhuganga Reservoir,CWC,24,Gujarat,462,Valsad,KAPRADA,-,-,Daman Ganga,West flowing rivers from Tapi to Tadri,-,-,-,-,20.19333333,73.06500000,10-07-1985 08:30,0.7
502,Madhuganga Reservoir,CWC,24,Gujarat,462,Valsad,KAPRADA,-,-,Daman Ganga,West flowing rivers from Tapi to Tadri,-,-,-,-,20.19333333,73.06500000,11-07-1985 08:30,10
503,Madhuganga Reservoir,CWC,24,Gujarat,462,Valsad,KAPRADA,-,-,Daman Ganga,West flowing rivers from Tapi to Tadri,-,-,-,-,20.19333333,73.06500000,12-07-1985 08:30,6.6
504,Madhuganga Reservoir,CWC,24,Gujarat,462,Valsad,KAPRADA,-,-,Daman Ganga,West flowing rivers from Tapi to Tadri,-,-,-,-,20.19333333,73.06500000,13-07-1985 08:30,29.5
505,Madhuganga Reservoir,CWC,24,Gujarat,462,Valsad,KAPRADA,-,-,Daman Ganga,West flowing rivers from Tapi to Tadri,-,-,-,-,20.19333333,73.06500000,14-07-1985 08:30,10.9
506,Madhuganga Reservoir,CWC,24,Gujarat,462,Valsad,KAPRADA,-,-,Daman Ganga,West flowing rivers from Tapi to Tadri,-,-,-,-,20.19333333,73.06500000,15-07-1985 08:30,25.1
507,Madhuganga Reservoir,CWC,24,Gujarat,462,Valsad,KAPRADA,-,-,Daman Ganga,West flowing rivers from Tapi to Tadri,-,-,-,-,20.19333333,73.06500000,16-07-1985 08:30,94.9
508,Madhuganga Reservoir,CWC,24,Gujarat,462,Valsad,KAPRADA,-,-,Daman Ganga,West flowing rivers from Tapi to Tadri,-,-,-,-,20.19333333,73.06500000,17-07-1985 08:30,296.6
509,Madhuganga Reservoir,CWC,24,Gujarat,462,Valsad,KAPRADA,-,-,Daman Ganga,West flowing rivers from Tapi to Tadri,-,-,-,-,20.19333333,73.06500000,18-07-1985 08:30,22.3
510,Madhuganga Reservoir,CWC,24,Gujarat,462,Valsad,KAPRADA,-,-,Daman Ganga,West flowing rivers from Tapi to Tadri,-,-,-,-,20.19333333,73.06500000,19-07-1985 08:30,4
511,Madhuganga Reservoir,CWC,24,Gujarat,462,Valsad,KAPRADA,-,-,Daman Ganga,West flowing rivers from Tapi to Tadri,-,-,-,-,20.19333333,73.06500000,20-07-1985 08:30,1.1
512,Madhuganga Reservoir,CWC,24,Gujarat,462,Valsad,KAPRADA,-,-,Daman Ganga,West flowing rivers from Tapi to Tadri,-,-,-,-,20.19333333,73.06500000,21-07-1985 08:30,2.5
513,Madhuganga Reservoir,CWC,24,Gujarat,462,Valsad,KAPRADA,-,-,Daman Ganga,West flowing rivers from Tapi to Tadri,-,-,-,-,20.19333333,73.06500000,22-07-1985 08:30,0.4
514,Madhuganga Reservoir,CWC,24,Gujarat,462,Valsad,KAPRADA,-,-,Daman Ganga,West flowing rivers from Tapi to Tadri,-,-,-,-,20.19333333,73.06500000,23-07-1985 08:30,44.3
515,Madhuganga Reservoir,CWC,24,Gujarat,462,Valsad,KAPRADA,-,-,Daman Ganga,West flowing rivers from Tapi to Tadri,-,-,-,-,20.19333333,73.06500000,24-07-1985 08:30,19.4
516,Madhuganga Reservoir,CWC,24,Gujarat,462,Valsad,KAPRADA,-,-,Daman Ganga,West flowing rivers from Tapi to Tadri,-,-,-,-,20.19333333,73.06500000,25-07-1985 08:30,120.8
517,Madhuganga Reservoir,CWC,24,Gujarat,462,Valsad,KAPRADA,-,-,Daman Ganga,West flowing rivers from Tapi to Tadri,-,-,-,-,20.19333333,73.06500000,26-07-1985 08:30,11
518,Madhuganga Reservoir,CWC,24,Gujarat,462,Valsad,KAPRADA,-,-,Daman Ganga,West flowing rivers from Tapi to Tadri,-,-,-,-,20.19333333,73.06500000,27-07-1985 08:30,19.4
519,Madhuganga Reservoir,CWC,24,Gujarat,462,Valsad,KAPRADA,-,-,Daman Ganga,West flowing rivers from Tapi to Tadri,-,-,-,-,20.19333333,73.06500000,28-07-1985 08:30,12.8
520,Madhuganga Reservoir,CWC,24,Gujarat,462,Valsad,KAPRADA,-,-,Daman Ganga,West flowing rivers from Tapi to Tadri,-,-,-,-,20.19333333,73.06500000,29-07-1985 08:30,6.3
521,Madhuganga Reservoir,CWC,24,Gujarat,462,Valsad,KAPRADA,-,-,Daman Ganga,West flowing rivers from Tapi to Tadri,-,-,-,-,20.19333333,73.06500000,30-07-1985 08:30,48.8
522,Madhuganga Reservoir,CWC,24,Gujarat,462,Valsad,KAPRADA,-,-,Daman Ganga,West flowing rivers from Tapi to Tadri,-,-,-,-,20.19333333,73.06500000,31-07-1985 08:30,73
523,Madhuganga Reservoir,CWC,24,Gujarat,462,Valsad,KAPRADA,-,-,Daman Ganga,West flowing rivers from Tapi to Tadri,-,-,-,-,20.19333333,73.06500000,01-08-1985 08:30,47.4
524,Madhuganga Reservoir,CWC,24,Gujarat,462,Valsad,KAPRADA,-,-,Daman Ganga,West flowing rivers from Tapi to Tadri,-,-,-,-,20.19333333,73.06500000,02-08-1985 08:30,80.4
525,Madhuganga Reservoir,CWC,24,Gujarat,462,Valsad,KAPRADA,-,-,Daman Ganga,West flowing rivers from Tapi to Tadri,-,-,-,-,20.19333333,73.06500000,03-08-1985 08:30,13.3
526,Madhuganga Reservoir,CWC,24,Gujarat,462,Valsad,KAPRADA,-,-,Daman Ganga,West flowing rivers from Tapi to Tadri,-,-,-,-,20.19333333,73.06500000,04-08-1985 08:30,24.2
527,Madhuganga Reservoir,CWC,24,Gujarat,462,Valsad,KAPRADA,-,-,Daman Ganga,West flowing rivers from Tapi to Tadri,-,-,-,-,20.19333333,73.06500000,05-08-1985 08:30,15.6
528,Madhuganga Reservoir,CWC,24,Gujarat,462,Valsad,KAPRADA,-,-,Daman Ganga,West flowing rivers from Tapi to Tadri,-,-,-,-,20.19333333,73.06500000,06-08-1985 08:30,2.7
529,Madhuganga Reservoir,CWC,24,Gujarat,462,Valsad,KAPRADA,-,-,Daman Ganga,West flowing rivers from Tapi to Tadri,-,-,-,-,20.19333333,73.06500000,07-08-1985 08:30,34
530,Madhuganga Reservoir,CWC,24,Gujarat,462,Valsad,KAPRADA,-,-,Daman Ganga,West flowing rivers from Tapi to Tadri,-,-,-,-,20.19333333,73.06500000,08-08-1985 08:30,6.7
531,Madhuganga Reservoir,CWC,24,Gujarat,462,Valsad,KAPRADA,-,-,Daman Ganga,West flowing rivers from Tapi to Tadri,-,-,-,-,20.19333333,73.06500000,09-08-1985 08:30,4
532,Madhuganga Reservoir,CWC,24,Gujarat,462,Valsad,KAPRADA,-,-,Daman Ganga,West flowing rivers from Tapi to Tadri,-,-,-,-,20.19333333,73.06500000,10-08-1985 08:30,27.8
533,Madhuganga Reservoir,CWC,24,Gujarat,462,Valsad,KAPRADA,-,-,Daman Ganga,West flowing rivers from Tapi to Tadri,-,-,-,-,20.19333333,73.06500000,11-08-1985 08:30,23.8
534,Madhuganga Reservoir,CWC,24,Gujarat,462,Valsad,KAPRADA,-,-,Daman Ganga,West flowing rivers from Tapi to Tadri,-,-,-,-,20.19333333,73.06500000,12-08-1985 08:30,4.8
535,Madhuganga Reservoir,CWC,24,Gujarat,462,Valsad,KAPRADA,-,-,Daman Ganga,West flowing rivers from Tapi to Tadri,-,-,-,-,20.19333333,73.06500000,13-08-1985 08:30,4.9
536,Madhuganga Reservoir,CWC,24,Gujarat,462,Valsad,KAPRADA,-,-,Daman Ganga,West flowing rivers from Tapi to Tadri,-,-,-,-,20.19333333,73.06500000,14-08-1985 08:30,7
537,Madhuganga Reservoir,CWC,24,Gujarat,462,Valsad,KAPRADA,-,-,Daman Ganga,West flowing rivers from Tapi to Tadri,-,-,-,-,20.19333333,73.06500000,15-08-1985 08:30,2.4
538,Madhuganga Reservoir,CWC,24,Gujarat,462,Valsad,KAPRADA,-,-,Daman Ganga,West flowing rivers from Tapi to Tadri,-,-,-,-,20.19333333,73.06500000,16-08-1985 08:30,0.2
539,Madhuganga Reservoir,CWC,24,Gujarat,462,Valsad,KAPRADA,-,-,Daman Ganga,West flowing rivers from Tapi to Tadri,-,-,-,-,20.19333333,73.06500000,17-08-1985 08:30,0.4
540,Madhuganga Reservoir,CWC,24,Gujarat,462,Valsad,KAPRADA,-,-,Daman Ganga,West flowing rivers from Tapi to Tadri,-,-,-,-,20.19333333,73.06500000,18-08-1985 08:30,5.6
541,Madhuganga Reservoir,CWC,24,Gujarat,462,Valsad,KAPRADA,-,-,Daman Ganga,West flowing rivers from Tapi to Tadri,-,-,-,-,20.19333333,73.06500000,19-08-1985 08:30,11.2
542,Madhuganga Reservoir,CWC,24,Gujarat,462,Valsad,KAPRADA,-,-,Daman Ganga,West flowing rivers from Tapi to Tadri,-,-,-,-,20.19333333,73.06500000,20-08-1985 08:30,3
543,Madhuganga Reservoir,CWC,24,Gujarat,462,Valsad,KAPRADA,-,-,Daman Ganga,West flowing rivers from Tapi to Tadri,-,-,-,-,20.19333333,73.06500000,21-08-1985 08:30,0.8
544,Madhuganga Reservoir,CWC,24,Gujarat,462,Valsad,KAPRADA,-,-,Daman Ganga,West flowing rivers from Tapi to Tadri,-,-,-,-,20.19333333,73.06500000,22-08-1985 08:30,1
545,Madhuganga Reservoir,CWC,24,Gujarat,462,Valsad,KAPRADA,-,-,Daman Ganga,West flowing rivers from Tapi to Tadri,-,-,-,-,20.19333333,73.06500000,23-08-1985 08:30,10.2
546,Madhuganga Reservoir,CWC,24,Gujarat,462,Valsad,KAPRADA,-,-,Daman Ganga,West flowing rivers from Tapi to Tadri,-,-,-,-,20.19333333,73.06500000,24-08-1985 08:30,13.1
547,Madhuganga Reservoir,CWC,24,Gujarat,462,Valsad,KAPRADA,-,-,Daman Ganga,West flowing rivers from Tapi to Tadri,-,-,-,-,20.19333333,73.06500000,25-08-1985 08:30,5.1
548,Madhuganga Reservoir,CWC,24,Gujarat,462,Valsad,KAPRADA,-,-,Daman Ganga,West flowing rivers from Tapi to Tadri,-,-,-,-,20.19333333,73.06500000,26-08-1985 08:30,2
549,Madhuganga Reservoir,CWC,24,Gujarat,462,Valsad,KAPRADA,-,-,Daman Ganga,West flowing rivers from Tapi to Tadri,-,-,-,-,20.19333333,73.06500000,27-08-1985 08:30,3.1
550,Madhuganga Reservoir,CWC,24,Gujarat,462,Valsad,KAPRADA,-,-,Daman Ganga,West flowing rivers from Tapi to Tadri,-,-,-,-,20.19333333,73.06500000,28-08-1985 08:30,5.9
551,Madhuganga Reservoir,CWC,24,Gujarat,462,Valsad,KAPRADA,-,-,Daman Ganga,West flowing rivers from Tapi to Tadri,-,-,-,-,20.19333333,73.06500000,29-08-1985 08:30,5.6
552,Madhuganga Reservoir,CWC,24,Gujarat,462,Valsad,KAPRADA,-,-,Daman Ganga,West flowing rivers from Tapi to Tadri,-,-,-,-,20.19333333,73.06500000,30-08-1985 08:30,3.5
553,Madhuganga Reservoir,CWC,24,Gujarat,462,Valsad,KAPRADA,-,-,Daman Ganga,West flowing rivers from Tapi to Tadri,-,-,-,-,20.19333333,73.06500000,31-08-1985 08:30,0.4
554,Madhuganga Reservoir,CWC,24,Gujarat,462,Valsad,KAPRADA,-,-,Daman Ganga,West flowing rivers from Tapi to Tadri,-,-,-,-,20.19333333,73.06500000,02-09-1985 08:30,2.2
555,Madhuganga Reservoir,CWC,24,Gujarat,462,Valsad,KAPRADA,-,-,Daman Ganga,West flowing rivers from Tapi to Tadri,-,-,-,-,20.19333333,73.06500000,03-09-1985 08:30,5.4
556,Madhuganga Reservoir,CWC,24,Gujarat,462,Valsad,KAPRADA,-,-,Daman Ganga,West flowing rivers from Tapi to Tadri,-,-,-,-,20.19333333,73.06500000,04-09-1985 08:30,5.5
557,Madhuganga Reservoir,CWC,24,Gujarat,462,Valsad,KAPRADA,-,-,Daman Ganga,West flowing rivers from Tapi to Tadri,-,-,-,-,20.19333333,73.06500000,05-09-1985 08:30,10.7
558,Madhuganga Reservoir,CWC,24,Gujarat,462,Valsad,KAPRADA,-,-,Daman Ganga,West flowing rivers from Tapi to Tadri,-,-,-,-,20.19333333,73.06500000,06-09-1985 08:30,10.8
559,Madhuganga Reservoir,CWC,24,Gujarat,462,Valsad,KAPRADA,-,-,Daman Ganga,West flowing rivers from Tapi to Tadri,-,-,-,-,20.19333333,73.06500000,07-09-1985 08:30,42.7
560,Madhuganga Reservoir,CWC,24,Gujarat,462,Valsad,KAPRADA,-,-,Daman Ganga,West flowing rivers from Tapi to Tadri,-,-,-,-,20.19333333,73.06500000,08-09-1985 08:30,0.1
561,Madhuganga Reservoir,CWC,24,Gujarat,462,Valsad,KAPRADA,-,-,Daman Ganga,West flowing rivers from Tapi to Tadri,-,-,-,-,20.19333333,73.06500000,10-09-1985 08:30,16.4
562,Madhuganga Reservoir,CWC,24,Gujarat,462,Valsad,KAPRADA,-,-,Daman Ganga,West flowing rivers from Tapi to Tadri,-,-,-,-,20.19333333,73.06500000,11-09-1985 08:30,0.5
563,Madhuganga Reservoir,CWC,24,Gujarat,462,Valsad,KAPRADA,-,-,Daman Ganga,West flowing rivers from Tapi to Tadri,-,-,-,-,20.19333333,73.06500000,12-09-1985 08:30,5.5
564,Madhuganga Reservoir,CWC,24,Gujarat,462,Valsad,KAPRADA,-,-,Daman Ganga,West flowing rivers from Tapi to Tadri,-,-,-,-,20.19333333,73.06500000,13-09-1985 08:30,6.2
565,Madhuganga Reservoir,CWC,24,Gujarat,462,Valsad,KAPRADA,-,-,Daman Ganga,West flowing rivers from Tapi to Tadri,-,-,-,-,20.19333333,73.06500000,18-09-1985 08:30,23.5
566,Madhuganga Reservoir,CWC,24,Gujarat,462,Valsad,KAPRADA,-,-,Daman Ganga,West flowing rivers from Tapi to Tadri,-,-,-,-,20.19333333,73.06500000,20-09-1985 08:30,2.9
567,Madhuganga Reservoir,CWC,24,Gujarat,462,Valsad,KAPRADA,-,-,Daman Ganga,West flowing rivers from Tapi to Tadri,-,-,-,-,20.19333333,73.06500000,03-10-1985 08:30,17.8
568,Madhuganga Reservoir,CWC,24,Gujarat,462,Valsad,KAPRADA,-,-,Daman Ganga,West flowing rivers from Tapi to Tadri,-,-,-,-,20.19333333,73.06500000,04-10-1985 08:30,19.2
569,Madhuganga Reservoir,CWC,24,Gujarat,462,Valsad,KAPRADA,-,-,Daman Ganga,West flowing rivers from Tapi to Tadri,-,-,-,-,20.19333333,73.06500000,05-10-1985 08:30,61.8
570,Madhuganga Reservoir,CWC,24,Gujarat,462,Valsad,KAPRADA,-,-,Daman Ganga,West flowing rivers from Tapi to Tadri,-,-,-,-,20.19333333,73.06500000,06-10-1985 08:30,19.1
571,Madhuganga Reservoir,CWC,24,Gujarat,462,Valsad,KAPRADA,-,-,Daman Ganga,West flowing rivers from Tapi to Tadri,-,-,-,-,20.19333333,73.06500000,07-10-1985 08:30,21.7
572,Madhuganga Reservoir,CWC,24,Gujarat,462,Valsad,KAPRADA,-,-,Daman Ganga,West flowing rivers from Tapi to Tadri,-,-,-,-,20.19333333,73.06500000,08-10-1985 08:30,2.4
573,Madhuganga Reservoir,CWC,24,Gujarat,462,Valsad,KAPRADA,-,-,Daman Ganga,West flowing rivers from Tapi to Tadri,-,-,-,-,20.19333333,73.06500000,16-10-1985 08:30,0.5
574,Madhuganga Reservoir,CWC,24,Gujarat,462,Valsad,KAPRADA,-,-,Daman Ganga,West flowing rivers from Tapi to Tadri,-,-,-,-,20.19333333,73.06500000,12-06-1986 08:30,3.5
575,Madhuganga Reservoir,CWC,24,Gujarat,462,Valsad,KAPRADA,-,-,Daman Ganga,West flowing rivers from Tapi to Tadri,-,-,-,-,20.19333333,73.06500000,13-06-1986 08:30,20
576,Madhuganga Reservoir,CWC,24,Gujarat,462,Valsad,KAPRADA,-,-,Daman Ganga,West flowing rivers from Tapi to Tadri,-,-,-,-,20.19333333,73.06500000,15-06-1986 08:30,39.3
577,Madhuganga Reservoir,CWC,24,Gujarat,462,Valsad,KAPRADA,-,-,Daman Ganga,West flowing rivers from Tapi to Tadri,-,-,-,-,20.19333333,73.06500000,16-06-1986 08:30,14.8
578,Madhuganga Reservoir,CWC,24,Gujarat,462,Valsad,KAPRADA,-,-,Daman Ganga,West flowing rivers from Tapi to Tadri,-,-,-,-,20.19333333,73.06500000,17-06-1986 08:30,53.5
579,Madhuganga Reservoir,CWC,24,Gujarat,462,Valsad,KAPRADA,-,-,Daman Ganga,West flowing rivers from Tapi to Tadri,-,-,-,-,20.19333333,73.06500000,18-06-1986 08:30,17.5
580,Madhuganga Reservoir,CWC,24,Gujarat,462,Valsad,KAPRADA,-,-,Daman Ganga,West flowing rivers from Tapi to Tadri,-,-,-,-,20.19333333,73.06500000,19-06-1986 08:30,72
581,Madhuganga Reservoir,CWC,24,Gujarat,462,Valsad,KAPRADA,-,-,Daman Ganga,West flowing rivers from Tapi to Tadri,-,-,-,-,20.19333333,73.06500000,20-06-1986 08:30,133.8
582,Madhuganga Reservoir,CWC,24,Gujarat,462,Valsad,KAPRADA,-,-,Daman Ganga,West flowing rivers from Tapi to Tadri,-,-,-,-,20.19333333,73.06500000,21-06-1986 08:30,46.5
583,Madhuganga Reservoir,CWC,24,Gujarat,462,Valsad,KAPRADA,-,-,Daman Ganga,West flowing rivers from Tapi to Tadri,-,-,-,-,20.19333333,73.06500000,22-06-1986 08:30,12.5
584,Madhuganga Reservoir,CWC,24,Gujarat,462,Valsad,KAPRADA,-,-,Daman Ganga,West flowing rivers from Tapi to Tadri,-,-,-,-,20.19333333,73.06500000,23-06-1986 08:30,12.3
585,Madhuganga Reservoir,CWC,24,Gujarat,462,Valsad,KAPRADA,-,-,Daman Ganga,West flowing rivers from Tapi to Tadri,-,-,-,-,20.19333333,73.06500000,24-06-1986 08:30,11
586,Madhuganga Reservoir,CWC,24,Gujarat,462,Valsad,KAPRADA,-,-,Daman Ganga,West flowing rivers from Tapi to Tadri,-,-,-,-,20.19333333,73.06500000,25-06-1986 08:30,18.7
587,Madhuganga Reservoir,CWC,24,Gujarat,462,Valsad,KAPRADA,-,-,Daman Ganga,West flowing rivers from Tapi to Tadri,-,-,-,-,20.19333333,73.06500000,26-06-1986 08:30,3.5
588,Madhuganga Reservoir,CWC,24,Gujarat,462,Valsad,KAPRADA,-,-,Daman Ganga,West flowing rivers from Tapi to Tadri,-,-,-,-,20.19333333,73.06500000,27-06-1986 08:30,57.75
589,Madhuganga Reservoir,CWC,24,Gujarat,462,Valsad,KAPRADA,-,-,Daman Ganga,West flowing rivers from Tapi to Tadri,-,-,-,-,20.19333333,73.06500000,28-06-1986 08:30,1.4
590,Madhuganga Reservoir,CWC,24,Gujarat,462,Valsad,KAPRADA,-,-,Daman Ganga,West flowing rivers from Tapi to Tadri,-,-,-,-,20.19333333,73.06500000,29-06-1986 08:30,1.6
591,Madhuganga Reservoir,CWC,24,Gujarat,462,Valsad,KAPRADA,-,-,Daman Ganga,West flowing rivers from Tapi to Tadri,-,-,-,-,20.19333333,73.06500000,01-07-1986 08:30,39.5
592,Madhuganga Reservoir,CWC,24,Gujarat,462,Valsad,KAPRADA,-,-,Daman Ganga,West flowing rivers from Tapi to Tadri,-,-,-,-,20.19333333,73.06500000,02-07-1986 08:30,0.4
593,Madhuganga Reservoir,CWC,24,Gujarat,462,Valsad,KAPRADA,-,-,Daman Ganga,West flowing rivers from Tapi to Tadri,-,-,-,-,20.19333333,73.06500000,04-07-1986 08:30,3.5
594,Madhuganga Reservoir,CWC,24,Gujarat,462,Valsad,KAPRADA,-,-,Daman Ganga,West flowing rivers from Tapi to Tadri,-,-,-,-,20.19333333,73.06500000,05-07-1986 08:30,2.6
595,Madhuganga Reservoir,CWC,24,Gujarat,462,Valsad,KAPRADA,-,-,Daman Ganga,West flowing rivers from Tapi to Tadri,-,-,-,-,20.19333333,73.06500000,06-07-1986 08:30,2.5
596,Madhuganga Reservoir,CWC,24,Gujarat,462,Valsad,KAPRADA,-,-,Daman Ganga,West flowing rivers from Tapi to Tadri,-,-,-,-,20.19333333,73.06500000,07-07-1986 08:30,1
597,Madhuganga Reservoir,CWC,24,Gujarat,462,Valsad,KAPRADA,-,-,Daman Ganga,West flowing rivers from Tapi to Tadri,-,-,-,-,20.19333333,73.06500000,08-07-1986 08:30,1
598,Madhuganga Reservoir,CWC,24,Gujarat,462,Valsad,KAPRADA,-,-,Daman Ganga,West flowing rivers from Tapi to Tadri,-,-,-,-,20.19333333,73.06500000,09-07-1986 08:30,1.7
599,Madhuganga Reservoir,CWC,24,Gujarat,462,Valsad,KAPRADA,-,-,Daman Ganga,West flowing rivers from Tapi to Tadri,-,-,-,-,20.19333333,73.06500000,10-07-1986 08:30,0.6
600,Madhuganga Reservoir,CWC,24,Gujarat,462,Valsad,KAPRADA,-,-,Daman Ganga,West flowing rivers from Tapi to Tadri,-,-,-,-,20.19333333,73.06500000,13-07-1986 08:30,1.2
601,Madhuganga Reservoir,CWC,24,Gujarat,462,Valsad,KAPRADA,-,-,Daman Ganga,West flowing rivers from Tapi to Tadri,-,-,-,-,20.19333333,73.06500000,14-07-1986 08:30,234.6
602,Madhuganga Reservoir,CWC,24,Gujarat,462,Valsad,KAPRADA,-,-,Daman Ganga,West flowing rivers from Tapi to Tadri,-,-,-,-,20.19333333,73.06500000,15-07-1986 08:30,85.5
603,Madhuganga Reservoir,CWC,24,Gujarat,462,Valsad,KAPRADA,-,-,Daman Ganga,West flowing rivers from Tapi to Tadri,-,-,-,-,20.19333333,73.06500000,16-07-1986 08:30,21.1
604,Madhuganga Reservoir,CWC,24,Gujarat,462,Valsad,KAPRADA,-,-,Daman Ganga,West flowing rivers from Tapi to Tadri,-,-,-,-,20.19333333,73.06500000,17-07-1986 08:30,180.8
605,Madhuganga Reservoir,CWC,24,Gujarat,462,Valsad,KAPRADA,-,-,Daman Ganga,West flowing rivers from Tapi to Tadri,-,-,-,-,20.19333333,73.06500000,18-07-1986 08:30,56
606,Madhuganga Reservoir,CWC,24,Gujarat,462,Valsad,KAPRADA,-,-,Daman Ganga,West flowing rivers from Tapi to Tadri,-,-,-,-,20.19333333,73.06500000,19-07-1986 08:30,31
607,Madhuganga Reservoir,CWC,24,Gujarat,462,Valsad,KAPRADA,-,-,Daman Ganga,West flowing rivers from Tapi to Tadri,-,-,-,-,20.19333333,73.06500000,20-07-1986 08:30,84
608,Madhuganga Reservoir,CWC,24,Gujarat,462,Valsad,KAPRADA,-,-,Daman Ganga,West flowing rivers from Tapi to Tadri,-,-,-,-,20.19333333,73.06500000,21-07-1986 08:30,16.8
609,Madhuganga Reservoir,CWC,24,Gujarat,462,Valsad,KAPRADA,-,-,Daman Ganga,West flowing rivers from Tapi to Tadri,-,-,-,-,20.19333333,73.06500000,22-07-1986 08:30,5.7
610,Madhuganga Reservoir,CWC,24,Gujarat,462,Valsad,KAPRADA,-,-,Daman Ganga,West flowing rivers from Tapi to Tadri,-,-,-,-,20.19333333,73.06500000,23-07-1986 08:30,12.2
611,Madhuganga Reservoir,CWC,24,Gujarat,462,Valsad,KAPRADA,-,-,Daman Ganga,West flowing rivers from Tapi to Tadri,-,-,-,-,20.19333333,73.06500000,24-07-1986 08:30,10.6
612,Madhuganga Reservoir,CWC,24,Gujarat,462,Valsad,KAPRADA,-,-,Daman Ganga,West flowing rivers from Tapi to Tadri,-,-,-,-,20.19333333,73.06500000,25-07-1986 08:30,3.5
613,Madhuganga Reservoir,CWC,24,Gujarat,462,Valsad,KAPRADA,-,-,Daman Ganga,West flowing rivers from Tapi to Tadri,-,-,-,-,20.19333333,73.06500000,26-07-1986 08:30,0.2
614,Madhuganga Reservoir,CWC,24,Gujarat,462,Valsad,KAPRADA,-,-,Daman Ganga,West flowing rivers from Tapi to Tadri,-,-,-,-,20.19333333,73.06500000,27-07-1986 08:30,7.8
615,Madhuganga Reservoir,CWC,24,Gujarat,462,Valsad,KAPRADA,-,-,Daman Ganga,West flowing rivers from Tapi to Tadri,-,-,-,-,20.19333333,73.06500000,28-07-1986 08:30,72.7
616,Madhuganga Reservoir,CWC,24,Gujarat,462,Valsad,KAPRADA,-,-,Daman Ganga,West flowing rivers from Tapi to Tadri,-,-,-,-,20.19333333,73.06500000,29-07-1986 08:30,10
617,Madhuganga Reservoir,CWC,24,Gujarat,462,Valsad,KAPRADA,-,-,Daman Ganga,West flowing rivers from Tapi to Tadri,-,-,-,-,20.19333333,73.06500000,30-07-1986 08:30,5.3
618,Madhuganga Reservoir,CWC,24,Gujarat,462,Valsad,KAPRADA,-,-,Daman Ganga,West flowing rivers from Tapi to Tadri,-,-,-,-,20.19333333,73.06500000,31-07-1986 08:30,1.75
619,Madhuganga Reservoir,CWC,24,Gujarat,462,Valsad,KAPRADA,-,-,Daman Ganga,West flowing rivers from Tapi to Tadri,-,-,-,-,20.19333333,73.06500000,01-08-1986 08:30,3.4
620,Madhuganga Reservoir,CWC,24,Gujarat,462,Valsad,KAPRADA,-,-,Daman Ganga,West flowing rivers from Tapi to Tadri,-,-,-,-,20.19333333,73.06500000,02-08-1986 08:30,2
621,Madhuganga Reservoir,CWC,24,Gujarat,462,Valsad,KAPRADA,-,-,Daman Ganga,West flowing rivers from Tapi to Tadri,-,-,-,-,20.19333333,73.06500000,03-08-1986 08:30,6.75
622,Madhuganga Reservoir,CWC,24,Gujarat,462,Valsad,KAPRADA,-,-,Daman Ganga,West flowing rivers from Tapi to Tadri,-,-,-,-,20.19333333,73.06500000,04-08-1986 08:30,11
623,Madhuganga Reservoir,CWC,24,Gujarat,462,Valsad,KAPRADA,-,-,Daman Ganga,West flowing rivers from Tapi to Tadri,-,-,-,-,20.19333333,73.06500000,05-08-1986 08:30,8.4
624,Madhuganga Reservoir,CWC,24,Gujarat,462,Valsad,KAPRADA,-,-,Daman Ganga,West flowing rivers from Tapi to Tadri,-,-,-,-,20.19333333,73.06500000,06-08-1986 08:30,15.9
625,Madhuganga Reservoir,CWC,24,Gujarat,462,Valsad,KAPRADA,-,-,Daman Ganga,West flowing rivers from Tapi to Tadri,-,-,-,-,20.19333333,73.06500000,07-08-1986 08:30,19.4
626,Madhuganga Reservoir,CWC,24,Gujarat,462,Valsad,KAPRADA,-,-,Daman Ganga,West flowing rivers from Tapi to Tadri,-,-,-,-,20.19333333,73.06500000,08-08-1986 08:30,40.6
627,Madhuganga Reservoir,CWC,24,Gujarat,462,Valsad,KAPRADA,-,-,Daman Ganga,West flowing rivers from Tapi to Tadri,-,-,-,-,20.19333333,73.06500000,09-08-1986 08:30,20
628,Madhuganga Reservoir,CWC,24,Gujarat,462,Valsad,KAPRADA,-,-,Daman Ganga,West flowing rivers from Tapi to Tadri,-,-,-,-,20.19333333,73.06500000,10-08-1986 08:30,41.4
629,Madhuganga Reservoir,CWC,24,Gujarat,462,Valsad,KAPRADA,-,-,Daman Ganga,West flowing rivers from Tapi to Tadri,-,-,-,-,20.19333333,73.06500000,11-08-1986 08:30,18.9
630,Madhuganga Reservoir,CWC,24,Gujarat,462,Valsad,KAPRADA,-,-,Daman Ganga,West flowing rivers from Tapi to Tadri,-,-,-,-,20.19333333,73.06500000,12-08-1986 08:30,1.9
631,Madhuganga Reservoir,CWC,24,Gujarat,462,Valsad,KAPRADA,-,-,Daman Ganga,West flowing rivers from Tapi to Tadri,-,-,-,-,20.19333333,73.06500000,13-08-1986 08:30,1.8
632,Madhuganga Reservoir,CWC,24,Gujarat,462,Valsad,KAPRADA,-,-,Daman Ganga,West flowing rivers from Tapi to Tadri,-,-,-,-,20.19333333,73.06500000,14-08-1986 08:30,5.2
633,Madhuganga Reservoir,CWC,24,Gujarat,462,Valsad,KAPRADA,-,-,Daman Ganga,West flowing rivers from Tapi to Tadri,-,-,-,-,20.19333333,73.06500000,15-08-1986 08:30,6.05
634,Madhuganga Reservoir,CWC,24,Gujarat,462,Valsad,KAPRADA,-,-,Daman Ganga,West flowing rivers from Tapi to Tadri,-,-,-,-,20.19333333,73.06500000,16-08-1986 08:30,17.4
635,Madhuganga Reservoir,CWC,24,Gujarat,462,Valsad,KAPRADA,-,-,Daman Ganga,West flowing rivers from Tapi to Tadri,-,-,-,-,20.19333333,73.06500000,17-08-1986 08:30,10.2
636,Madhuganga Reservoir,CWC,24,Gujarat,462,Valsad,KAPRADA,-,-,Daman Ganga,West flowing rivers from Tapi to Tadri,-,-,-,-,20.19333333,73.06500000,18-08-1986 08:30,13
637,Madhuganga Reservoir,CWC,24,Gujarat,462,Valsad,KAPRADA,-,-,Daman Ganga,West flowing rivers from Tapi to Tadri,-,-,-,-,20.19333333,73.06500000,19-08-1986 08:30,3
638,Madhuganga Reservoir,CWC,24,Gujarat,462,Valsad,KAPRADA,-,-,Daman Ganga,West flowing rivers from Tapi to Tadri,-,-,-,-,20.19333333,73.06500000,20-08-1986 08:30,4.9
639,Madhuganga Reservoir,CWC,24,Gujarat,462,Valsad,KAPRADA,-,-,Daman Ganga,West flowing rivers from Tapi to Tadri,-,-,-,-,20.19333333,73.06500000,21-08-1986 08:30,2.2
640,Madhuganga Reservoir,CWC,24,Gujarat,462,Valsad,KAPRADA,-,-,Daman Ganga,West flowing rivers from Tapi to Tadri,-,-,-,-,20.19333333,73.06500000,22-08-1986 08:30,0.5
641,Madhuganga Reservoir,CWC,24,Gujarat,462,Valsad,KAPRADA,-,-,Daman Ganga,West flowing rivers from Tapi to Tadri,-,-,-,-,20.19333333,73.06500000,23-08-1986 08:30,0.25
642,Madhuganga Reservoir,CWC,24,Gujarat,462,Valsad,KAPRADA,-,-,Daman Ganga,West flowing rivers from Tapi to Tadri,-,-,-,-,20.19333333,73.06500000,25-08-1986 08:30,0.3
643,Madhuganga Reservoir,CWC,24,Gujarat,462,Valsad,KAPRADA,-,-,Daman Ganga,West flowing rivers from Tapi to Tadri,-,-,-,-,20.19333333,73.06500000,26-08-1986 08:30,4.6
644,Madhuganga Reservoir,CWC,24,Gujarat,462,Valsad,KAPRADA,-,-,Daman Ganga,West flowing rivers from Tapi to Tadri,-,-,-,-,20.19333333,73.06500000,27-08-1986 08:30,53.1
645,Madhuganga Reservoir,CWC,24,Gujarat,462,Valsad,KAPRADA,-,-,Daman Ganga,West flowing rivers from Tapi to Tadri,-,-,-,-,20.19333333,73.06500000,28-08-1986 08:30,5.05
646,Madhuganga Reservoir,CWC,24,Gujarat,462,Valsad,KAPRADA,-,-,Daman Ganga,West flowing rivers from Tapi to Tadri,-,-,-,-,20.19333333,73.06500000,29-08-1986 08:30,3
647,Madhuganga Reservoir,CWC,24,Gujarat,462,Valsad,KAPRADA,-,-,Daman Ganga,West flowing rivers from Tapi to Tadri,-,-,-,-,20.19333333,73.06500000,30-08-1986 08:30,0.3
648,Madhuganga Reservoir,CWC,24,Gujarat,462,Valsad,KAPRADA,-,-,Daman Ganga,West flowing rivers from Tapi to Tadri,-,-,-,-,20.19333333,73.06500000,31-08-1986 08:30,15.5
649,Madhuganga Reservoir,CWC,24,Gujarat,462,Valsad,KAPRADA,-,-,Daman Ganga,West flowing rivers from Tapi to Tadri,-,-,-,-,20.19333333,73.06500000,01-09-1986 08:30,0.5
650,Madhuganga Reservoir,CWC,24,Gujarat,462,Valsad,KAPRADA,-,-,Daman Ganga,West flowing rivers from Tapi to Tadri,-,-,-,-,20.19333333,73.06500000,03-09-1986 08:30,1.2
651,Madhuganga Reservoir,CWC,24,Gujarat,462,Valsad,KAPRADA,-,-,Daman Ganga,West flowing rivers from Tapi to Tadri,-,-,-,-,20.19333333,73.06500000,04-09-1986 08:30,6.3
652,Madhuganga Reservoir,CWC,24,Gujarat,462,Valsad,KAPRADA,-,-,Daman Ganga,West flowing rivers from Tapi to Tadri,-,-,-,-,20.19333333,73.06500000,06-09-1986 08:30,2.3
653,Madhuganga Reservoir,CWC,24,Gujarat,462,Valsad,KAPRADA,-,-,Daman Ganga,West flowing rivers from Tapi to Tadri,-,-,-,-,20.19333333,73.06500000,05-06-1987 08:30,8.2
654,Madhuganga Reservoir,CWC,24,Gujarat,462,Valsad,KAPRADA,-,-,Daman Ganga,West flowing rivers from Tapi to Tadri,-,-,-,-,20.19333333,73.06500000,06-06-1987 08:30,0.2
655,Madhuganga Reservoir,CWC,24,Gujarat,462,Valsad,KAPRADA,-,-,Daman Ganga,West flowing rivers from Tapi to Tadri,-,-,-,-,20.19333333,73.06500000,08-06-1987 08:30,2.25
656,Madhuganga Reservoir,CWC,24,Gujarat,462,Valsad,KAPRADA,-,-,Daman Ganga,West flowing rivers from Tapi to Tadri,-,-,-,-,20.19333333,73.06500000,09-06-1987 08:30,5
657,Madhuganga Reservoir,CWC,24,Gujarat,462,Valsad,KAPRADA,-,-,Daman Ganga,West flowing rivers from Tapi to Tadri,-,-,-,-,20.19333333,73.06500000,10-06-1987 08:30,51.9
658,Madhuganga Reservoir,CWC,24,Gujarat,462,Valsad,KAPRADA,-,-,Daman Ganga,West flowing rivers from Tapi to Tadri,-,-,-,-,20.19333333,73.06500000,11-06-1987 08:30,7.2
659,Madhuganga Reservoir,CWC,24,Gujarat,462,Valsad,KAPRADA,-,-,Daman Ganga,West flowing rivers from Tapi to Tadri,-,-,-,-,20.19333333,73.06500000,12-06-1987 08:30,10.9
660,Madhuganga Reservoir,CWC,24,Gujarat,462,Valsad,KAPRADA,-,-,Daman Ganga,West flowing rivers from Tapi to Tadri,-,-,-,-,20.19333333,73.06500000,13-06-1987 08:30,1.5
661,Madhuganga Reservoir,CWC,24,Gujarat,462,Valsad,KAPRADA,-,-,Daman Ganga,West flowing rivers from Tapi to Tadri,-,-,-,-,20.19333333,73.06500000,15-06-1987 08:30,1.5
662,Madhuganga Reservoir,CWC,24,Gujarat,462,Valsad,KAPRADA,-,-,Daman Ganga,West flowing rivers from Tapi to Tadri,-,-,-,-,20.19333333,73.06500000,16-06-1987 08:30,17.7
663,Madhuganga Reservoir,CWC,24,Gujarat,462,Valsad,KAPRADA,-,-,Daman Ganga,West flowing rivers from Tapi to Tadri,-,-,-,-,20.19333333,73.06500000,20-06-1987 08:30,0.4
664,Madhuganga Reservoir,CWC,24,Gujarat,462,Valsad,KAPRADA,-,-,Daman Ganga,West flowing rivers from Tapi to Tadri,-,-,-,-,20.19333333,73.06500000,25-06-1987 08:30,2.9
665,Madhuganga Reservoir,CWC,24,Gujarat,462,Valsad,KAPRADA,-,-,Daman Ganga,West flowing rivers from Tapi to Tadri,-,-,-,-,20.19333333,73.06500000,28-06-1987 08:30,19.5
666,Madhuganga Reservoir,CWC,24,Gujarat,462,Valsad,KAPRADA,-,-,Daman Ganga,West flowing rivers from Tapi to Tadri,-,-,-,-,20.19333333,73.06500000,30-06-1987 08:30,4.5
667,Madhuganga Reservoir,CWC,24,Gujarat,462,Valsad,KAPRADA,-,-,Daman Ganga,West flowing rivers from Tapi to Tadri,-,-,-,-,20.19333333,73.06500000,01-07-1987 08:30,23.5
668,Madhuganga Reservoir,CWC,24,Gujarat,462,Valsad,KAPRADA,-,-,Daman Ganga,West flowing rivers from Tapi to Tadri,-,-,-,-,20.19333333,73.06500000,02-07-1987 08:30,12.5
669,Madhuganga Reservoir,CWC,24,Gujarat,462,Valsad,KAPRADA,-,-,Daman Ganga,West flowing rivers from Tapi to Tadri,-,-,-,-,20.19333333,73.06500000,03-07-1987 08:30,55.5
670,Madhuganga Reservoir,CWC,24,Gujarat,462,Valsad,KAPRADA,-,-,Daman Ganga,West flowing rivers from Tapi to Tadri,-,-,-,-,20.19333333,73.06500000,04-07-1987 08:30,1.5
671,Madhuganga Reservoir,CWC,24,Gujarat,462,Valsad,KAPRADA,-,-,Daman Ganga,West flowing rivers from Tapi to Tadri,-,-,-,-,20.19333333,73.06500000,05-07-1987 08:30,50
672,Madhuganga Reservoir,CWC,24,Gujarat,462,Valsad,KAPRADA,-,-,Daman Ganga,West flowing rivers from Tapi to Tadri,-,-,-,-,20.19333333,73.06500000,06-07-1987 08:30,134.6
673,Madhuganga Reservoir,CWC,24,Gujarat,462,Valsad,KAPRADA,-,-,Daman Ganga,West flowing rivers from Tapi to Tadri,-,-,-,-,20.19333333,73.06500000,07-07-1987 08:30,15
674,Madhuganga Reservoir,CWC,24,Gujarat,462,Valsad,KAPRADA,-,-,Daman Ganga,West flowing rivers from Tapi to Tadri,-,-,-,-,20.19333333,73.06500000,08-07-1987 08:30,0.9
675,Madhuganga Reservoir,CWC,24,Gujarat,462,Valsad,KAPRADA,-,-,Daman Ganga,West flowing rivers from Tapi to Tadri,-,-,-,-,20.19333333,73.06500000,09-07-1987 08:30,2.5
676,Madhuganga Reservoir,CWC,24,Gujarat,462,Valsad,KAPRADA,-,-,Daman Ganga,West flowing rivers from Tapi to Tadri,-,-,-,-,20.19333333,73.06500000,10-07-1987 08:30,4
677,Madhuganga Reservoir,CWC,24,Gujarat,462,Valsad,KAPRADA,-,-,Daman Ganga,West flowing rivers from Tapi to Tadri,-,-,-,-,20.19333333,73.06500000,11-07-1987 08:30,14
678,Madhuganga Reservoir,CWC,24,Gujarat,462,Valsad,KAPRADA,-,-,Daman Ganga,West flowing rivers from Tapi to Tadri,-,-,-,-,20.19333333,73.06500000,12-07-1987 08:30,11.6
679,Madhuganga Reservoir,CWC,24,Gujarat,462,Valsad,KAPRADA,-,-,Daman Ganga,West flowing rivers from Tapi to Tadri,-,-,-,-,20.19333333,73.06500000,13-07-1987 08:30,16.3
680,Madhuganga Reservoir,CWC,24,Gujarat,462,Valsad,KAPRADA,-,-,Daman Ganga,West flowing rivers from Tapi to Tadri,-,-,-,-,20.19333333,73.06500000,14-07-1987 08:30,51
681,Madhuganga Reservoir,CWC,24,Gujarat,462,Valsad,KAPRADA,-,-,Daman Ganga,West flowing rivers from Tapi to Tadri,-,-,-,-,20.19333333,73.06500000,15-07-1987 08:30,4.4
682,Madhuganga Reservoir,CWC,24,Gujarat,462,Valsad,KAPRADA,-,-,Daman Ganga,West flowing rivers from Tapi to Tadri,-,-,-,-,20.19333333,73.06500000,16-07-1987 08:30,3.5
683,Madhuganga Reservoir,CWC,24,Gujarat,462,Valsad,KAPRADA,-,-,Daman Ganga,West flowing rivers from Tapi to Tadri,-,-,-,-,20.19333333,73.06500000,18-07-1987 08:30,15.3
684,Madhuganga Reservoir,CWC,24,Gujarat,462,Valsad,KAPRADA,-,-,Daman Ganga,West flowing rivers from Tapi to Tadri,-,-,-,-,20.19333333,73.06500000,21-07-1987 08:30,3.2
685,Madhuganga Reservoir,CWC,24,Gujarat,462,Valsad,KAPRADA,-,-,Daman Ganga,West flowing rivers from Tapi to Tadri,-,-,-,-,20.19333333,73.06500000,22-07-1987 08:30,22.4
686,Madhuganga Reservoir,CWC,24,Gujarat,462,Valsad,KAPRADA,-,-,Daman Ganga,West flowing rivers from Tapi to Tadri,-,-,-,-,20.19333333,73.06500000,23-07-1987 08:30,4
687,Madhuganga Reservoir,CWC,24,Gujarat,462,Valsad,KAPRADA,-,-,Daman Ganga,West flowing rivers from Tapi to Tadri,-,-,-,-,20.19333333,73.06500000,24-07-1987 08:30,13
688,Madhuganga Reservoir,CWC,24,Gujarat,462,Valsad,KAPRADA,-,-,Daman Ganga,West flowing rivers from Tapi to Tadri,-,-,-,-,20.19333333,73.06500000,25-07-1987 08:30,18.2
689,Madhuganga Reservoir,CWC,24,Gujarat,462,Valsad,KAPRADA,-,-,Daman Ganga,West flowing rivers from Tapi to Tadri,-,-,-,-,20.19333333,73.06500000,26-07-1987 08:30,15.5
690,Madhuganga Reservoir,CWC,24,Gujarat,462,Valsad,KAPRADA,-,-,Daman Ganga,West flowing rivers from Tapi to Tadri,-,-,-,-,20.19333333,73.06500000,27-07-1987 08:30,2.6
691,Madhuganga Reservoir,CWC,24,Gujarat,462,Valsad,KAPRADA,-,-,Daman Ganga,West flowing rivers from Tapi to Tadri,-,-,-,-,20.19333333,73.06500000,28-07-1987 08:30,0.2
692,Madhuganga Reservoir,CWC,24,Gujarat,462,Valsad,KAPRADA,-,-,Daman Ganga,West flowing rivers from Tapi to Tadri,-,-,-,-,20.19333333,73.06500000,29-07-1987 08:30,1
693,Madhuganga Reservoir,CWC,24,Gujarat,462,Valsad,KAPRADA,-,-,Daman Ganga,West flowing rivers from Tapi to Tadri,-,-,-,-,20.19333333,73.06500000,30-07-1987 08:30,0.5
694,Madhuganga Reservoir,CWC,24,Gujarat,462,Valsad,KAPRADA,-,-,Daman Ganga,West flowing rivers from Tapi to Tadri,-,-,-,-,20.19333333,73.06500000,31-07-1987 08:30,1.8
695,Madhuganga Reservoir,CWC,24,Gujarat,462,Valsad,KAPRADA,-,-,Daman Ganga,West flowing rivers from Tapi to Tadri,-,-,-,-,20.19333333,73.06500000,02-08-1987 08:30,1.3
696,Madhuganga Reservoir,CWC,24,Gujarat,462,Valsad,KAPRADA,-,-,Daman Ganga,West flowing rivers from Tapi to Tadri,-,-,-,-,20.19333333,73.06500000,03-08-1987 08:30,1.2
697,Madhuganga Reservoir,CWC,24,Gujarat,462,Valsad,KAPRADA,-,-,Daman Ganga,West flowing rivers from Tapi to Tadri,-,-,-,-,20.19333333,73.06500000,04-08-1987 08:30,0.5
698,Madhuganga Reservoir,CWC,24,Gujarat,462,Valsad,KAPRADA,-,-,Daman Ganga,West flowing rivers from Tapi to Tadri,-,-,-,-,20.19333333,73.06500000,05-08-1987 08:30,2.2
699,Madhuganga Reservoir,CWC,24,Gujarat,462,Valsad,KAPRADA,-,-,Daman Ganga,West flowing rivers from Tapi to Tadri,-,-,-,-,20.19333333,73.06500000,06-08-1987 08:30,32.2
700,Madhuganga Reservoir,CWC,24,Gujarat,462,Valsad,KAPRADA,-,-,Daman Ganga,West flowing rivers from Tapi to Tadri,-,-,-,-,20.19333333,73.06500000,07-08-1987 08:30,0.7
701,Madhuganga Reservoir,CWC,24,Gujarat,462,Valsad,KAPRADA,-,-,Daman Ganga,West flowing rivers from Tapi to Tadri,-,-,-,-,20.19333333,73.06500000,08-08-1987 08:30,1.1
702,Madhuganga Reservoir,CWC,24,Gujarat,462,Valsad,KAPRADA,-,-,Daman Ganga,West flowing rivers from Tapi to Tadri,-,-,-,-,20.19333333,73.06500000,10-08-1987 08:30,18.4
703,Madhuganga Reservoir,CWC,24,Gujarat,462,Valsad,KAPRADA,-,-,Daman Ganga,West flowing rivers from Tapi to Tadri,-,-,-,-,20.19333333,73.06500000,11-08-1987 08:30,60.4
704,Madhuganga Reservoir,CWC,24,Gujarat,462,Valsad,KAPRADA,-,-,Daman Ganga,West flowing rivers from Tapi to Tadri,-,-,-,-,20.19333333,73.06500000,12-08-1987 08:30,2
705,Madhuganga Reservoir,CWC,24,Gujarat,462,Valsad,KAPRADA,-,-,Daman Ganga,West flowing rivers from Tapi to Tadri,-,-,-,-,20.19333333,73.06500000,13-08-1987 08:30,16.1
706,Madhuganga Reservoir,CWC,24,Gujarat,462,Valsad,KAPRADA,-,-,Daman Ganga,West flowing rivers from Tapi to Tadri,-,-,-,-,20.19333333,73.06500000,14-08-1987 08:30,2.7
707,Madhuganga Reservoir,CWC,24,Gujarat,462,Valsad,KAPRADA,-,-,Daman Ganga,West flowing rivers from Tapi to Tadri,-,-,-,-,20.19333333,73.06500000,15-08-1987 08:30,22
708,Madhuganga Reservoir,CWC,24,Gujarat,462,Valsad,KAPRADA,-,-,Daman Ganga,West flowing rivers from Tapi to Tadri,-,-,-,-,20.19333333,73.06500000,16-08-1987 08:30,5.6
709,Madhuganga Reservoir,CWC,24,Gujarat,462,Valsad,KAPRADA,-,-,Daman Ganga,West flowing rivers from Tapi to Tadri,-,-,-,-,20.19333333,73.06500000,17-08-1987 08:30,51.9
710,Madhuganga Reservoir,CWC,24,Gujarat,462,Valsad,KAPRADA,-,-,Daman Ganga,West flowing rivers from Tapi to Tadri,-,-,-,-,20.19333333,73.06500000,18-08-1987 08:30,23.8
711,Madhuganga Reservoir,CWC,24,Gujarat,462,Valsad,KAPRADA,-,-,Daman Ganga,West flowing rivers from Tapi to Tadri,-,-,-,-,20.19333333,73.06500000,19-08-1987 08:30,23
712,Madhuganga Reservoir,CWC,24,Gujarat,462,Valsad,KAPRADA,-,-,Daman Ganga,West flowing rivers from Tapi to Tadri,-,-,-,-,20.19333333,73.06500000,20-08-1987 08:30,100.5
713,Madhuganga Reservoir,CWC,24,Gujarat,462,Valsad,KAPRADA,-,-,Daman Ganga,West flowing rivers from Tapi to Tadri,-,-,-,-,20.19333333,73.06500000,21-08-1987 08:30,43
714,Madhuganga Reservoir,CWC,24,Gujarat,462,Valsad,KAPRADA,-,-,Daman Ganga,West flowing rivers from Tapi to Tadri,-,-,-,-,20.19333333,73.06500000,22-08-1987 08:30,4.3
715,Madhuganga Reservoir,CWC,24,Gujarat,462,Valsad,KAPRADA,-,-,Daman Ganga,West flowing rivers from Tapi to Tadri,-,-,-,-,20.19333333,73.06500000,23-08-1987 08:30,47
716,Madhuganga Reservoir,CWC,24,Gujarat,462,Valsad,KAPRADA,-,-,Daman Ganga,West flowing rivers from Tapi to Tadri,-,-,-,-,20.19333333,73.06500000,24-08-1987 08:30,49
717,Madhuganga Reservoir,CWC,24,Gujarat,462,Valsad,KAPRADA,-,-,Daman Ganga,West flowing rivers from Tapi to Tadri,-,-,-,-,20.19333333,73.06500000,25-08-1987 08:30,147.3
718,Madhuganga Reservoir,CWC,24,Gujarat,462,Valsad,KAPRADA,-,-,Daman Ganga,West flowing rivers from Tapi to Tadri,-,-,-,-,20.19333333,73.06500000,26-08-1987 08:30,1.4
719,Madhuganga Reservoir,CWC,24,Gujarat,462,Valsad,KAPRADA,-,-,Daman Ganga,West flowing rivers from Tapi to Tadri,-,-,-,-,20.19333333,73.06500000,29-08-1987 08:30,5.6
720,Madhuganga Reservoir,CWC,24,Gujarat,462,Valsad,KAPRADA,-,-,Daman Ganga,West flowing rivers from Tapi to Tadri,-,-,-,-,20.19333333,73.06500000,30-08-1987 08:30,1.2
721,Madhuganga Reservoir,CWC,24,Gujarat,462,Valsad,KAPRADA,-,-,Daman Ganga,West flowing rivers from Tapi to Tadri,-,-,-,-,20.19333333,73.06500000,01-09-1987 08:30,13.6
722,Madhuganga Reservoir,CWC,24,Gujarat,462,Valsad,KAPRADA,-,-,Daman Ganga,West flowing rivers from Tapi to Tadri,-,-,-,-,20.19333333,73.06500000,03-09-1987 08:30,1.5
723,Madhuganga Reservoir,CWC,24,Gujarat,462,Valsad,KAPRADA,-,-,Daman Ganga,West flowing rivers from Tapi to Tadri,-,-,-,-,20.19333333,73.06500000,06-09-1987 08:30,2.8
724,Madhuganga Reservoir,CWC,24,Gujarat,462,Valsad,KAPRADA,-,-,Daman Ganga,West flowing rivers from Tapi to Tadri,-,-,-,-,20.19333333,73.06500000,07-09-1987 08:30,1.5
725,Madhuganga Reservoir,CWC,24,Gujarat,462,Valsad,KAPRADA,-,-,Daman Ganga,West flowing rivers from Tapi to Tadri,-,-,-,-,20.19333333,73.06500000,08-09-1987 08:30,5.9
726,Madhuganga Reservoir,CWC,24,Gujarat,462,Valsad,KAPRADA,-,-,Daman Ganga,West flowing rivers from Tapi to Tadri,-,-,-,-,20.19333333,73.06500000,09-09-1987 08:30,4
727,Madhuganga Reservoir,CWC,24,Gujarat,462,Valsad,KAPRADA,-,-,Daman Ganga,West flowing rivers from Tapi to Tadri,-,-,-,-,20.19333333,73.06500000,10-09-1987 08:30,5.5
728,Madhuganga Reservoir,CWC,24,Gujarat,462,Valsad,KAPRADA,-,-,Daman Ganga,West flowing rivers from Tapi to Tadri,-,-,-,-,20.19333333,73.06500000,11-09-1987 08:30,0.3
729,Madhuganga Reservoir,CWC,24,Gujarat,462,Valsad,KAPRADA,-,-,Daman Ganga,West flowing rivers from Tapi to Tadri,-,-,-,-,20.19333333,73.06500000,28-09-1987 08:30,5.6
730,Madhuganga Reservoir,CWC,24,Gujarat,462,Valsad,KAPRADA,-,-,Daman Ganga,West flowing rivers from Tapi to Tadri,-,-,-,-,20.19333333,73.06500000,02-10-1987 08:30,8
731,Madhuganga Reservoir,CWC,24,Gujarat,462,Valsad,KAPRADA,-,-,Daman Ganga,West flowing rivers from Tapi to Tadri,-,-,-,-,20.19333333,73.06500000,07-10-1987 08:30,6.5
732,Madhuganga Reservoir,CWC,24,Gujarat,462,Valsad,KAPRADA,-,-,Daman Ganga,West flowing rivers from Tapi to Tadri,-,-,-,-,20.19333333,73.06500000,01-06-1988 08:30,0.6
733,Madhuganga Reservoir,CWC,24,Gujarat,462,Valsad,KAPRADA,-,-,Daman Ganga,West flowing rivers from Tapi to Tadri,-,-,-,-,20.19333333,73.06500000,10-06-1988 08:30,13
734,Madhuganga Reservoir,CWC,24,Gujarat,462,Valsad,KAPRADA,-,-,Daman Ganga,West flowing rivers from Tapi to Tadri,-,-,-,-,20.19333333,73.06500000,14-06-1988 08:30,6.2
735,Madhuganga Reservoir,CWC,24,Gujarat,462,Valsad,KAPRADA,-,-,Daman Ganga,West flowing rivers from Tapi to Tadri,-,-,-,-,20.19333333,73.06500000,15-06-1988 08:30,33.1
736,Madhuganga Reservoir,CWC,24,Gujarat,462,Valsad,KAPRADA,-,-,Daman Ganga,West flowing rivers from Tapi to Tadri,-,-,-,-,20.19333333,73.06500000,16-06-1988 08:30,21
737,Madhuganga Reservoir,CWC,24,Gujarat,462,Valsad,KAPRADA,-,-,Daman Ganga,West flowing rivers from Tapi to Tadri,-,-,-,-,20.19333333,73.06500000,17-06-1988 08:30,6.5
738,Madhuganga Reservoir,CWC,24,Gujarat,462,Valsad,KAPRADA,-,-,Daman Ganga,West flowing rivers from Tapi to Tadri,-,-,-,-,20.19333333,73.06500000,18-06-1988 08:30,3.5
739,Madhuganga Reservoir,CWC,24,Gujarat,462,Valsad,KAPRADA,-,-,Daman Ganga,West flowing rivers from Tapi to Tadri,-,-,-,-,20.19333333,73.06500000,19-06-1988 08:30,2.5
740,Madhuganga Reservoir,CWC,24,Gujarat,462,Valsad,KAPRADA,-,-,Daman Ganga,West flowing rivers from Tapi to Tadri,-,-,-,-,20.19333333,73.06500000,21-06-1988 08:30,0.5
741,Madhuganga Reservoir,CWC,24,Gujarat,462,Valsad,KAPRADA,-,-,Daman Ganga,West flowing rivers from Tapi to Tadri,-,-,-,-,20.19333333,73.06500000,23-06-1988 08:30,36.3
742,Madhuganga Reservoir,CWC,24,Gujarat,462,Valsad,KAPRADA,-,-,Daman Ganga,West flowing rivers from Tapi to Tadri,-,-,-,-,20.19333333,73.06500000,24-06-1988 08:30,0.5
743,Madhuganga Reservoir,CWC,24,Gujarat,462,Valsad,KAPRADA,-,-,Daman Ganga,West flowing rivers from Tapi to Tadri,-,-,-,-,20.19333333,73.06500000,25-06-1988 08:30,7
744,Madhuganga Reservoir,CWC,24,Gujarat,462,Valsad,KAPRADA,-,-,Daman Ganga,West flowing rivers from Tapi to Tadri,-,-,-,-,20.19333333,73.06500000,26-06-1988 08:30,2.5
745,Madhuganga Reservoir,CWC,24,Gujarat,462,Valsad,KAPRADA,-,-,Daman Ganga,West flowing rivers from Tapi to Tadri,-,-,-,-,20.19333333,73.06500000,27-06-1988 08:30,1.9
746,Madhuganga Reservoir,CWC,24,Gujarat,462,Valsad,KAPRADA,-,-,Daman Ganga,West flowing rivers from Tapi to Tadri,-,-,-,-,20.19333333,73.06500000,28-06-1988 08:30,11
747,Madhuganga Reservoir,CWC,24,Gujarat,462,Valsad,KAPRADA,-,-,Daman Ganga,West flowing rivers from Tapi to Tadri,-,-,-,-,20.19333333,73.06500000,29-06-1988 08:30,1.8
748,Madhuganga Reservoir,CWC,24,Gujarat,462,Valsad,KAPRADA,-,-,Daman Ganga,West flowing rivers from Tapi to Tadri,-,-,-,-,20.19333333,73.06500000,01-07-1988 08:30,11.5
749,Madhuganga Reservoir,CWC,24,Gujarat,462,Valsad,KAPRADA,-,-,Daman Ganga,West flowing rivers from Tapi to Tadri,-,-,-,-,20.19333333,73.06500000,02-07-1988 08:30,1
750,Madhuganga Reservoir,CWC,24,Gujarat,462,Valsad,KAPRADA,-,-,Daman Ganga,West flowing rivers from Tapi to Tadri,-,-,-,-,20.19333333,73.06500000,03-07-1988 08:30,18.7
751,Madhuganga Reservoir,CWC,24,Gujarat,462,Valsad,KAPRADA,-,-,Daman Ganga,West flowing rivers from Tapi to Tadri,-,-,-,-,20.19333333,73.06500000,04-07-1988 08:30,105.6
752,Madhuganga Reservoir,CWC,24,Gujarat,462,Valsad,KAPRADA,-,-,Daman Ganga,West flowing rivers from Tapi to Tadri,-,-,-,-,20.19333333,73.06500000,05-07-1988 08:30,21.4
753,Madhuganga Reservoir,CWC,24,Gujarat,462,Valsad,KAPRADA,-,-,Daman Ganga,West flowing rivers from Tapi to Tadri,-,-,-,-,20.19333333,73.06500000,06-07-1988 08:30,13
754,Madhuganga Reservoir,CWC,24,Gujarat,462,Valsad,KAPRADA,-,-,Daman Ganga,West flowing rivers from Tapi to Tadri,-,-,-,-,20.19333333,73.06500000,08-07-1988 08:30,7.2
755,Madhuganga Reservoir,CWC,24,Gujarat,462,Valsad,KAPRADA,-,-,Daman Ganga,West flowing rivers from Tapi to Tadri,-,-,-,-,20.19333333,73.06500000,11-07-1988 08:30,14.2
756,Madhuganga Reservoir,CWC,24,Gujarat,462,Valsad,KAPRADA,-,-,Daman Ganga,West flowing rivers from Tapi to Tadri,-,-,-,-,20.19333333,73.06500000,12-07-1988 08:30,75.5
757,Madhuganga Reservoir,CWC,24,Gujarat,462,Valsad,KAPRADA,-,-,Daman Ganga,West flowing rivers from Tapi to Tadri,-,-,-,-,20.19333333,73.06500000,13-07-1988 08:30,92
758,Madhuganga Reservoir,CWC,24,Gujarat,462,Valsad,KAPRADA,-,-,Daman Ganga,West flowing rivers from Tapi to Tadri,-,-,-,-,20.19333333,73.06500000,14-07-1988 08:30,143.8
759,Madhuganga Reservoir,CWC,24,Gujarat,462,Valsad,KAPRADA,-,-,Daman Ganga,West flowing rivers from Tapi to Tadri,-,-,-,-,20.19333333,73.06500000,15-07-1988 08:30,196.5
760,Madhuganga Reservoir,CWC,24,Gujarat,462,Valsad,KAPRADA,-,-,Daman Ganga,West flowing rivers from Tapi to Tadri,-,-,-,-,20.19333333,73.06500000,16-07-1988 08:30,184.7
761,Madhuganga Reservoir,CWC,24,Gujarat,462,Valsad,KAPRADA,-,-,Daman Ganga,West flowing rivers from Tapi to Tadri,-,-,-,-,20.19333333,73.06500000,17-07-1988 08:30,265
762,Madhuganga Reservoir,CWC,24,Gujarat,462,Valsad,KAPRADA,-,-,Daman Ganga,West flowing rivers from Tapi to Tadri,-,-,-,-,20.19333333,73.06500000,18-07-1988 08:30,28.5
763,Madhuganga Reservoir,CWC,24,Gujarat,462,Valsad,KAPRADA,-,-,Daman Ganga,West flowing rivers from Tapi to Tadri,-,-,-,-,20.19333333,73.06500000,19-07-1988 08:30,21.8
764,Madhuganga Reservoir,CWC,24,Gujarat,462,Valsad,KAPRADA,-,-,Daman Ganga,West flowing rivers from Tapi to Tadri,-,-,-,-,20.19333333,73.06500000,20-07-1988 08:30,17.7
765,Madhuganga Reservoir,CWC,24,Gujarat,462,Valsad,KAPRADA,-,-,Daman Ganga,West flowing rivers from Tapi to Tadri,-,-,-,-,20.19333333,73.06500000,21-07-1988 08:30,30.4
766,Madhuganga Reservoir,CWC,24,Gujarat,462,Valsad,KAPRADA,-,-,Daman Ganga,West flowing rivers from Tapi to Tadri,-,-,-,-,20.19333333,73.06500000,22-07-1988 08:30,7.5
767,Madhuganga Reservoir,CWC,24,Gujarat,462,Valsad,KAPRADA,-,-,Daman Ganga,West flowing rivers from Tapi to Tadri,-,-,-,-,20.19333333,73.06500000,23-07-1988 08:30,130.3
768,Madhuganga Reservoir,CWC,24,Gujarat,462,Valsad,KAPRADA,-,-,Daman Ganga,West flowing rivers from Tapi to Tadri,-,-,-,-,20.19333333,73.06500000,24-07-1988 08:30,29.4
769,Madhuganga Reservoir,CWC,24,Gujarat,462,Valsad,KAPRADA,-,-,Daman Ganga,West flowing rivers from Tapi to Tadri,-,-,-,-,20.19333333,73.06500000,25-07-1988 08:30,96.1
770,Madhuganga Reservoir,CWC,24,Gujarat,462,Valsad,KAPRADA,-,-,Daman Ganga,West flowing rivers from Tapi to Tadri,-,-,-,-,20.19333333,73.06500000,26-07-1988 08:30,116.9
771,Madhuganga Reservoir,CWC,24,Gujarat,462,Valsad,KAPRADA,-,-,Daman Ganga,West flowing rivers from Tapi to Tadri,-,-,-,-,20.19333333,73.06500000,27-07-1988 08:30,104.6
772,Madhuganga Reservoir,CWC,24,Gujarat,462,Valsad,KAPRADA,-,-,Daman Ganga,West flowing rivers from Tapi to Tadri,-,-,-,-,20.19333333,73.06500000,28-07-1988 08:30,2.7
773,Madhuganga Reservoir,CWC,24,Gujarat,462,Valsad,KAPRADA,-,-,Daman Ganga,West flowing rivers from Tapi to Tadri,-,-,-,-,20.19333333,73.06500000,29-07-1988 08:30,4.2
774,Madhuganga Reservoir,CWC,24,Gujarat,462,Valsad,KAPRADA,-,-,Daman Ganga,West flowing rivers from Tapi to Tadri,-,-,-,-,20.19333333,73.06500000,30-07-1988 08:30,9.4
775,Madhuganga Reservoir,CWC,24,Gujarat,462,Valsad,KAPRADA,-,-,Daman Ganga,West flowing rivers from Tapi to Tadri,-,-,-,-,20.19333333,73.06500000,31-07-1988 08:30,12.7
776,Madhuganga Reservoir,CWC,24,Gujarat,462,Valsad,KAPRADA,-,-,Daman Ganga,West flowing rivers from Tapi to Tadri,-,-,-,-,20.19333333,73.06500000,01-08-1988 08:30,22.2
777,Madhuganga Reservoir,CWC,24,Gujarat,462,Valsad,KAPRADA,-,-,Daman Ganga,West flowing rivers from Tapi to Tadri,-,-,-,-,20.19333333,73.06500000,02-08-1988 08:30,6.7
778,Madhuganga Reservoir,CWC,24,Gujarat,462,Valsad,KAPRADA,-,-,Daman Ganga,West flowing rivers from Tapi to Tadri,-,-,-,-,20.19333333,73.06500000,03-08-1988 08:30,3
779,Madhuganga Reservoir,CWC,24,Gujarat,462,Valsad,KAPRADA,-,-,Daman Ganga,West flowing rivers from Tapi to Tadri,-,-,-,-,20.19333333,73.06500000,04-08-1988 08:30,20
780,Madhuganga Reservoir,CWC,24,Gujarat,462,Valsad,KAPRADA,-,-,Daman Ganga,West flowing rivers from Tapi to Tadri,-,-,-,-,20.19333333,73.06500000,05-08-1988 08:30,4.9
781,Madhuganga Reservoir,CWC,24,Gujarat,462,Valsad,KAPRADA,-,-,Daman Ganga,West flowing rivers from Tapi to Tadri,-,-,-,-,20.19333333,73.06500000,06-08-1988 08:30,5
782,Madhuganga Reservoir,CWC,24,Gujarat,462,Valsad,KAPRADA,-,-,Daman Ganga,West flowing rivers from Tapi to Tadri,-,-,-,-,20.19333333,73.06500000,07-08-1988 08:30,2.5
783,Madhuganga Reservoir,CWC,24,Gujarat,462,Valsad,KAPRADA,-,-,Daman Ganga,West flowing rivers from Tapi to Tadri,-,-,-,-,20.19333333,73.06500000,08-08-1988 08:30,4.5
784,Madhuganga Reservoir,CWC,24,Gujarat,462,Valsad,KAPRADA,-,-,Daman Ganga,West flowing rivers from Tapi to Tadri,-,-,-,-,20.19333333,73.06500000,09-08-1988 08:30,8.5
785,Madhuganga Reservoir,CWC,24,Gujarat,462,Valsad,KAPRADA,-,-,Daman Ganga,West flowing rivers from Tapi to Tadri,-,-,-,-,20.19333333,73.06500000,10-08-1988 08:30,18.7
786,Madhuganga Reservoir,CWC,24,Gujarat,462,Valsad,KAPRADA,-,-,Daman Ganga,West flowing rivers from Tapi to Tadri,-,-,-,-,20.19333333,73.06500000,11-08-1988 08:30,6.2
787,Madhuganga Reservoir,CWC,24,Gujarat,462,Valsad,KAPRADA,-,-,Daman Ganga,West flowing rivers from Tapi to Tadri,-,-,-,-,20.19333333,73.06500000,12-08-1988 08:30,2.5
788,Madhuganga Reservoir,CWC,24,Gujarat,462,Valsad,KAPRADA,-,-,Daman Ganga,West flowing rivers from Tapi to Tadri,-,-,-,-,20.19333333,73.06500000,13-08-1988 08:30,3.8
789,Madhuganga Reservoir,CWC,24,Gujarat,462,Valsad,KAPRADA,-,-,Daman Ganga,West flowing rivers from Tapi to Tadri,-,-,-,-,20.19333333,73.06500000,14-08-1988 08:30,3.2
790,Madhuganga Reservoir,CWC,24,Gujarat,462,Valsad,KAPRADA,-,-,Daman Ganga,West flowing rivers from Tapi to Tadri,-,-,-,-,20.19333333,73.06500000,15-08-1988 08:30,0.2
791,Madhuganga Reservoir,CWC,24,Gujarat,462,Valsad,KAPRADA,-,-,Daman Ganga,West flowing rivers from Tapi to Tadri,-,-,-,-,20.19333333,73.06500000,16-08-1988 08:30,2
792,Madhuganga Reservoir,CWC,24,Gujarat,462,Valsad,KAPRADA,-,-,Daman Ganga,West flowing rivers from Tapi to Tadri,-,-,-,-,20.19333333,73.06500000,17-08-1988 08:30,24.4
793,Madhuganga Reservoir,CWC,24,Gujarat,462,Valsad,KAPRADA,-,-,Daman Ganga,West flowing rivers from Tapi to Tadri,-,-,-,-,20.19333333,73.06500000,18-08-1988 08:30,10.6
794,Madhuganga Reservoir,CWC,24,Gujarat,462,Valsad,KAPRADA,-,-,Daman Ganga,West flowing rivers from Tapi to Tadri,-,-,-,-,20.19333333,73.06500000,19-08-1988 08:30,4.5
795,Madhuganga Reservoir,CWC,24,Gujarat,462,Valsad,KAPRADA,-,-,Daman Ganga,West flowing rivers from Tapi to Tadri,-,-,-,-,20.19333333,73.06500000,20-08-1988 08:30,27.1
796,Madhuganga Reservoir,CWC,24,Gujarat,462,Valsad,KAPRADA,-,-,Daman Ganga,West flowing rivers from Tapi to Tadri,-,-,-,-,20.19333333,73.06500000,21-08-1988 08:30,71.6
797,Madhuganga Reservoir,CWC,24,Gujarat,462,Valsad,KAPRADA,-,-,Daman Ganga,West flowing rivers from Tapi to Tadri,-,-,-,-,20.19333333,73.06500000,22-08-1988 08:30,84.1
798,Madhuganga Reservoir,CWC,24,Gujarat,462,Valsad,KAPRADA,-,-,Daman Ganga,West flowing rivers from Tapi to Tadri,-,-,-,-,20.19333333,73.06500000,23-08-1988 08:30,33.4
799,Madhuganga Reservoir,CWC,24,Gujarat,462,Valsad,KAPRADA,-,-,Daman Ganga,West flowing rivers from Tapi to Tadri,-,-,-,-,20.19333333,73.06500000,24-08-1988 08:30,3.1
800,Madhuganga Reservoir,CWC,24,Gujarat,462,Valsad,KAPRADA,-,-,Daman Ganga,West flowing rivers from Tapi to Tadri,-,-,-,-,20.19333333,73.06500000,25-08-1988 08:30,2.2
801,Madhuganga Reservoir,CWC,24,Gujarat,462,Valsad,KAPRADA,-,-,Daman Ganga,West flowing rivers from Tapi to Tadri,-,-,-,-,20.19333333,73.06500000,27-08-1988 08:30,2.9
802,Madhuganga Reservoir,CWC,24,Gujarat,462,Valsad,KAPRADA,-,-,Daman Ganga,West flowing rivers from Tapi to Tadri,-,-,-,-,20.19333333,73.06500000,28-08-1988 08:30,5
803,Madhuganga Reservoir,CWC,24,Gujarat,462,Valsad,KAPRADA,-,-,Daman Ganga,West flowing rivers from Tapi to Tadri,-,-,-,-,20.19333333,73.06500000,29-08-1988 08:30,13.6
804,Madhuganga Reservoir,CWC,24,Gujarat,462,Valsad,KAPRADA,-,-,Daman Ganga,West flowing rivers from Tapi to Tadri,-,-,-,-,20.19333333,73.06500000,30-08-1988 08:30,0.6
805,Madhuganga Reservoir,CWC,24,Gujarat,462,Valsad,KAPRADA,-,-,Daman Ganga,West flowing rivers from Tapi to Tadri,-,-,-,-,20.19333333,73.06500000,31-08-1988 08:30,7.2
806,Madhuganga Reservoir,CWC,24,Gujarat,462,Valsad,KAPRADA,-,-,Daman Ganga,West flowing rivers from Tapi to Tadri,-,-,-,-,20.19333333,73.06500000,01-09-1988 08:30,1.4
807,Madhuganga Reservoir,CWC,24,Gujarat,462,Valsad,KAPRADA,-,-,Daman Ganga,West flowing rivers from Tapi to Tadri,-,-,-,-,20.19333333,73.06500000,02-09-1988 08:30,29.3
808,Madhuganga Reservoir,CWC,24,Gujarat,462,Valsad,KAPRADA,-,-,Daman Ganga,West flowing rivers from Tapi to Tadri,-,-,-,-,20.19333333,73.06500000,03-09-1988 08:30,32.5
809,Madhuganga Reservoir,CWC,24,Gujarat,462,Valsad,KAPRADA,-,-,Daman Ganga,West flowing rivers from Tapi to Tadri,-,-,-,-,20.19333333,73.06500000,06-09-1988 08:30,4
810,Madhuganga Reservoir,CWC,24,Gujarat,462,Valsad,KAPRADA,-,-,Daman Ganga,West flowing rivers from Tapi to Tadri,-,-,-,-,20.19333333,73.06500000,07-09-1988 08:30,92.1
811,Madhuganga Reservoir,CWC,24,Gujarat,462,Valsad,KAPRADA,-,-,Daman Ganga,West flowing rivers from Tapi to Tadri,-,-,-,-,20.19333333,73.06500000,08-09-1988 08:30,14.9
812,Madhuganga Reservoir,CWC,24,Gujarat,462,Valsad,KAPRADA,-,-,Daman Ganga,West flowing rivers from Tapi to Tadri,-,-,-,-,20.19333333,73.06500000,09-09-1988 08:30,10.3
813,Madhuganga Reservoir,CWC,24,Gujarat,462,Valsad,KAPRADA,-,-,Daman Ganga,West flowing rivers from Tapi to Tadri,-,-,-,-,20.19333333,73.06500000,10-09-1988 08:30,3.9
814,Madhuganga Reservoir,CWC,24,Gujarat,462,Valsad,KAPRADA,-,-,Daman Ganga,West flowing rivers from Tapi to Tadri,-,-,-,-,20.19333333,73.06500000,11-09-1988 08:30,23.8
815,Madhuganga Reservoir,CWC,24,Gujarat,462,Valsad,KAPRADA,-,-,Daman Ganga,West flowing rivers from Tapi to Tadri,-,-,-,-,20.19333333,73.06500000,16-09-1988 08:30,0.3
816,Madhuganga Reservoir,CWC,24,Gujarat,462,Valsad,KAPRADA,-,-,Daman Ganga,West flowing rivers from Tapi to Tadri,-,-,-,-,20.19333333,73.06500000,18-09-1988 08:30,16.4
817,Madhuganga Reservoir,CWC,24,Gujarat,462,Valsad,KAPRADA,-,-,Daman Ganga,West flowing rivers from Tapi to Tadri,-,-,-,-,20.19333333,73.06500000,19-09-1988 08:30,12.8
818,Madhuganga Reservoir,CWC,24,Gujarat,462,Valsad,KAPRADA,-,-,Daman Ganga,West flowing rivers from Tapi to Tadri,-,-,-,-,20.19333333,73.06500000,20-09-1988 08:30,0.5
819,Madhuganga Reservoir,CWC,24,Gujarat,462,Valsad,KAPRADA,-,-,Daman Ganga,West flowing rivers from Tapi to Tadri,-,-,-,-,20.19333333,73.06500000,21-09-1988 08:30,60.3
820,Madhuganga Reservoir,CWC,24,Gujarat,462,Valsad,KAPRADA,-,-,Daman Ganga,West flowing rivers from Tapi to Tadri,-,-,-,-,20.19333333,73.06500000,22-09-1988 08:30,18
821,Madhuganga Reservoir,CWC,24,Gujarat,462,Valsad,KAPRADA,-,-,Daman Ganga,West flowing rivers from Tapi to Tadri,-,-,-,-,20.19333333,73.06500000,23-09-1988 08:30,136.4
822,Madhuganga Reservoir,CWC,24,Gujarat,462,Valsad,KAPRADA,-,-,Daman Ganga,West flowing rivers from Tapi to Tadri,-,-,-,-,20.19333333,73.06500000,24-09-1988 08:30,31.6
823,Madhuganga Reservoir,CWC,24,Gujarat,462,Valsad,KAPRADA,-,-,Daman Ganga,West flowing rivers from Tapi to Tadri,-,-,-,-,20.19333333,73.06500000,25-09-1988 08:30,0.5
824,Madhuganga Reservoir,CWC,24,Gujarat,462,Valsad,KAPRADA,-,-,Daman Ganga,West flowing rivers from Tapi to Tadri,-,-,-,-,20.19333333,73.06500000,26-09-1988 08:30,18.7
825,Madhuganga Reservoir,CWC,24,Gujarat,462,Valsad,KAPRADA,-,-,Daman Ganga,West flowing rivers from Tapi to Tadri,-,-,-,-,20.19333333,73.06500000,28-09-1988 08:30,12
826,Madhuganga Reservoir,CWC,24,Gujarat,462,Valsad,KAPRADA,-,-,Daman Ganga,West flowing rivers from Tapi to Tadri,-,-,-,-,20.19333333,73.06500000,29-09-1988 08:30,6.5
827,Madhuganga Reservoir,CWC,24,Gujarat,462,Valsad,KAPRADA,-,-,Daman Ganga,West flowing rivers from Tapi to Tadri,-,-,-,-,20.19333333,73.06500000,30-09-1988 08:30,2.5
828,Madhuganga Reservoir,CWC,24,Gujarat,462,Valsad,KAPRADA,-,-,Daman Ganga,West flowing rivers from Tapi to Tadri,-,-,-,-,20.19333333,73.06500000,02-10-1988 08:30,23.1
829,Madhuganga Reservoir,CWC,24,Gujarat,462,Valsad,KAPRADA,-,-,Daman Ganga,West flowing rivers from Tapi to Tadri,-,-,-,-,20.19333333,73.06500000,06-06-1989 08:30,4
830,Madhuganga Reservoir,CWC,24,Gujarat,462,Valsad,KAPRADA,-,-,Daman Ganga,West flowing rivers from Tapi to Tadri,-,-,-,-,20.19333333,73.06500000,08-06-1989 08:30,0.5
831,Madhuganga Reservoir,CWC,24,Gujarat,462,Valsad,KAPRADA,-,-,Daman Ganga,West flowing rivers from Tapi to Tadri,-,-,-,-,20.19333333,73.06500000,09-06-1989 08:30,9
832,Madhuganga Reservoir,CWC,24,Gujarat,462,Valsad,KAPRADA,-,-,Daman Ganga,West flowing rivers from Tapi to Tadri,-,-,-,-,20.19333333,73.06500000,10-06-1989 08:30,21.8
833,Madhuganga Reservoir,CWC,24,Gujarat,462,Valsad,KAPRADA,-,-,Daman Ganga,West flowing rivers from Tapi to Tadri,-,-,-,-,20.19333333,73.06500000,11-06-1989 08:30,23.9
834,Madhuganga Reservoir,CWC,24,Gujarat,462,Valsad,KAPRADA,-,-,Daman Ganga,West flowing rivers from Tapi to Tadri,-,-,-,-,20.19333333,73.06500000,12-06-1989 08:30,4.2
835,Madhuganga Reservoir,CWC,24,Gujarat,462,Valsad,KAPRADA,-,-,Daman Ganga,West flowing rivers from Tapi to Tadri,-,-,-,-,20.19333333,73.06500000,13-06-1989 08:30,4.2
836,Madhuganga Reservoir,CWC,24,Gujarat,462,Valsad,KAPRADA,-,-,Daman Ganga,West flowing rivers from Tapi to Tadri,-,-,-,-,20.19333333,73.06500000,14-06-1989 08:30,11.3
837,Madhuganga Reservoir,CWC,24,Gujarat,462,Valsad,KAPRADA,-,-,Daman Ganga,West flowing rivers from Tapi to Tadri,-,-,-,-,20.19333333,73.06500000,15-06-1989 08:30,30.3
838,Madhuganga Reservoir,CWC,24,Gujarat,462,Valsad,KAPRADA,-,-,Daman Ganga,West flowing rivers from Tapi to Tadri,-,-,-,-,20.19333333,73.06500000,16-06-1989 08:30,52.9
839,Madhuganga Reservoir,CWC,24,Gujarat,462,Valsad,KAPRADA,-,-,Daman Ganga,West flowing rivers from Tapi to Tadri,-,-,-,-,20.19333333,73.06500000,17-06-1989 08:30,0.2
840,Madhuganga Reservoir,CWC,24,Gujarat,462,Valsad,KAPRADA,-,-,Daman Ganga,West flowing rivers from Tapi to Tadri,-,-,-,-,20.19333333,73.06500000,18-06-1989 08:30,1.1
841,Madhuganga Reservoir,CWC,24,Gujarat,462,Valsad,KAPRADA,-,-,Daman Ganga,West flowing rivers from Tapi to Tadri,-,-,-,-,20.19333333,73.06500000,20-06-1989 08:30,0.3
842,Madhuganga Reservoir,CWC,24,Gujarat,462,Valsad,KAPRADA,-,-,Daman Ganga,West flowing rivers from Tapi to Tadri,-,-,-,-,20.19333333,73.06500000,22-06-1989 08:30,0.8
843,Madhuganga Reservoir,CWC,24,Gujarat,462,Valsad,KAPRADA,-,-,Daman Ganga,West flowing rivers from Tapi to Tadri,-,-,-,-,20.19333333,73.06500000,23-06-1989 08:30,23.5
844,Madhuganga Reservoir,CWC,24,Gujarat,462,Valsad,KAPRADA,-,-,Daman Ganga,West flowing rivers from Tapi to Tadri,-,-,-,-,20.19333333,73.06500000,26-06-1989 08:30,18.3
845,Madhuganga Reservoir,CWC,24,Gujarat,462,Valsad,KAPRADA,-,-,Daman Ganga,West flowing rivers from Tapi to Tadri,-,-,-,-,20.19333333,73.06500000,27-06-1989 08:30,3
846,Madhuganga Reservoir,CWC,24,Gujarat,462,Valsad,KAPRADA,-,-,Daman Ganga,West flowing rivers from Tapi to Tadri,-,-,-,-,20.19333333,73.06500000,28-06-1989 08:30,23.5
847,Madhuganga Reservoir,CWC,24,Gujarat,462,Valsad,KAPRADA,-,-,Daman Ganga,West flowing rivers from Tapi to Tadri,-,-,-,-,20.19333333,73.06500000,29-06-1989 08:30,13.7
848,Madhuganga Reservoir,CWC,24,Gujarat,462,Valsad,KAPRADA,-,-,Daman Ganga,West flowing rivers from Tapi to Tadri,-,-,-,-,20.19333333,73.06500000,30-06-1989 08:30,23
849,Madhuganga Reservoir,CWC,24,Gujarat,462,Valsad,KAPRADA,-,-,Daman Ganga,West flowing rivers from Tapi to Tadri,-,-,-,-,20.19333333,73.06500000,01-07-1989 08:30,31.9
850,Madhuganga Reservoir,CWC,24,Gujarat,462,Valsad,KAPRADA,-,-,Daman Ganga,West flowing rivers from Tapi to Tadri,-,-,-,-,20.19333333,73.06500000,02-07-1989 08:30,2.8
851,Madhuganga Reservoir,CWC,24,Gujarat,462,Valsad,KAPRADA,-,-,Daman Ganga,West flowing rivers from Tapi to Tadri,-,-,-,-,20.19333333,73.06500000,03-07-1989 08:30,23.7
852,Madhuganga Reservoir,CWC,24,Gujarat,462,Valsad,KAPRADA,-,-,Daman Ganga,West flowing rivers from Tapi to Tadri,-,-,-,-,20.19333333,73.06500000,04-07-1989 08:30,2.8
853,Madhuganga Reservoir,CWC,24,Gujarat,462,Valsad,KAPRADA,-,-,Daman Ganga,West flowing rivers from Tapi to Tadri,-,-,-,-,20.19333333,73.06500000,05-07-1989 08:30,3.5
854,Madhuganga Reservoir,CWC,24,Gujarat,462,Valsad,KAPRADA,-,-,Daman Ganga,West flowing rivers from Tapi to Tadri,-,-,-,-,20.19333333,73.06500000,06-07-1989 08:30,31.2
855,Madhuganga Reservoir,CWC,24,Gujarat,462,Valsad,KAPRADA,-,-,Daman Ganga,West flowing rivers from Tapi to Tadri,-,-,-,-,20.19333333,73.06500000,07-07-1989 08:30,10.5
856,Madhuganga Reservoir,CWC,24,Gujarat,462,Valsad,KAPRADA,-,-,Daman Ganga,West flowing rivers from Tapi to Tadri,-,-,-,-,20.19333333,73.06500000,08-07-1989 08:30,3
857,Madhuganga Reservoir,CWC,24,Gujarat,462,Valsad,KAPRADA,-,-,Daman Ganga,West flowing rivers from Tapi to Tadri,-,-,-,-,20.19333333,73.06500000,09-07-1989 08:30,32
858,Madhuganga Reservoir,CWC,24,Gujarat,462,Valsad,KAPRADA,-,-,Daman Ganga,West flowing rivers from Tapi to Tadri,-,-,-,-,20.19333333,73.06500000,10-07-1989 08:30,1.8
859,Madhuganga Reservoir,CWC,24,Gujarat,462,Valsad,KAPRADA,-,-,Daman Ganga,West flowing rivers from Tapi to Tadri,-,-,-,-,20.19333333,73.06500000,12-07-1989 08:30,24.2
860,Madhuganga Reservoir,CWC,24,Gujarat,462,Valsad,KAPRADA,-,-,Daman Ganga,West flowing rivers from Tapi to Tadri,-,-,-,-,20.19333333,73.06500000,13-07-1989 08:30,26.6
861,Madhuganga Reservoir,CWC,24,Gujarat,462,Valsad,KAPRADA,-,-,Daman Ganga,West flowing rivers from Tapi to Tadri,-,-,-,-,20.19333333,73.06500000,14-07-1989 08:30,14.5
862,Madhuganga Reservoir,CWC,24,Gujarat,462,Valsad,KAPRADA,-,-,Daman Ganga,West flowing rivers from Tapi to Tadri,-,-,-,-,20.19333333,73.06500000,15-07-1989 08:30,42.2
863,Madhuganga Reservoir,CWC,24,Gujarat,462,Valsad,KAPRADA,-,-,Daman Ganga,West flowing rivers from Tapi to Tadri,-,-,-,-,20.19333333,73.06500000,16-07-1989 08:30,15.5
864,Madhuganga Reservoir,CWC,24,Gujarat,462,Valsad,KAPRADA,-,-,Daman Ganga,West flowing rivers from Tapi to Tadri,-,-,-,-,20.19333333,73.06500000,17-07-1989 08:30,63.9
865,Madhuganga Reservoir,CWC,24,Gujarat,462,Valsad,KAPRADA,-,-,Daman Ganga,West flowing rivers from Tapi to Tadri,-,-,-,-,20.19333333,73.06500000,18-07-1989 08:30,2.7
866,Madhuganga Reservoir,CWC,24,Gujarat,462,Valsad,KAPRADA,-,-,Daman Ganga,West flowing rivers from Tapi to Tadri,-,-,-,-,20.19333333,73.06500000,19-07-1989 08:30,22
867,Madhuganga Reservoir,CWC,24,Gujarat,462,Valsad,KAPRADA,-,-,Daman Ganga,West flowing rivers from Tapi to Tadri,-,-,-,-,20.19333333,73.06500000,20-07-1989 08:30,38
868,Madhuganga Reservoir,CWC,24,Gujarat,462,Valsad,KAPRADA,-,-,Daman Ganga,West flowing rivers from Tapi to Tadri,-,-,-,-,20.19333333,73.06500000,21-07-1989 08:30,18.1
869,Madhuganga Reservoir,CWC,24,Gujarat,462,Valsad,KAPRADA,-,-,Daman Ganga,West flowing rivers from Tapi to Tadri,-,-,-,-,20.19333333,73.06500000,22-07-1989 08:30,28.3
870,Madhuganga Reservoir,CWC,24,Gujarat,462,Valsad,KAPRADA,-,-,Daman Ganga,West flowing rivers from Tapi to Tadri,-,-,-,-,20.19333333,73.06500000,23-07-1989 08:30,67.8
871,Madhuganga Reservoir,CWC,24,Gujarat,462,Valsad,KAPRADA,-,-,Daman Ganga,West flowing rivers from Tapi to Tadri,-,-,-,-,20.19333333,73.06500000,24-07-1989 08:30,251.9
872,Madhuganga Reservoir,CWC,24,Gujarat,462,Valsad,KAPRADA,-,-,Daman Ganga,West flowing rivers from Tapi to Tadri,-,-,-,-,20.19333333,73.06500000,25-07-1989 08:30,51.5
873,Madhuganga Reservoir,CWC,24,Gujarat,462,Valsad,KAPRADA,-,-,Daman Ganga,West flowing rivers from Tapi to Tadri,-,-,-,-,20.19333333,73.06500000,26-07-1989 08:30,10.1
874,Madhuganga Reservoir,CWC,24,Gujarat,462,Valsad,KAPRADA,-,-,Daman Ganga,West flowing rivers from Tapi to Tadri,-,-,-,-,20.19333333,73.06500000,27-07-1989 08:30,5.5
875,Madhuganga Reservoir,CWC,24,Gujarat,462,Valsad,KAPRADA,-,-,Daman Ganga,West flowing rivers from Tapi to Tadri,-,-,-,-,20.19333333,73.06500000,28-07-1989 08:30,6.5
876,Madhuganga Reservoir,CWC,24,Gujarat,462,Valsad,KAPRADA,-,-,Daman Ganga,West flowing rivers from Tapi to Tadri,-,-,-,-,20.19333333,73.06500000,29-07-1989 08:30,10.7
877,Madhuganga Reservoir,CWC,24,Gujarat,462,Valsad,KAPRADA,-,-,Daman Ganga,West flowing rivers from Tapi to Tadri,-,-,-,-,20.19333333,73.06500000,30-07-1989 08:30,4.1
878,Madhuganga Reservoir,CWC,24,Gujarat,462,Valsad,KAPRADA,-,-,Daman Ganga,West flowing rivers from Tapi to Tadri,-,-,-,-,20.19333333,73.06500000,31-07-1989 08:30,0.8
879,Madhuganga Reservoir,CWC,24,Gujarat,462,Valsad,KAPRADA,-,-,Daman Ganga,West flowing rivers from Tapi to Tadri,-,-,-,-,20.19333333,73.06500000,01-08-1989 08:30,1.8
880,Madhuganga Reservoir,CWC,24,Gujarat,462,Valsad,KAPRADA,-,-,Daman Ganga,West flowing rivers from Tapi to Tadri,-,-,-,-,20.19333333,73.06500000,02-08-1989 08:30,3.2
881,Madhuganga Reservoir,CWC,24,Gujarat,462,Valsad,KAPRADA,-,-,Daman Ganga,West flowing rivers from Tapi to Tadri,-,-,-,-,20.19333333,73.06500000,03-08-1989 08:30,7.8
882,Madhuganga Reservoir,CWC,24,Gujarat,462,Valsad,KAPRADA,-,-,Daman Ganga,West flowing rivers from Tapi to Tadri,-,-,-,-,20.19333333,73.06500000,04-08-1989 08:30,6.2
883,Madhuganga Reservoir,CWC,24,Gujarat,462,Valsad,KAPRADA,-,-,Daman Ganga,West flowing rivers from Tapi to Tadri,-,-,-,-,20.19333333,73.06500000,05-08-1989 08:30,4.5
884,Madhuganga Reservoir,CWC,24,Gujarat,462,Valsad,KAPRADA,-,-,Daman Ganga,West flowing rivers from Tapi to Tadri,-,-,-,-,20.19333333,73.06500000,06-08-1989 08:30,1.8
885,Madhuganga Reservoir,CWC,24,Gujarat,462,Valsad,KAPRADA,-,-,Daman Ganga,West flowing rivers from Tapi to Tadri,-,-,-,-,20.19333333,73.06500000,07-08-1989 08:30,4
886,Madhuganga Reservoir,CWC,24,Gujarat,462,Valsad,KAPRADA,-,-,Daman Ganga,West flowing rivers from Tapi to Tadri,-,-,-,-,20.19333333,73.06500000,08-08-1989 08:30,5.7
887,Madhuganga Reservoir,CWC,24,Gujarat,462,Valsad,KAPRADA,-,-,Daman Ganga,West flowing rivers from Tapi to Tadri,-,-,-,-,20.19333333,73.06500000,09-08-1989 08:30,1
888,Madhuganga Reservoir,CWC,24,Gujarat,462,Valsad,KAPRADA,-,-,Daman Ganga,West flowing rivers from Tapi to Tadri,-,-,-,-,20.19333333,73.06500000,10-08-1989 08:30,5.3
889,Madhuganga Reservoir,CWC,24,Gujarat,462,Valsad,KAPRADA,-,-,Daman Ganga,West flowing rivers from Tapi to Tadri,-,-,-,-,20.19333333,73.06500000,11-08-1989 08:30,18.5
890,Madhuganga Reservoir,CWC,24,Gujarat,462,Valsad,KAPRADA,-,-,Daman Ganga,West flowing rivers from Tapi to Tadri,-,-,-,-,20.19333333,73.06500000,12-08-1989 08:30,28.2
891,Madhuganga Reservoir,CWC,24,Gujarat,462,Valsad,KAPRADA,-,-,Daman Ganga,West flowing rivers from Tapi to Tadri,-,-,-,-,20.19333333,73.06500000,13-08-1989 08:30,21.1
892,Madhuganga Reservoir,CWC,24,Gujarat,462,Valsad,KAPRADA,-,-,Daman Ganga,West flowing rivers from Tapi to Tadri,-,-,-,-,20.19333333,73.06500000,14-08-1989 08:30,4
893,Madhuganga Reservoir,CWC,24,Gujarat,462,Valsad,KAPRADA,-,-,Daman Ganga,West flowing rivers from Tapi to Tadri,-,-,-,-,20.19333333,73.06500000,15-08-1989 08:30,3
894,Madhuganga Reservoir,CWC,24,Gujarat,462,Valsad,KAPRADA,-,-,Daman Ganga,West flowing rivers from Tapi to Tadri,-,-,-,-,20.19333333,73.06500000,16-08-1989 08:30,5.3
895,Madhuganga Reservoir,CWC,24,Gujarat,462,Valsad,KAPRADA,-,-,Daman Ganga,West flowing rivers from Tapi to Tadri,-,-,-,-,20.19333333,73.06500000,17-08-1989 08:30,43.2
896,Madhuganga Reservoir,CWC,24,Gujarat,462,Valsad,KAPRADA,-,-,Daman Ganga,West flowing rivers from Tapi to Tadri,-,-,-,-,20.19333333,73.06500000,18-08-1989 08:30,12
897,Madhuganga Reservoir,CWC,24,Gujarat,462,Valsad,KAPRADA,-,-,Daman Ganga,West flowing rivers from Tapi to Tadri,-,-,-,-,20.19333333,73.06500000,19-08-1989 08:30,63.5
898,Madhuganga Reservoir,CWC,24,Gujarat,462,Valsad,KAPRADA,-,-,Daman Ganga,West flowing rivers from Tapi to Tadri,-,-,-,-,20.19333333,73.06500000,20-08-1989 08:30,65.8
899,Madhuganga Reservoir,CWC,24,Gujarat,462,Valsad,KAPRADA,-,-,Daman Ganga,West flowing rivers from Tapi to Tadri,-,-,-,-,20.19333333,73.06500000,21-08-1989 08:30,13.5
900,Madhuganga Reservoir,CWC,24,Gujarat,462,Valsad,KAPRADA,-,-,Daman Ganga,West flowing rivers from Tapi to Tadri,-,-,-,-,20.19333333,73.06500000,22-08-1989 08:30,36.4
901,Madhuganga Reservoir,CWC,24,Gujarat,462,Valsad,KAPRADA,-,-,Daman Ganga,West flowing rivers from Tapi to Tadri,-,-,-,-,20.19333333,73.06500000,23-08-1989 08:30,22.5
902,Madhuganga Reservoir,CWC,24,Gujarat,462,Valsad,KAPRADA,-,-,Daman Ganga,West flowing rivers from Tapi to Tadri,-,-,-,-,20.19333333,73.06500000,24-08-1989 08:30,57.6
903,Madhuganga Reservoir,CWC,24,Gujarat,462,Valsad,KAPRADA,-,-,Daman Ganga,West flowing rivers from Tapi to Tadri,-,-,-,-,20.19333333,73.06500000,25-08-1989 08:30,2.4
904,Madhuganga Reservoir,CWC,24,Gujarat,462,Valsad,KAPRADA,-,-,Daman Ganga,West flowing rivers from Tapi to Tadri,-,-,-,-,20.19333333,73.06500000,26-08-1989 08:30,9.1
905,Madhuganga Reservoir,CWC,24,Gujarat,462,Valsad,KAPRADA,-,-,Daman Ganga,West flowing rivers from Tapi to Tadri,-,-,-,-,20.19333333,73.06500000,27-08-1989 08:30,7.8
906,Madhuganga Reservoir,CWC,24,Gujarat,462,Valsad,KAPRADA,-,-,Daman Ganga,West flowing rivers from Tapi to Tadri,-,-,-,-,20.19333333,73.06500000,28-08-1989 08:30,16
907,Madhuganga Reservoir,CWC,24,Gujarat,462,Valsad,KAPRADA,-,-,Daman Ganga,West flowing rivers from Tapi to Tadri,-,-,-,-,20.19333333,73.06500000,29-08-1989 08:30,30.5
908,Madhuganga Reservoir,CWC,24,Gujarat,462,Valsad,KAPRADA,-,-,Daman Ganga,West flowing rivers from Tapi to Tadri,-,-,-,-,20.19333333,73.06500000,30-08-1989 08:30,0.2
909,Madhuganga Reservoir,CWC,24,Gujarat,462,Valsad,KAPRADA,-,-,Daman Ganga,West flowing rivers from Tapi to Tadri,-,-,-,-,20.19333333,73.06500000,04-09-1989 08:30,2.3
910,Madhuganga Reservoir,CWC,24,Gujarat,462,Valsad,KAPRADA,-,-,Daman Ganga,West flowing rivers from Tapi to Tadri,-,-,-,-,20.19333333,73.06500000,05-09-1989 08:30,14
911,Madhuganga Reservoir,CWC,24,Gujarat,462,Valsad,KAPRADA,-,-,Daman Ganga,West flowing rivers from Tapi to Tadri,-,-,-,-,20.19333333,73.06500000,06-09-1989 08:30,38.1
912,Madhuganga Reservoir,CWC,24,Gujarat,462,Valsad,KAPRADA,-,-,Daman Ganga,West flowing rivers from Tapi to Tadri,-,-,-,-,20.19333333,73.06500000,07-09-1989 08:30,2.5
913,Madhuganga Reservoir,CWC,24,Gujarat,462,Valsad,KAPRADA,-,-,Daman Ganga,West flowing rivers from Tapi to Tadri,-,-,-,-,20.19333333,73.06500000,08-09-1989 08:30,14.3
914,Madhuganga Reservoir,CWC,24,Gujarat,462,Valsad,KAPRADA,-,-,Daman Ganga,West flowing rivers from Tapi to Tadri,-,-,-,-,20.19333333,73.06500000,10-09-1989 08:30,1.9
915,Madhuganga Reservoir,CWC,24,Gujarat,462,Valsad,KAPRADA,-,-,Daman Ganga,West flowing rivers from Tapi to Tadri,-,-,-,-,20.19333333,73.06500000,11-09-1989 08:30,31.7
916,Madhuganga Reservoir,CWC,24,Gujarat,462,Valsad,KAPRADA,-,-,Daman Ganga,West flowing rivers from Tapi to Tadri,-,-,-,-,20.19333333,73.06500000,12-09-1989 08:30,12.7
917,Madhuganga Reservoir,CWC,24,Gujarat,462,Valsad,KAPRADA,-,-,Daman Ganga,West flowing rivers from Tapi to Tadri,-,-,-,-,20.19333333,73.06500000,19-09-1989 08:30,1.6
918,Madhuganga Reservoir,CWC,24,Gujarat,462,Valsad,KAPRADA,-,-,Daman Ganga,West flowing rivers from Tapi to Tadri,-,-,-,-,20.19333333,73.06500000,20-09-1989 08:30,3.2
919,Madhuganga Reservoir,CWC,24,Gujarat,462,Valsad,KAPRADA,-,-,Daman Ganga,West flowing rivers from Tapi to Tadri,-,-,-,-,20.19333333,73.06500000,21-09-1989 08:30,5
920,Madhuganga Reservoir,CWC,24,Gujarat,462,Valsad,KAPRADA,-,-,Daman Ganga,West flowing rivers from Tapi to Tadri,-,-,-,-,20.19333333,73.06500000,22-09-1989 08:30,1.9
921,Madhuganga Reservoir,CWC,24,Gujarat,462,Valsad,KAPRADA,-,-,Daman Ganga,West flowing rivers from Tapi to Tadri,-,-,-,-,20.19333333,73.06500000,26-09-1989 08:30,1.3
922,Madhuganga Reservoir,CWC,24,Gujarat,462,Valsad,KAPRADA,-,-,Daman Ganga,West flowing rivers from Tapi to Tadri,-,-,-,-,20.19333333,73.06500000,27-09-1989 08:30,3.5
923,Madhuganga Reservoir,CWC,24,Gujarat,462,Valsad,KAPRADA,-,-,Daman Ganga,West flowing rivers from Tapi to Tadri,-,-,-,-,20.19333333,73.06500000,30-09-1989 08:30,0.5
924,Madhuganga Reservoir,CWC,24,Gujarat,462,Valsad,KAPRADA,-,-,Daman Ganga,West flowing rivers from Tapi to Tadri,-,-,-,-,20.19333333,73.06500000,01-10-1989 08:30,31.2
925,Madhuganga Reservoir,CWC,24,Gujarat,462,Valsad,KAPRADA,-,-,Daman Ganga,West flowing rivers from Tapi to Tadri,-,-,-,-,20.19333333,73.06500000,02-10-1989 08:30,22.2
926,Madhuganga Reservoir,CWC,24,Gujarat,462,Valsad,KAPRADA,-,-,Daman Ganga,West flowing rivers from Tapi to Tadri,-,-,-,-,20.19333333,73.06500000,07-06-1990 08:30,1
927,Madhuganga Reservoir,CWC,24,Gujarat,462,Valsad,KAPRADA,-,-,Daman Ganga,West flowing rivers from Tapi to Tadri,-,-,-,-,20.19333333,73.06500000,08-06-1990 08:30,2.3
928,Madhuganga Reservoir,CWC,24,Gujarat,462,Valsad,KAPRADA,-,-,Daman Ganga,West flowing rivers from Tapi to Tadri,-,-,-,-,20.19333333,73.06500000,09-06-1990 08:30,9
929,Madhuganga Reservoir,CWC,24,Gujarat,462,Valsad,KAPRADA,-,-,Daman Ganga,West flowing rivers from Tapi to Tadri,-,-,-,-,20.19333333,73.06500000,11-06-1990 08:30,2.6
930,Madhuganga Reservoir,CWC,24,Gujarat,462,Valsad,KAPRADA,-,-,Daman Ganga,West flowing rivers from Tapi to Tadri,-,-,-,-,20.19333333,73.06500000,12-06-1990 08:30,0.7
931,Madhuganga Reservoir,CWC,24,Gujarat,462,Valsad,KAPRADA,-,-,Daman Ganga,West flowing rivers from Tapi to Tadri,-,-,-,-,20.19333333,73.06500000,13-06-1990 08:30,6.8
932,Madhuganga Reservoir,CWC,24,Gujarat,462,Valsad,KAPRADA,-,-,Daman Ganga,West flowing rivers from Tapi to Tadri,-,-,-,-,20.19333333,73.06500000,14-06-1990 08:30,1
933,Madhuganga Reservoir,CWC,24,Gujarat,462,Valsad,KAPRADA,-,-,Daman Ganga,West flowing rivers from Tapi to Tadri,-,-,-,-,20.19333333,73.06500000,15-06-1990 08:30,26.1
934,Madhuganga Reservoir,CWC,24,Gujarat,462,Valsad,KAPRADA,-,-,Daman Ganga,West flowing rivers from Tapi to Tadri,-,-,-,-,20.19333333,73.06500000,16-06-1990 08:30,0.5
935,Madhuganga Reservoir,CWC,24,Gujarat,462,Valsad,KAPRADA,-,-,Daman Ganga,West flowing rivers from Tapi to Tadri,-,-,-,-,20.19333333,73.06500000,17-06-1990 08:30,4.2
936,Madhuganga Reservoir,CWC,24,Gujarat,462,Valsad,KAPRADA,-,-,Daman Ganga,West flowing rivers from Tapi to Tadri,-,-,-,-,20.19333333,73.06500000,18-06-1990 08:30,0.5
937,Madhuganga Reservoir,CWC,24,Gujarat,462,Valsad,KAPRADA,-,-,Daman Ganga,West flowing rivers from Tapi to Tadri,-,-,-,-,20.19333333,73.06500000,20-06-1990 08:30,0.4
938,Madhuganga Reservoir,CWC,24,Gujarat,462,Valsad,KAPRADA,-,-,Daman Ganga,West flowing rivers from Tapi to Tadri,-,-,-,-,20.19333333,73.06500000,22-06-1990 08:30,2.7
939,Madhuganga Reservoir,CWC,24,Gujarat,462,Valsad,KAPRADA,-,-,Daman Ganga,West flowing rivers from Tapi to Tadri,-,-,-,-,20.19333333,73.06500000,23-06-1990 08:30,5.5
940,Madhuganga Reservoir,CWC,24,Gujarat,462,Valsad,KAPRADA,-,-,Daman Ganga,West flowing rivers from Tapi to Tadri,-,-,-,-,20.19333333,73.06500000,24-06-1990 08:30,0.9
941,Madhuganga Reservoir,CWC,24,Gujarat,462,Valsad,KAPRADA,-,-,Daman Ganga,West flowing rivers from Tapi to Tadri,-,-,-,-,20.19333333,73.06500000,25-06-1990 08:30,11.2
942,Madhuganga Reservoir,CWC,24,Gujarat,462,Valsad,KAPRADA,-,-,Daman Ganga,West flowing rivers from Tapi to Tadri,-,-,-,-,20.19333333,73.06500000,26-06-1990 08:30,0.3
943,Madhuganga Reservoir,CWC,24,Gujarat,462,Valsad,KAPRADA,-,-,Daman Ganga,West flowing rivers from Tapi to Tadri,-,-,-,-,20.19333333,73.06500000,27-06-1990 08:30,4.2
944,Madhuganga Reservoir,CWC,24,Gujarat,462,Valsad,KAPRADA,-,-,Daman Ganga,West flowing rivers from Tapi to Tadri,-,-,-,-,20.19333333,73.06500000,28-06-1990 08:30,22.2
945,Madhuganga Reservoir,CWC,24,Gujarat,462,Valsad,KAPRADA,-,-,Daman Ganga,West flowing rivers from Tapi to Tadri,-,-,-,-,20.19333333,73.06500000,29-06-1990 08:30,58
946,Madhuganga Reservoir,CWC,24,Gujarat,462,Valsad,KAPRADA,-,-,Daman Ganga,West flowing rivers from Tapi to Tadri,-,-,-,-,20.19333333,73.06500000,30-06-1990 08:30,25.3
947,Madhuganga Reservoir,CWC,24,Gujarat,462,Valsad,KAPRADA,-,-,Daman Ganga,West flowing rivers from Tapi to Tadri,-,-,-,-,20.19333333,73.06500000,01-07-1990 08:30,0.5
948,Madhuganga Reservoir,CWC,24,Gujarat,462,Valsad,KAPRADA,-,-,Daman Ganga,West flowing rivers from Tapi to Tadri,-,-,-,-,20.19333333,73.06500000,02-07-1990 08:30,57.2
949,Madhuganga Reservoir,CWC,24,Gujarat,462,Valsad,KAPRADA,-,-,Daman Ganga,West flowing rivers from Tapi to Tadri,-,-,-,-,20.19333333,73.06500000,03-07-1990 08:30,65.6
950,Madhuganga Reservoir,CWC,24,Gujarat,462,Valsad,KAPRADA,-,-,Daman Ganga,West flowing rivers from Tapi to Tadri,-,-,-,-,20.19333333,73.06500000,04-07-1990 08:30,2.4
951,Madhuganga Reservoir,CWC,24,Gujarat,462,Valsad,KAPRADA,-,-,Daman Ganga,West flowing rivers from Tapi to Tadri,-,-,-,-,20.19333333,73.06500000,05-07-1990 08:30,4
952,Madhuganga Reservoir,CWC,24,Gujarat,462,Valsad,KAPRADA,-,-,Daman Ganga,West flowing rivers from Tapi to Tadri,-,-,-,-,20.19333333,73.06500000,07-07-1990 08:30,3.3
953,Madhuganga Reservoir,CWC,24,Gujarat,462,Valsad,KAPRADA,-,-,Daman Ganga,West flowing rivers from Tapi to Tadri,-,-,-,-,20.19333333,73.06500000,08-07-1990 08:30,13.6
954,Madhuganga Reservoir,CWC,24,Gujarat,462,Valsad,KAPRADA,-,-,Daman Ganga,West flowing rivers from Tapi to Tadri,-,-,-,-,20.19333333,73.06500000,09-07-1990 08:30,8.5
955,Madhuganga Reservoir,CWC,24,Gujarat,462,Valsad,KAPRADA,-,-,Daman Ganga,West flowing rivers from Tapi to Tadri,-,-,-,-,20.19333333,73.06500000,10-07-1990 08:30,1.2
956,Madhuganga Reservoir,CWC,24,Gujarat,462,Valsad,KAPRADA,-,-,Daman Ganga,West flowing rivers from Tapi to Tadri,-,-,-,-,20.19333333,73.06500000,11-07-1990 08:30,0.6
957,Madhuganga Reservoir,CWC,24,Gujarat,462,Valsad,KAPRADA,-,-,Daman Ganga,West flowing rivers from Tapi to Tadri,-,-,-,-,20.19333333,73.06500000,12-07-1990 08:30,5.8
958,Madhuganga Reservoir,CWC,24,Gujarat,462,Valsad,KAPRADA,-,-,Daman Ganga,West flowing rivers from Tapi to Tadri,-,-,-,-,20.19333333,73.06500000,13-07-1990 08:30,4.2
959,Madhuganga Reservoir,CWC,24,Gujarat,462,Valsad,KAPRADA,-,-,Daman Ganga,West flowing rivers from Tapi to Tadri,-,-,-,-,20.19333333,73.06500000,14-07-1990 08:30,1.7
960,Madhuganga Reservoir,CWC,24,Gujarat,462,Valsad,KAPRADA,-,-,Daman Ganga,West flowing rivers from Tapi to Tadri,-,-,-,-,20.19333333,73.06500000,15-07-1990 08:30,6.2
961,Madhuganga Reservoir,CWC,24,Gujarat,462,Valsad,KAPRADA,-,-,Daman Ganga,West flowing rivers from Tapi to Tadri,-,-,-,-,20.19333333,73.06500000,16-07-1990 08:30,44.7
962,Madhuganga Reservoir,CWC,24,Gujarat,462,Valsad,KAPRADA,-,-,Daman Ganga,West flowing rivers from Tapi to Tadri,-,-,-,-,20.19333333,73.06500000,17-07-1990 08:30,5.6
963,Madhuganga Reservoir,CWC,24,Gujarat,462,Valsad,KAPRADA,-,-,Daman Ganga,West flowing rivers from Tapi to Tadri,-,-,-,-,20.19333333,73.06500000,18-07-1990 08:30,17
964,Madhuganga Reservoir,CWC,24,Gujarat,462,Valsad,KAPRADA,-,-,Daman Ganga,West flowing rivers from Tapi to Tadri,-,-,-,-,20.19333333,73.06500000,19-07-1990 08:30,56.4
965,Madhuganga Reservoir,CWC,24,Gujarat,462,Valsad,KAPRADA,-,-,Daman Ganga,West flowing rivers from Tapi to Tadri,-,-,-,-,20.19333333,73.06500000,20-07-1990 08:30,4.2
966,Madhuganga Reservoir,CWC,24,Gujarat,462,Valsad,KAPRADA,-,-,Daman Ganga,West flowing rivers from Tapi to Tadri,-,-,-,-,20.19333333,73.06500000,21-07-1990 08:30,4.9
967,Madhuganga Reservoir,CWC,24,Gujarat,462,Valsad,KAPRADA,-,-,Daman Ganga,West flowing rivers from Tapi to Tadri,-,-,-,-,20.19333333,73.06500000,22-07-1990 08:30,12.1
968,Madhuganga Reservoir,CWC,24,Gujarat,462,Valsad,KAPRADA,-,-,Daman Ganga,West flowing rivers from Tapi to Tadri,-,-,-,-,20.19333333,73.06500000,23-07-1990 08:30,7.1
969,Madhuganga Reservoir,CWC,24,Gujarat,462,Valsad,KAPRADA,-,-,Daman Ganga,West flowing rivers from Tapi to Tadri,-,-,-,-,20.19333333,73.06500000,24-07-1990 08:30,23.6
970,Madhuganga Reservoir,CWC,24,Gujarat,462,Valsad,KAPRADA,-,-,Daman Ganga,West flowing rivers from Tapi to Tadri,-,-,-,-,20.19333333,73.06500000,25-07-1990 08:30,0.2
971,Madhuganga Reservoir,CWC,24,Gujarat,462,Valsad,KAPRADA,-,-,Daman Ganga,West flowing rivers from Tapi to Tadri,-,-,-,-,20.19333333,73.06500000,26-07-1990 08:30,3.1
972,Madhuganga Reservoir,CWC,24,Gujarat,462,Valsad,KAPRADA,-,-,Daman Ganga,West flowing rivers from Tapi to Tadri,-,-,-,-,20.19333333,73.06500000,27-07-1990 08:30,1
973,Madhuganga Reservoir,CWC,24,Gujarat,462,Valsad,KAPRADA,-,-,Daman Ganga,West flowing rivers from Tapi to Tadri,-,-,-,-,20.19333333,73.06500000,28-07-1990 08:30,2.8
974,Madhuganga Reservoir,CWC,24,Gujarat,462,Valsad,KAPRADA,-,-,Daman Ganga,West flowing rivers from Tapi to Tadri,-,-,-,-,20.19333333,73.06500000,29-07-1990 08:30,4.7
975,Madhuganga Reservoir,CWC,24,Gujarat,462,Valsad,KAPRADA,-,-,Daman Ganga,West flowing rivers from Tapi to Tadri,-,-,-,-,20.19333333,73.06500000,30-07-1990 08:30,0.9
976,Madhuganga Reservoir,CWC,24,Gujarat,462,Valsad,KAPRADA,-,-,Daman Ganga,West flowing rivers from Tapi to Tadri,-,-,-,-,20.19333333,73.06500000,31-07-1990 08:30,5.5
977,Madhuganga Reservoir,CWC,24,Gujarat,462,Valsad,KAPRADA,-,-,Daman Ganga,West flowing rivers from Tapi to Tadri,-,-,-,-,20.19333333,73.06500000,01-08-1990 08:30,8.5
978,Madhuganga Reservoir,CWC,24,Gujarat,462,Valsad,KAPRADA,-,-,Daman Ganga,West flowing rivers from Tapi to Tadri,-,-,-,-,20.19333333,73.06500000,02-08-1990 08:30,20.7
979,Madhuganga Reservoir,CWC,24,Gujarat,462,Valsad,KAPRADA,-,-,Daman Ganga,West flowing rivers from Tapi to Tadri,-,-,-,-,20.19333333,73.06500000,03-08-1990 08:30,11.4
980,Madhuganga Reservoir,CWC,24,Gujarat,462,Valsad,KAPRADA,-,-,Daman Ganga,West flowing rivers from Tapi to Tadri,-,-,-,-,20.19333333,73.06500000,04-08-1990 08:30,10.7
981,Madhuganga Reservoir,CWC,24,Gujarat,462,Valsad,KAPRADA,-,-,Daman Ganga,West flowing rivers from Tapi to Tadri,-,-,-,-,20.19333333,73.06500000,05-08-1990 08:30,7
982,Madhuganga Reservoir,CWC,24,Gujarat,462,Valsad,KAPRADA,-,-,Daman Ganga,West flowing rivers from Tapi to Tadri,-,-,-,-,20.19333333,73.06500000,06-08-1990 08:30,7.8
983,Madhuganga Reservoir,CWC,24,Gujarat,462,Valsad,KAPRADA,-,-,Daman Ganga,West flowing rivers from Tapi to Tadri,-,-,-,-,20.19333333,73.06500000,07-08-1990 08:30,81.5
984,Madhuganga Reservoir,CWC,24,Gujarat,462,Valsad,KAPRADA,-,-,Daman Ganga,West flowing rivers from Tapi to Tadri,-,-,-,-,20.19333333,73.06500000,08-08-1990 08:30,21
985,Madhuganga Reservoir,CWC,24,Gujarat,462,Valsad,KAPRADA,-,-,Daman Ganga,West flowing rivers from Tapi to Tadri,-,-,-,-,20.19333333,73.06500000,09-08-1990 08:30,1.3
986,Madhuganga Reservoir,CWC,24,Gujarat,462,Valsad,KAPRADA,-,-,Daman Ganga,West flowing rivers from Tapi to Tadri,-,-,-,-,20.19333333,73.06500000,10-08-1990 08:30,0.4
987,Madhuganga Reservoir,CWC,24,Gujarat,462,Valsad,KAPRADA,-,-,Daman Ganga,West flowing rivers from Tapi to Tadri,-,-,-,-,20.19333333,73.06500000,11-08-1990 08:30,1.5
988,Madhuganga Reservoir,CWC,24,Gujarat,462,Valsad,KAPRADA,-,-,Daman Ganga,West flowing rivers from Tapi to Tadri,-,-,-,-,20.19333333,73.06500000,12-08-1990 08:30,11
989,Madhuganga Reservoir,CWC,24,Gujarat,462,Valsad,KAPRADA,-,-,Daman Ganga,West flowing rivers from Tapi to Tadri,-,-,-,-,20.19333333,73.06500000,13-08-1990 08:30,80
990,Madhuganga Reservoir,CWC,24,Gujarat,462,Valsad,KAPRADA,-,-,Daman Ganga,West flowing rivers from Tapi to Tadri,-,-,-,-,20.19333333,73.06500000,14-08-1990 08:30,13.5
991,Madhuganga Reservoir,CWC,24,Gujarat,462,Valsad,KAPRADA,-,-,Daman Ganga,West flowing rivers from Tapi to Tadri,-,-,-,-,20.19333333,73.06500000,15-08-1990 08:30,13.7
992,Madhuganga Reservoir,CWC,24,Gujarat,462,Valsad,KAPRADA,-,-,Daman Ganga,West flowing rivers from Tapi to Tadri,-,-,-,-,20.19333333,73.06500000,16-08-1990 08:30,57.4
993,Madhuganga Reservoir,CWC,24,Gujarat,462,Valsad,KAPRADA,-,-,Daman Ganga,West flowing rivers from Tapi to Tadri,-,-,-,-,20.19333333,73.06500000,17-08-1990 08:30,50.2
994,Madhuganga Reservoir,CWC,24,Gujarat,462,Valsad,KAPRADA,-,-,Daman Ganga,West flowing rivers from Tapi to Tadri,-,-,-,-,20.19333333,73.06500000,18-08-1990 08:30,104.8
995,Madhuganga Reservoir,CWC,24,Gujarat,462,Valsad,KAPRADA,-,-,Daman Ganga,West flowing rivers from Tapi to Tadri,-,-,-,-,20.19333333,73.06500000,19-08-1990 08:30,46.4
996,Madhuganga Reservoir,CWC,24,Gujarat,462,Valsad,KAPRADA,-,-,Daman Ganga,West flowing rivers from Tapi to Tadri,-,-,-,-,20.19333333,73.06500000,20-08-1990 08:30,25.7
997,Madhuganga Reservoir,CWC,24,Gujarat,462,Valsad,KAPRADA,-,-,Daman Ganga,West flowing rivers from Tapi to Tadri,-,-,-,-,20.19333333,73.06500000,21-08-1990 08:30,48.6
998,Madhuganga Reservoir,CWC,24,Gujarat,462,Valsad,KAPRADA,-,-,Daman Ganga,West flowing rivers from Tapi to Tadri,-,-,-,-,20.19333333,73.06500000,22-08-1990 08:30,15
999,Madhuganga Reservoir,CWC,24,Gujarat,462,Valsad,KAPRADA,-,-,Daman Ganga,West flowing rivers from Tapi to Tadri,-,-,-,-,20.19333333,73.06500000,23-08-1990 08:30,35.6
1000,Madhuganga Reservoir,CWC,24,Gujarat,462,Valsad,KAPRADA,-,-,Daman Ganga,West flowing rivers from Tapi to Tadri,-,-,-,-,20.19333333,73.06500000,24-08-1990 08:30,41.8
1001,Madhuganga Reservoir,CWC,24,Gujarat,462,Valsad,KAPRADA,-,-,Daman Ganga,West flowing rivers from Tapi to Tadri,-,-,-,-,20.19333333,73.06500000,25-08-1990 08:30,27
1002,Madhuganga Reservoir,CWC,24,Gujarat,462,Valsad,KAPRADA,-,-,Daman Ganga,West flowing rivers from Tapi to Tadri,-,-,-,-,20.19333333,73.06500000,26-08-1990 08:30,10.5
1003,Madhuganga Reservoir,CWC,24,Gujarat,462,Valsad,KAPRADA,-,-,Daman Ganga,West flowing rivers from Tapi to Tadri,-,-,-,-,20.19333333,73.06500000,27-08-1990 08:30,4.7
1004,Madhuganga Reservoir,CWC,24,Gujarat,462,Valsad,KAPRADA,-,-,Daman Ganga,West flowing rivers from Tapi to Tadri,-,-,-,-,20.19333333,73.06500000,28-08-1990 08:30,11.3
1005,Madhuganga Reservoir,CWC,24,Gujarat,462,Valsad,KAPRADA,-,-,Daman Ganga,West flowing rivers from Tapi to Tadri,-,-,-,-,20.19333333,73.06500000,29-08-1990 08:30,11.2
1006,Madhuganga Reservoir,CWC,24,Gujarat,462,Valsad,KAPRADA,-,-,Daman Ganga,West flowing rivers from Tapi to Tadri,-,-,-,-,20.19333333,73.06500000,31-08-1990 08:30,3.1
1007,Madhuganga Reservoir,CWC,24,Gujarat,462,Valsad,KAPRADA,-,-,Daman Ganga,West flowing rivers from Tapi to Tadri,-,-,-,-,20.19333333,73.06500000,01-09-1990 08:30,7
1008,Madhuganga Reservoir,CWC,24,Gujarat,462,Valsad,KAPRADA,-,-,Daman Ganga,West flowing rivers from Tapi to Tadri,-,-,-,-,20.19333333,73.06500000,02-09-1990 08:30,0.5
1009,Madhuganga Reservoir,CWC,24,Gujarat,462,Valsad,KAPRADA,-,-,Daman Ganga,West flowing rivers from Tapi to Tadri,-,-,-,-,20.19333333,73.06500000,03-09-1990 08:30,6.6
1010,Madhuganga Reservoir,CWC,24,Gujarat,462,Valsad,KAPRADA,-,-,Daman Ganga,West flowing rivers from Tapi to Tadri,-,-,-,-,20.19333333,73.06500000,04-09-1990 08:30,7.1
1011,Madhuganga Reservoir,CWC,24,Gujarat,462,Valsad,KAPRADA,-,-,Daman Ganga,West flowing rivers from Tapi to Tadri,-,-,-,-,20.19333333,73.06500000,05-09-1990 08:30,18.3
1012,Madhuganga Reservoir,CWC,24,Gujarat,462,Valsad,KAPRADA,-,-,Daman Ganga,West flowing rivers from Tapi to Tadri,-,-,-,-,20.19333333,73.06500000,06-09-1990 08:30,4.2
1013,Madhuganga Reservoir,CWC,24,Gujarat,462,Valsad,KAPRADA,-,-,Daman Ganga,West flowing rivers from Tapi to Tadri,-,-,-,-,20.19333333,73.06500000,07-09-1990 08:30,0.2
1014,Madhuganga Reservoir,CWC,24,Gujarat,462,Valsad,KAPRADA,-,-,Daman Ganga,West flowing rivers from Tapi to Tadri,-,-,-,-,20.19333333,73.06500000,09-09-1990 08:30,6.7
1015,Madhuganga Reservoir,CWC,24,Gujarat,462,Valsad,KAPRADA,-,-,Daman Ganga,West flowing rivers from Tapi to Tadri,-,-,-,-,20.19333333,73.06500000,10-09-1990 08:30,2.7
1016,Madhuganga Reservoir,CWC,24,Gujarat,462,Valsad,KAPRADA,-,-,Daman Ganga,West flowing rivers from Tapi to Tadri,-,-,-,-,20.19333333,73.06500000,11-09-1990 08:30,6.5
1017,Madhuganga Reservoir,CWC,24,Gujarat,462,Valsad,KAPRADA,-,-,Daman Ganga,West flowing rivers from Tapi to Tadri,-,-,-,-,20.19333333,73.06500000,12-09-1990 08:30,1.1
1018,Madhuganga Reservoir,CWC,24,Gujarat,462,Valsad,KAPRADA,-,-,Daman Ganga,West flowing rivers from Tapi to Tadri,-,-,-,-,20.19333333,73.06500000,13-09-1990 08:30,19.5
1019,Madhuganga Reservoir,CWC,24,Gujarat,462,Valsad,KAPRADA,-,-,Daman Ganga,West flowing rivers from Tapi to Tadri,-,-,-,-,20.19333333,73.06500000,14-09-1990 08:30,0.2
1020,Madhuganga Reservoir,CWC,24,Gujarat,462,Valsad,KAPRADA,-,-,Daman Ganga,West flowing rivers from Tapi to Tadri,-,-,-,-,20.19333333,73.06500000,15-09-1990 08:30,7.9
1021,Madhuganga Reservoir,CWC,24,Gujarat,462,Valsad,KAPRADA,-,-,Daman Ganga,West flowing rivers from Tapi to Tadri,-,-,-,-,20.19333333,73.06500000,17-09-1990 08:30,3.7
1022,Madhuganga Reservoir,CWC,24,Gujarat,462,Valsad,KAPRADA,-,-,Daman Ganga,West flowing rivers from Tapi to Tadri,-,-,-,-,20.19333333,73.06500000,18-09-1990 08:30,0.7
1023,Madhuganga Reservoir,CWC,24,Gujarat,462,Valsad,KAPRADA,-,-,Daman Ganga,West flowing rivers from Tapi to Tadri,-,-,-,-,20.19333333,73.06500000,19-09-1990 08:30,5
1024,Madhuganga Reservoir,CWC,24,Gujarat,462,Valsad,KAPRADA,-,-,Daman Ganga,West flowing rivers from Tapi to Tadri,-,-,-,-,20.19333333,73.06500000,23-09-1990 08:30,42.5
1025,Madhuganga Reservoir,CWC,24,Gujarat,462,Valsad,KAPRADA,-,-,Daman Ganga,West flowing rivers from Tapi to Tadri,-,-,-,-,20.19333333,73.06500000,24-09-1990 08:30,80
1026,Madhuganga Reservoir,CWC,24,Gujarat,462,Valsad,KAPRADA,-,-,Daman Ganga,West flowing rivers from Tapi to Tadri,-,-,-,-,20.19333333,73.06500000,25-09-1990 08:30,79.5
1027,Madhuganga Reservoir,CWC,24,Gujarat,462,Valsad,KAPRADA,-,-,Daman Ganga,West flowing rivers from Tapi to Tadri,-,-,-,-,20.19333333,73.06500000,26-09-1990 08:30,176.5
1028,Madhuganga Reservoir,CWC,24,Gujarat,462,Valsad,KAPRADA,-,-,Daman Ganga,West flowing rivers from Tapi to Tadri,-,-,-,-,20.19333333,73.06500000,27-09-1990 08:30,138.5
1029,Madhuganga Reservoir,CWC,24,Gujarat,462,Valsad,KAPRADA,-,-,Daman Ganga,West flowing rivers from Tapi to Tadri,-,-,-,-,20.19333333,73.06500000,28-09-1990 08:30,3
1030,Madhuganga Reservoir,CWC,24,Gujarat,462,Valsad,KAPRADA,-,-,Daman Ganga,West flowing rivers from Tapi to Tadri,-,-,-,-,20.19333333,73.06500000,29-09-1990 08:30,5.3
1031,Madhuganga Reservoir,CWC,24,Gujarat,462,Valsad,KAPRADA,-,-,Daman Ganga,West flowing rivers from Tapi to Tadri,-,-,-,-,20.19333333,73.06500000,30-09-1990 08:30,7
1032,Madhuganga Reservoir,CWC,24,Gujarat,462,Valsad,KAPRADA,-,-,Daman Ganga,West flowing rivers from Tapi to Tadri,-,-,-,-,20.19333333,73.06500000,08-10-1990 08:30,2.5
1033,Madhuganga Reservoir,CWC,24,Gujarat,462,Valsad,KAPRADA,-,-,Daman Ganga,West flowing rivers from Tapi to Tadri,-,-,-,-,20.19333333,73.06500000,09-10-1990 08:30,14.5
1034,Madhuganga Reservoir,CWC,24,Gujarat,462,Valsad,KAPRADA,-,-,Daman Ganga,West flowing rivers from Tapi to Tadri,-,-,-,-,20.19333333,73.06500000,10-10-1990 08:30,20.5
1035,Nanipalson,CWC,24,Gujarat,462,Valsad,KAPRADA,-,-,Narmada,Narmada,Unch,-,-,Daman Ganga,20.20360472,73.28184278,15-06-1986 08:30,8.3
1036,Nanipalson,CWC,24,Gujarat,462,Valsad,KAPRADA,-,-,Narmada,Narmada,Unch,-,-,Daman Ganga,20.20360472,73.28184278,17-06-1986 08:30,46.9
1037,Nanipalson,CWC,24,Gujarat,462,Valsad,KAPRADA,-,-,Narmada,Narmada,Unch,-,-,Daman Ganga,20.20360472,73.28184278,19-06-1986 08:30,20
1038,Nanipalson,CWC,24,Gujarat,462,Valsad,KAPRADA,-,-,Narmada,Narmada,Unch,-,-,Daman Ganga,20.20360472,73.28184278,20-06-1986 08:30,13
1039,Nanipalson,CWC,24,Gujarat,462,Valsad,KAPRADA,-,-,Narmada,Narmada,Unch,-,-,Daman Ganga,20.20360472,73.28184278,21-06-1986 08:30,36.4
1040,Nanipalson,CWC,24,Gujarat,462,Valsad,KAPRADA,-,-,Narmada,Narmada,Unch,-,-,Daman Ganga,20.20360472,73.28184278,22-06-1986 08:30,93.2
1041,Nanipalson,CWC,24,Gujarat,462,Valsad,KAPRADA,-,-,Narmada,Narmada,Unch,-,-,Daman Ganga,20.20360472,73.28184278,23-06-1986 08:30,37.9
1042,Nanipalson,CWC,24,Gujarat,462,Valsad,KAPRADA,-,-,Narmada,Narmada,Unch,-,-,Daman Ganga,20.20360472,73.28184278,24-06-1986 08:30,20.2
1043,Nanipalson,CWC,24,Gujarat,462,Valsad,KAPRADA,-,-,Narmada,Narmada,Unch,-,-,Daman Ganga,20.20360472,73.28184278,25-06-1986 08:30,15.7
1044,Nanipalson,CWC,24,Gujarat,462,Valsad,KAPRADA,-,-,Narmada,Narmada,Unch,-,-,Daman Ganga,20.20360472,73.28184278,26-06-1986 08:30,8.1
1045,Nanipalson,CWC,24,Gujarat,462,Valsad,KAPRADA,-,-,Narmada,Narmada,Unch,-,-,Daman Ganga,20.20360472,73.28184278,27-06-1986 08:30,29.6
1046,Nanipalson,CWC,24,Gujarat,462,Valsad,KAPRADA,-,-,Narmada,Narmada,Unch,-,-,Daman Ganga,20.20360472,73.28184278,28-06-1986 08:30,11.3
1047,Nanipalson,CWC,24,Gujarat,462,Valsad,KAPRADA,-,-,Narmada,Narmada,Unch,-,-,Daman Ganga,20.20360472,73.28184278,29-06-1986 08:30,34
1048,Nanipalson,CWC,24,Gujarat,462,Valsad,KAPRADA,-,-,Narmada,Narmada,Unch,-,-,Daman Ganga,20.20360472,73.28184278,30-06-1986 08:30,14.7
1049,Nanipalson,CWC,24,Gujarat,462,Valsad,KAPRADA,-,-,Narmada,Narmada,Unch,-,-,Daman Ganga,20.20360472,73.28184278,01-07-1986 08:30,1
1050,Nanipalson,CWC,24,Gujarat,462,Valsad,KAPRADA,-,-,Narmada,Narmada,Unch,-,-,Daman Ganga,20.20360472,73.28184278,02-07-1986 08:30,24.8
1051,Nanipalson,CWC,24,Gujarat,462,Valsad,KAPRADA,-,-,Narmada,Narmada,Unch,-,-,Daman Ganga,20.20360472,73.28184278,06-07-1986 08:30,4.9
1052,Nanipalson,CWC,24,Gujarat,462,Valsad,KAPRADA,-,-,Narmada,Narmada,Unch,-,-,Daman Ganga,20.20360472,73.28184278,07-07-1986 08:30,5.8
1053,Nanipalson,CWC,24,Gujarat,462,Valsad,KAPRADA,-,-,Narmada,Narmada,Unch,-,-,Daman Ganga,20.20360472,73.28184278,08-07-1986 08:30,5
1054,Nanipalson,CWC,24,Gujarat,462,Valsad,KAPRADA,-,-,Narmada,Narmada,Unch,-,-,Daman Ganga,20.20360472,73.28184278,09-07-1986 08:30,3.4
1055,Nanipalson,CWC,24,Gujarat,462,Valsad,KAPRADA,-,-,Narmada,Narmada,Unch,-,-,Daman Ganga,20.20360472,73.28184278,10-07-1986 08:30,1.6
1056,Nanipalson,CWC,24,Gujarat,462,Valsad,KAPRADA,-,-,Narmada,Narmada,Unch,-,-,Daman Ganga,20.20360472,73.28184278,11-07-1986 08:30,0.9
1057,Nanipalson,CWC,24,Gujarat,462,Valsad,KAPRADA,-,-,Narmada,Narmada,Unch,-,-,Daman Ganga,20.20360472,73.28184278,13-07-1986 08:30,0.2
1058,Nanipalson,CWC,24,Gujarat,462,Valsad,KAPRADA,-,-,Narmada,Narmada,Unch,-,-,Daman Ganga,20.20360472,73.28184278,14-07-1986 08:30,0.1
1059,Nanipalson,CWC,24,Gujarat,462,Valsad,KAPRADA,-,-,Narmada,Narmada,Unch,-,-,Daman Ganga,20.20360472,73.28184278,15-07-1986 08:30,120.6
1060,Nanipalson,CWC,24,Gujarat,462,Valsad,KAPRADA,-,-,Narmada,Narmada,Unch,-,-,Daman Ganga,20.20360472,73.28184278,16-07-1986 08:30,46.9
1061,Nanipalson,CWC,24,Gujarat,462,Valsad,KAPRADA,-,-,Narmada,Narmada,Unch,-,-,Daman Ganga,20.20360472,73.28184278,17-07-1986 08:30,19.6
1062,Nanipalson,CWC,24,Gujarat,462,Valsad,KAPRADA,-,-,Narmada,Narmada,Unch,-,-,Daman Ganga,20.20360472,73.28184278,18-07-1986 08:30,105.8
1063,Nanipalson,CWC,24,Gujarat,462,Valsad,KAPRADA,-,-,Narmada,Narmada,Unch,-,-,Daman Ganga,20.20360472,73.28184278,19-07-1986 08:30,193.6
1064,Nanipalson,CWC,24,Gujarat,462,Valsad,KAPRADA,-,-,Narmada,Narmada,Unch,-,-,Daman Ganga,20.20360472,73.28184278,20-07-1986 08:30,56.2
1065,Nanipalson,CWC,24,Gujarat,462,Valsad,KAPRADA,-,-,Narmada,Narmada,Unch,-,-,Daman Ganga,20.20360472,73.28184278,21-07-1986 08:30,59.2
1066,Nanipalson,CWC,24,Gujarat,462,Valsad,KAPRADA,-,-,Narmada,Narmada,Unch,-,-,Daman Ganga,20.20360472,73.28184278,22-07-1986 08:30,32.4
1067,Nanipalson,CWC,24,Gujarat,462,Valsad,KAPRADA,-,-,Narmada,Narmada,Unch,-,-,Daman Ganga,20.20360472,73.28184278,23-07-1986 08:30,18.4
1068,Nanipalson,CWC,24,Gujarat,462,Valsad,KAPRADA,-,-,Narmada,Narmada,Unch,-,-,Daman Ganga,20.20360472,73.28184278,24-07-1986 08:30,15.2
1069,Nanipalson,CWC,24,Gujarat,462,Valsad,KAPRADA,-,-,Narmada,Narmada,Unch,-,-,Daman Ganga,20.20360472,73.28184278,25-07-1986 08:30,19.5
1070,Nanipalson,CWC,24,Gujarat,462,Valsad,KAPRADA,-,-,Narmada,Narmada,Unch,-,-,Daman Ganga,20.20360472,73.28184278,26-07-1986 08:30,13.5
1071,Nanipalson,CWC,24,Gujarat,462,Valsad,KAPRADA,-,-,Narmada,Narmada,Unch,-,-,Daman Ganga,20.20360472,73.28184278,27-07-1986 08:30,2.5
1072,Nanipalson,CWC,24,Gujarat,462,Valsad,KAPRADA,-,-,Narmada,Narmada,Unch,-,-,Daman Ganga,20.20360472,73.28184278,28-07-1986 08:30,24.7
1073,Nanipalson,CWC,24,Gujarat,462,Valsad,KAPRADA,-,-,Narmada,Narmada,Unch,-,-,Daman Ganga,20.20360472,73.28184278,29-07-1986 08:30,42.7
1074,Nanipalson,CWC,24,Gujarat,462,Valsad,KAPRADA,-,-,Narmada,Narmada,Unch,-,-,Daman Ganga,20.20360472,73.28184278,30-07-1986 08:30,17.8
1075,Nanipalson,CWC,24,Gujarat,462,Valsad,KAPRADA,-,-,Narmada,Narmada,Unch,-,-,Daman Ganga,20.20360472,73.28184278,31-07-1986 08:30,10.5
1076,Nanipalson,CWC,24,Gujarat,462,Valsad,KAPRADA,-,-,Narmada,Narmada,Unch,-,-,Daman Ganga,20.20360472,73.28184278,01-08-1986 08:30,3.8
1077,Nanipalson,CWC,24,Gujarat,462,Valsad,KAPRADA,-,-,Narmada,Narmada,Unch,-,-,Daman Ganga,20.20360472,73.28184278,02-08-1986 08:30,3.1
1078,Nanipalson,CWC,24,Gujarat,462,Valsad,KAPRADA,-,-,Narmada,Narmada,Unch,-,-,Daman Ganga,20.20360472,73.28184278,03-08-1986 08:30,1.3
1079,Nanipalson,CWC,24,Gujarat,462,Valsad,KAPRADA,-,-,Narmada,Narmada,Unch,-,-,Daman Ganga,20.20360472,73.28184278,04-08-1986 08:30,19.8
1080,Nanipalson,CWC,24,Gujarat,462,Valsad,KAPRADA,-,-,Narmada,Narmada,Unch,-,-,Daman Ganga,20.20360472,73.28184278,05-08-1986 08:30,13.4
1081,Nanipalson,CWC,24,Gujarat,462,Valsad,KAPRADA,-,-,Narmada,Narmada,Unch,-,-,Daman Ganga,20.20360472,73.28184278,06-08-1986 08:30,10.6
1082,Nanipalson,CWC,24,Gujarat,462,Valsad,KAPRADA,-,-,Narmada,Narmada,Unch,-,-,Daman Ganga,20.20360472,73.28184278,07-08-1986 08:30,34.8
1083,Nanipalson,CWC,24,Gujarat,462,Valsad,KAPRADA,-,-,Narmada,Narmada,Unch,-,-,Daman Ganga,20.20360472,73.28184278,08-08-1986 08:30,22.2
1084,Nanipalson,CWC,24,Gujarat,462,Valsad,KAPRADA,-,-,Narmada,Narmada,Unch,-,-,Daman Ganga,20.20360472,73.28184278,09-08-1986 08:30,26.5
1085,Nanipalson,CWC,24,Gujarat,462,Valsad,KAPRADA,-,-,Narmada,Narmada,Unch,-,-,Daman Ganga,20.20360472,73.28184278,10-08-1986 08:30,28.8
1086,Nanipalson,CWC,24,Gujarat,462,Valsad,KAPRADA,-,-,Narmada,Narmada,Unch,-,-,Daman Ganga,20.20360472,73.28184278,11-08-1986 08:30,19.2
1087,Nanipalson,CWC,24,Gujarat,462,Valsad,KAPRADA,-,-,Narmada,Narmada,Unch,-,-,Daman Ganga,20.20360472,73.28184278,12-08-1986 08:30,39.8
1088,Nanipalson,CWC,24,Gujarat,462,Valsad,KAPRADA,-,-,Narmada,Narmada,Unch,-,-,Daman Ganga,20.20360472,73.28184278,13-08-1986 08:30,9.5
1089,Nanipalson,CWC,24,Gujarat,462,Valsad,KAPRADA,-,-,Narmada,Narmada,Unch,-,-,Daman Ganga,20.20360472,73.28184278,14-08-1986 08:30,7
1090,Nanipalson,CWC,24,Gujarat,462,Valsad,KAPRADA,-,-,Narmada,Narmada,Unch,-,-,Daman Ganga,20.20360472,73.28184278,15-08-1986 08:30,21.2
1091,Nanipalson,CWC,24,Gujarat,462,Valsad,KAPRADA,-,-,Narmada,Narmada,Unch,-,-,Daman Ganga,20.20360472,73.28184278,16-08-1986 08:30,22.5
1092,Nanipalson,CWC,24,Gujarat,462,Valsad,KAPRADA,-,-,Narmada,Narmada,Unch,-,-,Daman Ganga,20.20360472,73.28184278,17-08-1986 08:30,13.1
1093,Nanipalson,CWC,24,Gujarat,462,Valsad,KAPRADA,-,-,Narmada,Narmada,Unch,-,-,Daman Ganga,20.20360472,73.28184278,18-08-1986 08:30,33.9
1094,Nanipalson,CWC,24,Gujarat,462,Valsad,KAPRADA,-,-,Narmada,Narmada,Unch,-,-,Daman Ganga,20.20360472,73.28184278,19-08-1986 08:30,17.3
1095,Nanipalson,CWC,24,Gujarat,462,Valsad,KAPRADA,-,-,Narmada,Narmada,Unch,-,-,Daman Ganga,20.20360472,73.28184278,20-08-1986 08:30,7.1
1096,Nanipalson,CWC,24,Gujarat,462,Valsad,KAPRADA,-,-,Narmada,Narmada,Unch,-,-,Daman Ganga,20.20360472,73.28184278,21-08-1986 08:30,15.2
1097,Nanipalson,CWC,24,Gujarat,462,Valsad,KAPRADA,-,-,Narmada,Narmada,Unch,-,-,Daman Ganga,20.20360472,73.28184278,22-08-1986 08:30,8
1098,Nanipalson,CWC,24,Gujarat,462,Valsad,KAPRADA,-,-,Narmada,Narmada,Unch,-,-,Daman Ganga,20.20360472,73.28184278,23-08-1986 08:30,2.9
1099,Nanipalson,CWC,24,Gujarat,462,Valsad,KAPRADA,-,-,Narmada,Narmada,Unch,-,-,Daman Ganga,20.20360472,73.28184278,24-08-1986 08:30,1.2
1100,Nanipalson,CWC,24,Gujarat,462,Valsad,KAPRADA,-,-,Narmada,Narmada,Unch,-,-,Daman Ganga,20.20360472,73.28184278,25-08-1986 08:30,1.6
1101,Nanipalson,CWC,24,Gujarat,462,Valsad,KAPRADA,-,-,Narmada,Narmada,Unch,-,-,Daman Ganga,20.20360472,73.28184278,26-08-1986 08:30,0.3
1102,Nanipalson,CWC,24,Gujarat,462,Valsad,KAPRADA,-,-,Narmada,Narmada,Unch,-,-,Daman Ganga,20.20360472,73.28184278,27-08-1986 08:30,1.1
1103,Nanipalson,CWC,24,Gujarat,462,Valsad,KAPRADA,-,-,Narmada,Narmada,Unch,-,-,Daman Ganga,20.20360472,73.28184278,28-08-1986 08:30,9.1
1104,Nanipalson,CWC,24,Gujarat,462,Valsad,KAPRADA,-,-,Narmada,Narmada,Unch,-,-,Daman Ganga,20.20360472,73.28184278,29-08-1986 08:30,5.7
1105,Nanipalson,CWC,24,Gujarat,462,Valsad,KAPRADA,-,-,Narmada,Narmada,Unch,-,-,Daman Ganga,20.20360472,73.28184278,04-09-1986 08:30,0.5
1106,Nanipalson,CWC,24,Gujarat,462,Valsad,KAPRADA,-,-,Narmada,Narmada,Unch,-,-,Daman Ganga,20.20360472,73.28184278,05-09-1986 08:30,15.7
1107,Nanipalson,CWC,24,Gujarat,462,Valsad,KAPRADA,-,-,Narmada,Narmada,Unch,-,-,Daman Ganga,20.20360472,73.28184278,06-09-1986 08:30,0.7
1108,Nanipalson,CWC,24,Gujarat,462,Valsad,KAPRADA,-,-,Narmada,Narmada,Unch,-,-,Daman Ganga,20.20360472,73.28184278,07-09-1986 08:30,26.8
1109,Nanipalson,CWC,24,Gujarat,462,Valsad,KAPRADA,-,-,Narmada,Narmada,Unch,-,-,Daman Ganga,20.20360472,73.28184278,09-09-1986 08:30,0.2
1110,Nanipalson,CWC,24,Gujarat,462,Valsad,KAPRADA,-,-,Narmada,Narmada,Unch,-,-,Daman Ganga,20.20360472,73.28184278,19-09-1986 08:30,0.2
1111,Nanipalson,CWC,24,Gujarat,462,Valsad,KAPRADA,-,-,Narmada,Narmada,Unch,-,-,Daman Ganga,20.20360472,73.28184278,23-09-1986 08:30,3.6
1112,Nanipalson,CWC,24,Gujarat,462,Valsad,KAPRADA,-,-,Narmada,Narmada,Unch,-,-,Daman Ganga,20.20360472,73.28184278,26-12-1986 08:30,34.2
1113,Nanipalson,CWC,24,Gujarat,462,Valsad,KAPRADA,-,-,Narmada,Narmada,Unch,-,-,Daman Ganga,20.20360472,73.28184278,27-12-1986 08:30,17.5
1114,Nanipalson,CWC,24,Gujarat,462,Valsad,KAPRADA,-,-,Narmada,Narmada,Unch,-,-,Daman Ganga,20.20360472,73.28184278,15-05-1987 08:30,0.2
1115,Nanipalson,CWC,24,Gujarat,462,Valsad,KAPRADA,-,-,Narmada,Narmada,Unch,-,-,Daman Ganga,20.20360472,73.28184278,06-06-1987 08:30,24.2
1116,Nanipalson,CWC,24,Gujarat,462,Valsad,KAPRADA,-,-,Narmada,Narmada,Unch,-,-,Daman Ganga,20.20360472,73.28184278,09-06-1987 08:30,1
1117,Nanipalson,CWC,24,Gujarat,462,Valsad,KAPRADA,-,-,Narmada,Narmada,Unch,-,-,Daman Ganga,20.20360472,73.28184278,10-06-1987 08:30,3.1
1118,Nanipalson,CWC,24,Gujarat,462,Valsad,KAPRADA,-,-,Narmada,Narmada,Unch,-,-,Daman Ganga,20.20360472,73.28184278,11-06-1987 08:30,16.7
1119,Nanipalson,CWC,24,Gujarat,462,Valsad,KAPRADA,-,-,Narmada,Narmada,Unch,-,-,Daman Ganga,20.20360472,73.28184278,13-06-1987 08:30,13.6
1120,Nanipalson,CWC,24,Gujarat,462,Valsad,KAPRADA,-,-,Narmada,Narmada,Unch,-,-,Daman Ganga,20.20360472,73.28184278,14-06-1987 08:30,1.5
1121,Nanipalson,CWC,24,Gujarat,462,Valsad,KAPRADA,-,-,Narmada,Narmada,Unch,-,-,Daman Ganga,20.20360472,73.28184278,15-06-1987 08:30,1.5
1122,Nanipalson,CWC,24,Gujarat,462,Valsad,KAPRADA,-,-,Narmada,Narmada,Unch,-,-,Daman Ganga,20.20360472,73.28184278,16-06-1987 08:30,1.4
1123,Nanipalson,CWC,24,Gujarat,462,Valsad,KAPRADA,-,-,Narmada,Narmada,Unch,-,-,Daman Ganga,20.20360472,73.28184278,17-06-1987 08:30,9.7
1124,Nanipalson,CWC,24,Gujarat,462,Valsad,KAPRADA,-,-,Narmada,Narmada,Unch,-,-,Daman Ganga,20.20360472,73.28184278,25-06-1987 08:30,0.2
1125,Nanipalson,CWC,24,Gujarat,462,Valsad,KAPRADA,-,-,Narmada,Narmada,Unch,-,-,Daman Ganga,20.20360472,73.28184278,26-06-1987 08:30,30.6
1126,Nanipalson,CWC,24,Gujarat,462,Valsad,KAPRADA,-,-,Narmada,Narmada,Unch,-,-,Daman Ganga,20.20360472,73.28184278,29-06-1987 08:30,43.3
1127,Nanipalson,CWC,24,Gujarat,462,Valsad,KAPRADA,-,-,Narmada,Narmada,Unch,-,-,Daman Ganga,20.20360472,73.28184278,30-06-1987 08:30,22.6
1128,Nanipalson,CWC,24,Gujarat,462,Valsad,KAPRADA,-,-,Narmada,Narmada,Unch,-,-,Daman Ganga,20.20360472,73.28184278,01-07-1987 08:30,41.3
1129,Nanipalson,CWC,24,Gujarat,462,Valsad,KAPRADA,-,-,Narmada,Narmada,Unch,-,-,Daman Ganga,20.20360472,73.28184278,02-07-1987 08:30,18.5
1130,Nanipalson,CWC,24,Gujarat,462,Valsad,KAPRADA,-,-,Narmada,Narmada,Unch,-,-,Daman Ganga,20.20360472,73.28184278,03-07-1987 08:30,13.3
1131,Nanipalson,CWC,24,Gujarat,462,Valsad,KAPRADA,-,-,Narmada,Narmada,Unch,-,-,Daman Ganga,20.20360472,73.28184278,04-07-1987 08:30,71.5
1132,Nanipalson,CWC,24,Gujarat,462,Valsad,KAPRADA,-,-,Narmada,Narmada,Unch,-,-,Daman Ganga,20.20360472,73.28184278,05-07-1987 08:30,5.2
1133,Nanipalson,CWC,24,Gujarat,462,Valsad,KAPRADA,-,-,Narmada,Narmada,Unch,-,-,Daman Ganga,20.20360472,73.28184278,06-07-1987 08:30,46.1
1134,Nanipalson,CWC,24,Gujarat,462,Valsad,KAPRADA,-,-,Narmada,Narmada,Unch,-,-,Daman Ganga,20.20360472,73.28184278,07-07-1987 08:30,260.4
1135,Nanipalson,CWC,24,Gujarat,462,Valsad,KAPRADA,-,-,Narmada,Narmada,Unch,-,-,Daman Ganga,20.20360472,73.28184278,08-07-1987 08:30,119.4
1136,Nanipalson,CWC,24,Gujarat,462,Valsad,KAPRADA,-,-,Narmada,Narmada,Unch,-,-,Daman Ganga,20.20360472,73.28184278,09-07-1987 08:30,4.9
1137,Nanipalson,CWC,24,Gujarat,462,Valsad,KAPRADA,-,-,Narmada,Narmada,Unch,-,-,Daman Ganga,20.20360472,73.28184278,10-07-1987 08:30,9.2
1138,Nanipalson,CWC,24,Gujarat,462,Valsad,KAPRADA,-,-,Narmada,Narmada,Unch,-,-,Daman Ganga,20.20360472,73.28184278,11-07-1987 08:30,1
1139,Nanipalson,CWC,24,Gujarat,462,Valsad,KAPRADA,-,-,Narmada,Narmada,Unch,-,-,Daman Ganga,20.20360472,73.28184278,12-07-1987 08:30,16
1140,Nanipalson,CWC,24,Gujarat,462,Valsad,KAPRADA,-,-,Narmada,Narmada,Unch,-,-,Daman Ganga,20.20360472,73.28184278,13-07-1987 08:30,29.3
1141,Nanipalson,CWC,24,Gujarat,462,Valsad,KAPRADA,-,-,Narmada,Narmada,Unch,-,-,Daman Ganga,20.20360472,73.28184278,14-07-1987 08:30,8.8
1142,Nanipalson,CWC,24,Gujarat,462,Valsad,KAPRADA,-,-,Narmada,Narmada,Unch,-,-,Daman Ganga,20.20360472,73.28184278,15-07-1987 08:30,27.9
1143,Nanipalson,CWC,24,Gujarat,462,Valsad,KAPRADA,-,-,Narmada,Narmada,Unch,-,-,Daman Ganga,20.20360472,73.28184278,16-07-1987 08:30,8.9
1144,Nanipalson,CWC,24,Gujarat,462,Valsad,KAPRADA,-,-,Narmada,Narmada,Unch,-,-,Daman Ganga,20.20360472,73.28184278,17-07-1987 08:30,0.5
1145,Nanipalson,CWC,24,Gujarat,462,Valsad,KAPRADA,-,-,Narmada,Narmada,Unch,-,-,Daman Ganga,20.20360472,73.28184278,18-07-1987 08:30,7.4
1146,Nanipalson,CWC,24,Gujarat,462,Valsad,KAPRADA,-,-,Narmada,Narmada,Unch,-,-,Daman Ganga,20.20360472,73.28184278,19-07-1987 08:30,6.4
1147,Nanipalson,CWC,24,Gujarat,462,Valsad,KAPRADA,-,-,Narmada,Narmada,Unch,-,-,Daman Ganga,20.20360472,73.28184278,20-07-1987 08:30,0.6
1148,Nanipalson,CWC,24,Gujarat,462,Valsad,KAPRADA,-,-,Narmada,Narmada,Unch,-,-,Daman Ganga,20.20360472,73.28184278,22-07-1987 08:30,3.3
1149,Nanipalson,CWC,24,Gujarat,462,Valsad,KAPRADA,-,-,Narmada,Narmada,Unch,-,-,Daman Ganga,20.20360472,73.28184278,23-07-1987 08:30,9.6
1150,Nanipalson,CWC,24,Gujarat,462,Valsad,KAPRADA,-,-,Narmada,Narmada,Unch,-,-,Daman Ganga,20.20360472,73.28184278,24-07-1987 08:30,10.1
1151,Nanipalson,CWC,24,Gujarat,462,Valsad,KAPRADA,-,-,Narmada,Narmada,Unch,-,-,Daman Ganga,20.20360472,73.28184278,25-07-1987 08:30,9.7
1152,Nanipalson,CWC,24,Gujarat,462,Valsad,KAPRADA,-,-,Narmada,Narmada,Unch,-,-,Daman Ganga,20.20360472,73.28184278,26-07-1987 08:30,17.1
1153,Nanipalson,CWC,24,Gujarat,462,Valsad,KAPRADA,-,-,Narmada,Narmada,Unch,-,-,Daman Ganga,20.20360472,73.28184278,27-07-1987 08:30,35.8
1154,Nanipalson,CWC,24,Gujarat,462,Valsad,KAPRADA,-,-,Narmada,Narmada,Unch,-,-,Daman Ganga,20.20360472,73.28184278,28-07-1987 08:30,7.3
1155,Nanipalson,CWC,24,Gujarat,462,Valsad,KAPRADA,-,-,Narmada,Narmada,Unch,-,-,Daman Ganga,20.20360472,73.28184278,29-07-1987 08:30,5.5
1156,Nanipalson,CWC,24,Gujarat,462,Valsad,KAPRADA,-,-,Narmada,Narmada,Unch,-,-,Daman Ganga,20.20360472,73.28184278,30-07-1987 08:30,6.2
1157,Nanipalson,CWC,24,Gujarat,462,Valsad,KAPRADA,-,-,Narmada,Narmada,Unch,-,-,Daman Ganga,20.20360472,73.28184278,31-07-1987 08:30,9.6
1158,Nanipalson,CWC,24,Gujarat,462,Valsad,KAPRADA,-,-,Narmada,Narmada,Unch,-,-,Daman Ganga,20.20360472,73.28184278,01-08-1987 08:30,22.1
1159,Nanipalson,CWC,24,Gujarat,462,Valsad,KAPRADA,-,-,Narmada,Narmada,Unch,-,-,Daman Ganga,20.20360472,73.28184278,03-08-1987 08:30,2.5
1160,Nanipalson,CWC,24,Gujarat,462,Valsad,KAPRADA,-,-,Narmada,Narmada,Unch,-,-,Daman Ganga,20.20360472,73.28184278,04-08-1987 08:30,0.2
1161,Nanipalson,CWC,24,Gujarat,462,Valsad,KAPRADA,-,-,Narmada,Narmada,Unch,-,-,Daman Ganga,20.20360472,73.28184278,05-08-1987 08:30,0.2
1162,Nanipalson,CWC,24,Gujarat,462,Valsad,KAPRADA,-,-,Narmada,Narmada,Unch,-,-,Daman Ganga,20.20360472,73.28184278,06-08-1987 08:30,6.3
1163,Nanipalson,CWC,24,Gujarat,462,Valsad,KAPRADA,-,-,Narmada,Narmada,Unch,-,-,Daman Ganga,20.20360472,73.28184278,07-08-1987 08:30,26.6
1164,Nanipalson,CWC,24,Gujarat,462,Valsad,KAPRADA,-,-,Narmada,Narmada,Unch,-,-,Daman Ganga,20.20360472,73.28184278,08-08-1987 08:30,10.4
1165,Nanipalson,CWC,24,Gujarat,462,Valsad,KAPRADA,-,-,Narmada,Narmada,Unch,-,-,Daman Ganga,20.20360472,73.28184278,09-08-1987 08:30,0.2
1166,Nanipalson,CWC,24,Gujarat,462,Valsad,KAPRADA,-,-,Narmada,Narmada,Unch,-,-,Daman Ganga,20.20360472,73.28184278,10-08-1987 08:30,14.4
1167,Nanipalson,CWC,24,Gujarat,462,Valsad,KAPRADA,-,-,Narmada,Narmada,Unch,-,-,Daman Ganga,20.20360472,73.28184278,11-08-1987 08:30,10.7
1168,Nanipalson,CWC,24,Gujarat,462,Valsad,KAPRADA,-,-,Narmada,Narmada,Unch,-,-,Daman Ganga,20.20360472,73.28184278,12-08-1987 08:30,36.8
1169,Nanipalson,CWC,24,Gujarat,462,Valsad,KAPRADA,-,-,Narmada,Narmada,Unch,-,-,Daman Ganga,20.20360472,73.28184278,13-08-1987 08:30,12.8
1170,Nanipalson,CWC,24,Gujarat,462,Valsad,KAPRADA,-,-,Narmada,Narmada,Unch,-,-,Daman Ganga,20.20360472,73.28184278,14-08-1987 08:30,20.9
1171,Nanipalson,CWC,24,Gujarat,462,Valsad,KAPRADA,-,-,Narmada,Narmada,Unch,-,-,Daman Ganga,20.20360472,73.28184278,15-08-1987 08:30,18.9
1172,Nanipalson,CWC,24,Gujarat,462,Valsad,KAPRADA,-,-,Narmada,Narmada,Unch,-,-,Daman Ganga,20.20360472,73.28184278,16-08-1987 08:30,16.2
1173,Nanipalson,CWC,24,Gujarat,462,Valsad,KAPRADA,-,-,Narmada,Narmada,Unch,-,-,Daman Ganga,20.20360472,73.28184278,17-08-1987 08:30,18.9
1174,Nanipalson,CWC,24,Gujarat,462,Valsad,KAPRADA,-,-,Narmada,Narmada,Unch,-,-,Daman Ganga,20.20360472,73.28184278,18-08-1987 08:30,2.3
1175,Nanipalson,CWC,24,Gujarat,462,Valsad,KAPRADA,-,-,Narmada,Narmada,Unch,-,-,Daman Ganga,20.20360472,73.28184278,19-08-1987 08:30,5.3
1176,Nanipalson,CWC,24,Gujarat,462,Valsad,KAPRADA,-,-,Narmada,Narmada,Unch,-,-,Daman Ganga,20.20360472,73.28184278,20-08-1987 08:30,49.3
1177,Nanipalson,CWC,24,Gujarat,462,Valsad,KAPRADA,-,-,Narmada,Narmada,Unch,-,-,Daman Ganga,20.20360472,73.28184278,21-08-1987 08:30,92.4
1178,Nanipalson,CWC,24,Gujarat,462,Valsad,KAPRADA,-,-,Narmada,Narmada,Unch,-,-,Daman Ganga,20.20360472,73.28184278,22-08-1987 08:30,19.2
1179,Nanipalson,CWC,24,Gujarat,462,Valsad,KAPRADA,-,-,Narmada,Narmada,Unch,-,-,Daman Ganga,20.20360472,73.28184278,23-08-1987 08:30,1
1180,Nanipalson,CWC,24,Gujarat,462,Valsad,KAPRADA,-,-,Narmada,Narmada,Unch,-,-,Daman Ganga,20.20360472,73.28184278,24-08-1987 08:30,11.7
1181,Nanipalson,CWC,24,Gujarat,462,Valsad,KAPRADA,-,-,Narmada,Narmada,Unch,-,-,Daman Ganga,20.20360472,73.28184278,25-08-1987 08:30,59.5
1182,Nanipalson,CWC,24,Gujarat,462,Valsad,KAPRADA,-,-,Narmada,Narmada,Unch,-,-,Daman Ganga,20.20360472,73.28184278,26-08-1987 08:30,131
1183,Nanipalson,CWC,24,Gujarat,462,Valsad,KAPRADA,-,-,Narmada,Narmada,Unch,-,-,Daman Ganga,20.20360472,73.28184278,27-08-1987 08:30,3.4
1184,Nanipalson,CWC,24,Gujarat,462,Valsad,KAPRADA,-,-,Narmada,Narmada,Unch,-,-,Daman Ganga,20.20360472,73.28184278,28-08-1987 08:30,0.1
1185,Nanipalson,CWC,24,Gujarat,462,Valsad,KAPRADA,-,-,Narmada,Narmada,Unch,-,-,Daman Ganga,20.20360472,73.28184278,29-08-1987 08:30,0.1
1186,Nanipalson,CWC,24,Gujarat,462,Valsad,KAPRADA,-,-,Narmada,Narmada,Unch,-,-,Daman Ganga,20.20360472,73.28184278,30-08-1987 08:30,6.9
1187,Nanipalson,CWC,24,Gujarat,462,Valsad,KAPRADA,-,-,Narmada,Narmada,Unch,-,-,Daman Ganga,20.20360472,73.28184278,31-08-1987 08:30,2.5
1188,Nanipalson,CWC,24,Gujarat,462,Valsad,KAPRADA,-,-,Narmada,Narmada,Unch,-,-,Daman Ganga,20.20360472,73.28184278,01-09-1987 08:30,12.1
1189,Nanipalson,CWC,24,Gujarat,462,Valsad,KAPRADA,-,-,Narmada,Narmada,Unch,-,-,Daman Ganga,20.20360472,73.28184278,02-09-1987 08:30,9
1190,Nanipalson,CWC,24,Gujarat,462,Valsad,KAPRADA,-,-,Narmada,Narmada,Unch,-,-,Daman Ganga,20.20360472,73.28184278,03-09-1987 08:30,1.4
1191,Nanipalson,CWC,24,Gujarat,462,Valsad,KAPRADA,-,-,Narmada,Narmada,Unch,-,-,Daman Ganga,20.20360472,73.28184278,04-09-1987 08:30,0.2
1192,Nanipalson,CWC,24,Gujarat,462,Valsad,KAPRADA,-,-,Narmada,Narmada,Unch,-,-,Daman Ganga,20.20360472,73.28184278,05-09-1987 08:30,1.6
1193,Nanipalson,CWC,24,Gujarat,462,Valsad,KAPRADA,-,-,Narmada,Narmada,Unch,-,-,Daman Ganga,20.20360472,73.28184278,06-09-1987 08:30,0.8
1194,Nanipalson,CWC,24,Gujarat,462,Valsad,KAPRADA,-,-,Narmada,Narmada,Unch,-,-,Daman Ganga,20.20360472,73.28184278,07-09-1987 08:30,0.8
1195,Nanipalson,CWC,24,Gujarat,462,Valsad,KAPRADA,-,-,Narmada,Narmada,Unch,-,-,Daman Ganga,20.20360472,73.28184278,08-09-1987 08:30,0.4
1196,Nanipalson,CWC,24,Gujarat,462,Valsad,KAPRADA,-,-,Narmada,Narmada,Unch,-,-,Daman Ganga,20.20360472,73.28184278,09-09-1987 08:30,12.4
1197,Nanipalson,CWC,24,Gujarat,462,Valsad,KAPRADA,-,-,Narmada,Narmada,Unch,-,-,Daman Ganga,20.20360472,73.28184278,10-09-1987 08:30,26.6
1198,Nanipalson,CWC,24,Gujarat,462,Valsad,KAPRADA,-,-,Narmada,Narmada,Unch,-,-,Daman Ganga,20.20360472,73.28184278,11-09-1987 08:30,6.5
1199,Nanipalson,CWC,24,Gujarat,462,Valsad,KAPRADA,-,-,Narmada,Narmada,Unch,-,-,Daman Ganga,20.20360472,73.28184278,12-09-1987 08:30,24.5
1200,Nanipalson,CWC,24,Gujarat,462,Valsad,KAPRADA,-,-,Narmada,Narmada,Unch,-,-,Daman Ganga,20.20360472,73.28184278,13-09-1987 08:30,3.2
1201,Nanipalson,CWC,24,Gujarat,462,Valsad,KAPRADA,-,-,Narmada,Narmada,Unch,-,-,Daman Ganga,20.20360472,73.28184278,01-10-1987 08:30,12.1
1202,Nanipalson,CWC,24,Gujarat,462,Valsad,KAPRADA,-,-,Narmada,Narmada,Unch,-,-,Daman Ganga,20.20360472,73.28184278,03-10-1987 08:30,10.8
1203,Nanipalson,CWC,24,Gujarat,462,Valsad,KAPRADA,-,-,Narmada,Narmada,Unch,-,-,Daman Ganga,20.20360472,73.28184278,04-10-1987 08:30,4.8
1204,Nanipalson,CWC,24,Gujarat,462,Valsad,KAPRADA,-,-,Narmada,Narmada,Unch,-,-,Daman Ganga,20.20360472,73.28184278,05-10-1987 08:30,0.8
1205,Nanipalson,CWC,24,Gujarat,462,Valsad,KAPRADA,-,-,Narmada,Narmada,Unch,-,-,Daman Ganga,20.20360472,73.28184278,07-10-1987 08:30,4
1206,Nanipalson,CWC,24,Gujarat,462,Valsad,KAPRADA,-,-,Narmada,Narmada,Unch,-,-,Daman Ganga,20.20360472,73.28184278,08-10-1987 08:30,4.6
1207,Nanipalson,CWC,24,Gujarat,462,Valsad,KAPRADA,-,-,Narmada,Narmada,Unch,-,-,Daman Ganga,20.20360472,73.28184278,18-10-1987 08:30,0.2
1208,Nanipalson,CWC,24,Gujarat,462,Valsad,KAPRADA,-,-,Narmada,Narmada,Unch,-,-,Daman Ganga,20.20360472,73.28184278,19-11-1987 08:30,39.8
1209,Nanipalson,CWC,24,Gujarat,462,Valsad,KAPRADA,-,-,Narmada,Narmada,Unch,-,-,Daman Ganga,20.20360472,73.28184278,20-11-1987 08:30,1.9
1210,Nanipalson,CWC,24,Gujarat,462,Valsad,KAPRADA,-,-,Narmada,Narmada,Unch,-,-,Daman Ganga,20.20360472,73.28184278,12-12-1987 08:30,11.3
1211,Nanipalson,CWC,24,Gujarat,462,Valsad,KAPRADA,-,-,Narmada,Narmada,Unch,-,-,Daman Ganga,20.20360472,73.28184278,13-12-1987 08:30,0.5
1212,Nanipalson,CWC,24,Gujarat,462,Valsad,KAPRADA,-,-,Narmada,Narmada,Unch,-,-,Daman Ganga,20.20360472,73.28184278,02-06-1988 08:30,1.2
1213,Nanipalson,CWC,24,Gujarat,462,Valsad,KAPRADA,-,-,Narmada,Narmada,Unch,-,-,Daman Ganga,20.20360472,73.28184278,09-06-1988 08:30,6
1214,Nanipalson,CWC,24,Gujarat,462,Valsad,KAPRADA,-,-,Narmada,Narmada,Unch,-,-,Daman Ganga,20.20360472,73.28184278,10-06-1988 08:30,3.4
1215,Nanipalson,CWC,24,Gujarat,462,Valsad,KAPRADA,-,-,Narmada,Narmada,Unch,-,-,Daman Ganga,20.20360472,73.28184278,12-06-1988 08:30,3.2
1216,Nanipalson,CWC,24,Gujarat,462,Valsad,KAPRADA,-,-,Narmada,Narmada,Unch,-,-,Daman Ganga,20.20360472,73.28184278,16-06-1988 08:30,5.6
1217,Nanipalson,CWC,24,Gujarat,462,Valsad,KAPRADA,-,-,Narmada,Narmada,Unch,-,-,Daman Ganga,20.20360472,73.28184278,17-06-1988 08:30,22
1218,Nanipalson,CWC,24,Gujarat,462,Valsad,KAPRADA,-,-,Narmada,Narmada,Unch,-,-,Daman Ganga,20.20360472,73.28184278,18-06-1988 08:30,22.2
1219,Nanipalson,CWC,24,Gujarat,462,Valsad,KAPRADA,-,-,Narmada,Narmada,Unch,-,-,Daman Ganga,20.20360472,73.28184278,20-06-1988 08:30,21
1220,Nanipalson,CWC,24,Gujarat,462,Valsad,KAPRADA,-,-,Narmada,Narmada,Unch,-,-,Daman Ganga,20.20360472,73.28184278,21-06-1988 08:30,0.8
1221,Nanipalson,CWC,24,Gujarat,462,Valsad,KAPRADA,-,-,Narmada,Narmada,Unch,-,-,Daman Ganga,20.20360472,73.28184278,23-06-1988 08:30,2
1222,Nanipalson,CWC,24,Gujarat,462,Valsad,KAPRADA,-,-,Narmada,Narmada,Unch,-,-,Daman Ganga,20.20360472,73.28184278,24-06-1988 08:30,11.2
1223,Nanipalson,CWC,24,Gujarat,462,Valsad,KAPRADA,-,-,Narmada,Narmada,Unch,-,-,Daman Ganga,20.20360472,73.28184278,25-06-1988 08:30,41.4
1224,Nanipalson,CWC,24,Gujarat,462,Valsad,KAPRADA,-,-,Narmada,Narmada,Unch,-,-,Daman Ganga,20.20360472,73.28184278,26-06-1988 08:30,1.9
1225,Nanipalson,CWC,24,Gujarat,462,Valsad,KAPRADA,-,-,Narmada,Narmada,Unch,-,-,Daman Ganga,20.20360472,73.28184278,27-06-1988 08:30,0.6
1226,Nanipalson,CWC,24,Gujarat,462,Valsad,KAPRADA,-,-,Narmada,Narmada,Unch,-,-,Daman Ganga,20.20360472,73.28184278,28-06-1988 08:30,1.4
1227,Nanipalson,CWC,24,Gujarat,462,Valsad,KAPRADA,-,-,Narmada,Narmada,Unch,-,-,Daman Ganga,20.20360472,73.28184278,29-06-1988 08:30,11
1228,Nanipalson,CWC,24,Gujarat,462,Valsad,KAPRADA,-,-,Narmada,Narmada,Unch,-,-,Daman Ganga,20.20360472,73.28184278,30-06-1988 08:30,0.9
1229,Nanipalson,CWC,24,Gujarat,462,Valsad,KAPRADA,-,-,Narmada,Narmada,Unch,-,-,Daman Ganga,20.20360472,73.28184278,02-07-1988 08:30,1.8
1230,Nanipalson,CWC,24,Gujarat,462,Valsad,KAPRADA,-,-,Narmada,Narmada,Unch,-,-,Daman Ganga,20.20360472,73.28184278,03-07-1988 08:30,1.2
1231,Nanipalson,CWC,24,Gujarat,462,Valsad,KAPRADA,-,-,Narmada,Narmada,Unch,-,-,Daman Ganga,20.20360472,73.28184278,04-07-1988 08:30,9.9
1232,Nanipalson,CWC,24,Gujarat,462,Valsad,KAPRADA,-,-,Narmada,Narmada,Unch,-,-,Daman Ganga,20.20360472,73.28184278,05-07-1988 08:30,57.3
1233,Nanipalson,CWC,24,Gujarat,462,Valsad,KAPRADA,-,-,Narmada,Narmada,Unch,-,-,Daman Ganga,20.20360472,73.28184278,06-07-1988 08:30,22.4
1234,Nanipalson,CWC,24,Gujarat,462,Valsad,KAPRADA,-,-,Narmada,Narmada,Unch,-,-,Daman Ganga,20.20360472,73.28184278,07-07-1988 08:30,45
1235,Nanipalson,CWC,24,Gujarat,462,Valsad,KAPRADA,-,-,Narmada,Narmada,Unch,-,-,Daman Ganga,20.20360472,73.28184278,08-07-1988 08:30,3
1236,Nanipalson,CWC,24,Gujarat,462,Valsad,KAPRADA,-,-,Narmada,Narmada,Unch,-,-,Daman Ganga,20.20360472,73.28184278,09-07-1988 08:30,12.1
1237,Nanipalson,CWC,24,Gujarat,462,Valsad,KAPRADA,-,-,Narmada,Narmada,Unch,-,-,Daman Ganga,20.20360472,73.28184278,10-07-1988 08:30,3.3
1238,Nanipalson,CWC,24,Gujarat,462,Valsad,KAPRADA,-,-,Narmada,Narmada,Unch,-,-,Daman Ganga,20.20360472,73.28184278,11-07-1988 08:30,9
1239,Nanipalson,CWC,24,Gujarat,462,Valsad,KAPRADA,-,-,Narmada,Narmada,Unch,-,-,Daman Ganga,20.20360472,73.28184278,12-07-1988 08:30,10.9
1240,Nanipalson,CWC,24,Gujarat,462,Valsad,KAPRADA,-,-,Narmada,Narmada,Unch,-,-,Daman Ganga,20.20360472,73.28184278,13-07-1988 08:30,81.9
1241,Nanipalson,CWC,24,Gujarat,462,Valsad,KAPRADA,-,-,Narmada,Narmada,Unch,-,-,Daman Ganga,20.20360472,73.28184278,14-07-1988 08:30,96.3
1242,Nanipalson,CWC,24,Gujarat,462,Valsad,KAPRADA,-,-,Narmada,Narmada,Unch,-,-,Daman Ganga,20.20360472,73.28184278,15-07-1988 08:30,89.7
1243,Nanipalson,CWC,24,Gujarat,462,Valsad,KAPRADA,-,-,Narmada,Narmada,Unch,-,-,Daman Ganga,20.20360472,73.28184278,16-07-1988 08:30,191.7
1244,Nanipalson,CWC,24,Gujarat,462,Valsad,KAPRADA,-,-,Narmada,Narmada,Unch,-,-,Daman Ganga,20.20360472,73.28184278,17-07-1988 08:30,147.6
1245,Nanipalson,CWC,24,Gujarat,462,Valsad,KAPRADA,-,-,Narmada,Narmada,Unch,-,-,Daman Ganga,20.20360472,73.28184278,18-07-1988 08:30,150.5
1246,Nanipalson,CWC,24,Gujarat,462,Valsad,KAPRADA,-,-,Narmada,Narmada,Unch,-,-,Daman Ganga,20.20360472,73.28184278,19-07-1988 08:30,15.7
1247,Nanipalson,CWC,24,Gujarat,462,Valsad,KAPRADA,-,-,Narmada,Narmada,Unch,-,-,Daman Ganga,20.20360472,73.28184278,20-07-1988 08:30,21.9
1248,Nanipalson,CWC,24,Gujarat,462,Valsad,KAPRADA,-,-,Narmada,Narmada,Unch,-,-,Daman Ganga,20.20360472,73.28184278,21-07-1988 08:30,37.4
1249,Nanipalson,CWC,24,Gujarat,462,Valsad,KAPRADA,-,-,Narmada,Narmada,Unch,-,-,Daman Ganga,20.20360472,73.28184278,22-07-1988 08:30,30.3
1250,Nanipalson,CWC,24,Gujarat,462,Valsad,KAPRADA,-,-,Narmada,Narmada,Unch,-,-,Daman Ganga,20.20360472,73.28184278,23-07-1988 08:30,7.5
1251,Nanipalson,CWC,24,Gujarat,462,Valsad,KAPRADA,-,-,Narmada,Narmada,Unch,-,-,Daman Ganga,20.20360472,73.28184278,24-07-1988 08:30,41.1
1252,Nanipalson,CWC,24,Gujarat,462,Valsad,KAPRADA,-,-,Narmada,Narmada,Unch,-,-,Daman Ganga,20.20360472,73.28184278,25-07-1988 08:30,38.3
1253,Nanipalson,CWC,24,Gujarat,462,Valsad,KAPRADA,-,-,Narmada,Narmada,Unch,-,-,Daman Ganga,20.20360472,73.28184278,26-07-1988 08:30,54
1254,Nanipalson,CWC,24,Gujarat,462,Valsad,KAPRADA,-,-,Narmada,Narmada,Unch,-,-,Daman Ganga,20.20360472,73.28184278,27-07-1988 08:30,141.3
1255,Nanipalson,CWC,24,Gujarat,462,Valsad,KAPRADA,-,-,Narmada,Narmada,Unch,-,-,Daman Ganga,20.20360472,73.28184278,28-07-1988 08:30,108.9
1256,Nanipalson,CWC,24,Gujarat,462,Valsad,KAPRADA,-,-,Narmada,Narmada,Unch,-,-,Daman Ganga,20.20360472,73.28184278,29-07-1988 08:30,11.6
1257,Nanipalson,CWC,24,Gujarat,462,Valsad,KAPRADA,-,-,Narmada,Narmada,Unch,-,-,Daman Ganga,20.20360472,73.28184278,30-07-1988 08:30,8.7
1258,Nanipalson,CWC,24,Gujarat,462,Valsad,KAPRADA,-,-,Narmada,Narmada,Unch,-,-,Daman Ganga,20.20360472,73.28184278,31-07-1988 08:30,9
1259,Nanipalson,CWC,24,Gujarat,462,Valsad,KAPRADA,-,-,Narmada,Narmada,Unch,-,-,Daman Ganga,20.20360472,73.28184278,01-08-1988 08:30,42.9
1260,Nanipalson,CWC,24,Gujarat,462,Valsad,KAPRADA,-,-,Narmada,Narmada,Unch,-,-,Daman Ganga,20.20360472,73.28184278,02-08-1988 08:30,69.3
1261,Nanipalson,CWC,24,Gujarat,462,Valsad,KAPRADA,-,-,Narmada,Narmada,Unch,-,-,Daman Ganga,20.20360472,73.28184278,03-08-1988 08:30,10.5
1262,Nanipalson,CWC,24,Gujarat,462,Valsad,KAPRADA,-,-,Narmada,Narmada,Unch,-,-,Daman Ganga,20.20360472,73.28184278,04-08-1988 08:30,1.7
1263,Nanipalson,CWC,24,Gujarat,462,Valsad,KAPRADA,-,-,Narmada,Narmada,Unch,-,-,Daman Ganga,20.20360472,73.28184278,05-08-1988 08:30,9.2
1264,Nanipalson,CWC,24,Gujarat,462,Valsad,KAPRADA,-,-,Narmada,Narmada,Unch,-,-,Daman Ganga,20.20360472,73.28184278,06-08-1988 08:30,15.9
1265,Nanipalson,CWC,24,Gujarat,462,Valsad,KAPRADA,-,-,Narmada,Narmada,Unch,-,-,Daman Ganga,20.20360472,73.28184278,07-08-1988 08:30,5.5
1266,Nanipalson,CWC,24,Gujarat,462,Valsad,KAPRADA,-,-,Narmada,Narmada,Unch,-,-,Daman Ganga,20.20360472,73.28184278,08-08-1988 08:30,3.9
1267,Nanipalson,CWC,24,Gujarat,462,Valsad,KAPRADA,-,-,Narmada,Narmada,Unch,-,-,Daman Ganga,20.20360472,73.28184278,09-08-1988 08:30,5.7
1268,Nanipalson,CWC,24,Gujarat,462,Valsad,KAPRADA,-,-,Narmada,Narmada,Unch,-,-,Daman Ganga,20.20360472,73.28184278,10-08-1988 08:30,10.7
1269,Nanipalson,CWC,24,Gujarat,462,Valsad,KAPRADA,-,-,Narmada,Narmada,Unch,-,-,Daman Ganga,20.20360472,73.28184278,11-08-1988 08:30,20.2
1270,Nanipalson,CWC,24,Gujarat,462,Valsad,KAPRADA,-,-,Narmada,Narmada,Unch,-,-,Daman Ganga,20.20360472,73.28184278,12-08-1988 08:30,6
1271,Nanipalson,CWC,24,Gujarat,462,Valsad,KAPRADA,-,-,Narmada,Narmada,Unch,-,-,Daman Ganga,20.20360472,73.28184278,13-08-1988 08:30,2.6
1272,Nanipalson,CWC,24,Gujarat,462,Valsad,KAPRADA,-,-,Narmada,Narmada,Unch,-,-,Daman Ganga,20.20360472,73.28184278,14-08-1988 08:30,5
1273,Nanipalson,CWC,24,Gujarat,462,Valsad,KAPRADA,-,-,Narmada,Narmada,Unch,-,-,Daman Ganga,20.20360472,73.28184278,15-08-1988 08:30,0.8
1274,Nanipalson,CWC,24,Gujarat,462,Valsad,KAPRADA,-,-,Narmada,Narmada,Unch,-,-,Daman Ganga,20.20360472,73.28184278,16-08-1988 08:30,3.4
1275,Nanipalson,CWC,24,Gujarat,462,Valsad,KAPRADA,-,-,Narmada,Narmada,Unch,-,-,Daman Ganga,20.20360472,73.28184278,17-08-1988 08:30,2.3
1276,Nanipalson,CWC,24,Gujarat,462,Valsad,KAPRADA,-,-,Narmada,Narmada,Unch,-,-,Daman Ganga,20.20360472,73.28184278,18-08-1988 08:30,22.9
1277,Nanipalson,CWC,24,Gujarat,462,Valsad,KAPRADA,-,-,Narmada,Narmada,Unch,-,-,Daman Ganga,20.20360472,73.28184278,19-08-1988 08:30,43.7
1278,Nanipalson,CWC,24,Gujarat,462,Valsad,KAPRADA,-,-,Narmada,Narmada,Unch,-,-,Daman Ganga,20.20360472,73.28184278,20-08-1988 08:30,18
1279,Nanipalson,CWC,24,Gujarat,462,Valsad,KAPRADA,-,-,Narmada,Narmada,Unch,-,-,Daman Ganga,20.20360472,73.28184278,21-08-1988 08:30,20.1
1280,Nanipalson,CWC,24,Gujarat,462,Valsad,KAPRADA,-,-,Narmada,Narmada,Unch,-,-,Daman Ganga,20.20360472,73.28184278,22-08-1988 08:30,44.5
1281,Nanipalson,CWC,24,Gujarat,462,Valsad,KAPRADA,-,-,Narmada,Narmada,Unch,-,-,Daman Ganga,20.20360472,73.28184278,23-08-1988 08:30,27.9
1282,Nanipalson,CWC,24,Gujarat,462,Valsad,KAPRADA,-,-,Narmada,Narmada,Unch,-,-,Daman Ganga,20.20360472,73.28184278,24-08-1988 08:30,37.7
1283,Nanipalson,CWC,24,Gujarat,462,Valsad,KAPRADA,-,-,Narmada,Narmada,Unch,-,-,Daman Ganga,20.20360472,73.28184278,25-08-1988 08:30,21
1284,Nanipalson,CWC,24,Gujarat,462,Valsad,KAPRADA,-,-,Narmada,Narmada,Unch,-,-,Daman Ganga,20.20360472,73.28184278,26-08-1988 08:30,4
1285,Nanipalson,CWC,24,Gujarat,462,Valsad,KAPRADA,-,-,Narmada,Narmada,Unch,-,-,Daman Ganga,20.20360472,73.28184278,29-08-1988 08:30,2.7
1286,Nanipalson,CWC,24,Gujarat,462,Valsad,KAPRADA,-,-,Narmada,Narmada,Unch,-,-,Daman Ganga,20.20360472,73.28184278,30-08-1988 08:30,18.9
1287,Nanipalson,CWC,24,Gujarat,462,Valsad,KAPRADA,-,-,Narmada,Narmada,Unch,-,-,Daman Ganga,20.20360472,73.28184278,31-08-1988 08:30,3.4
1288,Nanipalson,CWC,24,Gujarat,462,Valsad,KAPRADA,-,-,Narmada,Narmada,Unch,-,-,Daman Ganga,20.20360472,73.28184278,01-09-1988 08:30,22
1289,Nanipalson,CWC,24,Gujarat,462,Valsad,KAPRADA,-,-,Narmada,Narmada,Unch,-,-,Daman Ganga,20.20360472,73.28184278,02-09-1988 08:30,0.6
1290,Nanipalson,CWC,24,Gujarat,462,Valsad,KAPRADA,-,-,Narmada,Narmada,Unch,-,-,Daman Ganga,20.20360472,73.28184278,03-09-1988 08:30,32
1291,Nanipalson,CWC,24,Gujarat,462,Valsad,KAPRADA,-,-,Narmada,Narmada,Unch,-,-,Daman Ganga,20.20360472,73.28184278,04-09-1988 08:30,1.7
1292,Nanipalson,CWC,24,Gujarat,462,Valsad,KAPRADA,-,-,Narmada,Narmada,Unch,-,-,Daman Ganga,20.20360472,73.28184278,05-09-1988 08:30,0.8
1293,Nanipalson,CWC,24,Gujarat,462,Valsad,KAPRADA,-,-,Narmada,Narmada,Unch,-,-,Daman Ganga,20.20360472,73.28184278,07-09-1988 08:30,3.2
1294,Nanipalson,CWC,24,Gujarat,462,Valsad,KAPRADA,-,-,Narmada,Narmada,Unch,-,-,Daman Ganga,20.20360472,73.28184278,08-09-1988 08:30,28.2
1295,Nanipalson,CWC,24,Gujarat,462,Valsad,KAPRADA,-,-,Narmada,Narmada,Unch,-,-,Daman Ganga,20.20360472,73.28184278,09-09-1988 08:30,20.3
1296,Nanipalson,CWC,24,Gujarat,462,Valsad,KAPRADA,-,-,Narmada,Narmada,Unch,-,-,Daman Ganga,20.20360472,73.28184278,10-09-1988 08:30,0.6
1297,Nanipalson,CWC,24,Gujarat,462,Valsad,KAPRADA,-,-,Narmada,Narmada,Unch,-,-,Daman Ganga,20.20360472,73.28184278,11-09-1988 08:30,9.8
1298,Nanipalson,CWC,24,Gujarat,462,Valsad,KAPRADA,-,-,Narmada,Narmada,Unch,-,-,Daman Ganga,20.20360472,73.28184278,12-09-1988 08:30,43.9
1299,Nanipalson,CWC,24,Gujarat,462,Valsad,KAPRADA,-,-,Narmada,Narmada,Unch,-,-,Daman Ganga,20.20360472,73.28184278,13-09-1988 08:30,7.5
1300,Nanipalson,CWC,24,Gujarat,462,Valsad,KAPRADA,-,-,Narmada,Narmada,Unch,-,-,Daman Ganga,20.20360472,73.28184278,14-09-1988 08:30,0.8
1301,Nanipalson,CWC,24,Gujarat,462,Valsad,KAPRADA,-,-,Narmada,Narmada,Unch,-,-,Daman Ganga,20.20360472,73.28184278,15-09-1988 08:30,0.3
1302,Nanipalson,CWC,24,Gujarat,462,Valsad,KAPRADA,-,-,Narmada,Narmada,Unch,-,-,Daman Ganga,20.20360472,73.28184278,16-09-1988 08:30,0.1
1303,Nanipalson,CWC,24,Gujarat,462,Valsad,KAPRADA,-,-,Narmada,Narmada,Unch,-,-,Daman Ganga,20.20360472,73.28184278,19-09-1988 08:30,8.1
1304,Nanipalson,CWC,24,Gujarat,462,Valsad,KAPRADA,-,-,Narmada,Narmada,Unch,-,-,Daman Ganga,20.20360472,73.28184278,20-09-1988 08:30,8.1
1305,Nanipalson,CWC,24,Gujarat,462,Valsad,KAPRADA,-,-,Narmada,Narmada,Unch,-,-,Daman Ganga,20.20360472,73.28184278,21-09-1988 08:30,0.5
1306,Nanipalson,CWC,24,Gujarat,462,Valsad,KAPRADA,-,-,Narmada,Narmada,Unch,-,-,Daman Ganga,20.20360472,73.28184278,22-09-1988 08:30,17.6
1307,Nanipalson,CWC,24,Gujarat,462,Valsad,KAPRADA,-,-,Narmada,Narmada,Unch,-,-,Daman Ganga,20.20360472,73.28184278,23-09-1988 08:30,32.2
1308,Nanipalson,CWC,24,Gujarat,462,Valsad,KAPRADA,-,-,Narmada,Narmada,Unch,-,-,Daman Ganga,20.20360472,73.28184278,24-09-1988 08:30,85.2
1309,Nanipalson,CWC,24,Gujarat,462,Valsad,KAPRADA,-,-,Narmada,Narmada,Unch,-,-,Daman Ganga,20.20360472,73.28184278,25-09-1988 08:30,13.7
1310,Nanipalson,CWC,24,Gujarat,462,Valsad,KAPRADA,-,-,Narmada,Narmada,Unch,-,-,Daman Ganga,20.20360472,73.28184278,26-09-1988 08:30,0.1
1311,Nanipalson,CWC,24,Gujarat,462,Valsad,KAPRADA,-,-,Narmada,Narmada,Unch,-,-,Daman Ganga,20.20360472,73.28184278,27-09-1988 08:30,4.9
1312,Nanipalson,CWC,24,Gujarat,462,Valsad,KAPRADA,-,-,Narmada,Narmada,Unch,-,-,Daman Ganga,20.20360472,73.28184278,29-09-1988 08:30,19.4
1313,Nanipalson,CWC,24,Gujarat,462,Valsad,KAPRADA,-,-,Narmada,Narmada,Unch,-,-,Daman Ganga,20.20360472,73.28184278,30-09-1988 08:30,4.6
1314,Nanipalson,CWC,24,Gujarat,462,Valsad,KAPRADA,-,-,Narmada,Narmada,Unch,-,-,Daman Ganga,20.20360472,73.28184278,01-10-1988 08:30,2.5
1315,Nanipalson,CWC,24,Gujarat,462,Valsad,KAPRADA,-,-,Narmada,Narmada,Unch,-,-,Daman Ganga,20.20360472,73.28184278,02-10-1988 08:30,0.2
1316,Nanipalson,CWC,24,Gujarat,462,Valsad,KAPRADA,-,-,Narmada,Narmada,Unch,-,-,Daman Ganga,20.20360472,73.28184278,03-10-1988 08:30,38.1
1317,Nanipalson,CWC,24,Gujarat,462,Valsad,KAPRADA,-,-,Narmada,Narmada,Unch,-,-,Daman Ganga,20.20360472,73.28184278,07-10-1988 08:30,0.4
1318,Nanipalson,CWC,24,Gujarat,462,Valsad,KAPRADA,-,-,Narmada,Narmada,Unch,-,-,Daman Ganga,20.20360472,73.28184278,24-04-1989 08:30,0.2
1319,Nanipalson,CWC,24,Gujarat,462,Valsad,KAPRADA,-,-,Narmada,Narmada,Unch,-,-,Daman Ganga,20.20360472,73.28184278,02-06-1989 08:30,12.4
1320,Nanipalson,CWC,24,Gujarat,462,Valsad,KAPRADA,-,-,Narmada,Narmada,Unch,-,-,Daman Ganga,20.20360472,73.28184278,07-06-1989 08:30,5.6
1321,Nanipalson,CWC,24,Gujarat,462,Valsad,KAPRADA,-,-,Narmada,Narmada,Unch,-,-,Daman Ganga,20.20360472,73.28184278,09-06-1989 08:30,1.6
1322,Nanipalson,CWC,24,Gujarat,462,Valsad,KAPRADA,-,-,Narmada,Narmada,Unch,-,-,Daman Ganga,20.20360472,73.28184278,10-06-1989 08:30,3.4
1323,Nanipalson,CWC,24,Gujarat,462,Valsad,KAPRADA,-,-,Narmada,Narmada,Unch,-,-,Daman Ganga,20.20360472,73.28184278,11-06-1989 08:30,16.4
1324,Nanipalson,CWC,24,Gujarat,462,Valsad,KAPRADA,-,-,Narmada,Narmada,Unch,-,-,Daman Ganga,20.20360472,73.28184278,12-06-1989 08:30,6.4
1325,Nanipalson,CWC,24,Gujarat,462,Valsad,KAPRADA,-,-,Narmada,Narmada,Unch,-,-,Daman Ganga,20.20360472,73.28184278,13-06-1989 08:30,0.6
1326,Nanipalson,CWC,24,Gujarat,462,Valsad,KAPRADA,-,-,Narmada,Narmada,Unch,-,-,Daman Ganga,20.20360472,73.28184278,14-06-1989 08:30,19
1327,Nanipalson,CWC,24,Gujarat,462,Valsad,KAPRADA,-,-,Narmada,Narmada,Unch,-,-,Daman Ganga,20.20360472,73.28184278,15-06-1989 08:30,4.8
1328,Nanipalson,CWC,24,Gujarat,462,Valsad,KAPRADA,-,-,Narmada,Narmada,Unch,-,-,Daman Ganga,20.20360472,73.28184278,16-06-1989 08:30,16.9
1329,Nanipalson,CWC,24,Gujarat,462,Valsad,KAPRADA,-,-,Narmada,Narmada,Unch,-,-,Daman Ganga,20.20360472,73.28184278,17-06-1989 08:30,47
1330,Nanipalson,CWC,24,Gujarat,462,Valsad,KAPRADA,-,-,Narmada,Narmada,Unch,-,-,Daman Ganga,20.20360472,73.28184278,19-06-1989 08:30,2.6
1331,Nanipalson,CWC,24,Gujarat,462,Valsad,KAPRADA,-,-,Narmada,Narmada,Unch,-,-,Daman Ganga,20.20360472,73.28184278,20-06-1989 08:30,0.2
1332,Nanipalson,CWC,24,Gujarat,462,Valsad,KAPRADA,-,-,Narmada,Narmada,Unch,-,-,Daman Ganga,20.20360472,73.28184278,21-06-1989 08:30,11.9
1333,Nanipalson,CWC,24,Gujarat,462,Valsad,KAPRADA,-,-,Narmada,Narmada,Unch,-,-,Daman Ganga,20.20360472,73.28184278,26-06-1989 08:30,2
1334,Nanipalson,CWC,24,Gujarat,462,Valsad,KAPRADA,-,-,Narmada,Narmada,Unch,-,-,Daman Ganga,20.20360472,73.28184278,27-06-1989 08:30,21.2
1335,Nanipalson,CWC,24,Gujarat,462,Valsad,KAPRADA,-,-,Narmada,Narmada,Unch,-,-,Daman Ganga,20.20360472,73.28184278,28-06-1989 08:30,4.5
1336,Nanipalson,CWC,24,Gujarat,462,Valsad,KAPRADA,-,-,Narmada,Narmada,Unch,-,-,Daman Ganga,20.20360472,73.28184278,29-06-1989 08:30,2.9
1337,Nanipalson,CWC,24,Gujarat,462,Valsad,KAPRADA,-,-,Narmada,Narmada,Unch,-,-,Daman Ganga,20.20360472,73.28184278,30-06-1989 08:30,4.1
1338,Nanipalson,CWC,24,Gujarat,462,Valsad,KAPRADA,-,-,Narmada,Narmada,Unch,-,-,Daman Ganga,20.20360472,73.28184278,01-07-1989 08:30,34.5
1339,Nanipalson,CWC,24,Gujarat,462,Valsad,KAPRADA,-,-,Narmada,Narmada,Unch,-,-,Daman Ganga,20.20360472,73.28184278,02-07-1989 08:30,75.4
1340,Nanipalson,CWC,24,Gujarat,462,Valsad,KAPRADA,-,-,Narmada,Narmada,Unch,-,-,Daman Ganga,20.20360472,73.28184278,03-07-1989 08:30,7.8
1341,Nanipalson,CWC,24,Gujarat,462,Valsad,KAPRADA,-,-,Narmada,Narmada,Unch,-,-,Daman Ganga,20.20360472,73.28184278,04-07-1989 08:30,42.3
1342,Nanipalson,CWC,24,Gujarat,462,Valsad,KAPRADA,-,-,Narmada,Narmada,Unch,-,-,Daman Ganga,20.20360472,73.28184278,05-07-1989 08:30,4.1
1343,Nanipalson,CWC,24,Gujarat,462,Valsad,KAPRADA,-,-,Narmada,Narmada,Unch,-,-,Daman Ganga,20.20360472,73.28184278,06-07-1989 08:30,3.8
1344,Nanipalson,CWC,24,Gujarat,462,Valsad,KAPRADA,-,-,Narmada,Narmada,Unch,-,-,Daman Ganga,20.20360472,73.28184278,07-07-1989 08:30,19.5
1345,Nanipalson,CWC,24,Gujarat,462,Valsad,KAPRADA,-,-,Narmada,Narmada,Unch,-,-,Daman Ganga,20.20360472,73.28184278,08-07-1989 08:30,2.5
1346,Nanipalson,CWC,24,Gujarat,462,Valsad,KAPRADA,-,-,Narmada,Narmada,Unch,-,-,Daman Ganga,20.20360472,73.28184278,09-07-1989 08:30,2.8
1347,Nanipalson,CWC,24,Gujarat,462,Valsad,KAPRADA,-,-,Narmada,Narmada,Unch,-,-,Daman Ganga,20.20360472,73.28184278,10-07-1989 08:30,2.9
1348,Nanipalson,CWC,24,Gujarat,462,Valsad,KAPRADA,-,-,Narmada,Narmada,Unch,-,-,Daman Ganga,20.20360472,73.28184278,11-07-1989 08:30,2.9
1349,Nanipalson,CWC,24,Gujarat,462,Valsad,KAPRADA,-,-,Narmada,Narmada,Unch,-,-,Daman Ganga,20.20360472,73.28184278,12-07-1989 08:30,4.4
1350,Nanipalson,CWC,24,Gujarat,462,Valsad,KAPRADA,-,-,Narmada,Narmada,Unch,-,-,Daman Ganga,20.20360472,73.28184278,13-07-1989 08:30,15.7
1351,Nanipalson,CWC,24,Gujarat,462,Valsad,KAPRADA,-,-,Narmada,Narmada,Unch,-,-,Daman Ganga,20.20360472,73.28184278,14-07-1989 08:30,27.6
1352,Nanipalson,CWC,24,Gujarat,462,Valsad,KAPRADA,-,-,Narmada,Narmada,Unch,-,-,Daman Ganga,20.20360472,73.28184278,15-07-1989 08:30,18.5
1353,Nanipalson,CWC,24,Gujarat,462,Valsad,KAPRADA,-,-,Narmada,Narmada,Unch,-,-,Daman Ganga,20.20360472,73.28184278,16-07-1989 08:30,3.6
1354,Nanipalson,CWC,24,Gujarat,462,Valsad,KAPRADA,-,-,Narmada,Narmada,Unch,-,-,Daman Ganga,20.20360472,73.28184278,17-07-1989 08:30,13.9
1355,Nanipalson,CWC,24,Gujarat,462,Valsad,KAPRADA,-,-,Narmada,Narmada,Unch,-,-,Daman Ganga,20.20360472,73.28184278,18-07-1989 08:30,30.1
1356,Nanipalson,CWC,24,Gujarat,462,Valsad,KAPRADA,-,-,Narmada,Narmada,Unch,-,-,Daman Ganga,20.20360472,73.28184278,19-07-1989 08:30,9.2
1357,Nanipalson,CWC,24,Gujarat,462,Valsad,KAPRADA,-,-,Narmada,Narmada,Unch,-,-,Daman Ganga,20.20360472,73.28184278,20-07-1989 08:30,16.5
1358,Nanipalson,CWC,24,Gujarat,462,Valsad,KAPRADA,-,-,Narmada,Narmada,Unch,-,-,Daman Ganga,20.20360472,73.28184278,21-07-1989 08:30,33.2
1359,Nanipalson,CWC,24,Gujarat,462,Valsad,KAPRADA,-,-,Narmada,Narmada,Unch,-,-,Daman Ganga,20.20360472,73.28184278,22-07-1989 08:30,26.8
1360,Nanipalson,CWC,24,Gujarat,462,Valsad,KAPRADA,-,-,Narmada,Narmada,Unch,-,-,Daman Ganga,20.20360472,73.28184278,23-07-1989 08:30,3.5
1361,Nanipalson,CWC,24,Gujarat,462,Valsad,KAPRADA,-,-,Narmada,Narmada,Unch,-,-,Daman Ganga,20.20360472,73.28184278,24-07-1989 08:30,107.3
1362,Nanipalson,CWC,24,Gujarat,462,Valsad,KAPRADA,-,-,Narmada,Narmada,Unch,-,-,Daman Ganga,20.20360472,73.28184278,25-07-1989 08:30,168.1
1363,Nanipalson,CWC,24,Gujarat,462,Valsad,KAPRADA,-,-,Narmada,Narmada,Unch,-,-,Daman Ganga,20.20360472,73.28184278,26-07-1989 08:30,27.3
1364,Nanipalson,CWC,24,Gujarat,462,Valsad,KAPRADA,-,-,Narmada,Narmada,Unch,-,-,Daman Ganga,20.20360472,73.28184278,27-07-1989 08:30,27.7
1365,Nanipalson,CWC,24,Gujarat,462,Valsad,KAPRADA,-,-,Narmada,Narmada,Unch,-,-,Daman Ganga,20.20360472,73.28184278,28-07-1989 08:30,12.2
1366,Nanipalson,CWC,24,Gujarat,462,Valsad,KAPRADA,-,-,Narmada,Narmada,Unch,-,-,Daman Ganga,20.20360472,73.28184278,29-07-1989 08:30,6.6
1367,Nanipalson,CWC,24,Gujarat,462,Valsad,KAPRADA,-,-,Narmada,Narmada,Unch,-,-,Daman Ganga,20.20360472,73.28184278,30-07-1989 08:30,10.3
1368,Nanipalson,CWC,24,Gujarat,462,Valsad,KAPRADA,-,-,Narmada,Narmada,Unch,-,-,Daman Ganga,20.20360472,73.28184278,31-07-1989 08:30,4.4
1369,Nanipalson,CWC,24,Gujarat,462,Valsad,KAPRADA,-,-,Narmada,Narmada,Unch,-,-,Daman Ganga,20.20360472,73.28184278,01-08-1989 08:30,0.6
1370,Nanipalson,CWC,24,Gujarat,462,Valsad,KAPRADA,-,-,Narmada,Narmada,Unch,-,-,Daman Ganga,20.20360472,73.28184278,02-08-1989 08:30,4
1371,Nanipalson,CWC,24,Gujarat,462,Valsad,KAPRADA,-,-,Narmada,Narmada,Unch,-,-,Daman Ganga,20.20360472,73.28184278,03-08-1989 08:30,11.9
1372,Nanipalson,CWC,24,Gujarat,462,Valsad,KAPRADA,-,-,Narmada,Narmada,Unch,-,-,Daman Ganga,20.20360472,73.28184278,04-08-1989 08:30,4.2
1373,Nanipalson,CWC,24,Gujarat,462,Valsad,KAPRADA,-,-,Narmada,Narmada,Unch,-,-,Daman Ganga,20.20360472,73.28184278,05-08-1989 08:30,8
1374,Nanipalson,CWC,24,Gujarat,462,Valsad,KAPRADA,-,-,Narmada,Narmada,Unch,-,-,Daman Ganga,20.20360472,73.28184278,06-08-1989 08:30,7.3
1375,Nanipalson,CWC,24,Gujarat,462,Valsad,KAPRADA,-,-,Narmada,Narmada,Unch,-,-,Daman Ganga,20.20360472,73.28184278,07-08-1989 08:30,7.1
1376,Nanipalson,CWC,24,Gujarat,462,Valsad,KAPRADA,-,-,Narmada,Narmada,Unch,-,-,Daman Ganga,20.20360472,73.28184278,08-08-1989 08:30,18.1
1377,Nanipalson,CWC,24,Gujarat,462,Valsad,KAPRADA,-,-,Narmada,Narmada,Unch,-,-,Daman Ganga,20.20360472,73.28184278,09-08-1989 08:30,7
1378,Nanipalson,CWC,24,Gujarat,462,Valsad,KAPRADA,-,-,Narmada,Narmada,Unch,-,-,Daman Ganga,20.20360472,73.28184278,10-08-1989 08:30,11.4
1379,Nanipalson,CWC,24,Gujarat,462,Valsad,KAPRADA,-,-,Narmada,Narmada,Unch,-,-,Daman Ganga,20.20360472,73.28184278,11-08-1989 08:30,5
1380,Nanipalson,CWC,24,Gujarat,462,Valsad,KAPRADA,-,-,Narmada,Narmada,Unch,-,-,Daman Ganga,20.20360472,73.28184278,12-08-1989 08:30,32.1
1381,Nanipalson,CWC,24,Gujarat,462,Valsad,KAPRADA,-,-,Narmada,Narmada,Unch,-,-,Daman Ganga,20.20360472,73.28184278,13-08-1989 08:30,30.2
1382,Nanipalson,CWC,24,Gujarat,462,Valsad,KAPRADA,-,-,Narmada,Narmada,Unch,-,-,Daman Ganga,20.20360472,73.28184278,14-08-1989 08:30,17.1
1383,Nanipalson,CWC,24,Gujarat,462,Valsad,KAPRADA,-,-,Narmada,Narmada,Unch,-,-,Daman Ganga,20.20360472,73.28184278,15-08-1989 08:30,5.2
1384,Nanipalson,CWC,24,Gujarat,462,Valsad,KAPRADA,-,-,Narmada,Narmada,Unch,-,-,Daman Ganga,20.20360472,73.28184278,16-08-1989 08:30,2
1385,Nanipalson,CWC,24,Gujarat,462,Valsad,KAPRADA,-,-,Narmada,Narmada,Unch,-,-,Daman Ganga,20.20360472,73.28184278,17-08-1989 08:30,3.3
1386,Nanipalson,CWC,24,Gujarat,462,Valsad,KAPRADA,-,-,Narmada,Narmada,Unch,-,-,Daman Ganga,20.20360472,73.28184278,18-08-1989 08:30,15.3
1387,Nanipalson,CWC,24,Gujarat,462,Valsad,KAPRADA,-,-,Narmada,Narmada,Unch,-,-,Daman Ganga,20.20360472,73.28184278,19-08-1989 08:30,26.4
1388,Nanipalson,CWC,24,Gujarat,462,Valsad,KAPRADA,-,-,Narmada,Narmada,Unch,-,-,Daman Ganga,20.20360472,73.28184278,20-08-1989 08:30,31.5
1389,Nanipalson,CWC,24,Gujarat,462,Valsad,KAPRADA,-,-,Narmada,Narmada,Unch,-,-,Daman Ganga,20.20360472,73.28184278,21-08-1989 08:30,54.7
1390,Nanipalson,CWC,24,Gujarat,462,Valsad,KAPRADA,-,-,Narmada,Narmada,Unch,-,-,Daman Ganga,20.20360472,73.28184278,22-08-1989 08:30,16.4
1391,Nanipalson,CWC,24,Gujarat,462,Valsad,KAPRADA,-,-,Narmada,Narmada,Unch,-,-,Daman Ganga,20.20360472,73.28184278,23-08-1989 08:30,48.7
1392,Nanipalson,CWC,24,Gujarat,462,Valsad,KAPRADA,-,-,Narmada,Narmada,Unch,-,-,Daman Ganga,20.20360472,73.28184278,24-08-1989 08:30,50.3
1393,Nanipalson,CWC,24,Gujarat,462,Valsad,KAPRADA,-,-,Narmada,Narmada,Unch,-,-,Daman Ganga,20.20360472,73.28184278,25-08-1989 08:30,8.1
1394,Nanipalson,CWC,24,Gujarat,462,Valsad,KAPRADA,-,-,Narmada,Narmada,Unch,-,-,Daman Ganga,20.20360472,73.28184278,26-08-1989 08:30,5
1395,Nanipalson,CWC,24,Gujarat,462,Valsad,KAPRADA,-,-,Narmada,Narmada,Unch,-,-,Daman Ganga,20.20360472,73.28184278,27-08-1989 08:30,7.3
1396,Nanipalson,CWC,24,Gujarat,462,Valsad,KAPRADA,-,-,Narmada,Narmada,Unch,-,-,Daman Ganga,20.20360472,73.28184278,28-08-1989 08:30,6
1397,Nanipalson,CWC,24,Gujarat,462,Valsad,KAPRADA,-,-,Narmada,Narmada,Unch,-,-,Daman Ganga,20.20360472,73.28184278,29-08-1989 08:30,23.9
1398,Nanipalson,CWC,24,Gujarat,462,Valsad,KAPRADA,-,-,Narmada,Narmada,Unch,-,-,Daman Ganga,20.20360472,73.28184278,30-08-1989 08:30,26.7
1399,Nanipalson,CWC,24,Gujarat,462,Valsad,KAPRADA,-,-,Narmada,Narmada,Unch,-,-,Daman Ganga,20.20360472,73.28184278,31-08-1989 08:30,2
1400,Nanipalson,CWC,24,Gujarat,462,Valsad,KAPRADA,-,-,Narmada,Narmada,Unch,-,-,Daman Ganga,20.20360472,73.28184278,02-09-1989 08:30,1
1401,Nanipalson,CWC,24,Gujarat,462,Valsad,KAPRADA,-,-,Narmada,Narmada,Unch,-,-,Daman Ganga,20.20360472,73.28184278,05-09-1989 08:30,1.3
1402,Nanipalson,CWC,24,Gujarat,462,Valsad,KAPRADA,-,-,Narmada,Narmada,Unch,-,-,Daman Ganga,20.20360472,73.28184278,06-09-1989 08:30,4.8
1403,Nanipalson,CWC,24,Gujarat,462,Valsad,KAPRADA,-,-,Narmada,Narmada,Unch,-,-,Daman Ganga,20.20360472,73.28184278,07-09-1989 08:30,24.8
1404,Nanipalson,CWC,24,Gujarat,462,Valsad,KAPRADA,-,-,Narmada,Narmada,Unch,-,-,Daman Ganga,20.20360472,73.28184278,08-09-1989 08:30,1.5
1405,Nanipalson,CWC,24,Gujarat,462,Valsad,KAPRADA,-,-,Narmada,Narmada,Unch,-,-,Daman Ganga,20.20360472,73.28184278,09-09-1989 08:30,15
1406,Nanipalson,CWC,24,Gujarat,462,Valsad,KAPRADA,-,-,Narmada,Narmada,Unch,-,-,Daman Ganga,20.20360472,73.28184278,11-09-1989 08:30,1.3
1407,Nanipalson,CWC,24,Gujarat,462,Valsad,KAPRADA,-,-,Narmada,Narmada,Unch,-,-,Daman Ganga,20.20360472,73.28184278,12-09-1989 08:30,6.8
1408,Nanipalson,CWC,24,Gujarat,462,Valsad,KAPRADA,-,-,Narmada,Narmada,Unch,-,-,Daman Ganga,20.20360472,73.28184278,13-09-1989 08:30,7.2
1409,Nanipalson,CWC,24,Gujarat,462,Valsad,KAPRADA,-,-,Narmada,Narmada,Unch,-,-,Daman Ganga,20.20360472,73.28184278,17-09-1989 08:30,25.6
1410,Nanipalson,CWC,24,Gujarat,462,Valsad,KAPRADA,-,-,Narmada,Narmada,Unch,-,-,Daman Ganga,20.20360472,73.28184278,19-09-1989 08:30,11.2
1411,Nanipalson,CWC,24,Gujarat,462,Valsad,KAPRADA,-,-,Narmada,Narmada,Unch,-,-,Daman Ganga,20.20360472,73.28184278,20-09-1989 08:30,8.3
1412,Nanipalson,CWC,24,Gujarat,462,Valsad,KAPRADA,-,-,Narmada,Narmada,Unch,-,-,Daman Ganga,20.20360472,73.28184278,21-09-1989 08:30,1.3
1413,Nanipalson,CWC,24,Gujarat,462,Valsad,KAPRADA,-,-,Narmada,Narmada,Unch,-,-,Daman Ganga,20.20360472,73.28184278,22-09-1989 08:30,2.3
1414,Nanipalson,CWC,24,Gujarat,462,Valsad,KAPRADA,-,-,Narmada,Narmada,Unch,-,-,Daman Ganga,20.20360472,73.28184278,27-09-1989 08:30,26
1415,Nanipalson,CWC,24,Gujarat,462,Valsad,KAPRADA,-,-,Narmada,Narmada,Unch,-,-,Daman Ganga,20.20360472,73.28184278,28-09-1989 08:30,7.2
1416,Nanipalson,CWC,24,Gujarat,462,Valsad,KAPRADA,-,-,Narmada,Narmada,Unch,-,-,Daman Ganga,20.20360472,73.28184278,29-09-1989 08:30,18.6
1417,Nanipalson,CWC,24,Gujarat,462,Valsad,KAPRADA,-,-,Narmada,Narmada,Unch,-,-,Daman Ganga,20.20360472,73.28184278,30-09-1989 08:30,0.2
1418,Nanipalson,CWC,24,Gujarat,462,Valsad,KAPRADA,-,-,Narmada,Narmada,Unch,-,-,Daman Ganga,20.20360472,73.28184278,01-10-1989 08:30,0.8
1419,Nanipalson,CWC,24,Gujarat,462,Valsad,KAPRADA,-,-,Narmada,Narmada,Unch,-,-,Daman Ganga,20.20360472,73.28184278,03-10-1989 08:30,39.2
1420,Nanipalson,CWC,24,Gujarat,462,Valsad,KAPRADA,-,-,Narmada,Narmada,Unch,-,-,Daman Ganga,20.20360472,73.28184278,08-05-1990 08:30,13.4
1421,Nanipalson,CWC,24,Gujarat,462,Valsad,KAPRADA,-,-,Narmada,Narmada,Unch,-,-,Daman Ganga,20.20360472,73.28184278,21-05-1990 08:30,0.2
1422,Nanipalson,CWC,24,Gujarat,462,Valsad,KAPRADA,-,-,Narmada,Narmada,Unch,-,-,Daman Ganga,20.20360472,73.28184278,22-05-1990 08:30,2.2
1423,Nanipalson,CWC,24,Gujarat,462,Valsad,KAPRADA,-,-,Narmada,Narmada,Unch,-,-,Daman Ganga,20.20360472,73.28184278,23-05-1990 08:30,2.2
1424,Nanipalson,CWC,24,Gujarat,462,Valsad,KAPRADA,-,-,Narmada,Narmada,Unch,-,-,Daman Ganga,20.20360472,73.28184278,27-05-1990 08:30,6.5
1425,Nanipalson,CWC,24,Gujarat,462,Valsad,KAPRADA,-,-,Narmada,Narmada,Unch,-,-,Daman Ganga,20.20360472,73.28184278,29-05-1990 08:30,1
1426,Nanipalson,CWC,24,Gujarat,462,Valsad,KAPRADA,-,-,Narmada,Narmada,Unch,-,-,Daman Ganga,20.20360472,73.28184278,30-05-1990 08:30,5
1427,Nanipalson,CWC,24,Gujarat,462,Valsad,KAPRADA,-,-,Narmada,Narmada,Unch,-,-,Daman Ganga,20.20360472,73.28184278,31-05-1990 08:30,15
1428,Nanipalson,CWC,24,Gujarat,462,Valsad,KAPRADA,-,-,Narmada,Narmada,Unch,-,-,Daman Ganga,20.20360472,73.28184278,01-06-1990 08:30,20.5
1429,Nanipalson,CWC,24,Gujarat,462,Valsad,KAPRADA,-,-,Narmada,Narmada,Unch,-,-,Daman Ganga,20.20360472,73.28184278,02-06-1990 08:30,0.6
1430,Nanipalson,CWC,24,Gujarat,462,Valsad,KAPRADA,-,-,Narmada,Narmada,Unch,-,-,Daman Ganga,20.20360472,73.28184278,08-06-1990 08:30,0.2
1431,Nanipalson,CWC,24,Gujarat,462,Valsad,KAPRADA,-,-,Narmada,Narmada,Unch,-,-,Daman Ganga,20.20360472,73.28184278,09-06-1990 08:30,1
1432,Nanipalson,CWC,24,Gujarat,462,Valsad,KAPRADA,-,-,Narmada,Narmada,Unch,-,-,Daman Ganga,20.20360472,73.28184278,14-06-1990 08:30,5.1
1433,Nanipalson,CWC,24,Gujarat,462,Valsad,KAPRADA,-,-,Narmada,Narmada,Unch,-,-,Daman Ganga,20.20360472,73.28184278,15-06-1990 08:30,17
1434,Nanipalson,CWC,24,Gujarat,462,Valsad,KAPRADA,-,-,Narmada,Narmada,Unch,-,-,Daman Ganga,20.20360472,73.28184278,16-06-1990 08:30,43.4
1435,Nanipalson,CWC,24,Gujarat,462,Valsad,KAPRADA,-,-,Narmada,Narmada,Unch,-,-,Daman Ganga,20.20360472,73.28184278,17-06-1990 08:30,2.3
1436,Nanipalson,CWC,24,Gujarat,462,Valsad,KAPRADA,-,-,Narmada,Narmada,Unch,-,-,Daman Ganga,20.20360472,73.28184278,18-06-1990 08:30,9.4
1437,Nanipalson,CWC,24,Gujarat,462,Valsad,KAPRADA,-,-,Narmada,Narmada,Unch,-,-,Daman Ganga,20.20360472,73.28184278,19-06-1990 08:30,5.6
1438,Nanipalson,CWC,24,Gujarat,462,Valsad,KAPRADA,-,-,Narmada,Narmada,Unch,-,-,Daman Ganga,20.20360472,73.28184278,20-06-1990 08:30,1
1439,Nanipalson,CWC,24,Gujarat,462,Valsad,KAPRADA,-,-,Narmada,Narmada,Unch,-,-,Daman Ganga,20.20360472,73.28184278,21-06-1990 08:30,1
1440,Nanipalson,CWC,24,Gujarat,462,Valsad,KAPRADA,-,-,Narmada,Narmada,Unch,-,-,Daman Ganga,20.20360472,73.28184278,22-06-1990 08:30,4
1441,Nanipalson,CWC,24,Gujarat,462,Valsad,KAPRADA,-,-,Narmada,Narmada,Unch,-,-,Daman Ganga,20.20360472,73.28184278,23-06-1990 08:30,0.9
1442,Nanipalson,CWC,24,Gujarat,462,Valsad,KAPRADA,-,-,Narmada,Narmada,Unch,-,-,Daman Ganga,20.20360472,73.28184278,24-06-1990 08:30,1.3
1443,Nanipalson,CWC,24,Gujarat,462,Valsad,KAPRADA,-,-,Narmada,Narmada,Unch,-,-,Daman Ganga,20.20360472,73.28184278,25-06-1990 08:30,0.9
1444,Nanipalson,CWC,24,Gujarat,462,Valsad,KAPRADA,-,-,Narmada,Narmada,Unch,-,-,Daman Ganga,20.20360472,73.28184278,26-06-1990 08:30,10.4
1445,Nanipalson,CWC,24,Gujarat,462,Valsad,KAPRADA,-,-,Narmada,Narmada,Unch,-,-,Daman Ganga,20.20360472,73.28184278,27-06-1990 08:30,0.7
1446,Nanipalson,CWC,24,Gujarat,462,Valsad,KAPRADA,-,-,Narmada,Narmada,Unch,-,-,Daman Ganga,20.20360472,73.28184278,28-06-1990 08:30,1.8
1447,Nanipalson,CWC,24,Gujarat,462,Valsad,KAPRADA,-,-,Narmada,Narmada,Unch,-,-,Daman Ganga,20.20360472,73.28184278,29-06-1990 08:30,17.4
1448,Nanipalson,CWC,24,Gujarat,462,Valsad,KAPRADA,-,-,Narmada,Narmada,Unch,-,-,Daman Ganga,20.20360472,73.28184278,30-06-1990 08:30,55.5
1449,Nanipalson,CWC,24,Gujarat,462,Valsad,KAPRADA,-,-,Narmada,Narmada,Unch,-,-,Daman Ganga,20.20360472,73.28184278,01-07-1990 08:30,36
1450,Nanipalson,CWC,24,Gujarat,462,Valsad,KAPRADA,-,-,Narmada,Narmada,Unch,-,-,Daman Ganga,20.20360472,73.28184278,02-07-1990 08:30,9
1451,Nanipalson,CWC,24,Gujarat,462,Valsad,KAPRADA,-,-,Narmada,Narmada,Unch,-,-,Daman Ganga,20.20360472,73.28184278,03-07-1990 08:30,96.9
1452,Nanipalson,CWC,24,Gujarat,462,Valsad,KAPRADA,-,-,Narmada,Narmada,Unch,-,-,Daman Ganga,20.20360472,73.28184278,04-07-1990 08:30,82.9
1453,Nanipalson,CWC,24,Gujarat,462,Valsad,KAPRADA,-,-,Narmada,Narmada,Unch,-,-,Daman Ganga,20.20360472,73.28184278,05-07-1990 08:30,19.9
1454,Nanipalson,CWC,24,Gujarat,462,Valsad,KAPRADA,-,-,Narmada,Narmada,Unch,-,-,Daman Ganga,20.20360472,73.28184278,06-07-1990 08:30,14.4
1455,Nanipalson,CWC,24,Gujarat,462,Valsad,KAPRADA,-,-,Narmada,Narmada,Unch,-,-,Daman Ganga,20.20360472,73.28184278,07-07-1990 08:30,1.8
1456,Nanipalson,CWC,24,Gujarat,462,Valsad,KAPRADA,-,-,Narmada,Narmada,Unch,-,-,Daman Ganga,20.20360472,73.28184278,08-07-1990 08:30,2.2
1457,Nanipalson,CWC,24,Gujarat,462,Valsad,KAPRADA,-,-,Narmada,Narmada,Unch,-,-,Daman Ganga,20.20360472,73.28184278,09-07-1990 08:30,16.6
1458,Nanipalson,CWC,24,Gujarat,462,Valsad,KAPRADA,-,-,Narmada,Narmada,Unch,-,-,Daman Ganga,20.20360472,73.28184278,10-07-1990 08:30,2.5
1459,Nanipalson,CWC,24,Gujarat,462,Valsad,KAPRADA,-,-,Narmada,Narmada,Unch,-,-,Daman Ganga,20.20360472,73.28184278,11-07-1990 08:30,2.8
1460,Nanipalson,CWC,24,Gujarat,462,Valsad,KAPRADA,-,-,Narmada,Narmada,Unch,-,-,Daman Ganga,20.20360472,73.28184278,12-07-1990 08:30,6.9
1461,Nanipalson,CWC,24,Gujarat,462,Valsad,KAPRADA,-,-,Narmada,Narmada,Unch,-,-,Daman Ganga,20.20360472,73.28184278,13-07-1990 08:30,9.9
1462,Nanipalson,CWC,24,Gujarat,462,Valsad,KAPRADA,-,-,Narmada,Narmada,Unch,-,-,Daman Ganga,20.20360472,73.28184278,14-07-1990 08:30,13.8
1463,Nanipalson,CWC,24,Gujarat,462,Valsad,KAPRADA,-,-,Narmada,Narmada,Unch,-,-,Daman Ganga,20.20360472,73.28184278,15-07-1990 08:30,4.1
1464,Nanipalson,CWC,24,Gujarat,462,Valsad,KAPRADA,-,-,Narmada,Narmada,Unch,-,-,Daman Ganga,20.20360472,73.28184278,16-07-1990 08:30,2.8
1465,Nanipalson,CWC,24,Gujarat,462,Valsad,KAPRADA,-,-,Narmada,Narmada,Unch,-,-,Daman Ganga,20.20360472,73.28184278,17-07-1990 08:30,131.8
1466,Nanipalson,CWC,24,Gujarat,462,Valsad,KAPRADA,-,-,Narmada,Narmada,Unch,-,-,Daman Ganga,20.20360472,73.28184278,18-07-1990 08:30,13.3
1467,Nanipalson,CWC,24,Gujarat,462,Valsad,KAPRADA,-,-,Narmada,Narmada,Unch,-,-,Daman Ganga,20.20360472,73.28184278,19-07-1990 08:30,15.7
1468,Nanipalson,CWC,24,Gujarat,462,Valsad,KAPRADA,-,-,Narmada,Narmada,Unch,-,-,Daman Ganga,20.20360472,73.28184278,20-07-1990 08:30,125.7
1469,Nanipalson,CWC,24,Gujarat,462,Valsad,KAPRADA,-,-,Narmada,Narmada,Unch,-,-,Daman Ganga,20.20360472,73.28184278,21-07-1990 08:30,24.9
1470,Nanipalson,CWC,24,Gujarat,462,Valsad,KAPRADA,-,-,Narmada,Narmada,Unch,-,-,Daman Ganga,20.20360472,73.28184278,22-07-1990 08:30,9
1471,Nanipalson,CWC,24,Gujarat,462,Valsad,KAPRADA,-,-,Narmada,Narmada,Unch,-,-,Daman Ganga,20.20360472,73.28184278,23-07-1990 08:30,17.8
1472,Nanipalson,CWC,24,Gujarat,462,Valsad,KAPRADA,-,-,Narmada,Narmada,Unch,-,-,Daman Ganga,20.20360472,73.28184278,24-07-1990 08:30,18.3
1473,Nanipalson,CWC,24,Gujarat,462,Valsad,KAPRADA,-,-,Narmada,Narmada,Unch,-,-,Daman Ganga,20.20360472,73.28184278,25-07-1990 08:30,30.8
1474,Nanipalson,CWC,24,Gujarat,462,Valsad,KAPRADA,-,-,Narmada,Narmada,Unch,-,-,Daman Ganga,20.20360472,73.28184278,26-07-1990 08:30,7.5
1475,Nanipalson,CWC,24,Gujarat,462,Valsad,KAPRADA,-,-,Narmada,Narmada,Unch,-,-,Daman Ganga,20.20360472,73.28184278,27-07-1990 08:30,4.9
1476,Nanipalson,CWC,24,Gujarat,462,Valsad,KAPRADA,-,-,Narmada,Narmada,Unch,-,-,Daman Ganga,20.20360472,73.28184278,28-07-1990 08:30,1.4
1477,Nanipalson,CWC,24,Gujarat,462,Valsad,KAPRADA,-,-,Narmada,Narmada,Unch,-,-,Daman Ganga,20.20360472,73.28184278,29-07-1990 08:30,5.9
1478,Nanipalson,CWC,24,Gujarat,462,Valsad,KAPRADA,-,-,Narmada,Narmada,Unch,-,-,Daman Ganga,20.20360472,73.28184278,30-07-1990 08:30,7.6
1479,Nanipalson,CWC,24,Gujarat,462,Valsad,KAPRADA,-,-,Narmada,Narmada,Unch,-,-,Daman Ganga,20.20360472,73.28184278,31-07-1990 08:30,2.8
1480,Nanipalson,CWC,24,Gujarat,462,Valsad,KAPRADA,-,-,Narmada,Narmada,Unch,-,-,Daman Ganga,20.20360472,73.28184278,01-08-1990 08:30,4.2
1481,Nanipalson,CWC,24,Gujarat,462,Valsad,KAPRADA,-,-,Narmada,Narmada,Unch,-,-,Daman Ganga,20.20360472,73.28184278,02-08-1990 08:30,10.2
1482,Nanipalson,CWC,24,Gujarat,462,Valsad,KAPRADA,-,-,Narmada,Narmada,Unch,-,-,Daman Ganga,20.20360472,73.28184278,03-08-1990 08:30,11.9
1483,Nanipalson,CWC,24,Gujarat,462,Valsad,KAPRADA,-,-,Narmada,Narmada,Unch,-,-,Daman Ganga,20.20360472,73.28184278,04-08-1990 08:30,23.5
1484,Nanipalson,CWC,24,Gujarat,462,Valsad,KAPRADA,-,-,Narmada,Narmada,Unch,-,-,Daman Ganga,20.20360472,73.28184278,05-08-1990 08:30,11.5
1485,Nanipalson,CWC,24,Gujarat,462,Valsad,KAPRADA,-,-,Narmada,Narmada,Unch,-,-,Daman Ganga,20.20360472,73.28184278,06-08-1990 08:30,11.9
1486,Nanipalson,CWC,24,Gujarat,462,Valsad,KAPRADA,-,-,Narmada,Narmada,Unch,-,-,Daman Ganga,20.20360472,73.28184278,07-08-1990 08:30,13.1
1487,Nanipalson,CWC,24,Gujarat,462,Valsad,KAPRADA,-,-,Narmada,Narmada,Unch,-,-,Daman Ganga,20.20360472,73.28184278,08-08-1990 08:30,34.7
1488,Nanipalson,CWC,24,Gujarat,462,Valsad,KAPRADA,-,-,Narmada,Narmada,Unch,-,-,Daman Ganga,20.20360472,73.28184278,09-08-1990 08:30,0.9
1489,Nanipalson,CWC,24,Gujarat,462,Valsad,KAPRADA,-,-,Narmada,Narmada,Unch,-,-,Daman Ganga,20.20360472,73.28184278,10-08-1990 08:30,2.6
1490,Nanipalson,CWC,24,Gujarat,462,Valsad,KAPRADA,-,-,Narmada,Narmada,Unch,-,-,Daman Ganga,20.20360472,73.28184278,11-08-1990 08:30,8.5
1491,Nanipalson,CWC,24,Gujarat,462,Valsad,KAPRADA,-,-,Narmada,Narmada,Unch,-,-,Daman Ganga,20.20360472,73.28184278,12-08-1990 08:30,1.3
1492,Nanipalson,CWC,24,Gujarat,462,Valsad,KAPRADA,-,-,Narmada,Narmada,Unch,-,-,Daman Ganga,20.20360472,73.28184278,13-08-1990 08:30,15.5
1493,Nanipalson,CWC,24,Gujarat,462,Valsad,KAPRADA,-,-,Narmada,Narmada,Unch,-,-,Daman Ganga,20.20360472,73.28184278,14-08-1990 08:30,67.3
1494,Nanipalson,CWC,24,Gujarat,462,Valsad,KAPRADA,-,-,Narmada,Narmada,Unch,-,-,Daman Ganga,20.20360472,73.28184278,15-08-1990 08:30,14.3
1495,Nanipalson,CWC,24,Gujarat,462,Valsad,KAPRADA,-,-,Narmada,Narmada,Unch,-,-,Daman Ganga,20.20360472,73.28184278,16-08-1990 08:30,34.7
1496,Nanipalson,CWC,24,Gujarat,462,Valsad,KAPRADA,-,-,Narmada,Narmada,Unch,-,-,Daman Ganga,20.20360472,73.28184278,17-08-1990 08:30,110.9
1497,Nanipalson,CWC,24,Gujarat,462,Valsad,KAPRADA,-,-,Narmada,Narmada,Unch,-,-,Daman Ganga,20.20360472,73.28184278,18-08-1990 08:30,48.9
1498,Nanipalson,CWC,24,Gujarat,462,Valsad,KAPRADA,-,-,Narmada,Narmada,Unch,-,-,Daman Ganga,20.20360472,73.28184278,19-08-1990 08:30,79.8
1499,Nanipalson,CWC,24,Gujarat,462,Valsad,KAPRADA,-,-,Narmada,Narmada,Unch,-,-,Daman Ganga,20.20360472,73.28184278,20-08-1990 08:30,38
1500,Nanipalson,CWC,24,Gujarat,462,Valsad,KAPRADA,-,-,Narmada,Narmada,Unch,-,-,Daman Ganga,20.20360472,73.28184278,21-08-1990 08:30,13.3
1501,Nanipalson,CWC,24,Gujarat,462,Valsad,KAPRADA,-,-,Narmada,Narmada,Unch,-,-,Daman Ganga,20.20360472,73.28184278,22-08-1990 08:30,56.9
1502,Nanipalson,CWC,24,Gujarat,462,Valsad,KAPRADA,-,-,Narmada,Narmada,Unch,-,-,Daman Ganga,20.20360472,73.28184278,23-08-1990 08:30,12.9
1503,Nanipalson,CWC,24,Gujarat,462,Valsad,KAPRADA,-,-,Narmada,Narmada,Unch,-,-,Daman Ganga,20.20360472,73.28184278,24-08-1990 08:30,50.4
1504,Nanipalson,CWC,24,Gujarat,462,Valsad,KAPRADA,-,-,Narmada,Narmada,Unch,-,-,Daman Ganga,20.20360472,73.28184278,25-08-1990 08:30,58.8
1505,Nanipalson,CWC,24,Gujarat,462,Valsad,KAPRADA,-,-,Narmada,Narmada,Unch,-,-,Daman Ganga,20.20360472,73.28184278,26-08-1990 08:30,25.4
1506,Nanipalson,CWC,24,Gujarat,462,Valsad,KAPRADA,-,-,Narmada,Narmada,Unch,-,-,Daman Ganga,20.20360472,73.28184278,27-08-1990 08:30,7
1507,Nanipalson,CWC,24,Gujarat,462,Valsad,KAPRADA,-,-,Narmada,Narmada,Unch,-,-,Daman Ganga,20.20360472,73.28184278,28-08-1990 08:30,10.6
1508,Nanipalson,CWC,24,Gujarat,462,Valsad,KAPRADA,-,-,Narmada,Narmada,Unch,-,-,Daman Ganga,20.20360472,73.28184278,29-08-1990 08:30,5.9
1509,Nanipalson,CWC,24,Gujarat,462,Valsad,KAPRADA,-,-,Narmada,Narmada,Unch,-,-,Daman Ganga,20.20360472,73.28184278,30-08-1990 08:30,12.7
1510,Nanipalson,CWC,24,Gujarat,462,Valsad,KAPRADA,-,-,Narmada,Narmada,Unch,-,-,Daman Ganga,20.20360472,73.28184278,31-08-1990 08:30,8.5
1511,Nanipalson,CWC,24,Gujarat,462,Valsad,KAPRADA,-,-,Narmada,Narmada,Unch,-,-,Daman Ganga,20.20360472,73.28184278,01-09-1990 08:30,3.9
1512,Nanipalson,CWC,24,Gujarat,462,Valsad,KAPRADA,-,-,Narmada,Narmada,Unch,-,-,Daman Ganga,20.20360472,73.28184278,02-09-1990 08:30,5.9
1513,Nanipalson,CWC,24,Gujarat,462,Valsad,KAPRADA,-,-,Narmada,Narmada,Unch,-,-,Daman Ganga,20.20360472,73.28184278,03-09-1990 08:30,9.6
1514,Nanipalson,CWC,24,Gujarat,462,Valsad,KAPRADA,-,-,Narmada,Narmada,Unch,-,-,Daman Ganga,20.20360472,73.28184278,04-09-1990 08:30,6.2
1515,Nanipalson,CWC,24,Gujarat,462,Valsad,KAPRADA,-,-,Narmada,Narmada,Unch,-,-,Daman Ganga,20.20360472,73.28184278,05-09-1990 08:30,8.5
1516,Nanipalson,CWC,24,Gujarat,462,Valsad,KAPRADA,-,-,Narmada,Narmada,Unch,-,-,Daman Ganga,20.20360472,73.28184278,06-09-1990 08:30,1
1517,Nanipalson,CWC,24,Gujarat,462,Valsad,KAPRADA,-,-,Narmada,Narmada,Unch,-,-,Daman Ganga,20.20360472,73.28184278,07-09-1990 08:30,2.2
1518,Nanipalson,CWC,24,Gujarat,462,Valsad,KAPRADA,-,-,Narmada,Narmada,Unch,-,-,Daman Ganga,20.20360472,73.28184278,08-09-1990 08:30,0.2
1519,Nanipalson,CWC,24,Gujarat,462,Valsad,KAPRADA,-,-,Narmada,Narmada,Unch,-,-,Daman Ganga,20.20360472,73.28184278,09-09-1990 08:30,0.2
1520,Nanipalson,CWC,24,Gujarat,462,Valsad,KAPRADA,-,-,Narmada,Narmada,Unch,-,-,Daman Ganga,20.20360472,73.28184278,10-09-1990 08:30,1.7
1521,Nanipalson,CWC,24,Gujarat,462,Valsad,KAPRADA,-,-,Narmada,Narmada,Unch,-,-,Daman Ganga,20.20360472,73.28184278,11-09-1990 08:30,3.1
1522,Nanipalson,CWC,24,Gujarat,462,Valsad,KAPRADA,-,-,Narmada,Narmada,Unch,-,-,Daman Ganga,20.20360472,73.28184278,12-09-1990 08:30,3.3
1523,Nanipalson,CWC,24,Gujarat,462,Valsad,KAPRADA,-,-,Narmada,Narmada,Unch,-,-,Daman Ganga,20.20360472,73.28184278,13-09-1990 08:30,9.6
1524,Nanipalson,CWC,24,Gujarat,462,Valsad,KAPRADA,-,-,Narmada,Narmada,Unch,-,-,Daman Ganga,20.20360472,73.28184278,14-09-1990 08:30,12.8
1525,Nanipalson,CWC,24,Gujarat,462,Valsad,KAPRADA,-,-,Narmada,Narmada,Unch,-,-,Daman Ganga,20.20360472,73.28184278,16-09-1990 08:30,1
1526,Nanipalson,CWC,24,Gujarat,462,Valsad,KAPRADA,-,-,Narmada,Narmada,Unch,-,-,Daman Ganga,20.20360472,73.28184278,17-09-1990 08:30,1.5
1527,Nanipalson,CWC,24,Gujarat,462,Valsad,KAPRADA,-,-,Narmada,Narmada,Unch,-,-,Daman Ganga,20.20360472,73.28184278,18-09-1990 08:30,5.5
1528,Nanipalson,CWC,24,Gujarat,462,Valsad,KAPRADA,-,-,Narmada,Narmada,Unch,-,-,Daman Ganga,20.20360472,73.28184278,20-09-1990 08:30,3.5
1529,Nanipalson,CWC,24,Gujarat,462,Valsad,KAPRADA,-,-,Narmada,Narmada,Unch,-,-,Daman Ganga,20.20360472,73.28184278,24-09-1990 08:30,9.2
1530,Nanipalson,CWC,24,Gujarat,462,Valsad,KAPRADA,-,-,Narmada,Narmada,Unch,-,-,Daman Ganga,20.20360472,73.28184278,25-09-1990 08:30,64
1531,Nanipalson,CWC,24,Gujarat,462,Valsad,KAPRADA,-,-,Narmada,Narmada,Unch,-,-,Daman Ganga,20.20360472,73.28184278,26-09-1990 08:30,72.2
1532,Nanipalson,CWC,24,Gujarat,462,Valsad,KAPRADA,-,-,Narmada,Narmada,Unch,-,-,Daman Ganga,20.20360472,73.28184278,27-09-1990 08:30,54
1533,Nanipalson,CWC,24,Gujarat,462,Valsad,KAPRADA,-,-,Narmada,Narmada,Unch,-,-,Daman Ganga,20.20360472,73.28184278,28-09-1990 08:30,40
1534,Nanipalson,CWC,24,Gujarat,462,Valsad,KAPRADA,-,-,Narmada,Narmada,Unch,-,-,Daman Ganga,20.20360472,73.28184278,29-09-1990 08:30,13
1535,Nanipalson,CWC,24,Gujarat,462,Valsad,KAPRADA,-,-,Narmada,Narmada,Unch,-,-,Daman Ganga,20.20360472,73.28184278,30-09-1990 08:30,8
1536,Nanipalson,CWC,24,Gujarat,462,Valsad,KAPRADA,-,-,Narmada,Narmada,Unch,-,-,Daman Ganga,20.20360472,73.28184278,10-10-1990 08:30,67
1537,Nanipalson,CWC,24,Gujarat,462,Valsad,KAPRADA,-,-,Narmada,Narmada,Unch,-,-,Daman Ganga,20.20360472,73.28184278,11-10-1990 08:30,12.5
1538,Nanipalson,CWC,24,Gujarat,462,Valsad,KAPRADA,-,-,Narmada,Narmada,Unch,-,-,Daman Ganga,20.20360472,73.28184278,27-10-1990 08:30,11.5
1539,Nanipalson,CWC,24,Gujarat,462,Valsad,KAPRADA,-,-,Narmada,Narmada,Unch,-,-,Daman Ganga,20.20360472,73.28184278,19-11-1990 08:30,1.5
1540,Nanipalson,CWC,24,Gujarat,462,Valsad,KAPRADA,-,-,Narmada,Narmada,Unch,-,-,Daman Ganga,20.20360472,73.28184278,20-11-1990 08:30,0.5
1541,Nanipalson,CWC,24,Gujarat,462,Valsad,KAPRADA,-,-,Narmada,Narmada,Unch,-,-,Daman Ganga,20.20360472,73.28184278,27-11-1990 08:30,19.6
1542,Shetrunji at Lowara,CWC,24,Gujarat,443,Bhavnagar,GARIADHAR,-,-,Barak,Barak and Others,Barak,Barak,Barak,Barak,21.44398000,71.56131472,04-06-1989 08:30,6.4
1543,Shetrunji at Lowara,CWC,24,Gujarat,443,Bhavnagar,GARIADHAR,-,-,Barak,Barak and Others,Barak,Barak,Barak,Barak,21.44398000,71.56131472,04-06-1989 17:30,6.4
1544,Shetrunji at Lowara,CWC,24,Gujarat,443,Bhavnagar,GARIADHAR,-,-,Barak,Barak and Others,Barak,Barak,Barak,Barak,21.44398000,71.56131472,06-06-1989 08:30,2.4
1545,Shetrunji at Lowara,CWC,24,Gujarat,443,Bhavnagar,GARIADHAR,-,-,Barak,Barak and Others,Barak,Barak,Barak,Barak,21.44398000,71.56131472,06-06-1989 17:30,2.4
1546,Shetrunji at Lowara,CWC,24,Gujarat,443,Bhavnagar,GARIADHAR,-,-,Barak,Barak and Others,Barak,Barak,Barak,Barak,21.44398000,71.56131472,08-06-1989 08:30,8.5
1547,Shetrunji at Lowara,CWC,24,Gujarat,443,Bhavnagar,GARIADHAR,-,-,Barak,Barak and Others,Barak,Barak,Barak,Barak,21.44398000,71.56131472,08-06-1989 17:30,8.5
1548,Shetrunji at Lowara,CWC,24,Gujarat,443,Bhavnagar,GARIADHAR,-,-,Barak,Barak and Others,Barak,Barak,Barak,Barak,21.44398000,71.56131472,09-06-1989 08:30,48.199997
1549,Shetrunji at Lowara,CWC,24,Gujarat,443,Bhavnagar,GARIADHAR,-,-,Barak,Barak and Others,Barak,Barak,Barak,Barak,21.44398000,71.56131472,09-06-1989 08:30,14.6
1550,Shetrunji at Lowara,CWC,24,Gujarat,443,Bhavnagar,GARIADHAR,-,-,Barak,Barak and Others,Barak,Barak,Barak,Barak,21.44398000,71.56131472,09-06-1989 17:30,33.6
1551,Shetrunji at Lowara,CWC,24,Gujarat,443,Bhavnagar,GARIADHAR,-,-,Barak,Barak and Others,Barak,Barak,Barak,Barak,21.44398000,71.56131472,10-06-1989 08:30,2
1552,Shetrunji at Lowara,CWC,24,Gujarat,443,Bhavnagar,GARIADHAR,-,-,Barak,Barak and Others,Barak,Barak,Barak,Barak,21.44398000,71.56131472,10-06-1989 08:30,2
1553,Shetrunji at Lowara,CWC,24,Gujarat,443,Bhavnagar,GARIADHAR,-,-,Barak,Barak and Others,Barak,Barak,Barak,Barak,21.44398000,71.56131472,11-06-1989 08:30,3.9
1554,Shetrunji at Lowara,CWC,24,Gujarat,443,Bhavnagar,GARIADHAR,-,-,Barak,Barak and Others,Barak,Barak,Barak,Barak,21.44398000,71.56131472,11-06-1989 08:30,1.2
1555,Shetrunji at Lowara,CWC,24,Gujarat,443,Bhavnagar,GARIADHAR,-,-,Barak,Barak and Others,Barak,Barak,Barak,Barak,21.44398000,71.56131472,11-06-1989 17:30,2.7
1556,Shetrunji at Lowara,CWC,24,Gujarat,443,Bhavnagar,GARIADHAR,-,-,Barak,Barak and Others,Barak,Barak,Barak,Barak,21.44398000,71.56131472,12-06-1989 08:30,1.6
1557,Shetrunji at Lowara,CWC,24,Gujarat,443,Bhavnagar,GARIADHAR,-,-,Barak,Barak and Others,Barak,Barak,Barak,Barak,21.44398000,71.56131472,12-06-1989 08:30,1.6
1558,Shetrunji at Lowara,CWC,24,Gujarat,443,Bhavnagar,GARIADHAR,-,-,Barak,Barak and Others,Barak,Barak,Barak,Barak,21.44398000,71.56131472,15-06-1989 08:30,10.8
1559,Shetrunji at Lowara,CWC,24,Gujarat,443,Bhavnagar,GARIADHAR,-,-,Barak,Barak and Others,Barak,Barak,Barak,Barak,21.44398000,71.56131472,15-06-1989 17:30,10.8
1560,Shetrunji at Lowara,CWC,24,Gujarat,443,Bhavnagar,GARIADHAR,-,-,Barak,Barak and Others,Barak,Barak,Barak,Barak,21.44398000,71.56131472,16-06-1989 08:30,89.8
1561,Shetrunji at Lowara,CWC,24,Gujarat,443,Bhavnagar,GARIADHAR,-,-,Barak,Barak and Others,Barak,Barak,Barak,Barak,21.44398000,71.56131472,16-06-1989 08:30,89.8
1562,Shetrunji at Lowara,CWC,24,Gujarat,443,Bhavnagar,GARIADHAR,-,-,Barak,Barak and Others,Barak,Barak,Barak,Barak,21.44398000,71.56131472,28-06-1989 08:30,12
1563,Shetrunji at Lowara,CWC,24,Gujarat,443,Bhavnagar,GARIADHAR,-,-,Barak,Barak and Others,Barak,Barak,Barak,Barak,21.44398000,71.56131472,28-06-1989 17:30,12
1564,Shetrunji at Lowara,CWC,24,Gujarat,443,Bhavnagar,GARIADHAR,-,-,Barak,Barak and Others,Barak,Barak,Barak,Barak,21.44398000,71.56131472,30-06-1989 08:30,8.099999
1565,Shetrunji at Lowara,CWC,24,Gujarat,443,Bhavnagar,GARIADHAR,-,-,Barak,Barak and Others,Barak,Barak,Barak,Barak,21.44398000,71.56131472,30-06-1989 08:30,6.2
1566,Shetrunji at Lowara,CWC,24,Gujarat,443,Bhavnagar,GARIADHAR,-,-,Barak,Barak and Others,Barak,Barak,Barak,Barak,21.44398000,71.56131472,30-06-1989 17:30,1.9
1567,Shetrunji at Lowara,CWC,24,Gujarat,443,Bhavnagar,GARIADHAR,-,-,Barak,Barak and Others,Barak,Barak,Barak,Barak,21.44398000,71.56131472,01-07-1989 08:30,27.7
1568,Shetrunji at Lowara,CWC,24,Gujarat,443,Bhavnagar,GARIADHAR,-,-,Barak,Barak and Others,Barak,Barak,Barak,Barak,21.44398000,71.56131472,01-07-1989 17:30,27.7
1569,Shetrunji at Lowara,CWC,24,Gujarat,443,Bhavnagar,GARIADHAR,-,-,Barak,Barak and Others,Barak,Barak,Barak,Barak,21.44398000,71.56131472,03-07-1989 08:30,2.4
1570,Shetrunji at Lowara,CWC,24,Gujarat,443,Bhavnagar,GARIADHAR,-,-,Barak,Barak and Others,Barak,Barak,Barak,Barak,21.44398000,71.56131472,03-07-1989 08:30,0.8
1571,Shetrunji at Lowara,CWC,24,Gujarat,443,Bhavnagar,GARIADHAR,-,-,Barak,Barak and Others,Barak,Barak,Barak,Barak,21.44398000,71.56131472,03-07-1989 17:30,1.6
1572,Shetrunji at Lowara,CWC,24,Gujarat,443,Bhavnagar,GARIADHAR,-,-,Barak,Barak and Others,Barak,Barak,Barak,Barak,21.44398000,71.56131472,06-07-1989 08:30,0.4
1573,Shetrunji at Lowara,CWC,24,Gujarat,443,Bhavnagar,GARIADHAR,-,-,Barak,Barak and Others,Barak,Barak,Barak,Barak,21.44398000,71.56131472,06-07-1989 17:30,0.4
1574,Shetrunji at Lowara,CWC,24,Gujarat,443,Bhavnagar,GARIADHAR,-,-,Barak,Barak and Others,Barak,Barak,Barak,Barak,21.44398000,71.56131472,09-07-1989 08:30,2.2
1575,Shetrunji at Lowara,CWC,24,Gujarat,443,Bhavnagar,GARIADHAR,-,-,Barak,Barak and Others,Barak,Barak,Barak,Barak,21.44398000,71.56131472,09-07-1989 17:30,2.2
1576,Shetrunji at Lowara,CWC,24,Gujarat,443,Bhavnagar,GARIADHAR,-,-,Barak,Barak and Others,Barak,Barak,Barak,Barak,21.44398000,71.56131472,13-07-1989 08:30,4.2
1577,Shetrunji at Lowara,CWC,24,Gujarat,443,Bhavnagar,GARIADHAR,-,-,Barak,Barak and Others,Barak,Barak,Barak,Barak,21.44398000,71.56131472,13-07-1989 17:30,4.2
1578,Shetrunji at Lowara,CWC,24,Gujarat,443,Bhavnagar,GARIADHAR,-,-,Barak,Barak and Others,Barak,Barak,Barak,Barak,21.44398000,71.56131472,14-07-1989 08:30,0.4
1579,Shetrunji at Lowara,CWC,24,Gujarat,443,Bhavnagar,GARIADHAR,-,-,Barak,Barak and Others,Barak,Barak,Barak,Barak,21.44398000,71.56131472,14-07-1989 17:30,0.4
1580,Shetrunji at Lowara,CWC,24,Gujarat,443,Bhavnagar,GARIADHAR,-,-,Barak,Barak and Others,Barak,Barak,Barak,Barak,21.44398000,71.56131472,16-07-1989 08:30,0.6
1581,Shetrunji at Lowara,CWC,24,Gujarat,443,Bhavnagar,GARIADHAR,-,-,Barak,Barak and Others,Barak,Barak,Barak,Barak,21.44398000,71.56131472,16-07-1989 17:30,0.6
1582,Shetrunji at Lowara,CWC,24,Gujarat,443,Bhavnagar,GARIADHAR,-,-,Barak,Barak and Others,Barak,Barak,Barak,Barak,21.44398000,71.56131472,17-07-1989 08:30,0.4
1583,Shetrunji at Lowara,CWC,24,Gujarat,443,Bhavnagar,GARIADHAR,-,-,Barak,Barak and Others,Barak,Barak,Barak,Barak,21.44398000,71.56131472,17-07-1989 08:30,0.4
1584,Shetrunji at Lowara,CWC,24,Gujarat,443,Bhavnagar,GARIADHAR,-,-,Barak,Barak and Others,Barak,Barak,Barak,Barak,21.44398000,71.56131472,18-07-1989 08:30,0.8
1585,Shetrunji at Lowara,CWC,24,Gujarat,443,Bhavnagar,GARIADHAR,-,-,Barak,Barak and Others,Barak,Barak,Barak,Barak,21.44398000,71.56131472,18-07-1989 08:30,0.8
1586,Shetrunji at Lowara,CWC,24,Gujarat,443,Bhavnagar,GARIADHAR,-,-,Barak,Barak and Others,Barak,Barak,Barak,Barak,21.44398000,71.56131472,19-07-1989 08:30,1
1587,Shetrunji at Lowara,CWC,24,Gujarat,443,Bhavnagar,GARIADHAR,-,-,Barak,Barak and Others,Barak,Barak,Barak,Barak,21.44398000,71.56131472,19-07-1989 17:30,1
1588,Shetrunji at Lowara,CWC,24,Gujarat,443,Bhavnagar,GARIADHAR,-,-,Barak,Barak and Others,Barak,Barak,Barak,Barak,21.44398000,71.56131472,20-07-1989 08:30,2.4
1589,Shetrunji at Lowara,CWC,24,Gujarat,443,Bhavnagar,GARIADHAR,-,-,Barak,Barak and Others,Barak,Barak,Barak,Barak,21.44398000,71.56131472,20-07-1989 17:30,2.4
1590,Shetrunji at Lowara,CWC,24,Gujarat,443,Bhavnagar,GARIADHAR,-,-,Barak,Barak and Others,Barak,Barak,Barak,Barak,21.44398000,71.56131472,21-07-1989 08:30,1.2
1591,Shetrunji at Lowara,CWC,24,Gujarat,443,Bhavnagar,GARIADHAR,-,-,Barak,Barak and Others,Barak,Barak,Barak,Barak,21.44398000,71.56131472,21-07-1989 17:30,1.2
1592,Shetrunji at Lowara,CWC,24,Gujarat,443,Bhavnagar,GARIADHAR,-,-,Barak,Barak and Others,Barak,Barak,Barak,Barak,21.44398000,71.56131472,22-07-1989 08:30,61
1593,Shetrunji at Lowara,CWC,24,Gujarat,443,Bhavnagar,GARIADHAR,-,-,Barak,Barak and Others,Barak,Barak,Barak,Barak,21.44398000,71.56131472,22-07-1989 17:30,61
1594,Shetrunji at Lowara,CWC,24,Gujarat,443,Bhavnagar,GARIADHAR,-,-,Barak,Barak and Others,Barak,Barak,Barak,Barak,21.44398000,71.56131472,23-07-1989 08:30,44.2
1595,Shetrunji at Lowara,CWC,24,Gujarat,443,Bhavnagar,GARIADHAR,-,-,Barak,Barak and Others,Barak,Barak,Barak,Barak,21.44398000,71.56131472,23-07-1989 17:30,44.2
1596,Shetrunji at Lowara,CWC,24,Gujarat,443,Bhavnagar,GARIADHAR,-,-,Barak,Barak and Others,Barak,Barak,Barak,Barak,21.44398000,71.56131472,24-07-1989 08:30,67.6
1597,Shetrunji at Lowara,CWC,24,Gujarat,443,Bhavnagar,GARIADHAR,-,-,Barak,Barak and Others,Barak,Barak,Barak,Barak,21.44398000,71.56131472,24-07-1989 08:30,52.2
1598,Shetrunji at Lowara,CWC,24,Gujarat,443,Bhavnagar,GARIADHAR,-,-,Barak,Barak and Others,Barak,Barak,Barak,Barak,21.44398000,71.56131472,24-07-1989 17:30,15.4
1599,Shetrunji at Lowara,CWC,24,Gujarat,443,Bhavnagar,GARIADHAR,-,-,Barak,Barak and Others,Barak,Barak,Barak,Barak,21.44398000,71.56131472,25-07-1989 08:30,43.6
1600,Shetrunji at Lowara,CWC,24,Gujarat,443,Bhavnagar,GARIADHAR,-,-,Barak,Barak and Others,Barak,Barak,Barak,Barak,21.44398000,71.56131472,25-07-1989 08:30,37.6
1601,Shetrunji at Lowara,CWC,24,Gujarat,443,Bhavnagar,GARIADHAR,-,-,Barak,Barak and Others,Barak,Barak,Barak,Barak,21.44398000,71.56131472,25-07-1989 17:30,6
1602,Shetrunji at Lowara,CWC,24,Gujarat,443,Bhavnagar,GARIADHAR,-,-,Barak,Barak and Others,Barak,Barak,Barak,Barak,21.44398000,71.56131472,26-07-1989 08:30,3
1603,Shetrunji at Lowara,CWC,24,Gujarat,443,Bhavnagar,GARIADHAR,-,-,Barak,Barak and Others,Barak,Barak,Barak,Barak,21.44398000,71.56131472,26-07-1989 08:30,1.6
1604,Shetrunji at Lowara,CWC,24,Gujarat,443,Bhavnagar,GARIADHAR,-,-,Barak,Barak and Others,Barak,Barak,Barak,Barak,21.44398000,71.56131472,26-07-1989 17:30,1.4
1605,Shetrunji at Lowara,CWC,24,Gujarat,443,Bhavnagar,GARIADHAR,-,-,Barak,Barak and Others,Barak,Barak,Barak,Barak,21.44398000,71.56131472,27-07-1989 08:30,1.4
1606,Shetrunji at Lowara,CWC,24,Gujarat,443,Bhavnagar,GARIADHAR,-,-,Barak,Barak and Others,Barak,Barak,Barak,Barak,21.44398000,71.56131472,27-07-1989 17:30,1.4
1607,Shetrunji at Lowara,CWC,24,Gujarat,443,Bhavnagar,GARIADHAR,-,-,Barak,Barak and Others,Barak,Barak,Barak,Barak,21.44398000,71.56131472,04-08-1989 08:30,0.4
1608,Shetrunji at Lowara,CWC,24,Gujarat,443,Bhavnagar,GARIADHAR,-,-,Barak,Barak and Others,Barak,Barak,Barak,Barak,21.44398000,71.56131472,04-08-1989 17:30,0.4
1609,Shetrunji at Lowara,CWC,24,Gujarat,443,Bhavnagar,GARIADHAR,-,-,Barak,Barak and Others,Barak,Barak,Barak,Barak,21.44398000,71.56131472,09-08-1989 08:30,0.8
1610,Shetrunji at Lowara,CWC,24,Gujarat,443,Bhavnagar,GARIADHAR,-,-,Barak,Barak and Others,Barak,Barak,Barak,Barak,21.44398000,71.56131472,09-08-1989 17:30,0.8
1611,Shetrunji at Lowara,CWC,24,Gujarat,443,Bhavnagar,GARIADHAR,-,-,Barak,Barak and Others,Barak,Barak,Barak,Barak,21.44398000,71.56131472,17-08-1989 08:30,0.6
1612,Shetrunji at Lowara,CWC,24,Gujarat,443,Bhavnagar,GARIADHAR,-,-,Barak,Barak and Others,Barak,Barak,Barak,Barak,21.44398000,71.56131472,17-08-1989 17:30,0.6
1613,Shetrunji at Lowara,CWC,24,Gujarat,443,Bhavnagar,GARIADHAR,-,-,Barak,Barak and Others,Barak,Barak,Barak,Barak,21.44398000,71.56131472,18-08-1989 08:30,15.2
1614,Shetrunji at Lowara,CWC,24,Gujarat,443,Bhavnagar,GARIADHAR,-,-,Barak,Barak and Others,Barak,Barak,Barak,Barak,21.44398000,71.56131472,18-08-1989 08:30,13.8
1615,Shetrunji at Lowara,CWC,24,Gujarat,443,Bhavnagar,GARIADHAR,-,-,Barak,Barak and Others,Barak,Barak,Barak,Barak,21.44398000,71.56131472,18-08-1989 17:30,1.4
1616,Shetrunji at Lowara,CWC,24,Gujarat,443,Bhavnagar,GARIADHAR,-,-,Barak,Barak and Others,Barak,Barak,Barak,Barak,21.44398000,71.56131472,19-08-1989 08:30,12.4
1617,Shetrunji at Lowara,CWC,24,Gujarat,443,Bhavnagar,GARIADHAR,-,-,Barak,Barak and Others,Barak,Barak,Barak,Barak,21.44398000,71.56131472,19-08-1989 17:30,12.4
1618,Shetrunji at Lowara,CWC,24,Gujarat,443,Bhavnagar,GARIADHAR,-,-,Barak,Barak and Others,Barak,Barak,Barak,Barak,21.44398000,71.56131472,20-08-1989 08:30,43.800003
1619,Shetrunji at Lowara,CWC,24,Gujarat,443,Bhavnagar,GARIADHAR,-,-,Barak,Barak and Others,Barak,Barak,Barak,Barak,21.44398000,71.56131472,20-08-1989 08:30,0.4
1620,Shetrunji at Lowara,CWC,24,Gujarat,443,Bhavnagar,GARIADHAR,-,-,Barak,Barak and Others,Barak,Barak,Barak,Barak,21.44398000,71.56131472,20-08-1989 17:30,43.4
1621,Shetrunji at Lowara,CWC,24,Gujarat,443,Bhavnagar,GARIADHAR,-,-,Barak,Barak and Others,Barak,Barak,Barak,Barak,21.44398000,71.56131472,21-08-1989 08:30,0.8
1622,Shetrunji at Lowara,CWC,24,Gujarat,443,Bhavnagar,GARIADHAR,-,-,Barak,Barak and Others,Barak,Barak,Barak,Barak,21.44398000,71.56131472,21-08-1989 17:30,0.8
1623,Shetrunji at Lowara,CWC,24,Gujarat,443,Bhavnagar,GARIADHAR,-,-,Barak,Barak and Others,Barak,Barak,Barak,Barak,21.44398000,71.56131472,23-08-1989 08:30,3
1624,Shetrunji at Lowara,CWC,24,Gujarat,443,Bhavnagar,GARIADHAR,-,-,Barak,Barak and Others,Barak,Barak,Barak,Barak,21.44398000,71.56131472,23-08-1989 08:30,1.6
1625,Shetrunji at Lowara,CWC,24,Gujarat,443,Bhavnagar,GARIADHAR,-,-,Barak,Barak and Others,Barak,Barak,Barak,Barak,21.44398000,71.56131472,23-08-1989 17:30,1.4
1626,Shetrunji at Lowara,CWC,24,Gujarat,443,Bhavnagar,GARIADHAR,-,-,Barak,Barak and Others,Barak,Barak,Barak,Barak,21.44398000,71.56131472,26-08-1989 08:30,0.8
1627,Shetrunji at Lowara,CWC,24,Gujarat,443,Bhavnagar,GARIADHAR,-,-,Barak,Barak and Others,Barak,Barak,Barak,Barak,21.44398000,71.56131472,26-08-1989 17:30,0.8
1628,Shetrunji at Lowara,CWC,24,Gujarat,443,Bhavnagar,GARIADHAR,-,-,Barak,Barak and Others,Barak,Barak,Barak,Barak,21.44398000,71.56131472,27-08-1989 08:30,0.8
1629,Shetrunji at Lowara,CWC,24,Gujarat,443,Bhavnagar,GARIADHAR,-,-,Barak,Barak and Others,Barak,Barak,Barak,Barak,21.44398000,71.56131472,27-08-1989 17:30,0.8
1630,Shetrunji at Lowara,CWC,24,Gujarat,443,Bhavnagar,GARIADHAR,-,-,Barak,Barak and Others,Barak,Barak,Barak,Barak,21.44398000,71.56131472,28-08-1989 08:30,0.4
1631,Shetrunji at Lowara,CWC,24,Gujarat,443,Bhavnagar,GARIADHAR,-,-,Barak,Barak and Others,Barak,Barak,Barak,Barak,21.44398000,71.56131472,28-08-1989 17:30,0.4
1632,Shetrunji at Lowara,CWC,24,Gujarat,443,Bhavnagar,GARIADHAR,-,-,Barak,Barak and Others,Barak,Barak,Barak,Barak,21.44398000,71.56131472,10-09-1989 08:30,3.4
1633,Shetrunji at Lowara,CWC,24,Gujarat,443,Bhavnagar,GARIADHAR,-,-,Barak,Barak and Others,Barak,Barak,Barak,Barak,21.44398000,71.56131472,10-09-1989 17:30,3.4
1634,Shetrunji at Lowara,CWC,24,Gujarat,443,Bhavnagar,GARIADHAR,-,-,Barak,Barak and Others,Barak,Barak,Barak,Barak,21.44398000,71.56131472,11-09-1989 08:30,0.8
1635,Shetrunji at Lowara,CWC,24,Gujarat,443,Bhavnagar,GARIADHAR,-,-,Barak,Barak and Others,Barak,Barak,Barak,Barak,21.44398000,71.56131472,11-09-1989 17:30,0.8
1636,Shetrunji at Lowara,CWC,24,Gujarat,443,Bhavnagar,GARIADHAR,-,-,Barak,Barak and Others,Barak,Barak,Barak,Barak,21.44398000,71.56131472,13-09-1989 08:30,9.7
1637,Shetrunji at Lowara,CWC,24,Gujarat,443,Bhavnagar,GARIADHAR,-,-,Barak,Barak and Others,Barak,Barak,Barak,Barak,21.44398000,71.56131472,13-09-1989 17:30,9.7
1638,Shetrunji at Lowara,CWC,24,Gujarat,443,Bhavnagar,GARIADHAR,-,-,Barak,Barak and Others,Barak,Barak,Barak,Barak,21.44398000,71.56131472,18-09-1989 08:30,0.5
1639,Shetrunji at Lowara,CWC,24,Gujarat,443,Bhavnagar,GARIADHAR,-,-,Barak,Barak and Others,Barak,Barak,Barak,Barak,21.44398000,71.56131472,18-09-1989 17:30,0.5
1640,Shetrunji at Lowara,CWC,24,Gujarat,443,Bhavnagar,GARIADHAR,-,-,Barak,Barak and Others,Barak,Barak,Barak,Barak,21.44398000,71.56131472,22-09-1989 08:30,44.6
1641,Shetrunji at Lowara,CWC,24,Gujarat,443,Bhavnagar,GARIADHAR,-,-,Barak,Barak and Others,Barak,Barak,Barak,Barak,21.44398000,71.56131472,22-09-1989 17:30,44.6
1642,Shetrunji at Lowara,CWC,24,Gujarat,443,Bhavnagar,GARIADHAR,-,-,Barak,Barak and Others,Barak,Barak,Barak,Barak,21.44398000,71.56131472,23-09-1989 08:30,1
1643,Shetrunji at Lowara,CWC,24,Gujarat,443,Bhavnagar,GARIADHAR,-,-,Barak,Barak and Others,Barak,Barak,Barak,Barak,21.44398000,71.56131472,23-09-1989 08:30,1
1644,Shetrunji at Lowara,CWC,24,Gujarat,443,Bhavnagar,GARIADHAR,-,-,Barak,Barak and Others,Barak,Barak,Barak,Barak,21.44398000,71.56131472,25-09-1989 08:30,13.8
1645,Shetrunji at Lowara,CWC,24,Gujarat,443,Bhavnagar,GARIADHAR,-,-,Barak,Barak and Others,Barak,Barak,Barak,Barak,21.44398000,71.56131472,25-09-1989 17:30,13.8
1646,Shetrunji at Lowara,CWC,24,Gujarat,443,Bhavnagar,GARIADHAR,-,-,Barak,Barak and Others,Barak,Barak,Barak,Barak,21.44398000,71.56131472,08-05-1990 08:30,12.4
1647,Shetrunji at Lowara,CWC,24,Gujarat,443,Bhavnagar,GARIADHAR,-,-,Barak,Barak and Others,Barak,Barak,Barak,Barak,21.44398000,71.56131472,08-05-1990 17:30,12.4
1648,Shetrunji at Lowara,CWC,24,Gujarat,443,Bhavnagar,GARIADHAR,-,-,Barak,Barak and Others,Barak,Barak,Barak,Barak,21.44398000,71.56131472,20-05-1990 08:30,31
1649,Shetrunji at Lowara,CWC,24,Gujarat,443,Bhavnagar,GARIADHAR,-,-,Barak,Barak and Others,Barak,Barak,Barak,Barak,21.44398000,71.56131472,20-05-1990 17:30,31
1650,Shetrunji at Lowara,CWC,24,Gujarat,443,Bhavnagar,GARIADHAR,-,-,Barak,Barak and Others,Barak,Barak,Barak,Barak,21.44398000,71.56131472,03-06-1990 08:30,1.2
1651,Shetrunji at Lowara,CWC,24,Gujarat,443,Bhavnagar,GARIADHAR,-,-,Barak,Barak and Others,Barak,Barak,Barak,Barak,21.44398000,71.56131472,03-06-1990 17:30,1.2
1652,Shetrunji at Lowara,CWC,24,Gujarat,443,Bhavnagar,GARIADHAR,-,-,Barak,Barak and Others,Barak,Barak,Barak,Barak,21.44398000,71.56131472,27-06-1990 08:30,3.4
1653,Shetrunji at Lowara,CWC,24,Gujarat,443,Bhavnagar,GARIADHAR,-,-,Barak,Barak and Others,Barak,Barak,Barak,Barak,21.44398000,71.56131472,27-06-1990 08:30,3.4
1654,Shetrunji at Lowara,CWC,24,Gujarat,443,Bhavnagar,GARIADHAR,-,-,Barak,Barak and Others,Barak,Barak,Barak,Barak,21.44398000,71.56131472,28-06-1990 08:30,20
1655,Shetrunji at Lowara,CWC,24,Gujarat,443,Bhavnagar,GARIADHAR,-,-,Barak,Barak and Others,Barak,Barak,Barak,Barak,21.44398000,71.56131472,28-06-1990 17:30,20
1656,Shetrunji at Lowara,CWC,24,Gujarat,443,Bhavnagar,GARIADHAR,-,-,Barak,Barak and Others,Barak,Barak,Barak,Barak,21.44398000,71.56131472,29-06-1990 08:30,28.6
1657,Shetrunji at Lowara,CWC,24,Gujarat,443,Bhavnagar,GARIADHAR,-,-,Barak,Barak and Others,Barak,Barak,Barak,Barak,21.44398000,71.56131472,29-06-1990 08:30,17.6
1658,Shetrunji at Lowara,CWC,24,Gujarat,443,Bhavnagar,GARIADHAR,-,-,Barak,Barak and Others,Barak,Barak,Barak,Barak,21.44398000,71.56131472,29-06-1990 17:30,11
1659,Shetrunji at Lowara,CWC,24,Gujarat,443,Bhavnagar,GARIADHAR,-,-,Barak,Barak and Others,Barak,Barak,Barak,Barak,21.44398000,71.56131472,02-07-1990 08:30,1.4
1660,Shetrunji at Lowara,CWC,24,Gujarat,443,Bhavnagar,GARIADHAR,-,-,Barak,Barak and Others,Barak,Barak,Barak,Barak,21.44398000,71.56131472,02-07-1990 17:30,1.4
1661,Shetrunji at Lowara,CWC,24,Gujarat,443,Bhavnagar,GARIADHAR,-,-,Barak,Barak and Others,Barak,Barak,Barak,Barak,21.44398000,71.56131472,03-07-1990 08:30,0.8
1662,Shetrunji at Lowara,CWC,24,Gujarat,443,Bhavnagar,GARIADHAR,-,-,Barak,Barak and Others,Barak,Barak,Barak,Barak,21.44398000,71.56131472,03-07-1990 17:30,0.8
1663,Shetrunji at Lowara,CWC,24,Gujarat,443,Bhavnagar,GARIADHAR,-,-,Barak,Barak and Others,Barak,Barak,Barak,Barak,21.44398000,71.56131472,05-07-1990 08:30,0.8
1664,Shetrunji at Lowara,CWC,24,Gujarat,443,Bhavnagar,GARIADHAR,-,-,Barak,Barak and Others,Barak,Barak,Barak,Barak,21.44398000,71.56131472,05-07-1990 17:30,0.8
1665,Shetrunji at Lowara,CWC,24,Gujarat,443,Bhavnagar,GARIADHAR,-,-,Barak,Barak and Others,Barak,Barak,Barak,Barak,21.44398000,71.56131472,19-07-1990 08:30,11.6
1666,Shetrunji at Lowara,CWC,24,Gujarat,443,Bhavnagar,GARIADHAR,-,-,Barak,Barak and Others,Barak,Barak,Barak,Barak,21.44398000,71.56131472,19-07-1990 08:30,3.6
1667,Shetrunji at Lowara,CWC,24,Gujarat,443,Bhavnagar,GARIADHAR,-,-,Barak,Barak and Others,Barak,Barak,Barak,Barak,21.44398000,71.56131472,19-07-1990 17:30,8
1668,Shetrunji at Lowara,CWC,24,Gujarat,443,Bhavnagar,GARIADHAR,-,-,Barak,Barak and Others,Barak,Barak,Barak,Barak,21.44398000,71.56131472,25-07-1990 08:30,1
1669,Shetrunji at Lowara,CWC,24,Gujarat,443,Bhavnagar,GARIADHAR,-,-,Barak,Barak and Others,Barak,Barak,Barak,Barak,21.44398000,71.56131472,25-07-1990 17:30,1
1670,Shetrunji at Lowara,CWC,24,Gujarat,443,Bhavnagar,GARIADHAR,-,-,Barak,Barak and Others,Barak,Barak,Barak,Barak,21.44398000,71.56131472,01-08-1990 08:30,1.2
1671,Shetrunji at Lowara,CWC,24,Gujarat,443,Bhavnagar,GARIADHAR,-,-,Barak,Barak and Others,Barak,Barak,Barak,Barak,21.44398000,71.56131472,01-08-1990 17:30,1.2
1672,Shetrunji at Lowara,CWC,24,Gujarat,443,Bhavnagar,GARIADHAR,-,-,Barak,Barak and Others,Barak,Barak,Barak,Barak,21.44398000,71.56131472,02-08-1990 08:30,0.8
1673,Shetrunji at Lowara,CWC,24,Gujarat,443,Bhavnagar,GARIADHAR,-,-,Barak,Barak and Others,Barak,Barak,Barak,Barak,21.44398000,71.56131472,02-08-1990 08:30,0.8
1674,Shetrunji at Lowara,CWC,24,Gujarat,443,Bhavnagar,GARIADHAR,-,-,Barak,Barak and Others,Barak,Barak,Barak,Barak,21.44398000,71.56131472,04-08-1990 08:30,6.5
1675,Shetrunji at Lowara,CWC,24,Gujarat,443,Bhavnagar,GARIADHAR,-,-,Barak,Barak and Others,Barak,Barak,Barak,Barak,21.44398000,71.56131472,04-08-1990 17:30,6.5
1676,Shetrunji at Lowara,CWC,24,Gujarat,443,Bhavnagar,GARIADHAR,-,-,Barak,Barak and Others,Barak,Barak,Barak,Barak,21.44398000,71.56131472,05-08-1990 08:30,11.5
1677,Shetrunji at Lowara,CWC,24,Gujarat,443,Bhavnagar,GARIADHAR,-,-,Barak,Barak and Others,Barak,Barak,Barak,Barak,21.44398000,71.56131472,05-08-1990 17:30,11.5
1678,Shetrunji at Lowara,CWC,24,Gujarat,443,Bhavnagar,GARIADHAR,-,-,Barak,Barak and Others,Barak,Barak,Barak,Barak,21.44398000,71.56131472,16-08-1990 08:30,2
1679,Shetrunji at Lowara,CWC,24,Gujarat,443,Bhavnagar,GARIADHAR,-,-,Barak,Barak and Others,Barak,Barak,Barak,Barak,21.44398000,71.56131472,16-08-1990 17:30,2
1680,Shetrunji at Lowara,CWC,24,Gujarat,443,Bhavnagar,GARIADHAR,-,-,Barak,Barak and Others,Barak,Barak,Barak,Barak,21.44398000,71.56131472,17-08-1990 08:30,161.4
1681,Shetrunji at Lowara,CWC,24,Gujarat,443,Bhavnagar,GARIADHAR,-,-,Barak,Barak and Others,Barak,Barak,Barak,Barak,21.44398000,71.56131472,17-08-1990 08:30,112.4
1682,Shetrunji at Lowara,CWC,24,Gujarat,443,Bhavnagar,GARIADHAR,-,-,Barak,Barak and Others,Barak,Barak,Barak,Barak,21.44398000,71.56131472,17-08-1990 17:30,49
1683,Shetrunji at Lowara,CWC,24,Gujarat,443,Bhavnagar,GARIADHAR,-,-,Barak,Barak and Others,Barak,Barak,Barak,Barak,21.44398000,71.56131472,18-08-1990 08:30,71.4
1684,Shetrunji at Lowara,CWC,24,Gujarat,443,Bhavnagar,GARIADHAR,-,-,Barak,Barak and Others,Barak,Barak,Barak,Barak,21.44398000,71.56131472,18-08-1990 08:30,1
1685,Shetrunji at Lowara,CWC,24,Gujarat,443,Bhavnagar,GARIADHAR,-,-,Barak,Barak and Others,Barak,Barak,Barak,Barak,21.44398000,71.56131472,18-08-1990 17:30,70.4
1686,Shetrunji at Lowara,CWC,24,Gujarat,443,Bhavnagar,GARIADHAR,-,-,Barak,Barak and Others,Barak,Barak,Barak,Barak,21.44398000,71.56131472,19-08-1990 08:30,9.2
1687,Shetrunji at Lowara,CWC,24,Gujarat,443,Bhavnagar,GARIADHAR,-,-,Barak,Barak and Others,Barak,Barak,Barak,Barak,21.44398000,71.56131472,19-08-1990 17:30,9.2
1688,Shetrunji at Lowara,CWC,24,Gujarat,443,Bhavnagar,GARIADHAR,-,-,Barak,Barak and Others,Barak,Barak,Barak,Barak,21.44398000,71.56131472,20-08-1990 08:30,1
1689,Shetrunji at Lowara,CWC,24,Gujarat,443,Bhavnagar,GARIADHAR,-,-,Barak,Barak and Others,Barak,Barak,Barak,Barak,21.44398000,71.56131472,20-08-1990 17:30,1
1690,Shetrunji at Lowara,CWC,24,Gujarat,443,Bhavnagar,GARIADHAR,-,-,Barak,Barak and Others,Barak,Barak,Barak,Barak,21.44398000,71.56131472,21-08-1990 08:30,9.2
1691,Shetrunji at Lowara,CWC,24,Gujarat,443,Bhavnagar,GARIADHAR,-,-,Barak,Barak and Others,Barak,Barak,Barak,Barak,21.44398000,71.56131472,21-08-1990 17:30,9.2
1692,Shetrunji at Lowara,CWC,24,Gujarat,443,Bhavnagar,GARIADHAR,-,-,Barak,Barak and Others,Barak,Barak,Barak,Barak,21.44398000,71.56131472,22-08-1990 08:30,8
1693,Shetrunji at Lowara,CWC,24,Gujarat,443,Bhavnagar,GARIADHAR,-,-,Barak,Barak and Others,Barak,Barak,Barak,Barak,21.44398000,71.56131472,22-08-1990 17:30,8
1694,Shetrunji at Lowara,CWC,24,Gujarat,443,Bhavnagar,GARIADHAR,-,-,Barak,Barak and Others,Barak,Barak,Barak,Barak,21.44398000,71.56131472,23-08-1990 08:30,7
1695,Shetrunji at Lowara,CWC,24,Gujarat,443,Bhavnagar,GARIADHAR,-,-,Barak,Barak and Others,Barak,Barak,Barak,Barak,21.44398000,71.56131472,23-08-1990 08:30,2
1696,Shetrunji at Lowara,CWC,24,Gujarat,443,Bhavnagar,GARIADHAR,-,-,Barak,Barak and Others,Barak,Barak,Barak,Barak,21.44398000,71.56131472,23-08-1990 17:30,5
1697,Shetrunji at Lowara,CWC,24,Gujarat,443,Bhavnagar,GARIADHAR,-,-,Barak,Barak and Others,Barak,Barak,Barak,Barak,21.44398000,71.56131472,24-08-1990 08:30,11.8
1698,Shetrunji at Lowara,CWC,24,Gujarat,443,Bhavnagar,GARIADHAR,-,-,Barak,Barak and Others,Barak,Barak,Barak,Barak,21.44398000,71.56131472,24-08-1990 08:30,11.8
1699,Shetrunji at Lowara,CWC,24,Gujarat,443,Bhavnagar,GARIADHAR,-,-,Barak,Barak and Others,Barak,Barak,Barak,Barak,21.44398000,71.56131472,25-08-1990 08:30,2
1700,Shetrunji at Lowara,CWC,24,Gujarat,443,Bhavnagar,GARIADHAR,-,-,Barak,Barak and Others,Barak,Barak,Barak,Barak,21.44398000,71.56131472,25-08-1990 08:30,2
1701,Shetrunji at Lowara,CWC,24,Gujarat,443,Bhavnagar,GARIADHAR,-,-,Barak,Barak and Others,Barak,Barak,Barak,Barak,21.44398000,71.56131472,26-08-1990 08:30,3
1702,Shetrunji at Lowara,CWC,24,Gujarat,443,Bhavnagar,GARIADHAR,-,-,Barak,Barak and Others,Barak,Barak,Barak,Barak,21.44398000,71.56131472,26-08-1990 17:30,3
1703,Shetrunji at Lowara,CWC,24,Gujarat,443,Bhavnagar,GARIADHAR,-,-,Barak,Barak and Others,Barak,Barak,Barak,Barak,21.44398000,71.56131472,27-08-1990 08:30,2.8
1704,Shetrunji at Lowara,CWC,24,Gujarat,443,Bhavnagar,GARIADHAR,-,-,Barak,Barak and Others,Barak,Barak,Barak,Barak,21.44398000,71.56131472,27-08-1990 17:30,2.8
1705,Shetrunji at Lowara,CWC,24,Gujarat,443,Bhavnagar,GARIADHAR,-,-,Barak,Barak and Others,Barak,Barak,Barak,Barak,21.44398000,71.56131472,31-08-1990 08:30,7.6000004
1706,Shetrunji at Lowara,CWC,24,Gujarat,443,Bhavnagar,GARIADHAR,-,-,Barak,Barak and Others,Barak,Barak,Barak,Barak,21.44398000,71.56131472,31-08-1990 08:30,4.8
1707,Shetrunji at Lowara,CWC,24,Gujarat,443,Bhavnagar,GARIADHAR,-,-,Barak,Barak and Others,Barak,Barak,Barak,Barak,21.44398000,71.56131472,31-08-1990 17:30,2.8
1708,Shetrunji at Lowara,CWC,24,Gujarat,443,Bhavnagar,GARIADHAR,-,-,Barak,Barak and Others,Barak,Barak,Barak,Barak,21.44398000,71.56131472,02-09-1990 08:30,1
1709,Shetrunji at Lowara,CWC,24,Gujarat,443,Bhavnagar,GARIADHAR,-,-,Barak,Barak and Others,Barak,Barak,Barak,Barak,21.44398000,71.56131472,02-09-1990 17:30,1
1710,Shetrunji at Lowara,CWC,24,Gujarat,443,Bhavnagar,GARIADHAR,-,-,Barak,Barak and Others,Barak,Barak,Barak,Barak,21.44398000,71.56131472,03-09-1990 08:30,1
1711,Shetrunji at Lowara,CWC,24,Gujarat,443,Bhavnagar,GARIADHAR,-,-,Barak,Barak and Others,Barak,Barak,Barak,Barak,21.44398000,71.56131472,03-09-1990 17:30,1
1712,Shetrunji at Lowara,CWC,24,Gujarat,443,Bhavnagar,GARIADHAR,-,-,Barak,Barak and Others,Barak,Barak,Barak,Barak,21.44398000,71.56131472,05-09-1990 08:30,4.6
1713,Shetrunji at Lowara,CWC,24,Gujarat,443,Bhavnagar,GARIADHAR,-,-,Barak,Barak and Others,Barak,Barak,Barak,Barak,21.44398000,71.56131472,05-09-1990 17:30,4.6
1714,Shetrunji at Lowara,CWC,24,Gujarat,443,Bhavnagar,GARIADHAR,-,-,Barak,Barak and Others,Barak,Barak,Barak,Barak,21.44398000,71.56131472,06-09-1990 08:30,15.4
1715,Shetrunji at Lowara,CWC,24,Gujarat,443,Bhavnagar,GARIADHAR,-,-,Barak,Barak and Others,Barak,Barak,Barak,Barak,21.44398000,71.56131472,06-09-1990 08:30,1
1716,Shetrunji at Lowara,CWC,24,Gujarat,443,Bhavnagar,GARIADHAR,-,-,Barak,Barak and Others,Barak,Barak,Barak,Barak,21.44398000,71.56131472,06-09-1990 17:30,14.4
1717,Shetrunji at Lowara,CWC,24,Gujarat,443,Bhavnagar,GARIADHAR,-,-,Barak,Barak and Others,Barak,Barak,Barak,Barak,21.44398000,71.56131472,07-09-1990 08:30,57.2
1718,Shetrunji at Lowara,CWC,24,Gujarat,443,Bhavnagar,GARIADHAR,-,-,Barak,Barak and Others,Barak,Barak,Barak,Barak,21.44398000,71.56131472,07-09-1990 17:30,57.2
1719,Shetrunji at Lowara,CWC,24,Gujarat,443,Bhavnagar,GARIADHAR,-,-,Barak,Barak and Others,Barak,Barak,Barak,Barak,21.44398000,71.56131472,08-09-1990 08:30,11.8
1720,Shetrunji at Lowara,CWC,24,Gujarat,443,Bhavnagar,GARIADHAR,-,-,Barak,Barak and Others,Barak,Barak,Barak,Barak,21.44398000,71.56131472,08-09-1990 17:30,11.8
1721,Shetrunji at Lowara,CWC,24,Gujarat,443,Bhavnagar,GARIADHAR,-,-,Barak,Barak and Others,Barak,Barak,Barak,Barak,21.44398000,71.56131472,09-09-1990 08:30,2
1722,Shetrunji at Lowara,CWC,24,Gujarat,443,Bhavnagar,GARIADHAR,-,-,Barak,Barak and Others,Barak,Barak,Barak,Barak,21.44398000,71.56131472,09-09-1990 17:30,2
1723,Shetrunji at Lowara,CWC,24,Gujarat,443,Bhavnagar,GARIADHAR,-,-,Barak,Barak and Others,Barak,Barak,Barak,Barak,21.44398000,71.56131472,10-09-1990 08:30,9.4
1724,Shetrunji at Lowara,CWC,24,Gujarat,443,Bhavnagar,GARIADHAR,-,-,Barak,Barak and Others,Barak,Barak,Barak,Barak,21.44398000,71.56131472,10-09-1990 17:30,9.4
1725,Shetrunji at Lowara,CWC,24,Gujarat,443,Bhavnagar,GARIADHAR,-,-,Barak,Barak and Others,Barak,Barak,Barak,Barak,21.44398000,71.56131472,22-09-1990 08:30,17.8
1726,Shetrunji at Lowara,CWC,24,Gujarat,443,Bhavnagar,GARIADHAR,-,-,Barak,Barak and Others,Barak,Barak,Barak,Barak,21.44398000,71.56131472,22-09-1990 17:30,17.8
1727,Shetrunji at Lowara,CWC,24,Gujarat,443,Bhavnagar,GARIADHAR,-,-,Barak,Barak and Others,Barak,Barak,Barak,Barak,21.44398000,71.56131472,23-09-1990 08:30,4
1728,Shetrunji at Lowara,CWC,24,Gujarat,443,Bhavnagar,GARIADHAR,-,-,Barak,Barak and Others,Barak,Barak,Barak,Barak,21.44398000,71.56131472,23-09-1990 17:30,4
1729,Shetrunji at Lowara,CWC,24,Gujarat,443,Bhavnagar,GARIADHAR,-,-,Barak,Barak and Others,Barak,Barak,Barak,Barak,21.44398000,71.56131472,24-09-1990 08:30,9.8
1730,Shetrunji at Lowara,CWC,24,Gujarat,443,Bhavnagar,GARIADHAR,-,-,Barak,Barak and Others,Barak,Barak,Barak,Barak,21.44398000,71.56131472,24-09-1990 17:30,9.8
1731,Shetrunji at Lowara,CWC,24,Gujarat,443,Bhavnagar,GARIADHAR,-,-,Barak,Barak and Others,Barak,Barak,Barak,Barak,21.44398000,71.56131472,25-09-1990 08:30,32.6
1732,Shetrunji at Lowara,CWC,24,Gujarat,443,Bhavnagar,GARIADHAR,-,-,Barak,Barak and Others,Barak,Barak,Barak,Barak,21.44398000,71.56131472,25-09-1990 17:30,32.6
1733,Shetrunji at Lowara,CWC,24,Gujarat,443,Bhavnagar,GARIADHAR,-,-,Barak,Barak and Others,Barak,Barak,Barak,Barak,21.44398000,71.56131472,26-09-1990 08:30,13
1734,Shetrunji at Lowara,CWC,24,Gujarat,443,Bhavnagar,GARIADHAR,-,-,Barak,Barak and Others,Barak,Barak,Barak,Barak,21.44398000,71.56131472,26-09-1990 17:30,13
1735,Shetrunji at Lowara,CWC,24,Gujarat,443,Bhavnagar,GARIADHAR,-,-,Barak,Barak and Others,Barak,Barak,Barak,Barak,21.44398000,71.56131472,30-09-1990 08:30,1
1736,Shetrunji at Lowara,CWC,24,Gujarat,443,Bhavnagar,GARIADHAR,-,-,Barak,Barak and Others,Barak,Barak,Barak,Barak,21.44398000,71.56131472,30-09-1990 17:30,1
1737,Shetrunji at Lowara,CWC,24,Gujarat,443,Bhavnagar,GARIADHAR,-,-,Barak,Barak and Others,Barak,Barak,Barak,Barak,21.44398000,71.56131472,04-10-1990 08:30,44
1738,Shetrunji at Lowara,CWC,24,Gujarat,443,Bhavnagar,GARIADHAR,-,-,Barak,Barak and Others,Barak,Barak,Barak,Barak,21.44398000,71.56131472,04-10-1990 17:30,44
1739,Shetrunji at Lowara,CWC,24,Gujarat,443,Bhavnagar,GARIADHAR,-,-,Barak,Barak and Others,Barak,Barak,Barak,Barak,21.44398000,71.56131472,06-10-1990 08:30,1
1740,Shetrunji at Lowara,CWC,24,Gujarat,443,Bhavnagar,GARIADHAR,-,-,Barak,Barak and Others,Barak,Barak,Barak,Barak,21.44398000,71.56131472,06-10-1990 17:30,1
1741,Shetrunji at Lowara,CWC,24,Gujarat,443,Bhavnagar,GARIADHAR,-,-,Barak,Barak and Others,Barak,Barak,Barak,Barak,21.44398000,71.56131472,30-10-1990 08:30,0.2
1742,Shetrunji at Lowara,CWC,24,Gujarat,443,Bhavnagar,GARIADHAR,-,-,Barak,Barak and Others,Barak,Barak,Barak,Barak,21.44398000,71.56131472,30-10-1990 17:30,0.2
1743,Shetrunji at Lowara,CWC,24,Gujarat,443,Bhavnagar,GARIADHAR,-,-,Barak,Barak and Others,Barak,Barak,Barak,Barak,21.44398000,71.56131472,19-11-1990 08:30,1
1744,Shetrunji at Lowara,CWC,24,Gujarat,443,Bhavnagar,GARIADHAR,-,-,Barak,Barak and Others,Barak,Barak,Barak,Barak,21.44398000,71.56131472,19-11-1990 17:30,1
1745,Shetrunji at Lowara,CWC,24,Gujarat,443,Bhavnagar,GARIADHAR,-,-,Barak,Barak and Others,Barak,Barak,Barak,Barak,21.44398000,71.56131472,04-12-1990 08:30,3.2
1746,Shetrunji at Lowara,CWC,24,Gujarat,443,Bhavnagar,GARIADHAR,-,-,Barak,Barak and Others,Barak,Barak,Barak,Barak,21.44398000,71.56131472,04-12-1990 08:30,3.2
1747,Sipu at Sipudam(Bhakudar),CWC,24,Gujarat,441,Banaskantha,DEESA,-,-,Banas,West flowing rivers of Kutch and Saurashtra including Luni,Sipu,-,-,Sipu,24.39692250,72.30137056,14-07-1985 08:30,1
1748,Sipu at Sipudam(Bhakudar),CWC,24,Gujarat,441,Banaskantha,DEESA,-,-,Banas,West flowing rivers of Kutch and Saurashtra including Luni,Sipu,-,-,Sipu,24.39692250,72.30137056,16-07-1985 08:30,1
1749,Sipu at Sipudam(Bhakudar),CWC,24,Gujarat,441,Banaskantha,DEESA,-,-,Banas,West flowing rivers of Kutch and Saurashtra including Luni,Sipu,-,-,Sipu,24.39692250,72.30137056,17-07-1985 08:30,11.8
1750,Sipu at Sipudam(Bhakudar),CWC,24,Gujarat,441,Banaskantha,DEESA,-,-,Banas,West flowing rivers of Kutch and Saurashtra including Luni,Sipu,-,-,Sipu,24.39692250,72.30137056,18-07-1985 08:30,6
1751,Sipu at Sipudam(Bhakudar),CWC,24,Gujarat,441,Banaskantha,DEESA,-,-,Banas,West flowing rivers of Kutch and Saurashtra including Luni,Sipu,-,-,Sipu,24.39692250,72.30137056,19-07-1985 08:30,14.2
1752,Sipu at Sipudam(Bhakudar),CWC,24,Gujarat,441,Banaskantha,DEESA,-,-,Banas,West flowing rivers of Kutch and Saurashtra including Luni,Sipu,-,-,Sipu,24.39692250,72.30137056,20-07-1985 08:30,11.3
1753,Sipu at Sipudam(Bhakudar),CWC,24,Gujarat,441,Banaskantha,DEESA,-,-,Banas,West flowing rivers of Kutch and Saurashtra including Luni,Sipu,-,-,Sipu,24.39692250,72.30137056,21-07-1985 08:30,5
1754,Sipu at Sipudam(Bhakudar),CWC,24,Gujarat,441,Banaskantha,DEESA,-,-,Banas,West flowing rivers of Kutch and Saurashtra including Luni,Sipu,-,-,Sipu,24.39692250,72.30137056,22-07-1985 08:30,6
1755,Sipu at Sipudam(Bhakudar),CWC,24,Gujarat,441,Banaskantha,DEESA,-,-,Banas,West flowing rivers of Kutch and Saurashtra including Luni,Sipu,-,-,Sipu,24.39692250,72.30137056,26-07-1985 08:30,4
1756,Sipu at Sipudam(Bhakudar),CWC,24,Gujarat,441,Banaskantha,DEESA,-,-,Banas,West flowing rivers of Kutch and Saurashtra including Luni,Sipu,-,-,Sipu,24.39692250,72.30137056,27-07-1985 08:30,7.2
1757,Sipu at Sipudam(Bhakudar),CWC,24,Gujarat,441,Banaskantha,DEESA,-,-,Banas,West flowing rivers of Kutch and Saurashtra including Luni,Sipu,-,-,Sipu,24.39692250,72.30137056,28-07-1985 08:30,11.3
1758,Sipu at Sipudam(Bhakudar),CWC,24,Gujarat,441,Banaskantha,DEESA,-,-,Banas,West flowing rivers of Kutch and Saurashtra including Luni,Sipu,-,-,Sipu,24.39692250,72.30137056,29-07-1985 08:30,7
1759,Sipu at Sipudam(Bhakudar),CWC,24,Gujarat,441,Banaskantha,DEESA,-,-,Banas,West flowing rivers of Kutch and Saurashtra including Luni,Sipu,-,-,Sipu,24.39692250,72.30137056,30-07-1985 08:30,4
1760,Sipu at Sipudam(Bhakudar),CWC,24,Gujarat,441,Banaskantha,DEESA,-,-,Banas,West flowing rivers of Kutch and Saurashtra including Luni,Sipu,-,-,Sipu,24.39692250,72.30137056,31-07-1985 08:30,3
1761,Sipu at Sipudam(Bhakudar),CWC,24,Gujarat,441,Banaskantha,DEESA,-,-,Banas,West flowing rivers of Kutch and Saurashtra including Luni,Sipu,-,-,Sipu,24.39692250,72.30137056,01-08-1985 08:30,65
1762,Sipu at Sipudam(Bhakudar),CWC,24,Gujarat,441,Banaskantha,DEESA,-,-,Banas,West flowing rivers of Kutch and Saurashtra including Luni,Sipu,-,-,Sipu,24.39692250,72.30137056,02-08-1985 08:30,6.2
1763,Sipu at Sipudam(Bhakudar),CWC,24,Gujarat,441,Banaskantha,DEESA,-,-,Banas,West flowing rivers of Kutch and Saurashtra including Luni,Sipu,-,-,Sipu,24.39692250,72.30137056,03-08-1985 08:30,24.1
1764,Sipu at Sipudam(Bhakudar),CWC,24,Gujarat,441,Banaskantha,DEESA,-,-,Banas,West flowing rivers of Kutch and Saurashtra including Luni,Sipu,-,-,Sipu,24.39692250,72.30137056,04-08-1985 08:30,4.2
1765,Sipu at Sipudam(Bhakudar),CWC,24,Gujarat,441,Banaskantha,DEESA,-,-,Banas,West flowing rivers of Kutch and Saurashtra including Luni,Sipu,-,-,Sipu,24.39692250,72.30137056,05-08-1985 08:30,9.7
1766,Sipu at Sipudam(Bhakudar),CWC,24,Gujarat,441,Banaskantha,DEESA,-,-,Banas,West flowing rivers of Kutch and Saurashtra including Luni,Sipu,-,-,Sipu,24.39692250,72.30137056,06-08-1985 08:30,4.2
1767,Sipu at Sipudam(Bhakudar),CWC,24,Gujarat,441,Banaskantha,DEESA,-,-,Banas,West flowing rivers of Kutch and Saurashtra including Luni,Sipu,-,-,Sipu,24.39692250,72.30137056,07-08-1985 08:30,1.2
1768,Sipu at Sipudam(Bhakudar),CWC,24,Gujarat,441,Banaskantha,DEESA,-,-,Banas,West flowing rivers of Kutch and Saurashtra including Luni,Sipu,-,-,Sipu,24.39692250,72.30137056,10-08-1985 08:30,13.5
1769,Sipu at Sipudam(Bhakudar),CWC,24,Gujarat,441,Banaskantha,DEESA,-,-,Banas,West flowing rivers of Kutch and Saurashtra including Luni,Sipu,-,-,Sipu,24.39692250,72.30137056,21-08-1985 08:30,5
1770,Sipu at Sipudam(Bhakudar),CWC,24,Gujarat,441,Banaskantha,DEESA,-,-,Banas,West flowing rivers of Kutch and Saurashtra including Luni,Sipu,-,-,Sipu,24.39692250,72.30137056,22-08-1985 08:30,3.1
1771,Sipu at Sipudam(Bhakudar),CWC,24,Gujarat,441,Banaskantha,DEESA,-,-,Banas,West flowing rivers of Kutch and Saurashtra including Luni,Sipu,-,-,Sipu,24.39692250,72.30137056,02-10-1985 08:30,266.1
1772,Sipu at Sipudam(Bhakudar),CWC,24,Gujarat,441,Banaskantha,DEESA,-,-,Banas,West flowing rivers of Kutch and Saurashtra including Luni,Sipu,-,-,Sipu,24.39692250,72.30137056,06-10-1985 08:30,7.6
1773,Sipu at Sipudam(Bhakudar),CWC,24,Gujarat,441,Banaskantha,DEESA,-,-,Banas,West flowing rivers of Kutch and Saurashtra including Luni,Sipu,-,-,Sipu,24.39692250,72.30137056,07-10-1985 08:30,16.4
1774,Sipu at Sipudam(Bhakudar),CWC,24,Gujarat,441,Banaskantha,DEESA,-,-,Banas,West flowing rivers of Kutch and Saurashtra including Luni,Sipu,-,-,Sipu,24.39692250,72.30137056,08-10-1985 08:30,2
1775,Sipu at Sipudam(Bhakudar),CWC,24,Gujarat,441,Banaskantha,DEESA,-,-,Banas,West flowing rivers of Kutch and Saurashtra including Luni,Sipu,-,-,Sipu,24.39692250,72.30137056,24-06-1986 08:30,0.5
1776,Sipu at Sipudam(Bhakudar),CWC,24,Gujarat,441,Banaskantha,DEESA,-,-,Banas,West flowing rivers of Kutch and Saurashtra including Luni,Sipu,-,-,Sipu,24.39692250,72.30137056,24-06-1986 08:30,0.5
1777,Sipu at Sipudam(Bhakudar),CWC,24,Gujarat,441,Banaskantha,DEESA,-,-,Banas,West flowing rivers of Kutch and Saurashtra including Luni,Sipu,-,-,Sipu,24.39692250,72.30137056,27-06-1986 08:30,3.8
1778,Sipu at Sipudam(Bhakudar),CWC,24,Gujarat,441,Banaskantha,DEESA,-,-,Banas,West flowing rivers of Kutch and Saurashtra including Luni,Sipu,-,-,Sipu,24.39692250,72.30137056,27-06-1986 08:30,3.8
1779,Sipu at Sipudam(Bhakudar),CWC,24,Gujarat,441,Banaskantha,DEESA,-,-,Banas,West flowing rivers of Kutch and Saurashtra including Luni,Sipu,-,-,Sipu,24.39692250,72.30137056,25-07-1986 08:30,52
1780,Sipu at Sipudam(Bhakudar),CWC,24,Gujarat,441,Banaskantha,DEESA,-,-,Banas,West flowing rivers of Kutch and Saurashtra including Luni,Sipu,-,-,Sipu,24.39692250,72.30137056,25-07-1986 08:30,52
1781,Sipu at Sipudam(Bhakudar),CWC,24,Gujarat,441,Banaskantha,DEESA,-,-,Banas,West flowing rivers of Kutch and Saurashtra including Luni,Sipu,-,-,Sipu,24.39692250,72.30137056,26-07-1986 08:30,54
1782,Sipu at Sipudam(Bhakudar),CWC,24,Gujarat,441,Banaskantha,DEESA,-,-,Banas,West flowing rivers of Kutch and Saurashtra including Luni,Sipu,-,-,Sipu,24.39692250,72.30137056,26-07-1986 08:30,54
1783,Sipu at Sipudam(Bhakudar),CWC,24,Gujarat,441,Banaskantha,DEESA,-,-,Banas,West flowing rivers of Kutch and Saurashtra including Luni,Sipu,-,-,Sipu,24.39692250,72.30137056,28-07-1986 08:30,7.8
1784,Sipu at Sipudam(Bhakudar),CWC,24,Gujarat,441,Banaskantha,DEESA,-,-,Banas,West flowing rivers of Kutch and Saurashtra including Luni,Sipu,-,-,Sipu,24.39692250,72.30137056,28-07-1986 08:30,7.8
1785,Sipu at Sipudam(Bhakudar),CWC,24,Gujarat,441,Banaskantha,DEESA,-,-,Banas,West flowing rivers of Kutch and Saurashtra including Luni,Sipu,-,-,Sipu,24.39692250,72.30137056,29-07-1986 08:30,11
1786,Sipu at Sipudam(Bhakudar),CWC,24,Gujarat,441,Banaskantha,DEESA,-,-,Banas,West flowing rivers of Kutch and Saurashtra including Luni,Sipu,-,-,Sipu,24.39692250,72.30137056,29-07-1986 08:30,11
1787,Sipu at Sipudam(Bhakudar),CWC,24,Gujarat,441,Banaskantha,DEESA,-,-,Banas,West flowing rivers of Kutch and Saurashtra including Luni,Sipu,-,-,Sipu,24.39692250,72.30137056,30-07-1986 08:30,13
1788,Sipu at Sipudam(Bhakudar),CWC,24,Gujarat,441,Banaskantha,DEESA,-,-,Banas,West flowing rivers of Kutch and Saurashtra including Luni,Sipu,-,-,Sipu,24.39692250,72.30137056,30-07-1986 08:30,13
1789,Sipu at Sipudam(Bhakudar),CWC,24,Gujarat,441,Banaskantha,DEESA,-,-,Banas,West flowing rivers of Kutch and Saurashtra including Luni,Sipu,-,-,Sipu,24.39692250,72.30137056,31-07-1986 08:30,4
1790,Sipu at Sipudam(Bhakudar),CWC,24,Gujarat,441,Banaskantha,DEESA,-,-,Banas,West flowing rivers of Kutch and Saurashtra including Luni,Sipu,-,-,Sipu,24.39692250,72.30137056,31-07-1986 08:30,4
1791,Sipu at Sipudam(Bhakudar),CWC,24,Gujarat,441,Banaskantha,DEESA,-,-,Banas,West flowing rivers of Kutch and Saurashtra including Luni,Sipu,-,-,Sipu,24.39692250,72.30137056,01-08-1986 08:30,3
1792,Sipu at Sipudam(Bhakudar),CWC,24,Gujarat,441,Banaskantha,DEESA,-,-,Banas,West flowing rivers of Kutch and Saurashtra including Luni,Sipu,-,-,Sipu,24.39692250,72.30137056,01-08-1986 08:30,3
1793,Sipu at Sipudam(Bhakudar),CWC,24,Gujarat,441,Banaskantha,DEESA,-,-,Banas,West flowing rivers of Kutch and Saurashtra including Luni,Sipu,-,-,Sipu,24.39692250,72.30137056,05-08-1986 08:30,7
1794,Sipu at Sipudam(Bhakudar),CWC,24,Gujarat,441,Banaskantha,DEESA,-,-,Banas,West flowing rivers of Kutch and Saurashtra including Luni,Sipu,-,-,Sipu,24.39692250,72.30137056,05-08-1986 08:30,7
1795,Sipu at Sipudam(Bhakudar),CWC,24,Gujarat,441,Banaskantha,DEESA,-,-,Banas,West flowing rivers of Kutch and Saurashtra including Luni,Sipu,-,-,Sipu,24.39692250,72.30137056,07-08-1986 08:30,15
1796,Sipu at Sipudam(Bhakudar),CWC,24,Gujarat,441,Banaskantha,DEESA,-,-,Banas,West flowing rivers of Kutch and Saurashtra including Luni,Sipu,-,-,Sipu,24.39692250,72.30137056,07-08-1986 08:30,15
1797,Sipu at Sipudam(Bhakudar),CWC,24,Gujarat,441,Banaskantha,DEESA,-,-,Banas,West flowing rivers of Kutch and Saurashtra including Luni,Sipu,-,-,Sipu,24.39692250,72.30137056,08-08-1986 08:30,6
1798,Sipu at Sipudam(Bhakudar),CWC,24,Gujarat,441,Banaskantha,DEESA,-,-,Banas,West flowing rivers of Kutch and Saurashtra including Luni,Sipu,-,-,Sipu,24.39692250,72.30137056,08-08-1986 08:30,6
1799,Sipu at Sipudam(Bhakudar),CWC,24,Gujarat,441,Banaskantha,DEESA,-,-,Banas,West flowing rivers of Kutch and Saurashtra including Luni,Sipu,-,-,Sipu,24.39692250,72.30137056,09-08-1986 08:30,22
1800,Sipu at Sipudam(Bhakudar),CWC,24,Gujarat,441,Banaskantha,DEESA,-,-,Banas,West flowing rivers of Kutch and Saurashtra including Luni,Sipu,-,-,Sipu,24.39692250,72.30137056,09-08-1986 08:30,22
1801,Sipu at Sipudam(Bhakudar),CWC,24,Gujarat,441,Banaskantha,DEESA,-,-,Banas,West flowing rivers of Kutch and Saurashtra including Luni,Sipu,-,-,Sipu,24.39692250,72.30137056,10-08-1986 08:30,7
1802,Sipu at Sipudam(Bhakudar),CWC,24,Gujarat,441,Banaskantha,DEESA,-,-,Banas,West flowing rivers of Kutch and Saurashtra including Luni,Sipu,-,-,Sipu,24.39692250,72.30137056,10-08-1986 08:30,7
1803,Sipu at Sipudam(Bhakudar),CWC,24,Gujarat,441,Banaskantha,DEESA,-,-,Banas,West flowing rivers of Kutch and Saurashtra including Luni,Sipu,-,-,Sipu,24.39692250,72.30137056,16-08-1986 08:30,7
1804,Sipu at Sipudam(Bhakudar),CWC,24,Gujarat,441,Banaskantha,DEESA,-,-,Banas,West flowing rivers of Kutch and Saurashtra including Luni,Sipu,-,-,Sipu,24.39692250,72.30137056,16-08-1986 08:30,7
1805,Sipu at Sipudam(Bhakudar),CWC,24,Gujarat,441,Banaskantha,DEESA,-,-,Banas,West flowing rivers of Kutch and Saurashtra including Luni,Sipu,-,-,Sipu,24.39692250,72.30137056,17-08-1986 08:30,0.5
1806,Sipu at Sipudam(Bhakudar),CWC,24,Gujarat,441,Banaskantha,DEESA,-,-,Banas,West flowing rivers of Kutch and Saurashtra including Luni,Sipu,-,-,Sipu,24.39692250,72.30137056,17-08-1986 08:30,0.5
1807,Sipu at Sipudam(Bhakudar),CWC,24,Gujarat,441,Banaskantha,DEESA,-,-,Banas,West flowing rivers of Kutch and Saurashtra including Luni,Sipu,-,-,Sipu,24.39692250,72.30137056,25-06-1987 08:30,12
1808,Sipu at Sipudam(Bhakudar),CWC,24,Gujarat,441,Banaskantha,DEESA,-,-,Banas,West flowing rivers of Kutch and Saurashtra including Luni,Sipu,-,-,Sipu,24.39692250,72.30137056,25-06-1987 08:30,12
1809,Sipu at Sipudam(Bhakudar),CWC,24,Gujarat,441,Banaskantha,DEESA,-,-,Banas,West flowing rivers of Kutch and Saurashtra including Luni,Sipu,-,-,Sipu,24.39692250,72.30137056,29-06-1987 08:30,22
1810,Sipu at Sipudam(Bhakudar),CWC,24,Gujarat,441,Banaskantha,DEESA,-,-,Banas,West flowing rivers of Kutch and Saurashtra including Luni,Sipu,-,-,Sipu,24.39692250,72.30137056,29-06-1987 08:30,22
1811,Sipu at Sipudam(Bhakudar),CWC,24,Gujarat,441,Banaskantha,DEESA,-,-,Banas,West flowing rivers of Kutch and Saurashtra including Luni,Sipu,-,-,Sipu,24.39692250,72.30137056,10-08-1987 08:30,35
1812,Sipu at Sipudam(Bhakudar),CWC,24,Gujarat,441,Banaskantha,DEESA,-,-,Banas,West flowing rivers of Kutch and Saurashtra including Luni,Sipu,-,-,Sipu,24.39692250,72.30137056,10-08-1987 08:30,35
1813,Sipu at Sipudam(Bhakudar),CWC,24,Gujarat,441,Banaskantha,DEESA,-,-,Banas,West flowing rivers of Kutch and Saurashtra including Luni,Sipu,-,-,Sipu,24.39692250,72.30137056,18-08-1987 08:30,13
1814,Sipu at Sipudam(Bhakudar),CWC,24,Gujarat,441,Banaskantha,DEESA,-,-,Banas,West flowing rivers of Kutch and Saurashtra including Luni,Sipu,-,-,Sipu,24.39692250,72.30137056,18-08-1987 08:30,13
1815,Sipu at Sipudam(Bhakudar),CWC,24,Gujarat,441,Banaskantha,DEESA,-,-,Banas,West flowing rivers of Kutch and Saurashtra including Luni,Sipu,-,-,Sipu,24.39692250,72.30137056,22-08-1987 08:30,16
1816,Sipu at Sipudam(Bhakudar),CWC,24,Gujarat,441,Banaskantha,DEESA,-,-,Banas,West flowing rivers of Kutch and Saurashtra including Luni,Sipu,-,-,Sipu,24.39692250,72.30137056,22-08-1987 08:30,16
1817,Sipu at Sipudam(Bhakudar),CWC,24,Gujarat,441,Banaskantha,DEESA,-,-,Banas,West flowing rivers of Kutch and Saurashtra including Luni,Sipu,-,-,Sipu,24.39692250,72.30137056,26-08-1987 08:30,2
1818,Sipu at Sipudam(Bhakudar),CWC,24,Gujarat,441,Banaskantha,DEESA,-,-,Banas,West flowing rivers of Kutch and Saurashtra including Luni,Sipu,-,-,Sipu,24.39692250,72.30137056,26-08-1987 08:30,2
1819,Sipu at Sipudam(Bhakudar),CWC,24,Gujarat,441,Banaskantha,DEESA,-,-,Banas,West flowing rivers of Kutch and Saurashtra including Luni,Sipu,-,-,Sipu,24.39692250,72.30137056,08-06-1988 08:30,12.4
1820,Sipu at Sipudam(Bhakudar),CWC,24,Gujarat,441,Banaskantha,DEESA,-,-,Banas,West flowing rivers of Kutch and Saurashtra including Luni,Sipu,-,-,Sipu,24.39692250,72.30137056,08-06-1988 08:30,12.4
1821,Sipu at Sipudam(Bhakudar),CWC,24,Gujarat,441,Banaskantha,DEESA,-,-,Banas,West flowing rivers of Kutch and Saurashtra including Luni,Sipu,-,-,Sipu,24.39692250,72.30137056,30-06-1988 08:30,3.8
1822,Sipu at Sipudam(Bhakudar),CWC,24,Gujarat,441,Banaskantha,DEESA,-,-,Banas,West flowing rivers of Kutch and Saurashtra including Luni,Sipu,-,-,Sipu,24.39692250,72.30137056,30-06-1988 08:30,3.8
1823,Sipu at Sipudam(Bhakudar),CWC,24,Gujarat,441,Banaskantha,DEESA,-,-,Banas,West flowing rivers of Kutch and Saurashtra including Luni,Sipu,-,-,Sipu,24.39692250,72.30137056,01-07-1988 08:30,4.9
1824,Sipu at Sipudam(Bhakudar),CWC,24,Gujarat,441,Banaskantha,DEESA,-,-,Banas,West flowing rivers of Kutch and Saurashtra including Luni,Sipu,-,-,Sipu,24.39692250,72.30137056,01-07-1988 08:30,4.9
1825,Sipu at Sipudam(Bhakudar),CWC,24,Gujarat,441,Banaskantha,DEESA,-,-,Banas,West flowing rivers of Kutch and Saurashtra including Luni,Sipu,-,-,Sipu,24.39692250,72.30137056,02-07-1988 08:30,1
1826,Sipu at Sipudam(Bhakudar),CWC,24,Gujarat,441,Banaskantha,DEESA,-,-,Banas,West flowing rivers of Kutch and Saurashtra including Luni,Sipu,-,-,Sipu,24.39692250,72.30137056,02-07-1988 08:30,1
1827,Sipu at Sipudam(Bhakudar),CWC,24,Gujarat,441,Banaskantha,DEESA,-,-,Banas,West flowing rivers of Kutch and Saurashtra including Luni,Sipu,-,-,Sipu,24.39692250,72.30137056,04-07-1988 08:30,11.8
1828,Sipu at Sipudam(Bhakudar),CWC,24,Gujarat,441,Banaskantha,DEESA,-,-,Banas,West flowing rivers of Kutch and Saurashtra including Luni,Sipu,-,-,Sipu,24.39692250,72.30137056,04-07-1988 08:30,11.8
1829,Sipu at Sipudam(Bhakudar),CWC,24,Gujarat,441,Banaskantha,DEESA,-,-,Banas,West flowing rivers of Kutch and Saurashtra including Luni,Sipu,-,-,Sipu,24.39692250,72.30137056,06-07-1988 08:30,7
1830,Sipu at Sipudam(Bhakudar),CWC,24,Gujarat,441,Banaskantha,DEESA,-,-,Banas,West flowing rivers of Kutch and Saurashtra including Luni,Sipu,-,-,Sipu,24.39692250,72.30137056,06-07-1988 08:30,7
1831,Sipu at Sipudam(Bhakudar),CWC,24,Gujarat,441,Banaskantha,DEESA,-,-,Banas,West flowing rivers of Kutch and Saurashtra including Luni,Sipu,-,-,Sipu,24.39692250,72.30137056,07-07-1988 08:30,1.6
1832,Sipu at Sipudam(Bhakudar),CWC,24,Gujarat,441,Banaskantha,DEESA,-,-,Banas,West flowing rivers of Kutch and Saurashtra including Luni,Sipu,-,-,Sipu,24.39692250,72.30137056,07-07-1988 08:30,1.6
1833,Sipu at Sipudam(Bhakudar),CWC,24,Gujarat,441,Banaskantha,DEESA,-,-,Banas,West flowing rivers of Kutch and Saurashtra including Luni,Sipu,-,-,Sipu,24.39692250,72.30137056,09-07-1988 08:30,6.9
1834,Sipu at Sipudam(Bhakudar),CWC,24,Gujarat,441,Banaskantha,DEESA,-,-,Banas,West flowing rivers of Kutch and Saurashtra including Luni,Sipu,-,-,Sipu,24.39692250,72.30137056,09-07-1988 08:30,6.9
1835,Sipu at Sipudam(Bhakudar),CWC,24,Gujarat,441,Banaskantha,DEESA,-,-,Banas,West flowing rivers of Kutch and Saurashtra including Luni,Sipu,-,-,Sipu,24.39692250,72.30137056,14-07-1988 08:30,0.5
1836,Sipu at Sipudam(Bhakudar),CWC,24,Gujarat,441,Banaskantha,DEESA,-,-,Banas,West flowing rivers of Kutch and Saurashtra including Luni,Sipu,-,-,Sipu,24.39692250,72.30137056,14-07-1988 08:30,0.5
1837,Sipu at Sipudam(Bhakudar),CWC,24,Gujarat,441,Banaskantha,DEESA,-,-,Banas,West flowing rivers of Kutch and Saurashtra including Luni,Sipu,-,-,Sipu,24.39692250,72.30137056,16-07-1988 08:30,18.2
1838,Sipu at Sipudam(Bhakudar),CWC,24,Gujarat,441,Banaskantha,DEESA,-,-,Banas,West flowing rivers of Kutch and Saurashtra including Luni,Sipu,-,-,Sipu,24.39692250,72.30137056,16-07-1988 08:30,18.2
1839,Sipu at Sipudam(Bhakudar),CWC,24,Gujarat,441,Banaskantha,DEESA,-,-,Banas,West flowing rivers of Kutch and Saurashtra including Luni,Sipu,-,-,Sipu,24.39692250,72.30137056,17-07-1988 08:30,0.4
1840,Sipu at Sipudam(Bhakudar),CWC,24,Gujarat,441,Banaskantha,DEESA,-,-,Banas,West flowing rivers of Kutch and Saurashtra including Luni,Sipu,-,-,Sipu,24.39692250,72.30137056,17-07-1988 08:30,0.4
1841,Sipu at Sipudam(Bhakudar),CWC,24,Gujarat,441,Banaskantha,DEESA,-,-,Banas,West flowing rivers of Kutch and Saurashtra including Luni,Sipu,-,-,Sipu,24.39692250,72.30137056,20-07-1988 08:30,29
1842,Sipu at Sipudam(Bhakudar),CWC,24,Gujarat,441,Banaskantha,DEESA,-,-,Banas,West flowing rivers of Kutch and Saurashtra including Luni,Sipu,-,-,Sipu,24.39692250,72.30137056,20-07-1988 08:30,29
1843,Sipu at Sipudam(Bhakudar),CWC,24,Gujarat,441,Banaskantha,DEESA,-,-,Banas,West flowing rivers of Kutch and Saurashtra including Luni,Sipu,-,-,Sipu,24.39692250,72.30137056,21-07-1988 08:30,19.4
1844,Sipu at Sipudam(Bhakudar),CWC,24,Gujarat,441,Banaskantha,DEESA,-,-,Banas,West flowing rivers of Kutch and Saurashtra including Luni,Sipu,-,-,Sipu,24.39692250,72.30137056,21-07-1988 08:30,19.4
1845,Sipu at Sipudam(Bhakudar),CWC,24,Gujarat,441,Banaskantha,DEESA,-,-,Banas,West flowing rivers of Kutch and Saurashtra including Luni,Sipu,-,-,Sipu,24.39692250,72.30137056,22-07-1988 08:30,13.7
1846,Sipu at Sipudam(Bhakudar),CWC,24,Gujarat,441,Banaskantha,DEESA,-,-,Banas,West flowing rivers of Kutch and Saurashtra including Luni,Sipu,-,-,Sipu,24.39692250,72.30137056,22-07-1988 08:30,13.7
1847,Sipu at Sipudam(Bhakudar),CWC,24,Gujarat,441,Banaskantha,DEESA,-,-,Banas,West flowing rivers of Kutch and Saurashtra including Luni,Sipu,-,-,Sipu,24.39692250,72.30137056,23-07-1988 08:30,0.4
1848,Sipu at Sipudam(Bhakudar),CWC,24,Gujarat,441,Banaskantha,DEESA,-,-,Banas,West flowing rivers of Kutch and Saurashtra including Luni,Sipu,-,-,Sipu,24.39692250,72.30137056,23-07-1988 08:30,0.4
1849,Sipu at Sipudam(Bhakudar),CWC,24,Gujarat,441,Banaskantha,DEESA,-,-,Banas,West flowing rivers of Kutch and Saurashtra including Luni,Sipu,-,-,Sipu,24.39692250,72.30137056,25-07-1988 08:30,11.4
1850,Sipu at Sipudam(Bhakudar),CWC,24,Gujarat,441,Banaskantha,DEESA,-,-,Banas,West flowing rivers of Kutch and Saurashtra including Luni,Sipu,-,-,Sipu,24.39692250,72.30137056,25-07-1988 08:30,11.4
1851,Sipu at Sipudam(Bhakudar),CWC,24,Gujarat,441,Banaskantha,DEESA,-,-,Banas,West flowing rivers of Kutch and Saurashtra including Luni,Sipu,-,-,Sipu,24.39692250,72.30137056,27-07-1988 08:30,9.1
1852,Sipu at Sipudam(Bhakudar),CWC,24,Gujarat,441,Banaskantha,DEESA,-,-,Banas,West flowing rivers of Kutch and Saurashtra including Luni,Sipu,-,-,Sipu,24.39692250,72.30137056,27-07-1988 08:30,9.1
1853,Sipu at Sipudam(Bhakudar),CWC,24,Gujarat,441,Banaskantha,DEESA,-,-,Banas,West flowing rivers of Kutch and Saurashtra including Luni,Sipu,-,-,Sipu,24.39692250,72.30137056,28-07-1988 08:30,31.8
1854,Sipu at Sipudam(Bhakudar),CWC,24,Gujarat,441,Banaskantha,DEESA,-,-,Banas,West flowing rivers of Kutch and Saurashtra including Luni,Sipu,-,-,Sipu,24.39692250,72.30137056,28-07-1988 08:30,31.8
1855,Sipu at Sipudam(Bhakudar),CWC,24,Gujarat,441,Banaskantha,DEESA,-,-,Banas,West flowing rivers of Kutch and Saurashtra including Luni,Sipu,-,-,Sipu,24.39692250,72.30137056,29-07-1988 08:30,7.6
1856,Sipu at Sipudam(Bhakudar),CWC,24,Gujarat,441,Banaskantha,DEESA,-,-,Banas,West flowing rivers of Kutch and Saurashtra including Luni,Sipu,-,-,Sipu,24.39692250,72.30137056,29-07-1988 08:30,7.6
1857,Sipu at Sipudam(Bhakudar),CWC,24,Gujarat,441,Banaskantha,DEESA,-,-,Banas,West flowing rivers of Kutch and Saurashtra including Luni,Sipu,-,-,Sipu,24.39692250,72.30137056,30-07-1988 08:30,1.2
1858,Sipu at Sipudam(Bhakudar),CWC,24,Gujarat,441,Banaskantha,DEESA,-,-,Banas,West flowing rivers of Kutch and Saurashtra including Luni,Sipu,-,-,Sipu,24.39692250,72.30137056,30-07-1988 08:30,1.2
1859,Sipu at Sipudam(Bhakudar),CWC,24,Gujarat,441,Banaskantha,DEESA,-,-,Banas,West flowing rivers of Kutch and Saurashtra including Luni,Sipu,-,-,Sipu,24.39692250,72.30137056,31-07-1988 08:30,5.4
1860,Sipu at Sipudam(Bhakudar),CWC,24,Gujarat,441,Banaskantha,DEESA,-,-,Banas,West flowing rivers of Kutch and Saurashtra including Luni,Sipu,-,-,Sipu,24.39692250,72.30137056,31-07-1988 08:30,5.4
1861,Sipu at Sipudam(Bhakudar),CWC,24,Gujarat,441,Banaskantha,DEESA,-,-,Banas,West flowing rivers of Kutch and Saurashtra including Luni,Sipu,-,-,Sipu,24.39692250,72.30137056,01-08-1988 08:30,15.8
1862,Sipu at Sipudam(Bhakudar),CWC,24,Gujarat,441,Banaskantha,DEESA,-,-,Banas,West flowing rivers of Kutch and Saurashtra including Luni,Sipu,-,-,Sipu,24.39692250,72.30137056,01-08-1988 08:30,15.8
1863,Sipu at Sipudam(Bhakudar),CWC,24,Gujarat,441,Banaskantha,DEESA,-,-,Banas,West flowing rivers of Kutch and Saurashtra including Luni,Sipu,-,-,Sipu,24.39692250,72.30137056,02-08-1988 08:30,3.2
1864,Sipu at Sipudam(Bhakudar),CWC,24,Gujarat,441,Banaskantha,DEESA,-,-,Banas,West flowing rivers of Kutch and Saurashtra including Luni,Sipu,-,-,Sipu,24.39692250,72.30137056,02-08-1988 08:30,3.2
1865,Sipu at Sipudam(Bhakudar),CWC,24,Gujarat,441,Banaskantha,DEESA,-,-,Banas,West flowing rivers of Kutch and Saurashtra including Luni,Sipu,-,-,Sipu,24.39692250,72.30137056,03-08-1988 08:30,4.2
1866,Sipu at Sipudam(Bhakudar),CWC,24,Gujarat,441,Banaskantha,DEESA,-,-,Banas,West flowing rivers of Kutch and Saurashtra including Luni,Sipu,-,-,Sipu,24.39692250,72.30137056,03-08-1988 08:30,4.2
1867,Sipu at Sipudam(Bhakudar),CWC,24,Gujarat,441,Banaskantha,DEESA,-,-,Banas,West flowing rivers of Kutch and Saurashtra including Luni,Sipu,-,-,Sipu,24.39692250,72.30137056,04-08-1988 08:30,1
1868,Sipu at Sipudam(Bhakudar),CWC,24,Gujarat,441,Banaskantha,DEESA,-,-,Banas,West flowing rivers of Kutch and Saurashtra including Luni,Sipu,-,-,Sipu,24.39692250,72.30137056,04-08-1988 08:30,1
1869,Sipu at Sipudam(Bhakudar),CWC,24,Gujarat,441,Banaskantha,DEESA,-,-,Banas,West flowing rivers of Kutch and Saurashtra including Luni,Sipu,-,-,Sipu,24.39692250,72.30137056,05-08-1988 08:30,11.5
1870,Sipu at Sipudam(Bhakudar),CWC,24,Gujarat,441,Banaskantha,DEESA,-,-,Banas,West flowing rivers of Kutch and Saurashtra including Luni,Sipu,-,-,Sipu,24.39692250,72.30137056,05-08-1988 08:30,11.5
1871,Sipu at Sipudam(Bhakudar),CWC,24,Gujarat,441,Banaskantha,DEESA,-,-,Banas,West flowing rivers of Kutch and Saurashtra including Luni,Sipu,-,-,Sipu,24.39692250,72.30137056,06-08-1988 08:30,66.7
1872,Sipu at Sipudam(Bhakudar),CWC,24,Gujarat,441,Banaskantha,DEESA,-,-,Banas,West flowing rivers of Kutch and Saurashtra including Luni,Sipu,-,-,Sipu,24.39692250,72.30137056,06-08-1988 08:30,66.7
1873,Sipu at Sipudam(Bhakudar),CWC,24,Gujarat,441,Banaskantha,DEESA,-,-,Banas,West flowing rivers of Kutch and Saurashtra including Luni,Sipu,-,-,Sipu,24.39692250,72.30137056,07-08-1988 08:30,14.8
1874,Sipu at Sipudam(Bhakudar),CWC,24,Gujarat,441,Banaskantha,DEESA,-,-,Banas,West flowing rivers of Kutch and Saurashtra including Luni,Sipu,-,-,Sipu,24.39692250,72.30137056,07-08-1988 08:30,14.8
1875,Sipu at Sipudam(Bhakudar),CWC,24,Gujarat,441,Banaskantha,DEESA,-,-,Banas,West flowing rivers of Kutch and Saurashtra including Luni,Sipu,-,-,Sipu,24.39692250,72.30137056,08-08-1988 08:30,14.1
1876,Sipu at Sipudam(Bhakudar),CWC,24,Gujarat,441,Banaskantha,DEESA,-,-,Banas,West flowing rivers of Kutch and Saurashtra including Luni,Sipu,-,-,Sipu,24.39692250,72.30137056,08-08-1988 08:30,14.1
1877,Sipu at Sipudam(Bhakudar),CWC,24,Gujarat,441,Banaskantha,DEESA,-,-,Banas,West flowing rivers of Kutch and Saurashtra including Luni,Sipu,-,-,Sipu,24.39692250,72.30137056,09-08-1988 08:30,3.4
1878,Sipu at Sipudam(Bhakudar),CWC,24,Gujarat,441,Banaskantha,DEESA,-,-,Banas,West flowing rivers of Kutch and Saurashtra including Luni,Sipu,-,-,Sipu,24.39692250,72.30137056,09-08-1988 08:30,3.4
1879,Sipu at Sipudam(Bhakudar),CWC,24,Gujarat,441,Banaskantha,DEESA,-,-,Banas,West flowing rivers of Kutch and Saurashtra including Luni,Sipu,-,-,Sipu,24.39692250,72.30137056,10-08-1988 08:30,0.8
1880,Sipu at Sipudam(Bhakudar),CWC,24,Gujarat,441,Banaskantha,DEESA,-,-,Banas,West flowing rivers of Kutch and Saurashtra including Luni,Sipu,-,-,Sipu,24.39692250,72.30137056,10-08-1988 08:30,0.8
1881,Sipu at Sipudam(Bhakudar),CWC,24,Gujarat,441,Banaskantha,DEESA,-,-,Banas,West flowing rivers of Kutch and Saurashtra including Luni,Sipu,-,-,Sipu,24.39692250,72.30137056,11-08-1988 08:30,4.3
1882,Sipu at Sipudam(Bhakudar),CWC,24,Gujarat,441,Banaskantha,DEESA,-,-,Banas,West flowing rivers of Kutch and Saurashtra including Luni,Sipu,-,-,Sipu,24.39692250,72.30137056,11-08-1988 08:30,4.3
1883,Sipu at Sipudam(Bhakudar),CWC,24,Gujarat,441,Banaskantha,DEESA,-,-,Banas,West flowing rivers of Kutch and Saurashtra including Luni,Sipu,-,-,Sipu,24.39692250,72.30137056,12-08-1988 08:30,0.6
1884,Sipu at Sipudam(Bhakudar),CWC,24,Gujarat,441,Banaskantha,DEESA,-,-,Banas,West flowing rivers of Kutch and Saurashtra including Luni,Sipu,-,-,Sipu,24.39692250,72.30137056,12-08-1988 08:30,0.6
1885,Sipu at Sipudam(Bhakudar),CWC,24,Gujarat,441,Banaskantha,DEESA,-,-,Banas,West flowing rivers of Kutch and Saurashtra including Luni,Sipu,-,-,Sipu,24.39692250,72.30137056,23-08-1988 08:30,2
1886,Sipu at Sipudam(Bhakudar),CWC,24,Gujarat,441,Banaskantha,DEESA,-,-,Banas,West flowing rivers of Kutch and Saurashtra including Luni,Sipu,-,-,Sipu,24.39692250,72.30137056,23-08-1988 08:30,2
1887,Sipu at Sipudam(Bhakudar),CWC,24,Gujarat,441,Banaskantha,DEESA,-,-,Banas,West flowing rivers of Kutch and Saurashtra including Luni,Sipu,-,-,Sipu,24.39692250,72.30137056,24-08-1988 08:30,1.2
1888,Sipu at Sipudam(Bhakudar),CWC,24,Gujarat,441,Banaskantha,DEESA,-,-,Banas,West flowing rivers of Kutch and Saurashtra including Luni,Sipu,-,-,Sipu,24.39692250,72.30137056,24-08-1988 08:30,1.2
1889,Sipu at Sipudam(Bhakudar),CWC,24,Gujarat,441,Banaskantha,DEESA,-,-,Banas,West flowing rivers of Kutch and Saurashtra including Luni,Sipu,-,-,Sipu,24.39692250,72.30137056,25-08-1988 08:30,1.3
1890,Sipu at Sipudam(Bhakudar),CWC,24,Gujarat,441,Banaskantha,DEESA,-,-,Banas,West flowing rivers of Kutch and Saurashtra including Luni,Sipu,-,-,Sipu,24.39692250,72.30137056,25-08-1988 08:30,1.3
1891,Sipu at Sipudam(Bhakudar),CWC,24,Gujarat,441,Banaskantha,DEESA,-,-,Banas,West flowing rivers of Kutch and Saurashtra including Luni,Sipu,-,-,Sipu,24.39692250,72.30137056,05-09-1988 08:30,21.4
1892,Sipu at Sipudam(Bhakudar),CWC,24,Gujarat,441,Banaskantha,DEESA,-,-,Banas,West flowing rivers of Kutch and Saurashtra including Luni,Sipu,-,-,Sipu,24.39692250,72.30137056,05-09-1988 08:30,21.4
1893,Sipu at Sipudam(Bhakudar),CWC,24,Gujarat,441,Banaskantha,DEESA,-,-,Banas,West flowing rivers of Kutch and Saurashtra including Luni,Sipu,-,-,Sipu,24.39692250,72.30137056,20-09-1988 08:30,0.5
1894,Sipu at Sipudam(Bhakudar),CWC,24,Gujarat,441,Banaskantha,DEESA,-,-,Banas,West flowing rivers of Kutch and Saurashtra including Luni,Sipu,-,-,Sipu,24.39692250,72.30137056,20-09-1988 08:30,0.5
1895,Sipu at Sipudam(Bhakudar),CWC,24,Gujarat,441,Banaskantha,DEESA,-,-,Banas,West flowing rivers of Kutch and Saurashtra including Luni,Sipu,-,-,Sipu,24.39692250,72.30137056,21-09-1988 08:30,8
1896,Sipu at Sipudam(Bhakudar),CWC,24,Gujarat,441,Banaskantha,DEESA,-,-,Banas,West flowing rivers of Kutch and Saurashtra including Luni,Sipu,-,-,Sipu,24.39692250,72.30137056,21-09-1988 08:30,8
1897,Sipu at Sipudam(Bhakudar),CWC,24,Gujarat,441,Banaskantha,DEESA,-,-,Banas,West flowing rivers of Kutch and Saurashtra including Luni,Sipu,-,-,Sipu,24.39692250,72.30137056,22-09-1988 08:30,9
1898,Sipu at Sipudam(Bhakudar),CWC,24,Gujarat,441,Banaskantha,DEESA,-,-,Banas,West flowing rivers of Kutch and Saurashtra including Luni,Sipu,-,-,Sipu,24.39692250,72.30137056,22-09-1988 08:30,9
1899,Sipu at Sipudam(Bhakudar),CWC,24,Gujarat,441,Banaskantha,DEESA,-,-,Banas,West flowing rivers of Kutch and Saurashtra including Luni,Sipu,-,-,Sipu,24.39692250,72.30137056,23-09-1988 08:30,4.4
1900,Sipu at Sipudam(Bhakudar),CWC,24,Gujarat,441,Banaskantha,DEESA,-,-,Banas,West flowing rivers of Kutch and Saurashtra including Luni,Sipu,-,-,Sipu,24.39692250,72.30137056,23-09-1988 08:30,4.4
1901,Sipu at Sipudam(Bhakudar),CWC,24,Gujarat,441,Banaskantha,DEESA,-,-,Banas,West flowing rivers of Kutch and Saurashtra including Luni,Sipu,-,-,Sipu,24.39692250,72.30137056,24-09-1988 08:30,20.9
1902,Sipu at Sipudam(Bhakudar),CWC,24,Gujarat,441,Banaskantha,DEESA,-,-,Banas,West flowing rivers of Kutch and Saurashtra including Luni,Sipu,-,-,Sipu,24.39692250,72.30137056,24-09-1988 08:30,20.9
1903,Sipu at Sipudam(Bhakudar),CWC,24,Gujarat,441,Banaskantha,DEESA,-,-,Banas,West flowing rivers of Kutch and Saurashtra including Luni,Sipu,-,-,Sipu,24.39692250,72.30137056,25-09-1988 08:30,1
1904,Sipu at Sipudam(Bhakudar),CWC,24,Gujarat,441,Banaskantha,DEESA,-,-,Banas,West flowing rivers of Kutch and Saurashtra including Luni,Sipu,-,-,Sipu,24.39692250,72.30137056,25-09-1988 08:30,1
1905,Sipu at Sipudam(Bhakudar),CWC,24,Gujarat,441,Banaskantha,DEESA,-,-,Banas,West flowing rivers of Kutch and Saurashtra including Luni,Sipu,-,-,Sipu,24.39692250,72.30137056,02-10-1988 08:30,9.2
1906,Sipu at Sipudam(Bhakudar),CWC,24,Gujarat,441,Banaskantha,DEESA,-,-,Banas,West flowing rivers of Kutch and Saurashtra including Luni,Sipu,-,-,Sipu,24.39692250,72.30137056,02-10-1988 08:30,9.2
1907,Sipu at Sipudam(Bhakudar),CWC,24,Gujarat,441,Banaskantha,DEESA,-,-,Banas,West flowing rivers of Kutch and Saurashtra including Luni,Sipu,-,-,Sipu,24.39692250,72.30137056,07-01-1989 08:30,3
1908,Sipu at Sipudam(Bhakudar),CWC,24,Gujarat,441,Banaskantha,DEESA,-,-,Banas,West flowing rivers of Kutch and Saurashtra including Luni,Sipu,-,-,Sipu,24.39692250,72.30137056,07-01-1989 08:30,3
1909,Sipu at Sipudam(Bhakudar),CWC,24,Gujarat,441,Banaskantha,DEESA,-,-,Banas,West flowing rivers of Kutch and Saurashtra including Luni,Sipu,-,-,Sipu,24.39692250,72.30137056,09-06-1989 08:30,4
1910,Sipu at Sipudam(Bhakudar),CWC,24,Gujarat,441,Banaskantha,DEESA,-,-,Banas,West flowing rivers of Kutch and Saurashtra including Luni,Sipu,-,-,Sipu,24.39692250,72.30137056,09-06-1989 08:30,4
1911,Sipu at Sipudam(Bhakudar),CWC,24,Gujarat,441,Banaskantha,DEESA,-,-,Banas,West flowing rivers of Kutch and Saurashtra including Luni,Sipu,-,-,Sipu,24.39692250,72.30137056,10-06-1989 08:30,30
1912,Sipu at Sipudam(Bhakudar),CWC,24,Gujarat,441,Banaskantha,DEESA,-,-,Banas,West flowing rivers of Kutch and Saurashtra including Luni,Sipu,-,-,Sipu,24.39692250,72.30137056,10-06-1989 08:30,30
1913,Sipu at Sipudam(Bhakudar),CWC,24,Gujarat,441,Banaskantha,DEESA,-,-,Banas,West flowing rivers of Kutch and Saurashtra including Luni,Sipu,-,-,Sipu,24.39692250,72.30137056,12-06-1989 08:30,23.2
1914,Sipu at Sipudam(Bhakudar),CWC,24,Gujarat,441,Banaskantha,DEESA,-,-,Banas,West flowing rivers of Kutch and Saurashtra including Luni,Sipu,-,-,Sipu,24.39692250,72.30137056,12-06-1989 08:30,23.2
1915,Sipu at Sipudam(Bhakudar),CWC,24,Gujarat,441,Banaskantha,DEESA,-,-,Banas,West flowing rivers of Kutch and Saurashtra including Luni,Sipu,-,-,Sipu,24.39692250,72.30137056,13-06-1989 08:30,19
1916,Sipu at Sipudam(Bhakudar),CWC,24,Gujarat,441,Banaskantha,DEESA,-,-,Banas,West flowing rivers of Kutch and Saurashtra including Luni,Sipu,-,-,Sipu,24.39692250,72.30137056,13-06-1989 08:30,19
1917,Sipu at Sipudam(Bhakudar),CWC,24,Gujarat,441,Banaskantha,DEESA,-,-,Banas,West flowing rivers of Kutch and Saurashtra including Luni,Sipu,-,-,Sipu,24.39692250,72.30137056,05-07-1989 08:30,2.2
1918,Sipu at Sipudam(Bhakudar),CWC,24,Gujarat,441,Banaskantha,DEESA,-,-,Banas,West flowing rivers of Kutch and Saurashtra including Luni,Sipu,-,-,Sipu,24.39692250,72.30137056,05-07-1989 08:30,2.2
1919,Sipu at Sipudam(Bhakudar),CWC,24,Gujarat,441,Banaskantha,DEESA,-,-,Banas,West flowing rivers of Kutch and Saurashtra including Luni,Sipu,-,-,Sipu,24.39692250,72.30137056,08-07-1989 08:30,14.1
1920,Sipu at Sipudam(Bhakudar),CWC,24,Gujarat,441,Banaskantha,DEESA,-,-,Banas,West flowing rivers of Kutch and Saurashtra including Luni,Sipu,-,-,Sipu,24.39692250,72.30137056,08-07-1989 08:30,14.1
1921,Sipu at Sipudam(Bhakudar),CWC,24,Gujarat,441,Banaskantha,DEESA,-,-,Banas,West flowing rivers of Kutch and Saurashtra including Luni,Sipu,-,-,Sipu,24.39692250,72.30137056,17-07-1989 08:30,3.9
1922,Sipu at Sipudam(Bhakudar),CWC,24,Gujarat,441,Banaskantha,DEESA,-,-,Banas,West flowing rivers of Kutch and Saurashtra including Luni,Sipu,-,-,Sipu,24.39692250,72.30137056,17-07-1989 08:30,3.9
1923,Sipu at Sipudam(Bhakudar),CWC,24,Gujarat,441,Banaskantha,DEESA,-,-,Banas,West flowing rivers of Kutch and Saurashtra including Luni,Sipu,-,-,Sipu,24.39692250,72.30137056,20-07-1989 08:30,3.6
1924,Sipu at Sipudam(Bhakudar),CWC,24,Gujarat,441,Banaskantha,DEESA,-,-,Banas,West flowing rivers of Kutch and Saurashtra including Luni,Sipu,-,-,Sipu,24.39692250,72.30137056,20-07-1989 08:30,3.6
1925,Sipu at Sipudam(Bhakudar),CWC,24,Gujarat,441,Banaskantha,DEESA,-,-,Banas,West flowing rivers of Kutch and Saurashtra including Luni,Sipu,-,-,Sipu,24.39692250,72.30137056,22-07-1989 08:30,0.3
1926,Sipu at Sipudam(Bhakudar),CWC,24,Gujarat,441,Banaskantha,DEESA,-,-,Banas,West flowing rivers of Kutch and Saurashtra including Luni,Sipu,-,-,Sipu,24.39692250,72.30137056,22-07-1989 08:30,0.3
1927,Sipu at Sipudam(Bhakudar),CWC,24,Gujarat,441,Banaskantha,DEESA,-,-,Banas,West flowing rivers of Kutch and Saurashtra including Luni,Sipu,-,-,Sipu,24.39692250,72.30137056,24-07-1989 08:30,3.9
1928,Sipu at Sipudam(Bhakudar),CWC,24,Gujarat,441,Banaskantha,DEESA,-,-,Banas,West flowing rivers of Kutch and Saurashtra including Luni,Sipu,-,-,Sipu,24.39692250,72.30137056,24-07-1989 08:30,3.9
1929,Sipu at Sipudam(Bhakudar),CWC,24,Gujarat,441,Banaskantha,DEESA,-,-,Banas,West flowing rivers of Kutch and Saurashtra including Luni,Sipu,-,-,Sipu,24.39692250,72.30137056,25-07-1989 08:30,7.1
1930,Sipu at Sipudam(Bhakudar),CWC,24,Gujarat,441,Banaskantha,DEESA,-,-,Banas,West flowing rivers of Kutch and Saurashtra including Luni,Sipu,-,-,Sipu,24.39692250,72.30137056,25-07-1989 08:30,7.1
1931,Sipu at Sipudam(Bhakudar),CWC,24,Gujarat,441,Banaskantha,DEESA,-,-,Banas,West flowing rivers of Kutch and Saurashtra including Luni,Sipu,-,-,Sipu,24.39692250,72.30137056,26-07-1989 08:30,82.3
1932,Sipu at Sipudam(Bhakudar),CWC,24,Gujarat,441,Banaskantha,DEESA,-,-,Banas,West flowing rivers of Kutch and Saurashtra including Luni,Sipu,-,-,Sipu,24.39692250,72.30137056,26-07-1989 08:30,82.3
1933,Sipu at Sipudam(Bhakudar),CWC,24,Gujarat,441,Banaskantha,DEESA,-,-,Banas,West flowing rivers of Kutch and Saurashtra including Luni,Sipu,-,-,Sipu,24.39692250,72.30137056,27-07-1989 08:30,6.5
1934,Sipu at Sipudam(Bhakudar),CWC,24,Gujarat,441,Banaskantha,DEESA,-,-,Banas,West flowing rivers of Kutch and Saurashtra including Luni,Sipu,-,-,Sipu,24.39692250,72.30137056,27-07-1989 08:30,6.5
1935,Sipu at Sipudam(Bhakudar),CWC,24,Gujarat,441,Banaskantha,DEESA,-,-,Banas,West flowing rivers of Kutch and Saurashtra including Luni,Sipu,-,-,Sipu,24.39692250,72.30137056,28-07-1989 08:30,9.3
1936,Sipu at Sipudam(Bhakudar),CWC,24,Gujarat,441,Banaskantha,DEESA,-,-,Banas,West flowing rivers of Kutch and Saurashtra including Luni,Sipu,-,-,Sipu,24.39692250,72.30137056,28-07-1989 08:30,9.3
1937,Sipu at Sipudam(Bhakudar),CWC,24,Gujarat,441,Banaskantha,DEESA,-,-,Banas,West flowing rivers of Kutch and Saurashtra including Luni,Sipu,-,-,Sipu,24.39692250,72.30137056,29-07-1989 08:30,1.6
1938,Sipu at Sipudam(Bhakudar),CWC,24,Gujarat,441,Banaskantha,DEESA,-,-,Banas,West flowing rivers of Kutch and Saurashtra including Luni,Sipu,-,-,Sipu,24.39692250,72.30137056,29-07-1989 08:30,1.6
1939,Sipu at Sipudam(Bhakudar),CWC,24,Gujarat,441,Banaskantha,DEESA,-,-,Banas,West flowing rivers of Kutch and Saurashtra including Luni,Sipu,-,-,Sipu,24.39692250,72.30137056,30-07-1989 08:30,0.8
1940,Sipu at Sipudam(Bhakudar),CWC,24,Gujarat,441,Banaskantha,DEESA,-,-,Banas,West flowing rivers of Kutch and Saurashtra including Luni,Sipu,-,-,Sipu,24.39692250,72.30137056,30-07-1989 08:30,0.8
1941,Sipu at Sipudam(Bhakudar),CWC,24,Gujarat,441,Banaskantha,DEESA,-,-,Banas,West flowing rivers of Kutch and Saurashtra including Luni,Sipu,-,-,Sipu,24.39692250,72.30137056,01-08-1989 08:30,3
1942,Sipu at Sipudam(Bhakudar),CWC,24,Gujarat,441,Banaskantha,DEESA,-,-,Banas,West flowing rivers of Kutch and Saurashtra including Luni,Sipu,-,-,Sipu,24.39692250,72.30137056,01-08-1989 08:30,3
1943,Sipu at Sipudam(Bhakudar),CWC,24,Gujarat,441,Banaskantha,DEESA,-,-,Banas,West flowing rivers of Kutch and Saurashtra including Luni,Sipu,-,-,Sipu,24.39692250,72.30137056,16-08-1989 08:30,27.3
1944,Sipu at Sipudam(Bhakudar),CWC,24,Gujarat,441,Banaskantha,DEESA,-,-,Banas,West flowing rivers of Kutch and Saurashtra including Luni,Sipu,-,-,Sipu,24.39692250,72.30137056,16-08-1989 08:30,27.3
1945,Sipu at Sipudam(Bhakudar),CWC,24,Gujarat,441,Banaskantha,DEESA,-,-,Banas,West flowing rivers of Kutch and Saurashtra including Luni,Sipu,-,-,Sipu,24.39692250,72.30137056,17-08-1989 08:30,14.6
1946,Sipu at Sipudam(Bhakudar),CWC,24,Gujarat,441,Banaskantha,DEESA,-,-,Banas,West flowing rivers of Kutch and Saurashtra including Luni,Sipu,-,-,Sipu,24.39692250,72.30137056,17-08-1989 08:30,14.6
1947,Sipu at Sipudam(Bhakudar),CWC,24,Gujarat,441,Banaskantha,DEESA,-,-,Banas,West flowing rivers of Kutch and Saurashtra including Luni,Sipu,-,-,Sipu,24.39692250,72.30137056,20-08-1989 08:30,30.4
1948,Sipu at Sipudam(Bhakudar),CWC,24,Gujarat,441,Banaskantha,DEESA,-,-,Banas,West flowing rivers of Kutch and Saurashtra including Luni,Sipu,-,-,Sipu,24.39692250,72.30137056,20-08-1989 08:30,30.4
1949,Sipu at Sipudam(Bhakudar),CWC,24,Gujarat,441,Banaskantha,DEESA,-,-,Banas,West flowing rivers of Kutch and Saurashtra including Luni,Sipu,-,-,Sipu,24.39692250,72.30137056,21-08-1989 08:30,94.7
1950,Sipu at Sipudam(Bhakudar),CWC,24,Gujarat,441,Banaskantha,DEESA,-,-,Banas,West flowing rivers of Kutch and Saurashtra including Luni,Sipu,-,-,Sipu,24.39692250,72.30137056,21-08-1989 08:30,94.7
1951,Sipu at Sipudam(Bhakudar),CWC,24,Gujarat,441,Banaskantha,DEESA,-,-,Banas,West flowing rivers of Kutch and Saurashtra including Luni,Sipu,-,-,Sipu,24.39692250,72.30137056,22-08-1989 08:30,23.2
1952,Sipu at Sipudam(Bhakudar),CWC,24,Gujarat,441,Banaskantha,DEESA,-,-,Banas,West flowing rivers of Kutch and Saurashtra including Luni,Sipu,-,-,Sipu,24.39692250,72.30137056,22-08-1989 08:30,23.2
1953,Sipu at Sipudam(Bhakudar),CWC,24,Gujarat,441,Banaskantha,DEESA,-,-,Banas,West flowing rivers of Kutch and Saurashtra including Luni,Sipu,-,-,Sipu,24.39692250,72.30137056,23-08-1989 08:30,27.8
1954,Sipu at Sipudam(Bhakudar),CWC,24,Gujarat,441,Banaskantha,DEESA,-,-,Banas,West flowing rivers of Kutch and Saurashtra including Luni,Sipu,-,-,Sipu,24.39692250,72.30137056,23-08-1989 08:30,27.8
1955,Sipu at Sipudam(Bhakudar),CWC,24,Gujarat,441,Banaskantha,DEESA,-,-,Banas,West flowing rivers of Kutch and Saurashtra including Luni,Sipu,-,-,Sipu,24.39692250,72.30137056,24-08-1989 08:30,14.1
1956,Sipu at Sipudam(Bhakudar),CWC,24,Gujarat,441,Banaskantha,DEESA,-,-,Banas,West flowing rivers of Kutch and Saurashtra including Luni,Sipu,-,-,Sipu,24.39692250,72.30137056,24-08-1989 08:30,14.1
1957,Sipu at Sipudam(Bhakudar),CWC,24,Gujarat,441,Banaskantha,DEESA,-,-,Banas,West flowing rivers of Kutch and Saurashtra including Luni,Sipu,-,-,Sipu,24.39692250,72.30137056,25-08-1989 08:30,31.5
1958,Sipu at Sipudam(Bhakudar),CWC,24,Gujarat,441,Banaskantha,DEESA,-,-,Banas,West flowing rivers of Kutch and Saurashtra including Luni,Sipu,-,-,Sipu,24.39692250,72.30137056,25-08-1989 08:30,31.5
1959,Sipu at Sipudam(Bhakudar),CWC,24,Gujarat,441,Banaskantha,DEESA,-,-,Banas,West flowing rivers of Kutch and Saurashtra including Luni,Sipu,-,-,Sipu,24.39692250,72.30137056,26-08-1989 08:30,17
1960,Sipu at Sipudam(Bhakudar),CWC,24,Gujarat,441,Banaskantha,DEESA,-,-,Banas,West flowing rivers of Kutch and Saurashtra including Luni,Sipu,-,-,Sipu,24.39692250,72.30137056,26-08-1989 08:30,17
1961,Sipu at Sipudam(Bhakudar),CWC,24,Gujarat,441,Banaskantha,DEESA,-,-,Banas,West flowing rivers of Kutch and Saurashtra including Luni,Sipu,-,-,Sipu,24.39692250,72.30137056,27-08-1989 08:30,132.5
1962,Sipu at Sipudam(Bhakudar),CWC,24,Gujarat,441,Banaskantha,DEESA,-,-,Banas,West flowing rivers of Kutch and Saurashtra including Luni,Sipu,-,-,Sipu,24.39692250,72.30137056,27-08-1989 08:30,132.5
1963,Sipu at Sipudam(Bhakudar),CWC,24,Gujarat,441,Banaskantha,DEESA,-,-,Banas,West flowing rivers of Kutch and Saurashtra including Luni,Sipu,-,-,Sipu,24.39692250,72.30137056,28-08-1989 08:30,14.8
1964,Sipu at Sipudam(Bhakudar),CWC,24,Gujarat,441,Banaskantha,DEESA,-,-,Banas,West flowing rivers of Kutch and Saurashtra including Luni,Sipu,-,-,Sipu,24.39692250,72.30137056,28-08-1989 08:30,14.8
1965,Sipu at Sipudam(Bhakudar),CWC,24,Gujarat,441,Banaskantha,DEESA,-,-,Banas,West flowing rivers of Kutch and Saurashtra including Luni,Sipu,-,-,Sipu,24.39692250,72.30137056,29-08-1989 08:30,8.4
1966,Sipu at Sipudam(Bhakudar),CWC,24,Gujarat,441,Banaskantha,DEESA,-,-,Banas,West flowing rivers of Kutch and Saurashtra including Luni,Sipu,-,-,Sipu,24.39692250,72.30137056,29-08-1989 08:30,8.4
1967,Sipu at Sipudam(Bhakudar),CWC,24,Gujarat,441,Banaskantha,DEESA,-,-,Banas,West flowing rivers of Kutch and Saurashtra including Luni,Sipu,-,-,Sipu,24.39692250,72.30137056,02-09-1989 08:30,21.8
1968,Sipu at Sipudam(Bhakudar),CWC,24,Gujarat,441,Banaskantha,DEESA,-,-,Banas,West flowing rivers of Kutch and Saurashtra including Luni,Sipu,-,-,Sipu,24.39692250,72.30137056,02-09-1989 08:30,21.8
1969,Sipu at Sipudam(Bhakudar),CWC,24,Gujarat,441,Banaskantha,DEESA,-,-,Banas,West flowing rivers of Kutch and Saurashtra including Luni,Sipu,-,-,Sipu,24.39692250,72.30137056,03-09-1989 08:30,3
1970,Sipu at Sipudam(Bhakudar),CWC,24,Gujarat,441,Banaskantha,DEESA,-,-,Banas,West flowing rivers of Kutch and Saurashtra including Luni,Sipu,-,-,Sipu,24.39692250,72.30137056,03-09-1989 08:30,3
1971,Sipu at Sipudam(Bhakudar),CWC,24,Gujarat,441,Banaskantha,DEESA,-,-,Banas,West flowing rivers of Kutch and Saurashtra including Luni,Sipu,-,-,Sipu,24.39692250,72.30137056,22-09-1989 08:30,50.5
1972,Sipu at Sipudam(Bhakudar),CWC,24,Gujarat,441,Banaskantha,DEESA,-,-,Banas,West flowing rivers of Kutch and Saurashtra including Luni,Sipu,-,-,Sipu,24.39692250,72.30137056,22-09-1989 08:30,50.5
1973,Sipu at Sipudam(Bhakudar),CWC,24,Gujarat,441,Banaskantha,DEESA,-,-,Banas,West flowing rivers of Kutch and Saurashtra including Luni,Sipu,-,-,Sipu,24.39692250,72.30137056,24-09-1989 08:30,10.8
1974,Sipu at Sipudam(Bhakudar),CWC,24,Gujarat,441,Banaskantha,DEESA,-,-,Banas,West flowing rivers of Kutch and Saurashtra including Luni,Sipu,-,-,Sipu,24.39692250,72.30137056,24-09-1989 08:30,10.8
1975,Sipu at Sipudam(Bhakudar),CWC,24,Gujarat,441,Banaskantha,DEESA,-,-,Banas,West flowing rivers of Kutch and Saurashtra including Luni,Sipu,-,-,Sipu,24.39692250,72.30137056,26-02-1990 08:30,11.8
1976,Sipu at Sipudam(Bhakudar),CWC,24,Gujarat,441,Banaskantha,DEESA,-,-,Banas,West flowing rivers of Kutch and Saurashtra including Luni,Sipu,-,-,Sipu,24.39692250,72.30137056,26-02-1990 08:30,11.8
1977,Sipu at Sipudam(Bhakudar),CWC,24,Gujarat,441,Banaskantha,DEESA,-,-,Banas,West flowing rivers of Kutch and Saurashtra including Luni,Sipu,-,-,Sipu,24.39692250,72.30137056,27-02-1990 08:30,9
1978,Sipu at Sipudam(Bhakudar),CWC,24,Gujarat,441,Banaskantha,DEESA,-,-,Banas,West flowing rivers of Kutch and Saurashtra including Luni,Sipu,-,-,Sipu,24.39692250,72.30137056,27-02-1990 08:30,9
1979,Sipu at Sipudam(Bhakudar),CWC,24,Gujarat,441,Banaskantha,DEESA,-,-,Banas,West flowing rivers of Kutch and Saurashtra including Luni,Sipu,-,-,Sipu,24.39692250,72.30137056,28-02-1990 08:30,3
1980,Sipu at Sipudam(Bhakudar),CWC,24,Gujarat,441,Banaskantha,DEESA,-,-,Banas,West flowing rivers of Kutch and Saurashtra including Luni,Sipu,-,-,Sipu,24.39692250,72.30137056,28-02-1990 08:30,3
1981,Sipu at Sipudam(Bhakudar),CWC,24,Gujarat,441,Banaskantha,DEESA,-,-,Banas,West flowing rivers of Kutch and Saurashtra including Luni,Sipu,-,-,Sipu,24.39692250,72.30137056,04-05-1990 08:30,3
1982,Sipu at Sipudam(Bhakudar),CWC,24,Gujarat,441,Banaskantha,DEESA,-,-,Banas,West flowing rivers of Kutch and Saurashtra including Luni,Sipu,-,-,Sipu,24.39692250,72.30137056,04-05-1990 08:30,3
1983,Sipu at Sipudam(Bhakudar),CWC,24,Gujarat,441,Banaskantha,DEESA,-,-,Banas,West flowing rivers of Kutch and Saurashtra including Luni,Sipu,-,-,Sipu,24.39692250,72.30137056,11-05-1990 08:30,4.8
1984,Sipu at Sipudam(Bhakudar),CWC,24,Gujarat,441,Banaskantha,DEESA,-,-,Banas,West flowing rivers of Kutch and Saurashtra including Luni,Sipu,-,-,Sipu,24.39692250,72.30137056,11-05-1990 08:30,4.8
1985,Sipu at Sipudam(Bhakudar),CWC,24,Gujarat,441,Banaskantha,DEESA,-,-,Banas,West flowing rivers of Kutch and Saurashtra including Luni,Sipu,-,-,Sipu,24.39692250,72.30137056,13-05-1990 08:30,2
1986,Sipu at Sipudam(Bhakudar),CWC,24,Gujarat,441,Banaskantha,DEESA,-,-,Banas,West flowing rivers of Kutch and Saurashtra including Luni,Sipu,-,-,Sipu,24.39692250,72.30137056,13-05-1990 08:30,2
1987,Sipu at Sipudam(Bhakudar),CWC,24,Gujarat,441,Banaskantha,DEESA,-,-,Banas,West flowing rivers of Kutch and Saurashtra including Luni,Sipu,-,-,Sipu,24.39692250,72.30137056,26-06-1990 08:30,2.9
1988,Sipu at Sipudam(Bhakudar),CWC,24,Gujarat,441,Banaskantha,DEESA,-,-,Banas,West flowing rivers of Kutch and Saurashtra including Luni,Sipu,-,-,Sipu,24.39692250,72.30137056,26-06-1990 08:30,2.9
1989,Sipu at Sipudam(Bhakudar),CWC,24,Gujarat,441,Banaskantha,DEESA,-,-,Banas,West flowing rivers of Kutch and Saurashtra including Luni,Sipu,-,-,Sipu,24.39692250,72.30137056,30-06-1990 08:30,3.5
1990,Sipu at Sipudam(Bhakudar),CWC,24,Gujarat,441,Banaskantha,DEESA,-,-,Banas,West flowing rivers of Kutch and Saurashtra including Luni,Sipu,-,-,Sipu,24.39692250,72.30137056,30-06-1990 08:30,3.5
1991,Sipu at Sipudam(Bhakudar),CWC,24,Gujarat,441,Banaskantha,DEESA,-,-,Banas,West flowing rivers of Kutch and Saurashtra including Luni,Sipu,-,-,Sipu,24.39692250,72.30137056,02-07-1990 08:30,6.4
1992,Sipu at Sipudam(Bhakudar),CWC,24,Gujarat,441,Banaskantha,DEESA,-,-,Banas,West flowing rivers of Kutch and Saurashtra including Luni,Sipu,-,-,Sipu,24.39692250,72.30137056,02-07-1990 08:30,6.4
1993,Sipu at Sipudam(Bhakudar),CWC,24,Gujarat,441,Banaskantha,DEESA,-,-,Banas,West flowing rivers of Kutch and Saurashtra including Luni,Sipu,-,-,Sipu,24.39692250,72.30137056,03-07-1990 08:30,4
1994,Sipu at Sipudam(Bhakudar),CWC,24,Gujarat,441,Banaskantha,DEESA,-,-,Banas,West flowing rivers of Kutch and Saurashtra including Luni,Sipu,-,-,Sipu,24.39692250,72.30137056,03-07-1990 08:30,4
1995,Sipu at Sipudam(Bhakudar),CWC,24,Gujarat,441,Banaskantha,DEESA,-,-,Banas,West flowing rivers of Kutch and Saurashtra including Luni,Sipu,-,-,Sipu,24.39692250,72.30137056,04-07-1990 08:30,203.5
1996,Sipu at Sipudam(Bhakudar),CWC,24,Gujarat,441,Banaskantha,DEESA,-,-,Banas,West flowing rivers of Kutch and Saurashtra including Luni,Sipu,-,-,Sipu,24.39692250,72.30137056,04-07-1990 08:30,203.5
1997,Sipu at Sipudam(Bhakudar),CWC,24,Gujarat,441,Banaskantha,DEESA,-,-,Banas,West flowing rivers of Kutch and Saurashtra including Luni,Sipu,-,-,Sipu,24.39692250,72.30137056,05-07-1990 08:30,101
1998,Sipu at Sipudam(Bhakudar),CWC,24,Gujarat,441,Banaskantha,DEESA,-,-,Banas,West flowing rivers of Kutch and Saurashtra including Luni,Sipu,-,-,Sipu,24.39692250,72.30137056,05-07-1990 08:30,101
1999,Sipu at Sipudam(Bhakudar),CWC,24,Gujarat,441,Banaskantha,DEESA,-,-,Banas,West flowing rivers of Kutch and Saurashtra including Luni,Sipu,-,-,Sipu,24.39692250,72.30137056,06-07-1990 08:30,46.4
2000,Sipu at Sipudam(Bhakudar),CWC,24,Gujarat,441,Banaskantha,DEESA,-,-,Banas,West flowing rivers of Kutch and Saurashtra including Luni,Sipu,-,-,Sipu,24.39692250,72.30137056,06-07-1990 08:30,46.4
2001,Sipu at Sipudam(Bhakudar),CWC,24,Gujarat,441,Banaskantha,DEESA,-,-,Banas,West flowing rivers of Kutch and Saurashtra including Luni,Sipu,-,-,Sipu,24.39692250,72.30137056,07-07-1990 08:30,10.1
2002,Sipu at Sipudam(Bhakudar),CWC,24,Gujarat,441,Banaskantha,DEESA,-,-,Banas,West flowing rivers of Kutch and Saurashtra including Luni,Sipu,-,-,Sipu,24.39692250,72.30137056,07-07-1990 08:30,10.1
2003,Sipu at Sipudam(Bhakudar),CWC,24,Gujarat,441,Banaskantha,DEESA,-,-,Banas,West flowing rivers of Kutch and Saurashtra including Luni,Sipu,-,-,Sipu,24.39692250,72.30137056,08-07-1990 08:30,12.2
2004,Sipu at Sipudam(Bhakudar),CWC,24,Gujarat,441,Banaskantha,DEESA,-,-,Banas,West flowing rivers of Kutch and Saurashtra including Luni,Sipu,-,-,Sipu,24.39692250,72.30137056,08-07-1990 08:30,12.2
2005,Sipu at Sipudam(Bhakudar),CWC,24,Gujarat,441,Banaskantha,DEESA,-,-,Banas,West flowing rivers of Kutch and Saurashtra including Luni,Sipu,-,-,Sipu,24.39692250,72.30137056,18-07-1990 08:30,3.1
2006,Sipu at Sipudam(Bhakudar),CWC,24,Gujarat,441,Banaskantha,DEESA,-,-,Banas,West flowing rivers of Kutch and Saurashtra including Luni,Sipu,-,-,Sipu,24.39692250,72.30137056,18-07-1990 08:30,3.1
2007,Sipu at Sipudam(Bhakudar),CWC,24,Gujarat,441,Banaskantha,DEESA,-,-,Banas,West flowing rivers of Kutch and Saurashtra including Luni,Sipu,-,-,Sipu,24.39692250,72.30137056,19-07-1990 08:30,6.4
2008,Sipu at Sipudam(Bhakudar),CWC,24,Gujarat,441,Banaskantha,DEESA,-,-,Banas,West flowing rivers of Kutch and Saurashtra including Luni,Sipu,-,-,Sipu,24.39692250,72.30137056,19-07-1990 08:30,6.4
2009,Sipu at Sipudam(Bhakudar),CWC,24,Gujarat,441,Banaskantha,DEESA,-,-,Banas,West flowing rivers of Kutch and Saurashtra including Luni,Sipu,-,-,Sipu,24.39692250,72.30137056,04-08-1990 08:30,40.1
2010,Sipu at Sipudam(Bhakudar),CWC,24,Gujarat,441,Banaskantha,DEESA,-,-,Banas,West flowing rivers of Kutch and Saurashtra including Luni,Sipu,-,-,Sipu,24.39692250,72.30137056,04-08-1990 08:30,40.1
2011,Sipu at Sipudam(Bhakudar),CWC,24,Gujarat,441,Banaskantha,DEESA,-,-,Banas,West flowing rivers of Kutch and Saurashtra including Luni,Sipu,-,-,Sipu,24.39692250,72.30137056,05-08-1990 08:30,53.9
2012,Sipu at Sipudam(Bhakudar),CWC,24,Gujarat,441,Banaskantha,DEESA,-,-,Banas,West flowing rivers of Kutch and Saurashtra including Luni,Sipu,-,-,Sipu,24.39692250,72.30137056,05-08-1990 08:30,53.9
2013,Sipu at Sipudam(Bhakudar),CWC,24,Gujarat,441,Banaskantha,DEESA,-,-,Banas,West flowing rivers of Kutch and Saurashtra including Luni,Sipu,-,-,Sipu,24.39692250,72.30137056,06-08-1990 08:30,81.2
2014,Sipu at Sipudam(Bhakudar),CWC,24,Gujarat,441,Banaskantha,DEESA,-,-,Banas,West flowing rivers of Kutch and Saurashtra including Luni,Sipu,-,-,Sipu,24.39692250,72.30137056,06-08-1990 08:30,81.2
2015,Sipu at Sipudam(Bhakudar),CWC,24,Gujarat,441,Banaskantha,DEESA,-,-,Banas,West flowing rivers of Kutch and Saurashtra including Luni,Sipu,-,-,Sipu,24.39692250,72.30137056,07-08-1990 08:30,8.1
2016,Sipu at Sipudam(Bhakudar),CWC,24,Gujarat,441,Banaskantha,DEESA,-,-,Banas,West flowing rivers of Kutch and Saurashtra including Luni,Sipu,-,-,Sipu,24.39692250,72.30137056,07-08-1990 08:30,8.1
2017,Sipu at Sipudam(Bhakudar),CWC,24,Gujarat,441,Banaskantha,DEESA,-,-,Banas,West flowing rivers of Kutch and Saurashtra including Luni,Sipu,-,-,Sipu,24.39692250,72.30137056,08-08-1990 08:30,7.2
2018,Sipu at Sipudam(Bhakudar),CWC,24,Gujarat,441,Banaskantha,DEESA,-,-,Banas,West flowing rivers of Kutch and Saurashtra including Luni,Sipu,-,-,Sipu,24.39692250,72.30137056,08-08-1990 08:30,7.2
2019,Sipu at Sipudam(Bhakudar),CWC,24,Gujarat,441,Banaskantha,DEESA,-,-,Banas,West flowing rivers of Kutch and Saurashtra including Luni,Sipu,-,-,Sipu,24.39692250,72.30137056,10-08-1990 08:30,4.9
2020,Sipu at Sipudam(Bhakudar),CWC,24,Gujarat,441,Banaskantha,DEESA,-,-,Banas,West flowing rivers of Kutch and Saurashtra including Luni,Sipu,-,-,Sipu,24.39692250,72.30137056,10-08-1990 08:30,4.9
2021,Sipu at Sipudam(Bhakudar),CWC,24,Gujarat,441,Banaskantha,DEESA,-,-,Banas,West flowing rivers of Kutch and Saurashtra including Luni,Sipu,-,-,Sipu,24.39692250,72.30137056,11-08-1990 08:30,12.2
2022,Sipu at Sipudam(Bhakudar),CWC,24,Gujarat,441,Banaskantha,DEESA,-,-,Banas,West flowing rivers of Kutch and Saurashtra including Luni,Sipu,-,-,Sipu,24.39692250,72.30137056,11-08-1990 08:30,12.2
2023,Sipu at Sipudam(Bhakudar),CWC,24,Gujarat,441,Banaskantha,DEESA,-,-,Banas,West flowing rivers of Kutch and Saurashtra including Luni,Sipu,-,-,Sipu,24.39692250,72.30137056,13-08-1990 08:30,3
2024,Sipu at Sipudam(Bhakudar),CWC,24,Gujarat,441,Banaskantha,DEESA,-,-,Banas,West flowing rivers of Kutch and Saurashtra including Luni,Sipu,-,-,Sipu,24.39692250,72.30137056,13-08-1990 08:30,3
2025,Sipu at Sipudam(Bhakudar),CWC,24,Gujarat,441,Banaskantha,DEESA,-,-,Banas,West flowing rivers of Kutch and Saurashtra including Luni,Sipu,-,-,Sipu,24.39692250,72.30137056,14-08-1990 08:30,1.4
2026,Sipu at Sipudam(Bhakudar),CWC,24,Gujarat,441,Banaskantha,DEESA,-,-,Banas,West flowing rivers of Kutch and Saurashtra including Luni,Sipu,-,-,Sipu,24.39692250,72.30137056,14-08-1990 08:30,1.4
2027,Sipu at Sipudam(Bhakudar),CWC,24,Gujarat,441,Banaskantha,DEESA,-,-,Banas,West flowing rivers of Kutch and Saurashtra including Luni,Sipu,-,-,Sipu,24.39692250,72.30137056,18-08-1990 08:30,9.8
2028,Sipu at Sipudam(Bhakudar),CWC,24,Gujarat,441,Banaskantha,DEESA,-,-,Banas,West flowing rivers of Kutch and Saurashtra including Luni,Sipu,-,-,Sipu,24.39692250,72.30137056,18-08-1990 08:30,9.8
2029,Sipu at Sipudam(Bhakudar),CWC,24,Gujarat,441,Banaskantha,DEESA,-,-,Banas,West flowing rivers of Kutch and Saurashtra including Luni,Sipu,-,-,Sipu,24.39692250,72.30137056,19-08-1990 08:30,3.8
2030,Sipu at Sipudam(Bhakudar),CWC,24,Gujarat,441,Banaskantha,DEESA,-,-,Banas,West flowing rivers of Kutch and Saurashtra including Luni,Sipu,-,-,Sipu,24.39692250,72.30137056,19-08-1990 08:30,3.8
2031,Sipu at Sipudam(Bhakudar),CWC,24,Gujarat,441,Banaskantha,DEESA,-,-,Banas,West flowing rivers of Kutch and Saurashtra including Luni,Sipu,-,-,Sipu,24.39692250,72.30137056,20-08-1990 08:30,6
2032,Sipu at Sipudam(Bhakudar),CWC,24,Gujarat,441,Banaskantha,DEESA,-,-,Banas,West flowing rivers of Kutch and Saurashtra including Luni,Sipu,-,-,Sipu,24.39692250,72.30137056,20-08-1990 08:30,6
2033,Sipu at Sipudam(Bhakudar),CWC,24,Gujarat,441,Banaskantha,DEESA,-,-,Banas,West flowing rivers of Kutch and Saurashtra including Luni,Sipu,-,-,Sipu,24.39692250,72.30137056,21-08-1990 08:30,102.6
2034,Sipu at Sipudam(Bhakudar),CWC,24,Gujarat,441,Banaskantha,DEESA,-,-,Banas,West flowing rivers of Kutch and Saurashtra including Luni,Sipu,-,-,Sipu,24.39692250,72.30137056,21-08-1990 08:30,102.6
2035,Sipu at Sipudam(Bhakudar),CWC,24,Gujarat,441,Banaskantha,DEESA,-,-,Banas,West flowing rivers of Kutch and Saurashtra including Luni,Sipu,-,-,Sipu,24.39692250,72.30137056,22-08-1990 08:30,2.2
2036,Sipu at Sipudam(Bhakudar),CWC,24,Gujarat,441,Banaskantha,DEESA,-,-,Banas,West flowing rivers of Kutch and Saurashtra including Luni,Sipu,-,-,Sipu,24.39692250,72.30137056,22-08-1990 08:30,2.2
2037,Sipu at Sipudam(Bhakudar),CWC,24,Gujarat,441,Banaskantha,DEESA,-,-,Banas,West flowing rivers of Kutch and Saurashtra including Luni,Sipu,-,-,Sipu,24.39692250,72.30137056,23-08-1990 08:30,0.4
2038,Sipu at Sipudam(Bhakudar),CWC,24,Gujarat,441,Banaskantha,DEESA,-,-,Banas,West flowing rivers of Kutch and Saurashtra including Luni,Sipu,-,-,Sipu,24.39692250,72.30137056,23-08-1990 08:30,0.4
2039,Sipu at Sipudam(Bhakudar),CWC,24,Gujarat,441,Banaskantha,DEESA,-,-,Banas,West flowing rivers of Kutch and Saurashtra including Luni,Sipu,-,-,Sipu,24.39692250,72.30137056,24-08-1990 08:30,83.5
2040,Sipu at Sipudam(Bhakudar),CWC,24,Gujarat,441,Banaskantha,DEESA,-,-,Banas,West flowing rivers of Kutch and Saurashtra including Luni,Sipu,-,-,Sipu,24.39692250,72.30137056,24-08-1990 08:30,83.5
2041,Sipu at Sipudam(Bhakudar),CWC,24,Gujarat,441,Banaskantha,DEESA,-,-,Banas,West flowing rivers of Kutch and Saurashtra including Luni,Sipu,-,-,Sipu,24.39692250,72.30137056,25-08-1990 08:30,35
2042,Sipu at Sipudam(Bhakudar),CWC,24,Gujarat,441,Banaskantha,DEESA,-,-,Banas,West flowing rivers of Kutch and Saurashtra including Luni,Sipu,-,-,Sipu,24.39692250,72.30137056,25-08-1990 08:30,35
2043,Sipu at Sipudam(Bhakudar),CWC,24,Gujarat,441,Banaskantha,DEESA,-,-,Banas,West flowing rivers of Kutch and Saurashtra including Luni,Sipu,-,-,Sipu,24.39692250,72.30137056,26-08-1990 08:30,5.7
2044,Sipu at Sipudam(Bhakudar),CWC,24,Gujarat,441,Banaskantha,DEESA,-,-,Banas,West flowing rivers of Kutch and Saurashtra including Luni,Sipu,-,-,Sipu,24.39692250,72.30137056,26-08-1990 08:30,5.7
2045,Sipu at Sipudam(Bhakudar),CWC,24,Gujarat,441,Banaskantha,DEESA,-,-,Banas,West flowing rivers of Kutch and Saurashtra including Luni,Sipu,-,-,Sipu,24.39692250,72.30137056,27-08-1990 08:30,11.8
2046,Sipu at Sipudam(Bhakudar),CWC,24,Gujarat,441,Banaskantha,DEESA,-,-,Banas,West flowing rivers of Kutch and Saurashtra including Luni,Sipu,-,-,Sipu,24.39692250,72.30137056,27-08-1990 08:30,11.8
2047,Sipu at Sipudam(Bhakudar),CWC,24,Gujarat,441,Banaskantha,DEESA,-,-,Banas,West flowing rivers of Kutch and Saurashtra including Luni,Sipu,-,-,Sipu,24.39692250,72.30137056,28-08-1990 08:30,8
2048,Sipu at Sipudam(Bhakudar),CWC,24,Gujarat,441,Banaskantha,DEESA,-,-,Banas,West flowing rivers of Kutch and Saurashtra including Luni,Sipu,-,-,Sipu,24.39692250,72.30137056,28-08-1990 08:30,8
2049,Sipu at Sipudam(Bhakudar),CWC,24,Gujarat,441,Banaskantha,DEESA,-,-,Banas,West flowing rivers of Kutch and Saurashtra including Luni,Sipu,-,-,Sipu,24.39692250,72.30137056,30-08-1990 08:30,1.6
2050,Sipu at Sipudam(Bhakudar),CWC,24,Gujarat,441,Banaskantha,DEESA,-,-,Banas,West flowing rivers of Kutch and Saurashtra including Luni,Sipu,-,-,Sipu,24.39692250,72.30137056,30-08-1990 08:30,1.6
2051,Sipu at Sipudam(Bhakudar),CWC,24,Gujarat,441,Banaskantha,DEESA,-,-,Banas,West flowing rivers of Kutch and Saurashtra including Luni,Sipu,-,-,Sipu,24.39692250,72.30137056,31-08-1990 08:30,4.8
2052,Sipu at Sipudam(Bhakudar),CWC,24,Gujarat,441,Banaskantha,DEESA,-,-,Banas,West flowing rivers of Kutch and Saurashtra including Luni,Sipu,-,-,Sipu,24.39692250,72.30137056,31-08-1990 08:30,4.8
2053,Sipu at Sipudam(Bhakudar),CWC,24,Gujarat,441,Banaskantha,DEESA,-,-,Banas,West flowing rivers of Kutch and Saurashtra including Luni,Sipu,-,-,Sipu,24.39692250,72.30137056,01-09-1990 08:30,3.9
2054,Sipu at Sipudam(Bhakudar),CWC,24,Gujarat,441,Banaskantha,DEESA,-,-,Banas,West flowing rivers of Kutch and Saurashtra including Luni,Sipu,-,-,Sipu,24.39692250,72.30137056,01-09-1990 08:30,3.9
2055,Sipu at Sipudam(Bhakudar),CWC,24,Gujarat,441,Banaskantha,DEESA,-,-,Banas,West flowing rivers of Kutch and Saurashtra including Luni,Sipu,-,-,Sipu,24.39692250,72.30137056,02-09-1990 08:30,19.5
2056,Sipu at Sipudam(Bhakudar),CWC,24,Gujarat,441,Banaskantha,DEESA,-,-,Banas,West flowing rivers of Kutch and Saurashtra including Luni,Sipu,-,-,Sipu,24.39692250,72.30137056,02-09-1990 08:30,19.5
2057,Sipu at Sipudam(Bhakudar),CWC,24,Gujarat,441,Banaskantha,DEESA,-,-,Banas,West flowing rivers of Kutch and Saurashtra including Luni,Sipu,-,-,Sipu,24.39692250,72.30137056,03-09-1990 08:30,1.2
2058,Sipu at Sipudam(Bhakudar),CWC,24,Gujarat,441,Banaskantha,DEESA,-,-,Banas,West flowing rivers of Kutch and Saurashtra including Luni,Sipu,-,-,Sipu,24.39692250,72.30137056,03-09-1990 08:30,1.2
2059,Sipu at Sipudam(Bhakudar),CWC,24,Gujarat,441,Banaskantha,DEESA,-,-,Banas,West flowing rivers of Kutch and Saurashtra including Luni,Sipu,-,-,Sipu,24.39692250,72.30137056,07-09-1990 08:30,5.2
2060,Sipu at Sipudam(Bhakudar),CWC,24,Gujarat,441,Banaskantha,DEESA,-,-,Banas,West flowing rivers of Kutch and Saurashtra including Luni,Sipu,-,-,Sipu,24.39692250,72.30137056,07-09-1990 08:30,5.2
2061,Sipu at Sipudam(Bhakudar),CWC,24,Gujarat,441,Banaskantha,DEESA,-,-,Banas,West flowing rivers of Kutch and Saurashtra including Luni,Sipu,-,-,Sipu,24.39692250,72.30137056,15-09-1990 08:30,6.3
2062,Sipu at Sipudam(Bhakudar),CWC,24,Gujarat,441,Banaskantha,DEESA,-,-,Banas,West flowing rivers of Kutch and Saurashtra including Luni,Sipu,-,-,Sipu,24.39692250,72.30137056,15-09-1990 08:30,6.3
2063,Sipu at Sipudam(Bhakudar),CWC,24,Gujarat,441,Banaskantha,DEESA,-,-,Banas,West flowing rivers of Kutch and Saurashtra including Luni,Sipu,-,-,Sipu,24.39692250,72.30137056,16-09-1990 08:30,4.2
2064,Sipu at Sipudam(Bhakudar),CWC,24,Gujarat,441,Banaskantha,DEESA,-,-,Banas,West flowing rivers of Kutch and Saurashtra including Luni,Sipu,-,-,Sipu,24.39692250,72.30137056,16-09-1990 08:30,4.2
2065,Sipu at Sipudam(Bhakudar),CWC,24,Gujarat,441,Banaskantha,DEESA,-,-,Banas,West flowing rivers of Kutch and Saurashtra including Luni,Sipu,-,-,Sipu,24.39692250,72.30137056,20-09-1990 08:30,4.4
2066,Sipu at Sipudam(Bhakudar),CWC,24,Gujarat,441,Banaskantha,DEESA,-,-,Banas,West flowing rivers of Kutch and Saurashtra including Luni,Sipu,-,-,Sipu,24.39692250,72.30137056,20-09-1990 08:30,4.4
2067,Sipu at Sipudam(Bhakudar),CWC,24,Gujarat,441,Banaskantha,DEESA,-,-,Banas,West flowing rivers of Kutch and Saurashtra including Luni,Sipu,-,-,Sipu,24.39692250,72.30137056,26-09-1990 08:30,6.2
2068,Sipu at Sipudam(Bhakudar),CWC,24,Gujarat,441,Banaskantha,DEESA,-,-,Banas,West flowing rivers of Kutch and Saurashtra including Luni,Sipu,-,-,Sipu,24.39692250,72.30137056,26-09-1990 08:30,6.2
2069,Sipu at Sipudam(Bhakudar),CWC,24,Gujarat,441,Banaskantha,DEESA,-,-,Banas,West flowing rivers of Kutch and Saurashtra including Luni,Sipu,-,-,Sipu,24.39692250,72.30137056,27-09-1990 08:30,1
2070,Sipu at Sipudam(Bhakudar),CWC,24,Gujarat,441,Banaskantha,DEESA,-,-,Banas,West flowing rivers of Kutch and Saurashtra including Luni,Sipu,-,-,Sipu,24.39692250,72.30137056,27-09-1990 08:30,1
2071,Sipu at Sipudam(Bhakudar),CWC,24,Gujarat,441,Banaskantha,DEESA,-,-,Banas,West flowing rivers of Kutch and Saurashtra including Luni,Sipu,-,-,Sipu,24.39692250,72.30137056,01-10-1990 08:30,3.4
2072,Sipu at Sipudam(Bhakudar),CWC,24,Gujarat,441,Banaskantha,DEESA,-,-,Banas,West flowing rivers of Kutch and Saurashtra including Luni,Sipu,-,-,Sipu,24.39692250,72.30137056,01-10-1990 08:30,3.4
2073,Sipu at Sipudam(Bhakudar),CWC,24,Gujarat,441,Banaskantha,DEESA,-,-,Banas,West flowing rivers of Kutch and Saurashtra including Luni,Sipu,-,-,Sipu,24.39692250,72.30137056,02-10-1990 08:30,43.5
2074,Sipu at Sipudam(Bhakudar),CWC,24,Gujarat,441,Banaskantha,DEESA,-,-,Banas,West flowing rivers of Kutch and Saurashtra including Luni,Sipu,-,-,Sipu,24.39692250,72.30137056,02-10-1990 08:30,43.5
2075,Tapi at Ghala,CWC,24,Gujarat,459,Surat,KAMREJ,-,-,Narmada,Narmada,Unch,-,-,Tapi,21.29344806,73.03697278,15-07-1985 08:00,1.2
2076,Tapi at Ghala,CWC,24,Gujarat,459,Surat,KAMREJ,-,-,Narmada,Narmada,Unch,-,-,Tapi,21.29344806,73.03697278,16-07-1985 08:00,0.2
2077,Tapi at Ghala,CWC,24,Gujarat,459,Surat,KAMREJ,-,-,Narmada,Narmada,Unch,-,-,Tapi,21.29344806,73.03697278,20-07-1985 08:00,4.4
2078,Tapi at Ghala,CWC,24,Gujarat,459,Surat,KAMREJ,-,-,Narmada,Narmada,Unch,-,-,Tapi,21.29344806,73.03697278,22-07-1985 08:00,0.2
2079,Tapi at Ghala,CWC,24,Gujarat,459,Surat,KAMREJ,-,-,Narmada,Narmada,Unch,-,-,Tapi,21.29344806,73.03697278,26-07-1985 08:00,25.4
2080,Tapi at Ghala,CWC,24,Gujarat,459,Surat,KAMREJ,-,-,Narmada,Narmada,Unch,-,-,Tapi,21.29344806,73.03697278,27-07-1985 08:00,0.1
2081,Tapi at Ghala,CWC,24,Gujarat,459,Surat,KAMREJ,-,-,Narmada,Narmada,Unch,-,-,Tapi,21.29344806,73.03697278,28-07-1985 08:00,16
2082,Tapi at Ghala,CWC,24,Gujarat,459,Surat,KAMREJ,-,-,Narmada,Narmada,Unch,-,-,Tapi,21.29344806,73.03697278,31-07-1985 08:00,41.2
2083,Tapi at Ghala,CWC,24,Gujarat,459,Surat,KAMREJ,-,-,Narmada,Narmada,Unch,-,-,Tapi,21.29344806,73.03697278,01-08-1985 08:00,62.2
2084,Tapi at Ghala,CWC,24,Gujarat,459,Surat,KAMREJ,-,-,Narmada,Narmada,Unch,-,-,Tapi,21.29344806,73.03697278,02-08-1985 08:00,7
2085,Tapi at Ghala,CWC,24,Gujarat,459,Surat,KAMREJ,-,-,Narmada,Narmada,Unch,-,-,Tapi,21.29344806,73.03697278,03-08-1985 08:00,36.2
2086,Tapi at Ghala,CWC,24,Gujarat,459,Surat,KAMREJ,-,-,Narmada,Narmada,Unch,-,-,Tapi,21.29344806,73.03697278,05-08-1985 08:00,8.2
2087,Tapi at Ghala,CWC,24,Gujarat,459,Surat,KAMREJ,-,-,Narmada,Narmada,Unch,-,-,Tapi,21.29344806,73.03697278,06-08-1985 08:00,0.5
2088,Tapi at Ghala,CWC,24,Gujarat,459,Surat,KAMREJ,-,-,Narmada,Narmada,Unch,-,-,Tapi,21.29344806,73.03697278,08-08-1985 08:00,2.8
2089,Tapi at Ghala,CWC,24,Gujarat,459,Surat,KAMREJ,-,-,Narmada,Narmada,Unch,-,-,Tapi,21.29344806,73.03697278,10-08-1985 08:00,1.8
2090,Tapi at Ghala,CWC,24,Gujarat,459,Surat,KAMREJ,-,-,Narmada,Narmada,Unch,-,-,Tapi,21.29344806,73.03697278,11-08-1985 08:00,23.8
2091,Tapi at Ghala,CWC,24,Gujarat,459,Surat,KAMREJ,-,-,Narmada,Narmada,Unch,-,-,Tapi,21.29344806,73.03697278,20-08-1985 08:00,4.3
2092,Tapi at Ghala,CWC,24,Gujarat,459,Surat,KAMREJ,-,-,Narmada,Narmada,Unch,-,-,Tapi,21.29344806,73.03697278,21-08-1985 08:00,0.9
2093,Tapi at Ghala,CWC,24,Gujarat,459,Surat,KAMREJ,-,-,Narmada,Narmada,Unch,-,-,Tapi,21.29344806,73.03697278,22-08-1985 08:00,3.8
2094,Tapi at Ghala,CWC,24,Gujarat,459,Surat,KAMREJ,-,-,Narmada,Narmada,Unch,-,-,Tapi,21.29344806,73.03697278,25-08-1985 08:00,1.4
2095,Tapi at Ghala,CWC,24,Gujarat,459,Surat,KAMREJ,-,-,Narmada,Narmada,Unch,-,-,Tapi,21.29344806,73.03697278,26-08-1985 08:00,1.4
2096,Tapi at Ghala,CWC,24,Gujarat,459,Surat,KAMREJ,-,-,Narmada,Narmada,Unch,-,-,Tapi,21.29344806,73.03697278,27-08-1985 08:00,9
2097,Tapi at Ghala,CWC,24,Gujarat,459,Surat,KAMREJ,-,-,Narmada,Narmada,Unch,-,-,Tapi,21.29344806,73.03697278,29-08-1985 08:00,1.7
2098,Tapi at Ghala,CWC,24,Gujarat,459,Surat,KAMREJ,-,-,Narmada,Narmada,Unch,-,-,Tapi,21.29344806,73.03697278,02-09-1985 08:00,7
2099,Tapi at Ghala,CWC,24,Gujarat,459,Surat,KAMREJ,-,-,Narmada,Narmada,Unch,-,-,Tapi,21.29344806,73.03697278,08-09-1985 08:00,0.7
2100,Tapi at Ghala,CWC,24,Gujarat,459,Surat,KAMREJ,-,-,Narmada,Narmada,Unch,-,-,Tapi,21.29344806,73.03697278,07-10-1985 08:00,11.2
2101,Tapi at Ghala,CWC,24,Gujarat,459,Surat,KAMREJ,-,-,Narmada,Narmada,Unch,-,-,Tapi,21.29344806,73.03697278,06-07-1986 08:00,2.2
2102,Tapi at Ghala,CWC,24,Gujarat,459,Surat,KAMREJ,-,-,Narmada,Narmada,Unch,-,-,Tapi,21.29344806,73.03697278,07-07-1986 08:00,2.9
2103,Tapi at Ghala,CWC,24,Gujarat,459,Surat,KAMREJ,-,-,Narmada,Narmada,Unch,-,-,Tapi,21.29344806,73.03697278,11-07-1986 08:00,3.8
2104,Tapi at Ghala,CWC,24,Gujarat,459,Surat,KAMREJ,-,-,Narmada,Narmada,Unch,-,-,Tapi,21.29344806,73.03697278,13-07-1986 08:00,6.4
2105,Tapi at Ghala,CWC,24,Gujarat,459,Surat,KAMREJ,-,-,Narmada,Narmada,Unch,-,-,Tapi,21.29344806,73.03697278,15-07-1986 08:00,66.8
2106,Tapi at Ghala,CWC,24,Gujarat,459,Surat,KAMREJ,-,-,Narmada,Narmada,Unch,-,-,Tapi,21.29344806,73.03697278,16-07-1986 08:00,5.2
2107,Tapi at Ghala,CWC,24,Gujarat,459,Surat,KAMREJ,-,-,Narmada,Narmada,Unch,-,-,Tapi,21.29344806,73.03697278,18-07-1986 08:00,5.4
2108,Tapi at Ghala,CWC,24,Gujarat,459,Surat,KAMREJ,-,-,Narmada,Narmada,Unch,-,-,Tapi,21.29344806,73.03697278,21-07-1986 08:00,4.8
2109,Tapi at Ghala,CWC,24,Gujarat,459,Surat,KAMREJ,-,-,Narmada,Narmada,Unch,-,-,Tapi,21.29344806,73.03697278,22-07-1986 08:00,1.8
2110,Tapi at Ghala,CWC,24,Gujarat,459,Surat,KAMREJ,-,-,Narmada,Narmada,Unch,-,-,Tapi,21.29344806,73.03697278,23-07-1986 08:00,5.4
2111,Tapi at Ghala,CWC,24,Gujarat,459,Surat,KAMREJ,-,-,Narmada,Narmada,Unch,-,-,Tapi,21.29344806,73.03697278,25-07-1986 08:00,1.1
2112,Tapi at Ghala,CWC,24,Gujarat,459,Surat,KAMREJ,-,-,Narmada,Narmada,Unch,-,-,Tapi,21.29344806,73.03697278,30-07-1986 08:00,14.4
2113,Tapi at Ghala,CWC,24,Gujarat,459,Surat,KAMREJ,-,-,Narmada,Narmada,Unch,-,-,Tapi,21.29344806,73.03697278,31-07-1986 08:00,7.2
2114,Tapi at Ghala,CWC,24,Gujarat,459,Surat,KAMREJ,-,-,Narmada,Narmada,Unch,-,-,Tapi,21.29344806,73.03697278,03-08-1986 08:00,2
2115,Tapi at Ghala,CWC,24,Gujarat,459,Surat,KAMREJ,-,-,Narmada,Narmada,Unch,-,-,Tapi,21.29344806,73.03697278,04-08-1986 08:00,4
2116,Tapi at Ghala,CWC,24,Gujarat,459,Surat,KAMREJ,-,-,Narmada,Narmada,Unch,-,-,Tapi,21.29344806,73.03697278,07-08-1986 08:00,78.2
2117,Tapi at Ghala,CWC,24,Gujarat,459,Surat,KAMREJ,-,-,Narmada,Narmada,Unch,-,-,Tapi,21.29344806,73.03697278,08-08-1986 08:00,6.6
2118,Tapi at Ghala,CWC,24,Gujarat,459,Surat,KAMREJ,-,-,Narmada,Narmada,Unch,-,-,Tapi,21.29344806,73.03697278,18-08-1986 08:00,9.8
2119,Tapi at Ghala,CWC,24,Gujarat,459,Surat,KAMREJ,-,-,Narmada,Narmada,Unch,-,-,Tapi,21.29344806,73.03697278,28-08-1986 08:00,56.4
2120,Tapi at Ghala,CWC,24,Gujarat,459,Surat,KAMREJ,-,-,Narmada,Narmada,Unch,-,-,Tapi,21.29344806,73.03697278,04-09-1986 08:00,3.4
2121,Tapi at Ghala,CWC,24,Gujarat,459,Surat,KAMREJ,-,-,Narmada,Narmada,Unch,-,-,Tapi,21.29344806,73.03697278,05-09-1986 08:00,3.8
2122,Tapi at Ghala,CWC,24,Gujarat,459,Surat,KAMREJ,-,-,Narmada,Narmada,Unch,-,-,Tapi,21.29344806,73.03697278,02-07-1987 08:00,18.5
2123,Tapi at Ghala,CWC,24,Gujarat,459,Surat,KAMREJ,-,-,Narmada,Narmada,Unch,-,-,Tapi,21.29344806,73.03697278,03-07-1987 08:00,1.9
2124,Tapi at Ghala,CWC,24,Gujarat,459,Surat,KAMREJ,-,-,Narmada,Narmada,Unch,-,-,Tapi,21.29344806,73.03697278,04-07-1987 08:00,101
2125,Tapi at Ghala,CWC,24,Gujarat,459,Surat,KAMREJ,-,-,Narmada,Narmada,Unch,-,-,Tapi,21.29344806,73.03697278,05-07-1987 08:00,2.2
2126,Tapi at Ghala,CWC,24,Gujarat,459,Surat,KAMREJ,-,-,Narmada,Narmada,Unch,-,-,Tapi,21.29344806,73.03697278,06-07-1987 08:00,4
2127,Tapi at Ghala,CWC,24,Gujarat,459,Surat,KAMREJ,-,-,Narmada,Narmada,Unch,-,-,Tapi,21.29344806,73.03697278,11-07-1987 08:00,15
2128,Tapi at Ghala,CWC,24,Gujarat,459,Surat,KAMREJ,-,-,Narmada,Narmada,Unch,-,-,Tapi,21.29344806,73.03697278,12-07-1987 08:00,17.2
2129,Tapi at Ghala,CWC,24,Gujarat,459,Surat,KAMREJ,-,-,Narmada,Narmada,Unch,-,-,Tapi,21.29344806,73.03697278,13-07-1987 08:00,12.2
2130,Tapi at Ghala,CWC,24,Gujarat,459,Surat,KAMREJ,-,-,Narmada,Narmada,Unch,-,-,Tapi,21.29344806,73.03697278,14-07-1987 08:00,1.2
2131,Tapi at Ghala,CWC,24,Gujarat,459,Surat,KAMREJ,-,-,Narmada,Narmada,Unch,-,-,Tapi,21.29344806,73.03697278,15-07-1987 08:00,8
2132,Tapi at Ghala,CWC,24,Gujarat,459,Surat,KAMREJ,-,-,Narmada,Narmada,Unch,-,-,Tapi,21.29344806,73.03697278,16-07-1987 08:00,5
2133,Tapi at Ghala,CWC,24,Gujarat,459,Surat,KAMREJ,-,-,Narmada,Narmada,Unch,-,-,Tapi,21.29344806,73.03697278,17-07-1987 08:00,4
2134,Tapi at Ghala,CWC,24,Gujarat,459,Surat,KAMREJ,-,-,Narmada,Narmada,Unch,-,-,Tapi,21.29344806,73.03697278,24-07-1987 08:00,2
2135,Tapi at Ghala,CWC,24,Gujarat,459,Surat,KAMREJ,-,-,Narmada,Narmada,Unch,-,-,Tapi,21.29344806,73.03697278,25-07-1987 08:00,6
2136,Tapi at Ghala,CWC,24,Gujarat,459,Surat,KAMREJ,-,-,Narmada,Narmada,Unch,-,-,Tapi,21.29344806,73.03697278,26-07-1987 08:00,5.5
2137,Tapi at Ghala,CWC,24,Gujarat,459,Surat,KAMREJ,-,-,Narmada,Narmada,Unch,-,-,Tapi,21.29344806,73.03697278,27-07-1987 08:00,5.2
2138,Tapi at Ghala,CWC,24,Gujarat,459,Surat,KAMREJ,-,-,Narmada,Narmada,Unch,-,-,Tapi,21.29344806,73.03697278,06-08-1987 08:00,2.2
2139,Tapi at Ghala,CWC,24,Gujarat,459,Surat,KAMREJ,-,-,Narmada,Narmada,Unch,-,-,Tapi,21.29344806,73.03697278,12-09-1987 08:00,24.2
2140,Tapi at Ghala,CWC,24,Gujarat,459,Surat,KAMREJ,-,-,Narmada,Narmada,Unch,-,-,Tapi,21.29344806,73.03697278,16-06-1988 08:00,65
2141,Tapi at Ghala,CWC,24,Gujarat,459,Surat,KAMREJ,-,-,Narmada,Narmada,Unch,-,-,Tapi,21.29344806,73.03697278,17-06-1988 08:00,114
2142,Tapi at Ghala,CWC,24,Gujarat,459,Surat,KAMREJ,-,-,Narmada,Narmada,Unch,-,-,Tapi,21.29344806,73.03697278,01-07-1988 08:00,0.4
2143,Tapi at Ghala,CWC,24,Gujarat,459,Surat,KAMREJ,-,-,Narmada,Narmada,Unch,-,-,Tapi,21.29344806,73.03697278,02-07-1988 08:00,0.4
2144,Tapi at Ghala,CWC,24,Gujarat,459,Surat,KAMREJ,-,-,Narmada,Narmada,Unch,-,-,Tapi,21.29344806,73.03697278,03-07-1988 08:00,0.3
2145,Tapi at Ghala,CWC,24,Gujarat,459,Surat,KAMREJ,-,-,Narmada,Narmada,Unch,-,-,Tapi,21.29344806,73.03697278,04-07-1988 08:00,0.3
2146,Tapi at Ghala,CWC,24,Gujarat,459,Surat,KAMREJ,-,-,Narmada,Narmada,Unch,-,-,Tapi,21.29344806,73.03697278,05-07-1988 08:00,40
2147,Tapi at Ghala,CWC,24,Gujarat,459,Surat,KAMREJ,-,-,Narmada,Narmada,Unch,-,-,Tapi,21.29344806,73.03697278,06-07-1988 08:00,85.2
2148,Tapi at Ghala,CWC,24,Gujarat,459,Surat,KAMREJ,-,-,Narmada,Narmada,Unch,-,-,Tapi,21.29344806,73.03697278,07-07-1988 08:00,18
2149,Tapi at Ghala,CWC,24,Gujarat,459,Surat,KAMREJ,-,-,Narmada,Narmada,Unch,-,-,Tapi,21.29344806,73.03697278,08-07-1988 08:00,25
2150,Tapi at Ghala,CWC,24,Gujarat,459,Surat,KAMREJ,-,-,Narmada,Narmada,Unch,-,-,Tapi,21.29344806,73.03697278,09-07-1988 08:00,8
2151,Tapi at Ghala,CWC,24,Gujarat,459,Surat,KAMREJ,-,-,Narmada,Narmada,Unch,-,-,Tapi,21.29344806,73.03697278,10-07-1988 08:00,4
2152,Tapi at Ghala,CWC,24,Gujarat,459,Surat,KAMREJ,-,-,Narmada,Narmada,Unch,-,-,Tapi,21.29344806,73.03697278,12-07-1988 08:00,11.8
2153,Tapi at Ghala,CWC,24,Gujarat,459,Surat,KAMREJ,-,-,Narmada,Narmada,Unch,-,-,Tapi,21.29344806,73.03697278,13-07-1988 08:00,5
2154,Tapi at Ghala,CWC,24,Gujarat,459,Surat,KAMREJ,-,-,Narmada,Narmada,Unch,-,-,Tapi,21.29344806,73.03697278,14-07-1988 08:00,0.3
2155,Tapi at Ghala,CWC,24,Gujarat,459,Surat,KAMREJ,-,-,Narmada,Narmada,Unch,-,-,Tapi,21.29344806,73.03697278,15-07-1988 08:00,204
2156,Tapi at Ghala,CWC,24,Gujarat,459,Surat,KAMREJ,-,-,Narmada,Narmada,Unch,-,-,Tapi,21.29344806,73.03697278,16-07-1988 08:00,30
2157,Tapi at Ghala,CWC,24,Gujarat,459,Surat,KAMREJ,-,-,Narmada,Narmada,Unch,-,-,Tapi,21.29344806,73.03697278,17-07-1988 08:00,30
2158,Tapi at Ghala,CWC,24,Gujarat,459,Surat,KAMREJ,-,-,Narmada,Narmada,Unch,-,-,Tapi,21.29344806,73.03697278,18-07-1988 08:00,27.2
2159,Tapi at Ghala,CWC,24,Gujarat,459,Surat,KAMREJ,-,-,Narmada,Narmada,Unch,-,-,Tapi,21.29344806,73.03697278,19-07-1988 08:00,7
2160,Tapi at Ghala,CWC,24,Gujarat,459,Surat,KAMREJ,-,-,Narmada,Narmada,Unch,-,-,Tapi,21.29344806,73.03697278,20-07-1988 08:00,82
2161,Tapi at Ghala,CWC,24,Gujarat,459,Surat,KAMREJ,-,-,Narmada,Narmada,Unch,-,-,Tapi,21.29344806,73.03697278,21-07-1988 08:00,32
2162,Tapi at Ghala,CWC,24,Gujarat,459,Surat,KAMREJ,-,-,Narmada,Narmada,Unch,-,-,Tapi,21.29344806,73.03697278,22-07-1988 08:00,109
2163,Tapi at Ghala,CWC,24,Gujarat,459,Surat,KAMREJ,-,-,Narmada,Narmada,Unch,-,-,Tapi,21.29344806,73.03697278,23-07-1988 08:00,4
2164,Tapi at Ghala,CWC,24,Gujarat,459,Surat,KAMREJ,-,-,Narmada,Narmada,Unch,-,-,Tapi,21.29344806,73.03697278,24-07-1988 08:00,2
2165,Tapi at Ghala,CWC,24,Gujarat,459,Surat,KAMREJ,-,-,Narmada,Narmada,Unch,-,-,Tapi,21.29344806,73.03697278,26-07-1988 08:00,66
2166,Tapi at Ghala,CWC,24,Gujarat,459,Surat,KAMREJ,-,-,Narmada,Narmada,Unch,-,-,Tapi,21.29344806,73.03697278,27-07-1988 08:00,134
2167,Tapi at Ghala,CWC,24,Gujarat,459,Surat,KAMREJ,-,-,Narmada,Narmada,Unch,-,-,Tapi,21.29344806,73.03697278,28-07-1988 08:00,233.4
2168,Tapi at Ghala,CWC,24,Gujarat,459,Surat,KAMREJ,-,-,Narmada,Narmada,Unch,-,-,Tapi,21.29344806,73.03697278,29-07-1988 08:00,89.4
2169,Tapi at Ghala,CWC,24,Gujarat,459,Surat,KAMREJ,-,-,Narmada,Narmada,Unch,-,-,Tapi,21.29344806,73.03697278,30-07-1988 08:00,47
2170,Tapi at Ghala,CWC,24,Gujarat,459,Surat,KAMREJ,-,-,Narmada,Narmada,Unch,-,-,Tapi,21.29344806,73.03697278,31-07-1988 08:00,6.4
2171,Tapi at Ghala,CWC,24,Gujarat,459,Surat,KAMREJ,-,-,Narmada,Narmada,Unch,-,-,Tapi,21.29344806,73.03697278,01-08-1988 08:00,5
2172,Tapi at Ghala,CWC,24,Gujarat,459,Surat,KAMREJ,-,-,Narmada,Narmada,Unch,-,-,Tapi,21.29344806,73.03697278,02-08-1988 08:00,4
2173,Tapi at Ghala,CWC,24,Gujarat,459,Surat,KAMREJ,-,-,Narmada,Narmada,Unch,-,-,Tapi,21.29344806,73.03697278,03-08-1988 08:00,2
2174,Tapi at Ghala,CWC,24,Gujarat,459,Surat,KAMREJ,-,-,Narmada,Narmada,Unch,-,-,Tapi,21.29344806,73.03697278,06-08-1988 08:00,9
2175,Tapi at Ghala,CWC,24,Gujarat,459,Surat,KAMREJ,-,-,Narmada,Narmada,Unch,-,-,Tapi,21.29344806,73.03697278,07-08-1988 08:00,2.4
2176,Tapi at Ghala,CWC,24,Gujarat,459,Surat,KAMREJ,-,-,Narmada,Narmada,Unch,-,-,Tapi,21.29344806,73.03697278,08-08-1988 08:00,4
2177,Tapi at Ghala,CWC,24,Gujarat,459,Surat,KAMREJ,-,-,Narmada,Narmada,Unch,-,-,Tapi,21.29344806,73.03697278,09-08-1988 08:00,10.8
2178,Tapi at Ghala,CWC,24,Gujarat,459,Surat,KAMREJ,-,-,Narmada,Narmada,Unch,-,-,Tapi,21.29344806,73.03697278,10-08-1988 08:00,5.6
2179,Tapi at Ghala,CWC,24,Gujarat,459,Surat,KAMREJ,-,-,Narmada,Narmada,Unch,-,-,Tapi,21.29344806,73.03697278,11-08-1988 08:00,6.8
2180,Tapi at Ghala,CWC,24,Gujarat,459,Surat,KAMREJ,-,-,Narmada,Narmada,Unch,-,-,Tapi,21.29344806,73.03697278,12-08-1988 08:00,6.6
2181,Tapi at Ghala,CWC,24,Gujarat,459,Surat,KAMREJ,-,-,Narmada,Narmada,Unch,-,-,Tapi,21.29344806,73.03697278,13-08-1988 08:00,7
2182,Tapi at Ghala,CWC,24,Gujarat,459,Surat,KAMREJ,-,-,Narmada,Narmada,Unch,-,-,Tapi,21.29344806,73.03697278,24-08-1988 08:00,7.8
2183,Tapi at Ghala,CWC,24,Gujarat,459,Surat,KAMREJ,-,-,Narmada,Narmada,Unch,-,-,Tapi,21.29344806,73.03697278,26-08-1988 08:00,2
2184,Tapi at Ghala,CWC,24,Gujarat,459,Surat,KAMREJ,-,-,Narmada,Narmada,Unch,-,-,Tapi,21.29344806,73.03697278,27-08-1988 08:00,1
2185,Tapi at Ghala,CWC,24,Gujarat,459,Surat,KAMREJ,-,-,Narmada,Narmada,Unch,-,-,Tapi,21.29344806,73.03697278,29-08-1988 08:00,8
2186,Tapi at Ghala,CWC,24,Gujarat,459,Surat,KAMREJ,-,-,Narmada,Narmada,Unch,-,-,Tapi,21.29344806,73.03697278,31-08-1988 08:00,40
2187,Tapi at Ghala,CWC,24,Gujarat,459,Surat,KAMREJ,-,-,Narmada,Narmada,Unch,-,-,Tapi,21.29344806,73.03697278,01-09-1988 08:00,4
2188,Tapi at Ghala,CWC,24,Gujarat,459,Surat,KAMREJ,-,-,Narmada,Narmada,Unch,-,-,Tapi,21.29344806,73.03697278,04-09-1988 08:00,2
2189,Tapi at Ghala,CWC,24,Gujarat,459,Surat,KAMREJ,-,-,Narmada,Narmada,Unch,-,-,Tapi,21.29344806,73.03697278,10-09-1988 08:00,2.6
2190,Tapi at Ghala,CWC,24,Gujarat,459,Surat,KAMREJ,-,-,Narmada,Narmada,Unch,-,-,Tapi,21.29344806,73.03697278,12-09-1988 08:00,6.5
2191,Tapi at Ghala,CWC,24,Gujarat,459,Surat,KAMREJ,-,-,Narmada,Narmada,Unch,-,-,Tapi,21.29344806,73.03697278,14-09-1988 08:00,0.6
2192,Tapi at Ghala,CWC,24,Gujarat,459,Surat,KAMREJ,-,-,Narmada,Narmada,Unch,-,-,Tapi,21.29344806,73.03697278,15-09-1988 08:00,71.4
2193,Tapi at Ghala,CWC,24,Gujarat,459,Surat,KAMREJ,-,-,Narmada,Narmada,Unch,-,-,Tapi,21.29344806,73.03697278,16-09-1988 08:00,6.2
2194,Tapi at Ghala,CWC,24,Gujarat,459,Surat,KAMREJ,-,-,Narmada,Narmada,Unch,-,-,Tapi,21.29344806,73.03697278,19-09-1988 08:00,5.2
2195,Tapi at Ghala,CWC,24,Gujarat,459,Surat,KAMREJ,-,-,Narmada,Narmada,Unch,-,-,Tapi,21.29344806,73.03697278,20-09-1988 08:00,1
2196,Tapi at Ghala,CWC,24,Gujarat,459,Surat,KAMREJ,-,-,Narmada,Narmada,Unch,-,-,Tapi,21.29344806,73.03697278,21-09-1988 08:00,75.6
2197,Tapi at Ghala,CWC,24,Gujarat,459,Surat,KAMREJ,-,-,Narmada,Narmada,Unch,-,-,Tapi,21.29344806,73.03697278,23-09-1988 08:00,82.4
2198,Tapi at Ghala,CWC,24,Gujarat,459,Surat,KAMREJ,-,-,Narmada,Narmada,Unch,-,-,Tapi,21.29344806,73.03697278,24-09-1988 08:00,130
2199,Tapi at Ghala,CWC,24,Gujarat,459,Surat,KAMREJ,-,-,Narmada,Narmada,Unch,-,-,Tapi,21.29344806,73.03697278,25-09-1988 08:00,31.6
2200,Tapi at Ghala,CWC,24,Gujarat,459,Surat,KAMREJ,-,-,Narmada,Narmada,Unch,-,-,Tapi,21.29344806,73.03697278,26-09-1988 08:00,3
2201,Tapi at Ghala,CWC,24,Gujarat,459,Surat,KAMREJ,-,-,Narmada,Narmada,Unch,-,-,Tapi,21.29344806,73.03697278,27-09-1988 08:00,9
2202,Tapi at Ghala,CWC,24,Gujarat,459,Surat,KAMREJ,-,-,Narmada,Narmada,Unch,-,-,Tapi,21.29344806,73.03697278,28-09-1988 08:00,18.2
2203,Tapi at Ghala,CWC,24,Gujarat,459,Surat,KAMREJ,-,-,Narmada,Narmada,Unch,-,-,Tapi,21.29344806,73.03697278,29-09-1988 08:00,40
2204,Tapi at Ghala,CWC,24,Gujarat,459,Surat,KAMREJ,-,-,Narmada,Narmada,Unch,-,-,Tapi,21.29344806,73.03697278,30-09-1988 08:00,4
2205,Tapi at Ghala,CWC,24,Gujarat,459,Surat,KAMREJ,-,-,Narmada,Narmada,Unch,-,-,Tapi,21.29344806,73.03697278,03-10-1988 08:00,0.6
2206,Tapi at Ghala,CWC,24,Gujarat,459,Surat,KAMREJ,-,-,Narmada,Narmada,Unch,-,-,Tapi,21.29344806,73.03697278,05-10-1988 08:00,13.4
2207,Tapi at Ghala,CWC,24,Gujarat,459,Surat,KAMREJ,-,-,Narmada,Narmada,Unch,-,-,Tapi,21.29344806,73.03697278,09-06-1989 08:00,0.8
2208,Tapi at Ghala,CWC,24,Gujarat,459,Surat,KAMREJ,-,-,Narmada,Narmada,Unch,-,-,Tapi,21.29344806,73.03697278,10-06-1989 08:00,1.6
2209,Tapi at Ghala,CWC,24,Gujarat,459,Surat,KAMREJ,-,-,Narmada,Narmada,Unch,-,-,Tapi,21.29344806,73.03697278,11-06-1989 08:00,2
2210,Tapi at Ghala,CWC,24,Gujarat,459,Surat,KAMREJ,-,-,Narmada,Narmada,Unch,-,-,Tapi,21.29344806,73.03697278,17-06-1989 08:00,31
2211,Tapi at Ghala,CWC,24,Gujarat,459,Surat,KAMREJ,-,-,Narmada,Narmada,Unch,-,-,Tapi,21.29344806,73.03697278,21-06-1989 08:00,0.2
2212,Tapi at Ghala,CWC,24,Gujarat,459,Surat,KAMREJ,-,-,Narmada,Narmada,Unch,-,-,Tapi,21.29344806,73.03697278,29-06-1989 08:00,1
2213,Tapi at Ghala,CWC,24,Gujarat,459,Surat,KAMREJ,-,-,Narmada,Narmada,Unch,-,-,Tapi,21.29344806,73.03697278,30-06-1989 08:00,24
2214,Tapi at Ghala,CWC,24,Gujarat,459,Surat,KAMREJ,-,-,Narmada,Narmada,Unch,-,-,Tapi,21.29344806,73.03697278,02-07-1989 08:00,41
2215,Tapi at Ghala,CWC,24,Gujarat,459,Surat,KAMREJ,-,-,Narmada,Narmada,Unch,-,-,Tapi,21.29344806,73.03697278,03-07-1989 08:00,4.6
2216,Tapi at Ghala,CWC,24,Gujarat,459,Surat,KAMREJ,-,-,Narmada,Narmada,Unch,-,-,Tapi,21.29344806,73.03697278,15-07-1989 08:00,32.2
2217,Tapi at Ghala,CWC,24,Gujarat,459,Surat,KAMREJ,-,-,Narmada,Narmada,Unch,-,-,Tapi,21.29344806,73.03697278,16-07-1989 08:00,51
2218,Tapi at Ghala,CWC,24,Gujarat,459,Surat,KAMREJ,-,-,Narmada,Narmada,Unch,-,-,Tapi,21.29344806,73.03697278,17-07-1989 08:00,1.2
2219,Tapi at Ghala,CWC,24,Gujarat,459,Surat,KAMREJ,-,-,Narmada,Narmada,Unch,-,-,Tapi,21.29344806,73.03697278,18-07-1989 08:00,33.5
2220,Tapi at Ghala,CWC,24,Gujarat,459,Surat,KAMREJ,-,-,Narmada,Narmada,Unch,-,-,Tapi,21.29344806,73.03697278,21-07-1989 08:00,14.4
2221,Tapi at Ghala,CWC,24,Gujarat,459,Surat,KAMREJ,-,-,Narmada,Narmada,Unch,-,-,Tapi,21.29344806,73.03697278,22-07-1989 08:00,39.4
2222,Tapi at Ghala,CWC,24,Gujarat,459,Surat,KAMREJ,-,-,Narmada,Narmada,Unch,-,-,Tapi,21.29344806,73.03697278,23-07-1989 08:00,0.8
2223,Tapi at Ghala,CWC,24,Gujarat,459,Surat,KAMREJ,-,-,Narmada,Narmada,Unch,-,-,Tapi,21.29344806,73.03697278,24-07-1989 08:00,43
2224,Tapi at Ghala,CWC,24,Gujarat,459,Surat,KAMREJ,-,-,Narmada,Narmada,Unch,-,-,Tapi,21.29344806,73.03697278,25-07-1989 08:00,20
2225,Tapi at Ghala,CWC,24,Gujarat,459,Surat,KAMREJ,-,-,Narmada,Narmada,Unch,-,-,Tapi,21.29344806,73.03697278,26-07-1989 08:00,62
2226,Tapi at Ghala,CWC,24,Gujarat,459,Surat,KAMREJ,-,-,Narmada,Narmada,Unch,-,-,Tapi,21.29344806,73.03697278,27-07-1989 08:00,1
2227,Tapi at Ghala,CWC,24,Gujarat,459,Surat,KAMREJ,-,-,Narmada,Narmada,Unch,-,-,Tapi,21.29344806,73.03697278,02-08-1989 08:00,5
2228,Tapi at Ghala,CWC,24,Gujarat,459,Surat,KAMREJ,-,-,Narmada,Narmada,Unch,-,-,Tapi,21.29344806,73.03697278,10-08-1989 08:00,3
2229,Tapi at Ghala,CWC,24,Gujarat,459,Surat,KAMREJ,-,-,Narmada,Narmada,Unch,-,-,Tapi,21.29344806,73.03697278,11-08-1989 08:00,16.6
2230,Tapi at Ghala,CWC,24,Gujarat,459,Surat,KAMREJ,-,-,Narmada,Narmada,Unch,-,-,Tapi,21.29344806,73.03697278,12-08-1989 08:00,2.4
2231,Tapi at Ghala,CWC,24,Gujarat,459,Surat,KAMREJ,-,-,Narmada,Narmada,Unch,-,-,Tapi,21.29344806,73.03697278,13-08-1989 08:00,6.4
2232,Tapi at Ghala,CWC,24,Gujarat,459,Surat,KAMREJ,-,-,Narmada,Narmada,Unch,-,-,Tapi,21.29344806,73.03697278,14-08-1989 08:00,1.4
2233,Tapi at Ghala,CWC,24,Gujarat,459,Surat,KAMREJ,-,-,Narmada,Narmada,Unch,-,-,Tapi,21.29344806,73.03697278,15-08-1989 08:00,6.6
2234,Tapi at Ghala,CWC,24,Gujarat,459,Surat,KAMREJ,-,-,Narmada,Narmada,Unch,-,-,Tapi,21.29344806,73.03697278,18-08-1989 08:00,14.6
2235,Tapi at Ghala,CWC,24,Gujarat,459,Surat,KAMREJ,-,-,Narmada,Narmada,Unch,-,-,Tapi,21.29344806,73.03697278,19-08-1989 08:00,105.5
2236,Tapi at Ghala,CWC,24,Gujarat,459,Surat,KAMREJ,-,-,Narmada,Narmada,Unch,-,-,Tapi,21.29344806,73.03697278,20-08-1989 08:00,33
2237,Tapi at Ghala,CWC,24,Gujarat,459,Surat,KAMREJ,-,-,Narmada,Narmada,Unch,-,-,Tapi,21.29344806,73.03697278,21-08-1989 08:00,7.4
2238,Tapi at Ghala,CWC,24,Gujarat,459,Surat,KAMREJ,-,-,Narmada,Narmada,Unch,-,-,Tapi,21.29344806,73.03697278,22-08-1989 08:00,0.2
2239,Tapi at Ghala,CWC,24,Gujarat,459,Surat,KAMREJ,-,-,Narmada,Narmada,Unch,-,-,Tapi,21.29344806,73.03697278,23-08-1989 08:00,0.6
2240,Tapi at Ghala,CWC,24,Gujarat,459,Surat,KAMREJ,-,-,Narmada,Narmada,Unch,-,-,Tapi,21.29344806,73.03697278,24-08-1989 08:00,33.2
2241,Tapi at Ghala,CWC,24,Gujarat,459,Surat,KAMREJ,-,-,Narmada,Narmada,Unch,-,-,Tapi,21.29344806,73.03697278,26-08-1989 08:00,22.2
2242,Tapi at Ghala,CWC,24,Gujarat,459,Surat,KAMREJ,-,-,Narmada,Narmada,Unch,-,-,Tapi,21.29344806,73.03697278,27-08-1989 08:00,12
2243,Tapi at Ghala,CWC,24,Gujarat,459,Surat,KAMREJ,-,-,Narmada,Narmada,Unch,-,-,Tapi,21.29344806,73.03697278,29-08-1989 08:00,0.6
2244,Tapi at Ghala,CWC,24,Gujarat,459,Surat,KAMREJ,-,-,Narmada,Narmada,Unch,-,-,Tapi,21.29344806,73.03697278,30-08-1989 08:00,3
2245,Tapi at Ghala,CWC,24,Gujarat,459,Surat,KAMREJ,-,-,Narmada,Narmada,Unch,-,-,Tapi,21.29344806,73.03697278,05-09-1989 08:00,1.6
2246,Tapi at Ghala,CWC,24,Gujarat,459,Surat,KAMREJ,-,-,Narmada,Narmada,Unch,-,-,Tapi,21.29344806,73.03697278,06-09-1989 08:00,8.8
2247,Tapi at Ghala,CWC,24,Gujarat,459,Surat,KAMREJ,-,-,Narmada,Narmada,Unch,-,-,Tapi,21.29344806,73.03697278,07-09-1989 08:00,2.2
2248,Tapi at Ghala,CWC,24,Gujarat,459,Surat,KAMREJ,-,-,Narmada,Narmada,Unch,-,-,Tapi,21.29344806,73.03697278,08-09-1989 08:00,6
2249,Tapi at Ghala,CWC,24,Gujarat,459,Surat,KAMREJ,-,-,Narmada,Narmada,Unch,-,-,Tapi,21.29344806,73.03697278,22-09-1989 08:00,9
2250,Tapi at Ghala,CWC,24,Gujarat,459,Surat,KAMREJ,-,-,Narmada,Narmada,Unch,-,-,Tapi,21.29344806,73.03697278,30-09-1989 08:00,49.1
2251,Tapi at Ghala,CWC,24,Gujarat,459,Surat,KAMREJ,-,-,Narmada,Narmada,Unch,-,-,Tapi,21.29344806,73.03697278,24-06-1990 08:00,4
2252,Tapi at Ghala,CWC,24,Gujarat,459,Surat,KAMREJ,-,-,Narmada,Narmada,Unch,-,-,Tapi,21.29344806,73.03697278,27-06-1990 08:00,10.4
2253,Tapi at Ghala,CWC,24,Gujarat,459,Surat,KAMREJ,-,-,Narmada,Narmada,Unch,-,-,Tapi,21.29344806,73.03697278,03-07-1990 08:00,10
2254,Tapi at Ghala,CWC,24,Gujarat,459,Surat,KAMREJ,-,-,Narmada,Narmada,Unch,-,-,Tapi,21.29344806,73.03697278,04-07-1990 08:00,23
2255,Tapi at Ghala,CWC,24,Gujarat,459,Surat,KAMREJ,-,-,Narmada,Narmada,Unch,-,-,Tapi,21.29344806,73.03697278,05-07-1990 08:00,3
2256,Tapi at Ghala,CWC,24,Gujarat,459,Surat,KAMREJ,-,-,Narmada,Narmada,Unch,-,-,Tapi,21.29344806,73.03697278,08-07-1990 08:00,5.4
2257,Tapi at Ghala,CWC,24,Gujarat,459,Surat,KAMREJ,-,-,Narmada,Narmada,Unch,-,-,Tapi,21.29344806,73.03697278,09-07-1990 08:00,12.4
2258,Tapi at Ghala,CWC,24,Gujarat,459,Surat,KAMREJ,-,-,Narmada,Narmada,Unch,-,-,Tapi,21.29344806,73.03697278,13-07-1990 08:00,2.8
2259,Tapi at Ghala,CWC,24,Gujarat,459,Surat,KAMREJ,-,-,Narmada,Narmada,Unch,-,-,Tapi,21.29344806,73.03697278,17-07-1990 08:00,14.6
2260,Tapi at Ghala,CWC,24,Gujarat,459,Surat,KAMREJ,-,-,Narmada,Narmada,Unch,-,-,Tapi,21.29344806,73.03697278,19-07-1990 08:00,2
2261,Tapi at Ghala,CWC,24,Gujarat,459,Surat,KAMREJ,-,-,Narmada,Narmada,Unch,-,-,Tapi,21.29344806,73.03697278,20-07-1990 08:00,9.4
2262,Tapi at Ghala,CWC,24,Gujarat,459,Surat,KAMREJ,-,-,Narmada,Narmada,Unch,-,-,Tapi,21.29344806,73.03697278,21-07-1990 08:00,2.4
2263,Tapi at Ghala,CWC,24,Gujarat,459,Surat,KAMREJ,-,-,Narmada,Narmada,Unch,-,-,Tapi,21.29344806,73.03697278,22-07-1990 08:00,0.4
2264,Tapi at Ghala,CWC,24,Gujarat,459,Surat,KAMREJ,-,-,Narmada,Narmada,Unch,-,-,Tapi,21.29344806,73.03697278,23-07-1990 08:00,1.2
2265,Tapi at Ghala,CWC,24,Gujarat,459,Surat,KAMREJ,-,-,Narmada,Narmada,Unch,-,-,Tapi,21.29344806,73.03697278,24-07-1990 08:00,11.4
2266,Tapi at Ghala,CWC,24,Gujarat,459,Surat,KAMREJ,-,-,Narmada,Narmada,Unch,-,-,Tapi,21.29344806,73.03697278,25-07-1990 08:00,13.4
2267,Tapi at Ghala,CWC,24,Gujarat,459,Surat,KAMREJ,-,-,Narmada,Narmada,Unch,-,-,Tapi,21.29344806,73.03697278,26-07-1990 08:00,2.6
2268,Tapi at Ghala,CWC,24,Gujarat,459,Surat,KAMREJ,-,-,Narmada,Narmada,Unch,-,-,Tapi,21.29344806,73.03697278,27-07-1990 08:00,0.8
2269,Tapi at Ghala,CWC,24,Gujarat,459,Surat,KAMREJ,-,-,Narmada,Narmada,Unch,-,-,Tapi,21.29344806,73.03697278,28-07-1990 08:00,0.4
2270,Tapi at Ghala,CWC,24,Gujarat,459,Surat,KAMREJ,-,-,Narmada,Narmada,Unch,-,-,Tapi,21.29344806,73.03697278,29-07-1990 08:00,1
2271,Tapi at Ghala,CWC,24,Gujarat,459,Surat,KAMREJ,-,-,Narmada,Narmada,Unch,-,-,Tapi,21.29344806,73.03697278,31-07-1990 08:00,0.4
2272,Tapi at Ghala,CWC,24,Gujarat,459,Surat,KAMREJ,-,-,Narmada,Narmada,Unch,-,-,Tapi,21.29344806,73.03697278,01-08-1990 08:00,1.4
2273,Tapi at Ghala,CWC,24,Gujarat,459,Surat,KAMREJ,-,-,Narmada,Narmada,Unch,-,-,Tapi,21.29344806,73.03697278,02-08-1990 08:00,3
2274,Tapi at Ghala,CWC,24,Gujarat,459,Surat,KAMREJ,-,-,Narmada,Narmada,Unch,-,-,Tapi,21.29344806,73.03697278,03-08-1990 08:00,25
2275,Tapi at Ghala,CWC,24,Gujarat,459,Surat,KAMREJ,-,-,Narmada,Narmada,Unch,-,-,Tapi,21.29344806,73.03697278,04-08-1990 08:00,3.2
2276,Tapi at Ghala,CWC,24,Gujarat,459,Surat,KAMREJ,-,-,Narmada,Narmada,Unch,-,-,Tapi,21.29344806,73.03697278,05-08-1990 08:00,2.2
2277,Tapi at Ghala,CWC,24,Gujarat,459,Surat,KAMREJ,-,-,Narmada,Narmada,Unch,-,-,Tapi,21.29344806,73.03697278,06-08-1990 08:00,5
2278,Tapi at Ghala,CWC,24,Gujarat,459,Surat,KAMREJ,-,-,Narmada,Narmada,Unch,-,-,Tapi,21.29344806,73.03697278,07-08-1990 08:00,4.4
2279,Tapi at Ghala,CWC,24,Gujarat,459,Surat,KAMREJ,-,-,Narmada,Narmada,Unch,-,-,Tapi,21.29344806,73.03697278,08-08-1990 08:00,5.7
2280,Tapi at Ghala,CWC,24,Gujarat,459,Surat,KAMREJ,-,-,Narmada,Narmada,Unch,-,-,Tapi,21.29344806,73.03697278,09-08-1990 08:00,0.3
2281,Tapi at Ghala,CWC,24,Gujarat,459,Surat,KAMREJ,-,-,Narmada,Narmada,Unch,-,-,Tapi,21.29344806,73.03697278,13-08-1990 08:00,1.6
2282,Tapi at Ghala,CWC,24,Gujarat,459,Surat,KAMREJ,-,-,Narmada,Narmada,Unch,-,-,Tapi,21.29344806,73.03697278,14-08-1990 08:00,1.5
2283,Tapi at Ghala,CWC,24,Gujarat,459,Surat,KAMREJ,-,-,Narmada,Narmada,Unch,-,-,Tapi,21.29344806,73.03697278,17-08-1990 08:00,135
2284,Tapi at Ghala,CWC,24,Gujarat,459,Surat,KAMREJ,-,-,Narmada,Narmada,Unch,-,-,Tapi,21.29344806,73.03697278,18-08-1990 08:00,80
2285,Tapi at Ghala,CWC,24,Gujarat,459,Surat,KAMREJ,-,-,Narmada,Narmada,Unch,-,-,Tapi,21.29344806,73.03697278,19-08-1990 08:00,2.6
2286,Tapi at Ghala,CWC,24,Gujarat,459,Surat,KAMREJ,-,-,Narmada,Narmada,Unch,-,-,Tapi,21.29344806,73.03697278,20-08-1990 08:00,3.6
2287,Tapi at Ghala,CWC,24,Gujarat,459,Surat,KAMREJ,-,-,Narmada,Narmada,Unch,-,-,Tapi,21.29344806,73.03697278,21-08-1990 08:00,0.4
2288,Tapi at Ghala,CWC,24,Gujarat,459,Surat,KAMREJ,-,-,Narmada,Narmada,Unch,-,-,Tapi,21.29344806,73.03697278,22-08-1990 08:00,20.4
2289,Tapi at Ghala,CWC,24,Gujarat,459,Surat,KAMREJ,-,-,Narmada,Narmada,Unch,-,-,Tapi,21.29344806,73.03697278,25-08-1990 08:00,7
2290,Tapi at Ghala,CWC,24,Gujarat,459,Surat,KAMREJ,-,-,Narmada,Narmada,Unch,-,-,Tapi,21.29344806,73.03697278,26-08-1990 08:00,11
2291,Tapi at Ghala,CWC,24,Gujarat,459,Surat,KAMREJ,-,-,Narmada,Narmada,Unch,-,-,Tapi,21.29344806,73.03697278,27-08-1990 08:00,2.4
2292,Tapi at Ghala,CWC,24,Gujarat,459,Surat,KAMREJ,-,-,Narmada,Narmada,Unch,-,-,Tapi,21.29344806,73.03697278,28-08-1990 08:00,3
2293,Tapi at Ghala,CWC,24,Gujarat,459,Surat,KAMREJ,-,-,Narmada,Narmada,Unch,-,-,Tapi,21.29344806,73.03697278,29-08-1990 08:00,1
2294,Tapi at Ghala,CWC,24,Gujarat,459,Surat,KAMREJ,-,-,Narmada,Narmada,Unch,-,-,Tapi,21.29344806,73.03697278,30-08-1990 08:00,3
2295,Tapi at Ghala,CWC,24,Gujarat,459,Surat,KAMREJ,-,-,Narmada,Narmada,Unch,-,-,Tapi,21.29344806,73.03697278,01-09-1990 08:00,16
2296,Tapi at Ghala,CWC,24,Gujarat,459,Surat,KAMREJ,-,-,Narmada,Narmada,Unch,-,-,Tapi,21.29344806,73.03697278,02-09-1990 08:00,3
2297,Tapi at Ghala,CWC,24,Gujarat,459,Surat,KAMREJ,-,-,Narmada,Narmada,Unch,-,-,Tapi,21.29344806,73.03697278,03-09-1990 08:00,3
2298,Tapi at Ghala,CWC,24,Gujarat,459,Surat,KAMREJ,-,-,Narmada,Narmada,Unch,-,-,Tapi,21.29344806,73.03697278,04-09-1990 08:00,2
2299,Tapi at Ghala,CWC,24,Gujarat,459,Surat,KAMREJ,-,-,Narmada,Narmada,Unch,-,-,Tapi,21.29344806,73.03697278,07-09-1990 08:00,17.2
2300,Tapi at Ghala,CWC,24,Gujarat,459,Surat,KAMREJ,-,-,Narmada,Narmada,Unch,-,-,Tapi,21.29344806,73.03697278,08-09-1990 08:00,24
2301,Tapi at Ghala,CWC,24,Gujarat,459,Surat,KAMREJ,-,-,Narmada,Narmada,Unch,-,-,Tapi,21.29344806,73.03697278,09-09-1990 08:00,5.6
2302,Tapi at Ghala,CWC,24,Gujarat,459,Surat,KAMREJ,-,-,Narmada,Narmada,Unch,-,-,Tapi,21.29344806,73.03697278,10-09-1990 08:00,5.5
2303,Tapi at Ghala,CWC,24,Gujarat,459,Surat,KAMREJ,-,-,Narmada,Narmada,Unch,-,-,Tapi,21.29344806,73.03697278,11-09-1990 08:00,1.4
2304,Tapi at Ghala,CWC,24,Gujarat,459,Surat,KAMREJ,-,-,Narmada,Narmada,Unch,-,-,Tapi,21.29344806,73.03697278,12-09-1990 08:00,9
2305,Tapi at Ghala,CWC,24,Gujarat,459,Surat,KAMREJ,-,-,Narmada,Narmada,Unch,-,-,Tapi,21.29344806,73.03697278,14-09-1990 08:00,35.6
2306,Tapi at Ghala,CWC,24,Gujarat,459,Surat,KAMREJ,-,-,Narmada,Narmada,Unch,-,-,Tapi,21.29344806,73.03697278,15-09-1990 08:00,0.3
2307,Tapi at Ghala,CWC,24,Gujarat,459,Surat,KAMREJ,-,-,Narmada,Narmada,Unch,-,-,Tapi,21.29344806,73.03697278,17-09-1990 08:00,5
2308,Tapi at Ghala,CWC,24,Gujarat,459,Surat,KAMREJ,-,-,Narmada,Narmada,Unch,-,-,Tapi,21.29344806,73.03697278,18-09-1990 08:00,1.2
2309,Tapi at Ghala,CWC,24,Gujarat,459,Surat,KAMREJ,-,-,Narmada,Narmada,Unch,-,-,Tapi,21.29344806,73.03697278,23-09-1990 08:00,3.2
2310,Tapi at Ghala,CWC,24,Gujarat,459,Surat,KAMREJ,-,-,Narmada,Narmada,Unch,-,-,Tapi,21.29344806,73.03697278,24-09-1990 08:00,6.2
2311,Tapi at Ghala,CWC,24,Gujarat,459,Surat,KAMREJ,-,-,Narmada,Narmada,Unch,-,-,Tapi,21.29344806,73.03697278,25-09-1990 08:00,60.2
2312,Tapi at Ghala,CWC,24,Gujarat,459,Surat,KAMREJ,-,-,Narmada,Narmada,Unch,-,-,Tapi,21.29344806,73.03697278,26-09-1990 08:00,54.6
2313,Tapi at Ghala,CWC,24,Gujarat,459,Surat,KAMREJ,-,-,Narmada,Narmada,Unch,-,-,Tapi,21.29344806,73.03697278,27-09-1990 08:00,15
2314,Tapi at Ghala,CWC,24,Gujarat,459,Surat,KAMREJ,-,-,Narmada,Narmada,Unch,-,-,Tapi,21.29344806,73.03697278,28-09-1990 08:00,3
2315,Tapi at Ghala,CWC,24,Gujarat,459,Surat,KAMREJ,-,-,Narmada,Narmada,Unch,-,-,Tapi,21.29344806,73.03697278,29-09-1990 08:00,7
2316,Tapi at Ghala,CWC,24,Gujarat,459,Surat,KAMREJ,-,-,Narmada,Narmada,Unch,-,-,Tapi,21.29344806,73.03697278,30-09-1990 08:00,14
2317,Tapi at Ghala,CWC,24,Gujarat,459,Surat,KAMREJ,-,-,Narmada,Narmada,Unch,-,-,Tapi,21.29344806,73.03697278,01-10-1990 08:00,19
2318,Tapi at Ghala,CWC,24,Gujarat,459,Surat,KAMREJ,-,-,Narmada,Narmada,Unch,-,-,Tapi,21.29344806,73.03697278,11-10-1990 08:00,41.6
2319,Tapi at Ukai,CWC,24,Gujarat,641,TAPI,SONGADH,-,-,Narmada,Narmada,Unch,-,-,Tapi,21.25029528,73.59093389,03-06-1970 08:30,22.3
2320,Tapi at Ukai,CWC,24,Gujarat,641,TAPI,SONGADH,-,-,Narmada,Narmada,Unch,-,-,Tapi,21.25029528,73.59093389,04-06-1970 08:30,25.2
2321,Tapi at Ukai,CWC,24,Gujarat,641,TAPI,SONGADH,-,-,Narmada,Narmada,Unch,-,-,Tapi,21.25029528,73.59093389,05-06-1970 08:30,44.4
2322,Tapi at Ukai,CWC,24,Gujarat,641,TAPI,SONGADH,-,-,Narmada,Narmada,Unch,-,-,Tapi,21.25029528,73.59093389,07-06-1970 08:30,0.5
2323,Tapi at Ukai,CWC,24,Gujarat,641,TAPI,SONGADH,-,-,Narmada,Narmada,Unch,-,-,Tapi,21.25029528,73.59093389,12-06-1970 08:30,53.1
2324,Tapi at Ukai,CWC,24,Gujarat,641,TAPI,SONGADH,-,-,Narmada,Narmada,Unch,-,-,Tapi,21.25029528,73.59093389,13-06-1970 08:30,8.9
2325,Tapi at Ukai,CWC,24,Gujarat,641,TAPI,SONGADH,-,-,Narmada,Narmada,Unch,-,-,Tapi,21.25029528,73.59093389,14-06-1970 08:30,62.5
2326,Tapi at Ukai,CWC,24,Gujarat,641,TAPI,SONGADH,-,-,Narmada,Narmada,Unch,-,-,Tapi,21.25029528,73.59093389,15-06-1970 08:30,103.9
2327,Tapi at Ukai,CWC,24,Gujarat,641,TAPI,SONGADH,-,-,Narmada,Narmada,Unch,-,-,Tapi,21.25029528,73.59093389,16-06-1970 08:30,52.4
2328,Tapi at Ukai,CWC,24,Gujarat,641,TAPI,SONGADH,-,-,Narmada,Narmada,Unch,-,-,Tapi,21.25029528,73.59093389,17-06-1970 08:30,21.6
2329,Tapi at Ukai,CWC,24,Gujarat,641,TAPI,SONGADH,-,-,Narmada,Narmada,Unch,-,-,Tapi,21.25029528,73.59093389,23-06-1970 08:30,5.6
2330,Tapi at Ukai,CWC,24,Gujarat,641,TAPI,SONGADH,-,-,Narmada,Narmada,Unch,-,-,Tapi,21.25029528,73.59093389,24-06-1970 08:30,10.4
2331,Tapi at Ukai,CWC,24,Gujarat,641,TAPI,SONGADH,-,-,Narmada,Narmada,Unch,-,-,Tapi,21.25029528,73.59093389,25-06-1970 08:30,0.5
2332,Tapi at Ukai,CWC,24,Gujarat,641,TAPI,SONGADH,-,-,Narmada,Narmada,Unch,-,-,Tapi,21.25029528,73.59093389,26-06-1970 08:30,8.6
2333,Tapi at Ukai,CWC,24,Gujarat,641,TAPI,SONGADH,-,-,Narmada,Narmada,Unch,-,-,Tapi,21.25029528,73.59093389,27-06-1970 08:30,1
2334,Tapi at Ukai,CWC,24,Gujarat,641,TAPI,SONGADH,-,-,Narmada,Narmada,Unch,-,-,Tapi,21.25029528,73.59093389,28-06-1970 08:30,3.1
2335,Tapi at Ukai,CWC,24,Gujarat,641,TAPI,SONGADH,-,-,Narmada,Narmada,Unch,-,-,Tapi,21.25029528,73.59093389,29-06-1970 08:30,65.3
2336,Tapi at Ukai,CWC,24,Gujarat,641,TAPI,SONGADH,-,-,Narmada,Narmada,Unch,-,-,Tapi,21.25029528,73.59093389,30-06-1970 08:30,0.3
2337,Tapi at Ukai,CWC,24,Gujarat,641,TAPI,SONGADH,-,-,Narmada,Narmada,Unch,-,-,Tapi,21.25029528,73.59093389,01-07-1970 08:30,15
2338,Tapi at Ukai,CWC,24,Gujarat,641,TAPI,SONGADH,-,-,Narmada,Narmada,Unch,-,-,Tapi,21.25029528,73.59093389,02-07-1970 08:30,9.6
2339,Tapi at Ukai,CWC,24,Gujarat,641,TAPI,SONGADH,-,-,Narmada,Narmada,Unch,-,-,Tapi,21.25029528,73.59093389,03-07-1970 08:30,80.7
2340,Tapi at Ukai,CWC,24,Gujarat,641,TAPI,SONGADH,-,-,Narmada,Narmada,Unch,-,-,Tapi,21.25029528,73.59093389,04-07-1970 08:30,74.2
2341,Tapi at Ukai,CWC,24,Gujarat,641,TAPI,SONGADH,-,-,Narmada,Narmada,Unch,-,-,Tapi,21.25029528,73.59093389,05-07-1970 08:30,1.5
2342,Tapi at Ukai,CWC,24,Gujarat,641,TAPI,SONGADH,-,-,Narmada,Narmada,Unch,-,-,Tapi,21.25029528,73.59093389,06-07-1970 08:30,9.2
2343,Tapi at Ukai,CWC,24,Gujarat,641,TAPI,SONGADH,-,-,Narmada,Narmada,Unch,-,-,Tapi,21.25029528,73.59093389,07-07-1970 08:30,3.5
2344,Tapi at Ukai,CWC,24,Gujarat,641,TAPI,SONGADH,-,-,Narmada,Narmada,Unch,-,-,Tapi,21.25029528,73.59093389,08-07-1970 08:30,29.1
2345,Tapi at Ukai,CWC,24,Gujarat,641,TAPI,SONGADH,-,-,Narmada,Narmada,Unch,-,-,Tapi,21.25029528,73.59093389,09-07-1970 08:30,5.4
2346,Tapi at Ukai,CWC,24,Gujarat,641,TAPI,SONGADH,-,-,Narmada,Narmada,Unch,-,-,Tapi,21.25029528,73.59093389,10-07-1970 08:30,2.4
2347,Tapi at Ukai,CWC,24,Gujarat,641,TAPI,SONGADH,-,-,Narmada,Narmada,Unch,-,-,Tapi,21.25029528,73.59093389,11-07-1970 08:30,10.7
2348,Tapi at Ukai,CWC,24,Gujarat,641,TAPI,SONGADH,-,-,Narmada,Narmada,Unch,-,-,Tapi,21.25029528,73.59093389,12-07-1970 08:30,1
2349,Tapi at Ukai,CWC,24,Gujarat,641,TAPI,SONGADH,-,-,Narmada,Narmada,Unch,-,-,Tapi,21.25029528,73.59093389,14-07-1970 08:30,1.3
2350,Tapi at Ukai,CWC,24,Gujarat,641,TAPI,SONGADH,-,-,Narmada,Narmada,Unch,-,-,Tapi,21.25029528,73.59093389,15-07-1970 08:30,4.8
2351,Tapi at Ukai,CWC,24,Gujarat,641,TAPI,SONGADH,-,-,Narmada,Narmada,Unch,-,-,Tapi,21.25029528,73.59093389,17-07-1970 08:30,0.8
2352,Tapi at Ukai,CWC,24,Gujarat,641,TAPI,SONGADH,-,-,Narmada,Narmada,Unch,-,-,Tapi,21.25029528,73.59093389,18-07-1970 08:30,1.3
2353,Tapi at Ukai,CWC,24,Gujarat,641,TAPI,SONGADH,-,-,Narmada,Narmada,Unch,-,-,Tapi,21.25029528,73.59093389,19-07-1970 08:30,4.3
2354,Tapi at Ukai,CWC,24,Gujarat,641,TAPI,SONGADH,-,-,Narmada,Narmada,Unch,-,-,Tapi,21.25029528,73.59093389,20-07-1970 08:30,3.5
2355,Tapi at Ukai,CWC,24,Gujarat,641,TAPI,SONGADH,-,-,Narmada,Narmada,Unch,-,-,Tapi,21.25029528,73.59093389,21-07-1970 08:30,2
2356,Tapi at Ukai,CWC,24,Gujarat,641,TAPI,SONGADH,-,-,Narmada,Narmada,Unch,-,-,Tapi,21.25029528,73.59093389,22-07-1970 08:30,1.9
2357,Tapi at Ukai,CWC,24,Gujarat,641,TAPI,SONGADH,-,-,Narmada,Narmada,Unch,-,-,Tapi,21.25029528,73.59093389,23-07-1970 08:30,4.4
2358,Tapi at Ukai,CWC,24,Gujarat,641,TAPI,SONGADH,-,-,Narmada,Narmada,Unch,-,-,Tapi,21.25029528,73.59093389,26-07-1970 08:30,5.1
2359,Tapi at Ukai,CWC,24,Gujarat,641,TAPI,SONGADH,-,-,Narmada,Narmada,Unch,-,-,Tapi,21.25029528,73.59093389,27-07-1970 08:30,17.8
2360,Tapi at Ukai,CWC,24,Gujarat,641,TAPI,SONGADH,-,-,Narmada,Narmada,Unch,-,-,Tapi,21.25029528,73.59093389,28-07-1970 08:30,10.2
2361,Tapi at Ukai,CWC,24,Gujarat,641,TAPI,SONGADH,-,-,Narmada,Narmada,Unch,-,-,Tapi,21.25029528,73.59093389,31-07-1970 08:30,6.8
2362,Tapi at Ukai,CWC,24,Gujarat,641,TAPI,SONGADH,-,-,Narmada,Narmada,Unch,-,-,Tapi,21.25029528,73.59093389,01-08-1970 08:30,3.5
2363,Tapi at Ukai,CWC,24,Gujarat,641,TAPI,SONGADH,-,-,Narmada,Narmada,Unch,-,-,Tapi,21.25029528,73.59093389,02-08-1970 08:30,9.6
2364,Tapi at Ukai,CWC,24,Gujarat,641,TAPI,SONGADH,-,-,Narmada,Narmada,Unch,-,-,Tapi,21.25029528,73.59093389,03-08-1970 08:30,1.5
2365,Tapi at Ukai,CWC,24,Gujarat,641,TAPI,SONGADH,-,-,Narmada,Narmada,Unch,-,-,Tapi,21.25029528,73.59093389,04-08-1970 08:30,2
2366,Tapi at Ukai,CWC,24,Gujarat,641,TAPI,SONGADH,-,-,Narmada,Narmada,Unch,-,-,Tapi,21.25029528,73.59093389,05-08-1970 08:30,7.3
2367,Tapi at Ukai,CWC,24,Gujarat,641,TAPI,SONGADH,-,-,Narmada,Narmada,Unch,-,-,Tapi,21.25029528,73.59093389,06-08-1970 08:30,1
2368,Tapi at Ukai,CWC,24,Gujarat,641,TAPI,SONGADH,-,-,Narmada,Narmada,Unch,-,-,Tapi,21.25029528,73.59093389,08-08-1970 08:30,4.8
2369,Tapi at Ukai,CWC,24,Gujarat,641,TAPI,SONGADH,-,-,Narmada,Narmada,Unch,-,-,Tapi,21.25029528,73.59093389,09-08-1970 08:30,0.5
2370,Tapi at Ukai,CWC,24,Gujarat,641,TAPI,SONGADH,-,-,Narmada,Narmada,Unch,-,-,Tapi,21.25029528,73.59093389,10-08-1970 08:30,3.8
2371,Tapi at Ukai,CWC,24,Gujarat,641,TAPI,SONGADH,-,-,Narmada,Narmada,Unch,-,-,Tapi,21.25029528,73.59093389,11-08-1970 08:30,2.2
2372,Tapi at Ukai,CWC,24,Gujarat,641,TAPI,SONGADH,-,-,Narmada,Narmada,Unch,-,-,Tapi,21.25029528,73.59093389,12-08-1970 08:30,14.5
2373,Tapi at Ukai,CWC,24,Gujarat,641,TAPI,SONGADH,-,-,Narmada,Narmada,Unch,-,-,Tapi,21.25029528,73.59093389,13-08-1970 08:30,12.5
2374,Tapi at Ukai,CWC,24,Gujarat,641,TAPI,SONGADH,-,-,Narmada,Narmada,Unch,-,-,Tapi,21.25029528,73.59093389,14-08-1970 08:30,26.4
2375,Tapi at Ukai,CWC,24,Gujarat,641,TAPI,SONGADH,-,-,Narmada,Narmada,Unch,-,-,Tapi,21.25029528,73.59093389,15-08-1970 08:30,17.8
2376,Tapi at Ukai,CWC,24,Gujarat,641,TAPI,SONGADH,-,-,Narmada,Narmada,Unch,-,-,Tapi,21.25029528,73.59093389,16-08-1970 08:30,5.8
2377,Tapi at Ukai,CWC,24,Gujarat,641,TAPI,SONGADH,-,-,Narmada,Narmada,Unch,-,-,Tapi,21.25029528,73.59093389,17-08-1970 08:30,9
2378,Tapi at Ukai,CWC,24,Gujarat,641,TAPI,SONGADH,-,-,Narmada,Narmada,Unch,-,-,Tapi,21.25029528,73.59093389,18-08-1970 08:30,22.2
2379,Tapi at Ukai,CWC,24,Gujarat,641,TAPI,SONGADH,-,-,Narmada,Narmada,Unch,-,-,Tapi,21.25029528,73.59093389,19-08-1970 08:30,2.8
2380,Tapi at Ukai,CWC,24,Gujarat,641,TAPI,SONGADH,-,-,Narmada,Narmada,Unch,-,-,Tapi,21.25029528,73.59093389,20-08-1970 08:30,61.5
2381,Tapi at Ukai,CWC,24,Gujarat,641,TAPI,SONGADH,-,-,Narmada,Narmada,Unch,-,-,Tapi,21.25029528,73.59093389,21-08-1970 08:30,53
2382,Tapi at Ukai,CWC,24,Gujarat,641,TAPI,SONGADH,-,-,Narmada,Narmada,Unch,-,-,Tapi,21.25029528,73.59093389,22-08-1970 08:30,10.9
2383,Tapi at Ukai,CWC,24,Gujarat,641,TAPI,SONGADH,-,-,Narmada,Narmada,Unch,-,-,Tapi,21.25029528,73.59093389,23-08-1970 08:30,15.7
2384,Tapi at Ukai,CWC,24,Gujarat,641,TAPI,SONGADH,-,-,Narmada,Narmada,Unch,-,-,Tapi,21.25029528,73.59093389,24-08-1970 08:30,1.3
2385,Tapi at Ukai,CWC,24,Gujarat,641,TAPI,SONGADH,-,-,Narmada,Narmada,Unch,-,-,Tapi,21.25029528,73.59093389,25-08-1970 08:30,1.5
2386,Tapi at Ukai,CWC,24,Gujarat,641,TAPI,SONGADH,-,-,Narmada,Narmada,Unch,-,-,Tapi,21.25029528,73.59093389,26-08-1970 08:30,1.8
2387,Tapi at Ukai,CWC,24,Gujarat,641,TAPI,SONGADH,-,-,Narmada,Narmada,Unch,-,-,Tapi,21.25029528,73.59093389,27-08-1970 08:30,1.8
2388,Tapi at Ukai,CWC,24,Gujarat,641,TAPI,SONGADH,-,-,Narmada,Narmada,Unch,-,-,Tapi,21.25029528,73.59093389,28-08-1970 08:30,213.3
2389,Tapi at Ukai,CWC,24,Gujarat,641,TAPI,SONGADH,-,-,Narmada,Narmada,Unch,-,-,Tapi,21.25029528,73.59093389,29-08-1970 08:30,184.7
2390,Tapi at Ukai,CWC,24,Gujarat,641,TAPI,SONGADH,-,-,Narmada,Narmada,Unch,-,-,Tapi,21.25029528,73.59093389,30-08-1970 08:30,21.1
2391,Tapi at Ukai,CWC,24,Gujarat,641,TAPI,SONGADH,-,-,Narmada,Narmada,Unch,-,-,Tapi,21.25029528,73.59093389,31-08-1970 08:30,14.7
2392,Tapi at Ukai,CWC,24,Gujarat,641,TAPI,SONGADH,-,-,Narmada,Narmada,Unch,-,-,Tapi,21.25029528,73.59093389,01-09-1970 08:30,45.1
2393,Tapi at Ukai,CWC,24,Gujarat,641,TAPI,SONGADH,-,-,Narmada,Narmada,Unch,-,-,Tapi,21.25029528,73.59093389,02-09-1970 08:30,67.1
2394,Tapi at Ukai,CWC,24,Gujarat,641,TAPI,SONGADH,-,-,Narmada,Narmada,Unch,-,-,Tapi,21.25029528,73.59093389,03-09-1970 08:30,57.2
2395,Tapi at Ukai,CWC,24,Gujarat,641,TAPI,SONGADH,-,-,Narmada,Narmada,Unch,-,-,Tapi,21.25029528,73.59093389,04-09-1970 08:30,3.6
2396,Tapi at Ukai,CWC,24,Gujarat,641,TAPI,SONGADH,-,-,Narmada,Narmada,Unch,-,-,Tapi,21.25029528,73.59093389,05-09-1970 08:30,0.3
2397,Tapi at Ukai,CWC,24,Gujarat,641,TAPI,SONGADH,-,-,Narmada,Narmada,Unch,-,-,Tapi,21.25029528,73.59093389,06-09-1970 08:30,249.7
2398,Tapi at Ukai,CWC,24,Gujarat,641,TAPI,SONGADH,-,-,Narmada,Narmada,Unch,-,-,Tapi,21.25029528,73.59093389,07-09-1970 08:30,483.1
2399,Tapi at Ukai,CWC,24,Gujarat,641,TAPI,SONGADH,-,-,Narmada,Narmada,Unch,-,-,Tapi,21.25029528,73.59093389,08-09-1970 08:30,12.9
2400,Tapi at Ukai,CWC,24,Gujarat,641,TAPI,SONGADH,-,-,Narmada,Narmada,Unch,-,-,Tapi,21.25029528,73.59093389,10-09-1970 08:30,4.4
2401,Tapi at Ukai,CWC,24,Gujarat,641,TAPI,SONGADH,-,-,Narmada,Narmada,Unch,-,-,Tapi,21.25029528,73.59093389,11-09-1970 08:30,2.8
2402,Tapi at Ukai,CWC,24,Gujarat,641,TAPI,SONGADH,-,-,Narmada,Narmada,Unch,-,-,Tapi,21.25029528,73.59093389,14-09-1970 08:30,1.8
2403,Tapi at Ukai,CWC,24,Gujarat,641,TAPI,SONGADH,-,-,Narmada,Narmada,Unch,-,-,Tapi,21.25029528,73.59093389,17-09-1970 08:30,1
2404,Tapi at Ukai,CWC,24,Gujarat,641,TAPI,SONGADH,-,-,Narmada,Narmada,Unch,-,-,Tapi,21.25029528,73.59093389,22-09-1970 08:30,17.3
2405,Tapi at Ukai,CWC,24,Gujarat,641,TAPI,SONGADH,-,-,Narmada,Narmada,Unch,-,-,Tapi,21.25029528,73.59093389,23-09-1970 08:30,11.7
2406,Tapi at Ukai,CWC,24,Gujarat,641,TAPI,SONGADH,-,-,Narmada,Narmada,Unch,-,-,Tapi,21.25029528,73.59093389,24-09-1970 08:30,0.3
2407,Tapi at Ukai,CWC,24,Gujarat,641,TAPI,SONGADH,-,-,Narmada,Narmada,Unch,-,-,Tapi,21.25029528,73.59093389,04-10-1970 08:30,17
2408,Tapi at Ukai,CWC,24,Gujarat,641,TAPI,SONGADH,-,-,Narmada,Narmada,Unch,-,-,Tapi,21.25029528,73.59093389,18-10-1970 08:30,1
2409,Tapi at Ukai,CWC,24,Gujarat,641,TAPI,SONGADH,-,-,Narmada,Narmada,Unch,-,-,Tapi,21.25029528,73.59093389,01-06-1971 08:30,4
2410,Tapi at Ukai,CWC,24,Gujarat,641,TAPI,SONGADH,-,-,Narmada,Narmada,Unch,-,-,Tapi,21.25029528,73.59093389,04-06-1971 08:30,11.4
2411,Tapi at Ukai,CWC,24,Gujarat,641,TAPI,SONGADH,-,-,Narmada,Narmada,Unch,-,-,Tapi,21.25029528,73.59093389,05-06-1971 08:30,12.6
2412,Tapi at Ukai,CWC,24,Gujarat,641,TAPI,SONGADH,-,-,Narmada,Narmada,Unch,-,-,Tapi,21.25029528,73.59093389,06-06-1971 08:30,42
2413,Tapi at Ukai,CWC,24,Gujarat,641,TAPI,SONGADH,-,-,Narmada,Narmada,Unch,-,-,Tapi,21.25029528,73.59093389,07-06-1971 08:30,1.2
2414,Tapi at Ukai,CWC,24,Gujarat,641,TAPI,SONGADH,-,-,Narmada,Narmada,Unch,-,-,Tapi,21.25029528,73.59093389,08-06-1971 08:30,9.2
2415,Tapi at Ukai,CWC,24,Gujarat,641,TAPI,SONGADH,-,-,Narmada,Narmada,Unch,-,-,Tapi,21.25029528,73.59093389,11-06-1971 08:30,2.1
2416,Tapi at Ukai,CWC,24,Gujarat,641,TAPI,SONGADH,-,-,Narmada,Narmada,Unch,-,-,Tapi,21.25029528,73.59093389,17-06-1971 08:30,0.2
2417,Tapi at Ukai,CWC,24,Gujarat,641,TAPI,SONGADH,-,-,Narmada,Narmada,Unch,-,-,Tapi,21.25029528,73.59093389,18-06-1971 08:30,0.1
2418,Tapi at Ukai,CWC,24,Gujarat,641,TAPI,SONGADH,-,-,Narmada,Narmada,Unch,-,-,Tapi,21.25029528,73.59093389,21-06-1971 08:30,6
2419,Tapi at Ukai,CWC,24,Gujarat,641,TAPI,SONGADH,-,-,Narmada,Narmada,Unch,-,-,Tapi,21.25029528,73.59093389,22-06-1971 08:30,0.3
2420,Tapi at Ukai,CWC,24,Gujarat,641,TAPI,SONGADH,-,-,Narmada,Narmada,Unch,-,-,Tapi,21.25029528,73.59093389,23-06-1971 08:30,0.8
2421,Tapi at Ukai,CWC,24,Gujarat,641,TAPI,SONGADH,-,-,Narmada,Narmada,Unch,-,-,Tapi,21.25029528,73.59093389,24-06-1971 08:30,27
2422,Tapi at Ukai,CWC,24,Gujarat,641,TAPI,SONGADH,-,-,Narmada,Narmada,Unch,-,-,Tapi,21.25029528,73.59093389,25-06-1971 08:30,46.6
2423,Tapi at Ukai,CWC,24,Gujarat,641,TAPI,SONGADH,-,-,Narmada,Narmada,Unch,-,-,Tapi,21.25029528,73.59093389,26-06-1971 08:30,13.3
2424,Tapi at Ukai,CWC,24,Gujarat,641,TAPI,SONGADH,-,-,Narmada,Narmada,Unch,-,-,Tapi,21.25029528,73.59093389,27-06-1971 08:30,17
2425,Tapi at Ukai,CWC,24,Gujarat,641,TAPI,SONGADH,-,-,Narmada,Narmada,Unch,-,-,Tapi,21.25029528,73.59093389,28-06-1971 08:30,9.2
2426,Tapi at Ukai,CWC,24,Gujarat,641,TAPI,SONGADH,-,-,Narmada,Narmada,Unch,-,-,Tapi,21.25029528,73.59093389,29-06-1971 08:30,1.8
2427,Tapi at Ukai,CWC,24,Gujarat,641,TAPI,SONGADH,-,-,Narmada,Narmada,Unch,-,-,Tapi,21.25029528,73.59093389,01-07-1971 08:30,2.4
2428,Tapi at Ukai,CWC,24,Gujarat,641,TAPI,SONGADH,-,-,Narmada,Narmada,Unch,-,-,Tapi,21.25029528,73.59093389,02-07-1971 08:30,0.2
2429,Tapi at Ukai,CWC,24,Gujarat,641,TAPI,SONGADH,-,-,Narmada,Narmada,Unch,-,-,Tapi,21.25029528,73.59093389,08-07-1971 08:30,7.9
2430,Tapi at Ukai,CWC,24,Gujarat,641,TAPI,SONGADH,-,-,Narmada,Narmada,Unch,-,-,Tapi,21.25029528,73.59093389,09-07-1971 08:30,1
2431,Tapi at Ukai,CWC,24,Gujarat,641,TAPI,SONGADH,-,-,Narmada,Narmada,Unch,-,-,Tapi,21.25029528,73.59093389,10-07-1971 08:30,1.8
2432,Tapi at Ukai,CWC,24,Gujarat,641,TAPI,SONGADH,-,-,Narmada,Narmada,Unch,-,-,Tapi,21.25029528,73.59093389,11-07-1971 08:30,3
2433,Tapi at Ukai,CWC,24,Gujarat,641,TAPI,SONGADH,-,-,Narmada,Narmada,Unch,-,-,Tapi,21.25029528,73.59093389,12-07-1971 08:30,12.6
2434,Tapi at Ukai,CWC,24,Gujarat,641,TAPI,SONGADH,-,-,Narmada,Narmada,Unch,-,-,Tapi,21.25029528,73.59093389,13-07-1971 08:30,4.2
2435,Tapi at Ukai,CWC,24,Gujarat,641,TAPI,SONGADH,-,-,Narmada,Narmada,Unch,-,-,Tapi,21.25029528,73.59093389,14-07-1971 08:30,2.4
2436,Tapi at Ukai,CWC,24,Gujarat,641,TAPI,SONGADH,-,-,Narmada,Narmada,Unch,-,-,Tapi,21.25029528,73.59093389,15-07-1971 08:30,22.4
2437,Tapi at Ukai,CWC,24,Gujarat,641,TAPI,SONGADH,-,-,Narmada,Narmada,Unch,-,-,Tapi,21.25029528,73.59093389,16-07-1971 08:30,17.3
2438,Tapi at Ukai,CWC,24,Gujarat,641,TAPI,SONGADH,-,-,Narmada,Narmada,Unch,-,-,Tapi,21.25029528,73.59093389,17-07-1971 08:30,27.8
2439,Tapi at Ukai,CWC,24,Gujarat,641,TAPI,SONGADH,-,-,Narmada,Narmada,Unch,-,-,Tapi,21.25029528,73.59093389,18-07-1971 08:30,8
2440,Tapi at Ukai,CWC,24,Gujarat,641,TAPI,SONGADH,-,-,Narmada,Narmada,Unch,-,-,Tapi,21.25029528,73.59093389,19-07-1971 08:30,34.2
2441,Tapi at Ukai,CWC,24,Gujarat,641,TAPI,SONGADH,-,-,Narmada,Narmada,Unch,-,-,Tapi,21.25029528,73.59093389,20-07-1971 08:30,79
2442,Tapi at Ukai,CWC,24,Gujarat,641,TAPI,SONGADH,-,-,Narmada,Narmada,Unch,-,-,Tapi,21.25029528,73.59093389,21-07-1971 08:30,12.2
2443,Tapi at Ukai,CWC,24,Gujarat,641,TAPI,SONGADH,-,-,Narmada,Narmada,Unch,-,-,Tapi,21.25029528,73.59093389,22-07-1971 08:30,10.7
2444,Tapi at Ukai,CWC,24,Gujarat,641,TAPI,SONGADH,-,-,Narmada,Narmada,Unch,-,-,Tapi,21.25029528,73.59093389,23-07-1971 08:30,3.6
2445,Tapi at Ukai,CWC,24,Gujarat,641,TAPI,SONGADH,-,-,Narmada,Narmada,Unch,-,-,Tapi,21.25029528,73.59093389,24-07-1971 08:30,0.4
2446,Tapi at Ukai,CWC,24,Gujarat,641,TAPI,SONGADH,-,-,Narmada,Narmada,Unch,-,-,Tapi,21.25029528,73.59093389,25-07-1971 08:30,0.9
2447,Tapi at Ukai,CWC,24,Gujarat,641,TAPI,SONGADH,-,-,Narmada,Narmada,Unch,-,-,Tapi,21.25029528,73.59093389,26-07-1971 08:30,5.6
2448,Tapi at Ukai,CWC,24,Gujarat,641,TAPI,SONGADH,-,-,Narmada,Narmada,Unch,-,-,Tapi,21.25029528,73.59093389,27-07-1971 08:30,3
2449,Tapi at Ukai,CWC,24,Gujarat,641,TAPI,SONGADH,-,-,Narmada,Narmada,Unch,-,-,Tapi,21.25029528,73.59093389,28-07-1971 08:30,7.1
2450,Tapi at Ukai,CWC,24,Gujarat,641,TAPI,SONGADH,-,-,Narmada,Narmada,Unch,-,-,Tapi,21.25029528,73.59093389,29-07-1971 08:30,1.2
2451,Tapi at Ukai,CWC,24,Gujarat,641,TAPI,SONGADH,-,-,Narmada,Narmada,Unch,-,-,Tapi,21.25029528,73.59093389,30-07-1971 08:30,9.8
2452,Tapi at Ukai,CWC,24,Gujarat,641,TAPI,SONGADH,-,-,Narmada,Narmada,Unch,-,-,Tapi,21.25029528,73.59093389,31-07-1971 08:30,4.5
2453,Tapi at Ukai,CWC,24,Gujarat,641,TAPI,SONGADH,-,-,Narmada,Narmada,Unch,-,-,Tapi,21.25029528,73.59093389,01-08-1971 08:30,3.9
2454,Tapi at Ukai,CWC,24,Gujarat,641,TAPI,SONGADH,-,-,Narmada,Narmada,Unch,-,-,Tapi,21.25029528,73.59093389,02-08-1971 08:30,3
2455,Tapi at Ukai,CWC,24,Gujarat,641,TAPI,SONGADH,-,-,Narmada,Narmada,Unch,-,-,Tapi,21.25029528,73.59093389,03-08-1971 08:30,6.8
2456,Tapi at Ukai,CWC,24,Gujarat,641,TAPI,SONGADH,-,-,Narmada,Narmada,Unch,-,-,Tapi,21.25029528,73.59093389,04-08-1971 08:30,13.2
2457,Tapi at Ukai,CWC,24,Gujarat,641,TAPI,SONGADH,-,-,Narmada,Narmada,Unch,-,-,Tapi,21.25029528,73.59093389,05-08-1971 08:30,20.9
2458,Tapi at Ukai,CWC,24,Gujarat,641,TAPI,SONGADH,-,-,Narmada,Narmada,Unch,-,-,Tapi,21.25029528,73.59093389,06-08-1971 08:30,7.3
2459,Tapi at Ukai,CWC,24,Gujarat,641,TAPI,SONGADH,-,-,Narmada,Narmada,Unch,-,-,Tapi,21.25029528,73.59093389,07-08-1971 08:30,2.4
2460,Tapi at Ukai,CWC,24,Gujarat,641,TAPI,SONGADH,-,-,Narmada,Narmada,Unch,-,-,Tapi,21.25029528,73.59093389,08-08-1971 08:30,4.1
2461,Tapi at Ukai,CWC,24,Gujarat,641,TAPI,SONGADH,-,-,Narmada,Narmada,Unch,-,-,Tapi,21.25029528,73.59093389,09-08-1971 08:30,6.4
2462,Tapi at Ukai,CWC,24,Gujarat,641,TAPI,SONGADH,-,-,Narmada,Narmada,Unch,-,-,Tapi,21.25029528,73.59093389,10-08-1971 08:30,7.3
2463,Tapi at Ukai,CWC,24,Gujarat,641,TAPI,SONGADH,-,-,Narmada,Narmada,Unch,-,-,Tapi,21.25029528,73.59093389,11-08-1971 08:30,2.7
2464,Tapi at Ukai,CWC,24,Gujarat,641,TAPI,SONGADH,-,-,Narmada,Narmada,Unch,-,-,Tapi,21.25029528,73.59093389,12-08-1971 08:30,6.7
2465,Tapi at Ukai,CWC,24,Gujarat,641,TAPI,SONGADH,-,-,Narmada,Narmada,Unch,-,-,Tapi,21.25029528,73.59093389,13-08-1971 08:30,30.2
2466,Tapi at Ukai,CWC,24,Gujarat,641,TAPI,SONGADH,-,-,Narmada,Narmada,Unch,-,-,Tapi,21.25029528,73.59093389,14-08-1971 08:30,12.6
2467,Tapi at Ukai,CWC,24,Gujarat,641,TAPI,SONGADH,-,-,Narmada,Narmada,Unch,-,-,Tapi,21.25029528,73.59093389,16-08-1971 08:30,0.3
2468,Tapi at Ukai,CWC,24,Gujarat,641,TAPI,SONGADH,-,-,Narmada,Narmada,Unch,-,-,Tapi,21.25029528,73.59093389,17-08-1971 08:30,1.7
2469,Tapi at Ukai,CWC,24,Gujarat,641,TAPI,SONGADH,-,-,Narmada,Narmada,Unch,-,-,Tapi,21.25029528,73.59093389,18-08-1971 08:30,3.4
2470,Tapi at Ukai,CWC,24,Gujarat,641,TAPI,SONGADH,-,-,Narmada,Narmada,Unch,-,-,Tapi,21.25029528,73.59093389,20-08-1971 08:30,3.6
2471,Tapi at Ukai,CWC,24,Gujarat,641,TAPI,SONGADH,-,-,Narmada,Narmada,Unch,-,-,Tapi,21.25029528,73.59093389,21-08-1971 08:30,5.5
2472,Tapi at Ukai,CWC,24,Gujarat,641,TAPI,SONGADH,-,-,Narmada,Narmada,Unch,-,-,Tapi,21.25029528,73.59093389,25-08-1971 08:30,3.2
2473,Tapi at Ukai,CWC,24,Gujarat,641,TAPI,SONGADH,-,-,Narmada,Narmada,Unch,-,-,Tapi,21.25029528,73.59093389,27-08-1971 08:30,7.8
2474,Tapi at Ukai,CWC,24,Gujarat,641,TAPI,SONGADH,-,-,Narmada,Narmada,Unch,-,-,Tapi,21.25029528,73.59093389,28-08-1971 08:30,20.3
2475,Tapi at Ukai,CWC,24,Gujarat,641,TAPI,SONGADH,-,-,Narmada,Narmada,Unch,-,-,Tapi,21.25029528,73.59093389,29-08-1971 08:30,27
2476,Tapi at Ukai,CWC,24,Gujarat,641,TAPI,SONGADH,-,-,Narmada,Narmada,Unch,-,-,Tapi,21.25029528,73.59093389,30-08-1971 08:30,40.7
2477,Tapi at Ukai,CWC,24,Gujarat,641,TAPI,SONGADH,-,-,Narmada,Narmada,Unch,-,-,Tapi,21.25029528,73.59093389,31-08-1971 08:30,6
2478,Tapi at Ukai,CWC,24,Gujarat,641,TAPI,SONGADH,-,-,Narmada,Narmada,Unch,-,-,Tapi,21.25029528,73.59093389,01-09-1971 08:30,64.1
2479,Tapi at Ukai,CWC,24,Gujarat,641,TAPI,SONGADH,-,-,Narmada,Narmada,Unch,-,-,Tapi,21.25029528,73.59093389,02-09-1971 08:30,0.6
2480,Tapi at Ukai,CWC,24,Gujarat,641,TAPI,SONGADH,-,-,Narmada,Narmada,Unch,-,-,Tapi,21.25029528,73.59093389,03-09-1971 08:30,12.7
2481,Tapi at Ukai,CWC,24,Gujarat,641,TAPI,SONGADH,-,-,Narmada,Narmada,Unch,-,-,Tapi,21.25029528,73.59093389,04-09-1971 08:30,23.3
2482,Tapi at Ukai,CWC,24,Gujarat,641,TAPI,SONGADH,-,-,Narmada,Narmada,Unch,-,-,Tapi,21.25029528,73.59093389,05-09-1971 08:30,6.2
2483,Tapi at Ukai,CWC,24,Gujarat,641,TAPI,SONGADH,-,-,Narmada,Narmada,Unch,-,-,Tapi,21.25029528,73.59093389,06-09-1971 08:30,7
2484,Tapi at Ukai,CWC,24,Gujarat,641,TAPI,SONGADH,-,-,Narmada,Narmada,Unch,-,-,Tapi,21.25029528,73.59093389,07-09-1971 08:30,1.2
2485,Tapi at Ukai,CWC,24,Gujarat,641,TAPI,SONGADH,-,-,Narmada,Narmada,Unch,-,-,Tapi,21.25029528,73.59093389,08-09-1971 08:30,4
2486,Tapi at Ukai,CWC,24,Gujarat,641,TAPI,SONGADH,-,-,Narmada,Narmada,Unch,-,-,Tapi,21.25029528,73.59093389,10-09-1971 08:30,0.2
2487,Tapi at Ukai,CWC,24,Gujarat,641,TAPI,SONGADH,-,-,Narmada,Narmada,Unch,-,-,Tapi,21.25029528,73.59093389,11-09-1971 08:30,2
2488,Tapi at Ukai,CWC,24,Gujarat,641,TAPI,SONGADH,-,-,Narmada,Narmada,Unch,-,-,Tapi,21.25029528,73.59093389,12-09-1971 08:30,9
2489,Tapi at Ukai,CWC,24,Gujarat,641,TAPI,SONGADH,-,-,Narmada,Narmada,Unch,-,-,Tapi,21.25029528,73.59093389,13-09-1971 08:30,0.7
2490,Tapi at Ukai,CWC,24,Gujarat,641,TAPI,SONGADH,-,-,Narmada,Narmada,Unch,-,-,Tapi,21.25029528,73.59093389,25-09-1971 08:30,2.8
2491,Tapi at Ukai,CWC,24,Gujarat,641,TAPI,SONGADH,-,-,Narmada,Narmada,Unch,-,-,Tapi,21.25029528,73.59093389,26-09-1971 08:30,19.4
2492,Tapi at Ukai,CWC,24,Gujarat,641,TAPI,SONGADH,-,-,Narmada,Narmada,Unch,-,-,Tapi,21.25029528,73.59093389,27-09-1971 08:30,138.2
2493,Tapi at Ukai,CWC,24,Gujarat,641,TAPI,SONGADH,-,-,Narmada,Narmada,Unch,-,-,Tapi,21.25029528,73.59093389,28-09-1971 08:30,5.5
2494,Tapi at Ukai,CWC,24,Gujarat,641,TAPI,SONGADH,-,-,Narmada,Narmada,Unch,-,-,Tapi,21.25029528,73.59093389,29-09-1971 08:30,14
2495,Tapi at Ukai,CWC,24,Gujarat,641,TAPI,SONGADH,-,-,Narmada,Narmada,Unch,-,-,Tapi,21.25029528,73.59093389,30-09-1971 08:30,16
2496,Tapi at Ukai,CWC,24,Gujarat,641,TAPI,SONGADH,-,-,Narmada,Narmada,Unch,-,-,Tapi,21.25029528,73.59093389,01-10-1971 08:30,21.8
2497,Tapi at Ukai,CWC,24,Gujarat,641,TAPI,SONGADH,-,-,Narmada,Narmada,Unch,-,-,Tapi,21.25029528,73.59093389,21-10-1971 08:30,2
2498,Tapi at Ukai,CWC,24,Gujarat,641,TAPI,SONGADH,-,-,Narmada,Narmada,Unch,-,-,Tapi,21.25029528,73.59093389,05-06-1972 08:30,4.5
2499,Tapi at Ukai,CWC,24,Gujarat,641,TAPI,SONGADH,-,-,Narmada,Narmada,Unch,-,-,Tapi,21.25029528,73.59093389,06-06-1972 08:30,3.2
2500,Tapi at Ukai,CWC,24,Gujarat,641,TAPI,SONGADH,-,-,Narmada,Narmada,Unch,-,-,Tapi,21.25029528,73.59093389,12-06-1972 08:30,8.9
2501,Tapi at Ukai,CWC,24,Gujarat,641,TAPI,SONGADH,-,-,Narmada,Narmada,Unch,-,-,Tapi,21.25029528,73.59093389,13-06-1972 08:30,2.2
2502,Tapi at Ukai,CWC,24,Gujarat,641,TAPI,SONGADH,-,-,Narmada,Narmada,Unch,-,-,Tapi,21.25029528,73.59093389,14-06-1972 08:30,3.2
2503,Tapi at Ukai,CWC,24,Gujarat,641,TAPI,SONGADH,-,-,Narmada,Narmada,Unch,-,-,Tapi,21.25029528,73.59093389,15-06-1972 08:30,10.2
2504,Tapi at Ukai,CWC,24,Gujarat,641,TAPI,SONGADH,-,-,Narmada,Narmada,Unch,-,-,Tapi,21.25029528,73.59093389,16-06-1972 08:30,11.3
2505,Tapi at Ukai,CWC,24,Gujarat,641,TAPI,SONGADH,-,-,Narmada,Narmada,Unch,-,-,Tapi,21.25029528,73.59093389,20-06-1972 08:30,3.4
2506,Tapi at Ukai,CWC,24,Gujarat,641,TAPI,SONGADH,-,-,Narmada,Narmada,Unch,-,-,Tapi,21.25029528,73.59093389,22-06-1972 08:30,1.8
2507,Tapi at Ukai,CWC,24,Gujarat,641,TAPI,SONGADH,-,-,Narmada,Narmada,Unch,-,-,Tapi,21.25029528,73.59093389,23-06-1972 08:30,10
2508,Tapi at Ukai,CWC,24,Gujarat,641,TAPI,SONGADH,-,-,Narmada,Narmada,Unch,-,-,Tapi,21.25029528,73.59093389,25-06-1972 08:30,2.5
2509,Tapi at Ukai,CWC,24,Gujarat,641,TAPI,SONGADH,-,-,Narmada,Narmada,Unch,-,-,Tapi,21.25029528,73.59093389,26-06-1972 08:30,6.4
2510,Tapi at Ukai,CWC,24,Gujarat,641,TAPI,SONGADH,-,-,Narmada,Narmada,Unch,-,-,Tapi,21.25029528,73.59093389,27-06-1972 08:30,2.3
2511,Tapi at Ukai,CWC,24,Gujarat,641,TAPI,SONGADH,-,-,Narmada,Narmada,Unch,-,-,Tapi,21.25029528,73.59093389,28-06-1972 08:30,2.9
2512,Tapi at Ukai,CWC,24,Gujarat,641,TAPI,SONGADH,-,-,Narmada,Narmada,Unch,-,-,Tapi,21.25029528,73.59093389,29-06-1972 08:30,2.2
2513,Tapi at Ukai,CWC,24,Gujarat,641,TAPI,SONGADH,-,-,Narmada,Narmada,Unch,-,-,Tapi,21.25029528,73.59093389,30-06-1972 08:30,4
2514,Tapi at Ukai,CWC,24,Gujarat,641,TAPI,SONGADH,-,-,Narmada,Narmada,Unch,-,-,Tapi,21.25029528,73.59093389,01-07-1972 08:30,2.8
2515,Tapi at Ukai,CWC,24,Gujarat,641,TAPI,SONGADH,-,-,Narmada,Narmada,Unch,-,-,Tapi,21.25029528,73.59093389,02-07-1972 08:30,5
2516,Tapi at Ukai,CWC,24,Gujarat,641,TAPI,SONGADH,-,-,Narmada,Narmada,Unch,-,-,Tapi,21.25029528,73.59093389,03-07-1972 08:30,8
2517,Tapi at Ukai,CWC,24,Gujarat,641,TAPI,SONGADH,-,-,Narmada,Narmada,Unch,-,-,Tapi,21.25029528,73.59093389,04-07-1972 08:30,56
2518,Tapi at Ukai,CWC,24,Gujarat,641,TAPI,SONGADH,-,-,Narmada,Narmada,Unch,-,-,Tapi,21.25029528,73.59093389,05-07-1972 08:30,43.4
2519,Tapi at Ukai,CWC,24,Gujarat,641,TAPI,SONGADH,-,-,Narmada,Narmada,Unch,-,-,Tapi,21.25029528,73.59093389,06-07-1972 08:30,30.4
2520,Tapi at Ukai,CWC,24,Gujarat,641,TAPI,SONGADH,-,-,Narmada,Narmada,Unch,-,-,Tapi,21.25029528,73.59093389,07-07-1972 08:30,110
2521,Tapi at Ukai,CWC,24,Gujarat,641,TAPI,SONGADH,-,-,Narmada,Narmada,Unch,-,-,Tapi,21.25029528,73.59093389,08-07-1972 08:30,14.6
2522,Tapi at Ukai,CWC,24,Gujarat,641,TAPI,SONGADH,-,-,Narmada,Narmada,Unch,-,-,Tapi,21.25029528,73.59093389,09-07-1972 08:30,72.6
2523,Tapi at Ukai,CWC,24,Gujarat,641,TAPI,SONGADH,-,-,Narmada,Narmada,Unch,-,-,Tapi,21.25029528,73.59093389,10-07-1972 08:30,45
2524,Tapi at Ukai,CWC,24,Gujarat,641,TAPI,SONGADH,-,-,Narmada,Narmada,Unch,-,-,Tapi,21.25029528,73.59093389,11-07-1972 08:30,53
2525,Tapi at Ukai,CWC,24,Gujarat,641,TAPI,SONGADH,-,-,Narmada,Narmada,Unch,-,-,Tapi,21.25029528,73.59093389,12-07-1972 08:30,0.4
2526,Tapi at Ukai,CWC,24,Gujarat,641,TAPI,SONGADH,-,-,Narmada,Narmada,Unch,-,-,Tapi,21.25029528,73.59093389,14-07-1972 08:30,1.4
2527,Tapi at Ukai,CWC,24,Gujarat,641,TAPI,SONGADH,-,-,Narmada,Narmada,Unch,-,-,Tapi,21.25029528,73.59093389,15-07-1972 08:30,1.8
2528,Tapi at Ukai,CWC,24,Gujarat,641,TAPI,SONGADH,-,-,Narmada,Narmada,Unch,-,-,Tapi,21.25029528,73.59093389,17-07-1972 08:30,1.4
2529,Tapi at Ukai,CWC,24,Gujarat,641,TAPI,SONGADH,-,-,Narmada,Narmada,Unch,-,-,Tapi,21.25029528,73.59093389,18-07-1972 08:30,3.2
2530,Tapi at Ukai,CWC,24,Gujarat,641,TAPI,SONGADH,-,-,Narmada,Narmada,Unch,-,-,Tapi,21.25029528,73.59093389,22-07-1972 08:30,0.6
2531,Tapi at Ukai,CWC,24,Gujarat,641,TAPI,SONGADH,-,-,Narmada,Narmada,Unch,-,-,Tapi,21.25029528,73.59093389,23-07-1972 08:30,1.3
2532,Tapi at Ukai,CWC,24,Gujarat,641,TAPI,SONGADH,-,-,Narmada,Narmada,Unch,-,-,Tapi,21.25029528,73.59093389,24-07-1972 08:30,27.8
2533,Tapi at Ukai,CWC,24,Gujarat,641,TAPI,SONGADH,-,-,Narmada,Narmada,Unch,-,-,Tapi,21.25029528,73.59093389,26-07-1972 08:30,3.2
2534,Tapi at Ukai,CWC,24,Gujarat,641,TAPI,SONGADH,-,-,Narmada,Narmada,Unch,-,-,Tapi,21.25029528,73.59093389,29-07-1972 08:30,0.6
2535,Tapi at Ukai,CWC,24,Gujarat,641,TAPI,SONGADH,-,-,Narmada,Narmada,Unch,-,-,Tapi,21.25029528,73.59093389,30-07-1972 08:30,0.3
2536,Tapi at Ukai,CWC,24,Gujarat,641,TAPI,SONGADH,-,-,Narmada,Narmada,Unch,-,-,Tapi,21.25029528,73.59093389,31-07-1972 08:30,0.2
2537,Tapi at Ukai,CWC,24,Gujarat,641,TAPI,SONGADH,-,-,Narmada,Narmada,Unch,-,-,Tapi,21.25029528,73.59093389,01-08-1972 08:30,0.3
2538,Tapi at Ukai,CWC,24,Gujarat,641,TAPI,SONGADH,-,-,Narmada,Narmada,Unch,-,-,Tapi,21.25029528,73.59093389,02-08-1972 08:30,28.1
2539,Tapi at Ukai,CWC,24,Gujarat,641,TAPI,SONGADH,-,-,Narmada,Narmada,Unch,-,-,Tapi,21.25029528,73.59093389,03-08-1972 08:30,1
2540,Tapi at Ukai,CWC,24,Gujarat,641,TAPI,SONGADH,-,-,Narmada,Narmada,Unch,-,-,Tapi,21.25029528,73.59093389,05-08-1972 08:30,14
2541,Tapi at Ukai,CWC,24,Gujarat,641,TAPI,SONGADH,-,-,Narmada,Narmada,Unch,-,-,Tapi,21.25029528,73.59093389,06-08-1972 08:30,1.6
2542,Tapi at Ukai,CWC,24,Gujarat,641,TAPI,SONGADH,-,-,Narmada,Narmada,Unch,-,-,Tapi,21.25029528,73.59093389,07-08-1972 08:30,6.8
2543,Tapi at Ukai,CWC,24,Gujarat,641,TAPI,SONGADH,-,-,Narmada,Narmada,Unch,-,-,Tapi,21.25029528,73.59093389,08-08-1972 08:30,4.1
2544,Tapi at Ukai,CWC,24,Gujarat,641,TAPI,SONGADH,-,-,Narmada,Narmada,Unch,-,-,Tapi,21.25029528,73.59093389,09-08-1972 08:30,14
2545,Tapi at Ukai,CWC,24,Gujarat,641,TAPI,SONGADH,-,-,Narmada,Narmada,Unch,-,-,Tapi,21.25029528,73.59093389,10-08-1972 08:30,17
2546,Tapi at Ukai,CWC,24,Gujarat,641,TAPI,SONGADH,-,-,Narmada,Narmada,Unch,-,-,Tapi,21.25029528,73.59093389,11-08-1972 08:30,0.2
2547,Tapi at Ukai,CWC,24,Gujarat,641,TAPI,SONGADH,-,-,Narmada,Narmada,Unch,-,-,Tapi,21.25029528,73.59093389,16-08-1972 08:30,14.2
2548,Tapi at Ukai,CWC,24,Gujarat,641,TAPI,SONGADH,-,-,Narmada,Narmada,Unch,-,-,Tapi,21.25029528,73.59093389,17-08-1972 08:30,48.4
2549,Tapi at Ukai,CWC,24,Gujarat,641,TAPI,SONGADH,-,-,Narmada,Narmada,Unch,-,-,Tapi,21.25029528,73.59093389,18-08-1972 08:30,8.8
2550,Tapi at Ukai,CWC,24,Gujarat,641,TAPI,SONGADH,-,-,Narmada,Narmada,Unch,-,-,Tapi,21.25029528,73.59093389,19-08-1972 08:30,61.2
2551,Tapi at Ukai,CWC,24,Gujarat,641,TAPI,SONGADH,-,-,Narmada,Narmada,Unch,-,-,Tapi,21.25029528,73.59093389,20-08-1972 08:30,105
2552,Tapi at Ukai,CWC,24,Gujarat,641,TAPI,SONGADH,-,-,Narmada,Narmada,Unch,-,-,Tapi,21.25029528,73.59093389,21-08-1972 08:30,7
2553,Tapi at Ukai,CWC,24,Gujarat,641,TAPI,SONGADH,-,-,Narmada,Narmada,Unch,-,-,Tapi,21.25029528,73.59093389,22-08-1972 08:30,3.8
2554,Tapi at Ukai,CWC,24,Gujarat,641,TAPI,SONGADH,-,-,Narmada,Narmada,Unch,-,-,Tapi,21.25029528,73.59093389,23-08-1972 08:30,0.2
2555,Tapi at Ukai,CWC,24,Gujarat,641,TAPI,SONGADH,-,-,Narmada,Narmada,Unch,-,-,Tapi,21.25029528,73.59093389,24-08-1972 08:30,1.3
2556,Tapi at Ukai,CWC,24,Gujarat,641,TAPI,SONGADH,-,-,Narmada,Narmada,Unch,-,-,Tapi,21.25029528,73.59093389,25-08-1972 08:30,3.7
2557,Tapi at Ukai,CWC,24,Gujarat,641,TAPI,SONGADH,-,-,Narmada,Narmada,Unch,-,-,Tapi,21.25029528,73.59093389,29-08-1972 08:30,0.4
2558,Tapi at Ukai,CWC,24,Gujarat,641,TAPI,SONGADH,-,-,Narmada,Narmada,Unch,-,-,Tapi,21.25029528,73.59093389,03-09-1972 08:30,11.2
2559,Tapi at Ukai,CWC,24,Gujarat,641,TAPI,SONGADH,-,-,Narmada,Narmada,Unch,-,-,Tapi,21.25029528,73.59093389,04-09-1972 08:30,3.8
2560,Tapi at Ukai,CWC,24,Gujarat,641,TAPI,SONGADH,-,-,Narmada,Narmada,Unch,-,-,Tapi,21.25029528,73.59093389,11-09-1972 08:30,40
2561,Tapi at Ukai,CWC,24,Gujarat,641,TAPI,SONGADH,-,-,Narmada,Narmada,Unch,-,-,Tapi,21.25029528,73.59093389,12-09-1972 08:30,26.2
2562,Tapi at Ukai,CWC,24,Gujarat,641,TAPI,SONGADH,-,-,Narmada,Narmada,Unch,-,-,Tapi,21.25029528,73.59093389,13-09-1972 08:30,14
2563,Tapi at Ukai,CWC,24,Gujarat,641,TAPI,SONGADH,-,-,Narmada,Narmada,Unch,-,-,Tapi,21.25029528,73.59093389,14-09-1972 08:30,1
2564,Tapi at Ukai,CWC,24,Gujarat,641,TAPI,SONGADH,-,-,Narmada,Narmada,Unch,-,-,Tapi,21.25029528,73.59093389,04-06-1973 08:30,9
2565,Tapi at Ukai,CWC,24,Gujarat,641,TAPI,SONGADH,-,-,Narmada,Narmada,Unch,-,-,Tapi,21.25029528,73.59093389,07-06-1973 08:30,1
2566,Tapi at Ukai,CWC,24,Gujarat,641,TAPI,SONGADH,-,-,Narmada,Narmada,Unch,-,-,Tapi,21.25029528,73.59093389,08-06-1973 08:30,9.3
2567,Tapi at Ukai,CWC,24,Gujarat,641,TAPI,SONGADH,-,-,Narmada,Narmada,Unch,-,-,Tapi,21.25029528,73.59093389,11-06-1973 08:30,2.6
2568,Tapi at Ukai,CWC,24,Gujarat,641,TAPI,SONGADH,-,-,Narmada,Narmada,Unch,-,-,Tapi,21.25029528,73.59093389,12-06-1973 08:30,3.6
2569,Tapi at Ukai,CWC,24,Gujarat,641,TAPI,SONGADH,-,-,Narmada,Narmada,Unch,-,-,Tapi,21.25029528,73.59093389,13-06-1973 08:30,35
2570,Tapi at Ukai,CWC,24,Gujarat,641,TAPI,SONGADH,-,-,Narmada,Narmada,Unch,-,-,Tapi,21.25029528,73.59093389,14-06-1973 08:30,1.4
2571,Tapi at Ukai,CWC,24,Gujarat,641,TAPI,SONGADH,-,-,Narmada,Narmada,Unch,-,-,Tapi,21.25029528,73.59093389,15-06-1973 08:30,11.8
2572,Tapi at Ukai,CWC,24,Gujarat,641,TAPI,SONGADH,-,-,Narmada,Narmada,Unch,-,-,Tapi,21.25029528,73.59093389,16-06-1973 08:30,3
2573,Tapi at Ukai,CWC,24,Gujarat,641,TAPI,SONGADH,-,-,Narmada,Narmada,Unch,-,-,Tapi,21.25029528,73.59093389,01-07-1973 08:30,88.2
2574,Tapi at Ukai,CWC,24,Gujarat,641,TAPI,SONGADH,-,-,Narmada,Narmada,Unch,-,-,Tapi,21.25029528,73.59093389,02-07-1973 08:30,83.2
2575,Tapi at Ukai,CWC,24,Gujarat,641,TAPI,SONGADH,-,-,Narmada,Narmada,Unch,-,-,Tapi,21.25029528,73.59093389,03-07-1973 08:30,7.2
2576,Tapi at Ukai,CWC,24,Gujarat,641,TAPI,SONGADH,-,-,Narmada,Narmada,Unch,-,-,Tapi,21.25029528,73.59093389,04-07-1973 08:30,1.3
2577,Tapi at Ukai,CWC,24,Gujarat,641,TAPI,SONGADH,-,-,Narmada,Narmada,Unch,-,-,Tapi,21.25029528,73.59093389,05-07-1973 08:30,1
2578,Tapi at Ukai,CWC,24,Gujarat,641,TAPI,SONGADH,-,-,Narmada,Narmada,Unch,-,-,Tapi,21.25029528,73.59093389,06-07-1973 08:30,2.6
2579,Tapi at Ukai,CWC,24,Gujarat,641,TAPI,SONGADH,-,-,Narmada,Narmada,Unch,-,-,Tapi,21.25029528,73.59093389,07-07-1973 08:30,17.5
2580,Tapi at Ukai,CWC,24,Gujarat,641,TAPI,SONGADH,-,-,Narmada,Narmada,Unch,-,-,Tapi,21.25029528,73.59093389,08-07-1973 08:30,0.8
2581,Tapi at Ukai,CWC,24,Gujarat,641,TAPI,SONGADH,-,-,Narmada,Narmada,Unch,-,-,Tapi,21.25029528,73.59093389,09-07-1973 08:30,33.3
2582,Tapi at Ukai,CWC,24,Gujarat,641,TAPI,SONGADH,-,-,Narmada,Narmada,Unch,-,-,Tapi,21.25029528,73.59093389,10-07-1973 08:30,27.2
2583,Tapi at Ukai,CWC,24,Gujarat,641,TAPI,SONGADH,-,-,Narmada,Narmada,Unch,-,-,Tapi,21.25029528,73.59093389,11-07-1973 08:30,73
2584,Tapi at Ukai,CWC,24,Gujarat,641,TAPI,SONGADH,-,-,Narmada,Narmada,Unch,-,-,Tapi,21.25029528,73.59093389,12-07-1973 08:30,50.4
2585,Tapi at Ukai,CWC,24,Gujarat,641,TAPI,SONGADH,-,-,Narmada,Narmada,Unch,-,-,Tapi,21.25029528,73.59093389,13-07-1973 08:30,4.4
2586,Tapi at Ukai,CWC,24,Gujarat,641,TAPI,SONGADH,-,-,Narmada,Narmada,Unch,-,-,Tapi,21.25029528,73.59093389,14-07-1973 08:30,8
2587,Tapi at Ukai,CWC,24,Gujarat,641,TAPI,SONGADH,-,-,Narmada,Narmada,Unch,-,-,Tapi,21.25029528,73.59093389,15-07-1973 08:30,94.2
2588,Tapi at Ukai,CWC,24,Gujarat,641,TAPI,SONGADH,-,-,Narmada,Narmada,Unch,-,-,Tapi,21.25029528,73.59093389,16-07-1973 08:30,22.4
2589,Tapi at Ukai,CWC,24,Gujarat,641,TAPI,SONGADH,-,-,Narmada,Narmada,Unch,-,-,Tapi,21.25029528,73.59093389,17-07-1973 08:30,0.4
2590,Tapi at Ukai,CWC,24,Gujarat,641,TAPI,SONGADH,-,-,Narmada,Narmada,Unch,-,-,Tapi,21.25029528,73.59093389,18-07-1973 08:30,56.3
2591,Tapi at Ukai,CWC,24,Gujarat,641,TAPI,SONGADH,-,-,Narmada,Narmada,Unch,-,-,Tapi,21.25029528,73.59093389,19-07-1973 08:30,3.6
2592,Tapi at Ukai,CWC,24,Gujarat,641,TAPI,SONGADH,-,-,Narmada,Narmada,Unch,-,-,Tapi,21.25029528,73.59093389,20-07-1973 08:30,19
2593,Tapi at Ukai,CWC,24,Gujarat,641,TAPI,SONGADH,-,-,Narmada,Narmada,Unch,-,-,Tapi,21.25029528,73.59093389,21-07-1973 08:30,26.4
2594,Tapi at Ukai,CWC,24,Gujarat,641,TAPI,SONGADH,-,-,Narmada,Narmada,Unch,-,-,Tapi,21.25029528,73.59093389,22-07-1973 08:30,2.6
2595,Tapi at Ukai,CWC,24,Gujarat,641,TAPI,SONGADH,-,-,Narmada,Narmada,Unch,-,-,Tapi,21.25029528,73.59093389,23-07-1973 08:30,0.4
2596,Tapi at Ukai,CWC,24,Gujarat,641,TAPI,SONGADH,-,-,Narmada,Narmada,Unch,-,-,Tapi,21.25029528,73.59093389,24-07-1973 08:30,3.6
2597,Tapi at Ukai,CWC,24,Gujarat,641,TAPI,SONGADH,-,-,Narmada,Narmada,Unch,-,-,Tapi,21.25029528,73.59093389,25-07-1973 08:30,0.8
2598,Tapi at Ukai,CWC,24,Gujarat,641,TAPI,SONGADH,-,-,Narmada,Narmada,Unch,-,-,Tapi,21.25029528,73.59093389,26-07-1973 08:30,4.8
2599,Tapi at Ukai,CWC,24,Gujarat,641,TAPI,SONGADH,-,-,Narmada,Narmada,Unch,-,-,Tapi,21.25029528,73.59093389,27-07-1973 08:30,3.2
2600,Tapi at Ukai,CWC,24,Gujarat,641,TAPI,SONGADH,-,-,Narmada,Narmada,Unch,-,-,Tapi,21.25029528,73.59093389,28-07-1973 08:30,4
2601,Tapi at Ukai,CWC,24,Gujarat,641,TAPI,SONGADH,-,-,Narmada,Narmada,Unch,-,-,Tapi,21.25029528,73.59093389,29-07-1973 08:30,5.4
2602,Tapi at Ukai,CWC,24,Gujarat,641,TAPI,SONGADH,-,-,Narmada,Narmada,Unch,-,-,Tapi,21.25029528,73.59093389,30-07-1973 08:30,1.8
2603,Tapi at Ukai,CWC,24,Gujarat,641,TAPI,SONGADH,-,-,Narmada,Narmada,Unch,-,-,Tapi,21.25029528,73.59093389,31-07-1973 08:30,6.6
2604,Tapi at Ukai,CWC,24,Gujarat,641,TAPI,SONGADH,-,-,Narmada,Narmada,Unch,-,-,Tapi,21.25029528,73.59093389,01-08-1973 08:30,6
2605,Tapi at Ukai,CWC,24,Gujarat,641,TAPI,SONGADH,-,-,Narmada,Narmada,Unch,-,-,Tapi,21.25029528,73.59093389,02-08-1973 08:30,0.2
2606,Tapi at Ukai,CWC,24,Gujarat,641,TAPI,SONGADH,-,-,Narmada,Narmada,Unch,-,-,Tapi,21.25029528,73.59093389,04-08-1973 08:30,0.2
2607,Tapi at Ukai,CWC,24,Gujarat,641,TAPI,SONGADH,-,-,Narmada,Narmada,Unch,-,-,Tapi,21.25029528,73.59093389,05-08-1973 08:30,0.2
2608,Tapi at Ukai,CWC,24,Gujarat,641,TAPI,SONGADH,-,-,Narmada,Narmada,Unch,-,-,Tapi,21.25029528,73.59093389,07-08-1973 08:30,0.6
2609,Tapi at Ukai,CWC,24,Gujarat,641,TAPI,SONGADH,-,-,Narmada,Narmada,Unch,-,-,Tapi,21.25029528,73.59093389,08-08-1973 08:30,0.8
2610,Tapi at Ukai,CWC,24,Gujarat,641,TAPI,SONGADH,-,-,Narmada,Narmada,Unch,-,-,Tapi,21.25029528,73.59093389,09-08-1973 08:30,13.9
2611,Tapi at Ukai,CWC,24,Gujarat,641,TAPI,SONGADH,-,-,Narmada,Narmada,Unch,-,-,Tapi,21.25029528,73.59093389,10-08-1973 08:30,10.2
2612,Tapi at Ukai,CWC,24,Gujarat,641,TAPI,SONGADH,-,-,Narmada,Narmada,Unch,-,-,Tapi,21.25029528,73.59093389,11-08-1973 08:30,22.4
2613,Tapi at Ukai,CWC,24,Gujarat,641,TAPI,SONGADH,-,-,Narmada,Narmada,Unch,-,-,Tapi,21.25029528,73.59093389,12-08-1973 08:30,5
2614,Tapi at Ukai,CWC,24,Gujarat,641,TAPI,SONGADH,-,-,Narmada,Narmada,Unch,-,-,Tapi,21.25029528,73.59093389,13-08-1973 08:30,0.6
2615,Tapi at Ukai,CWC,24,Gujarat,641,TAPI,SONGADH,-,-,Narmada,Narmada,Unch,-,-,Tapi,21.25029528,73.59093389,14-08-1973 08:30,5.4
2616,Tapi at Ukai,CWC,24,Gujarat,641,TAPI,SONGADH,-,-,Narmada,Narmada,Unch,-,-,Tapi,21.25029528,73.59093389,15-08-1973 08:30,12.9
2617,Tapi at Ukai,CWC,24,Gujarat,641,TAPI,SONGADH,-,-,Narmada,Narmada,Unch,-,-,Tapi,21.25029528,73.59093389,16-08-1973 08:30,7.2
2618,Tapi at Ukai,CWC,24,Gujarat,641,TAPI,SONGADH,-,-,Narmada,Narmada,Unch,-,-,Tapi,21.25029528,73.59093389,17-08-1973 08:30,3.1
2619,Tapi at Ukai,CWC,24,Gujarat,641,TAPI,SONGADH,-,-,Narmada,Narmada,Unch,-,-,Tapi,21.25029528,73.59093389,18-08-1973 08:30,1.4
2620,Tapi at Ukai,CWC,24,Gujarat,641,TAPI,SONGADH,-,-,Narmada,Narmada,Unch,-,-,Tapi,21.25029528,73.59093389,19-08-1973 08:30,0.6
2621,Tapi at Ukai,CWC,24,Gujarat,641,TAPI,SONGADH,-,-,Narmada,Narmada,Unch,-,-,Tapi,21.25029528,73.59093389,21-08-1973 08:30,23.2
2622,Tapi at Ukai,CWC,24,Gujarat,641,TAPI,SONGADH,-,-,Narmada,Narmada,Unch,-,-,Tapi,21.25029528,73.59093389,22-08-1973 08:30,6.4
2623,Tapi at Ukai,CWC,24,Gujarat,641,TAPI,SONGADH,-,-,Narmada,Narmada,Unch,-,-,Tapi,21.25029528,73.59093389,23-08-1973 08:30,46.1
2624,Tapi at Ukai,CWC,24,Gujarat,641,TAPI,SONGADH,-,-,Narmada,Narmada,Unch,-,-,Tapi,21.25029528,73.59093389,24-08-1973 08:30,11.1
2625,Tapi at Ukai,CWC,24,Gujarat,641,TAPI,SONGADH,-,-,Narmada,Narmada,Unch,-,-,Tapi,21.25029528,73.59093389,25-08-1973 08:30,10.2
2626,Tapi at Ukai,CWC,24,Gujarat,641,TAPI,SONGADH,-,-,Narmada,Narmada,Unch,-,-,Tapi,21.25029528,73.59093389,26-08-1973 08:30,7.4
2627,Tapi at Ukai,CWC,24,Gujarat,641,TAPI,SONGADH,-,-,Narmada,Narmada,Unch,-,-,Tapi,21.25029528,73.59093389,27-08-1973 08:30,22
2628,Tapi at Ukai,CWC,24,Gujarat,641,TAPI,SONGADH,-,-,Narmada,Narmada,Unch,-,-,Tapi,21.25029528,73.59093389,28-08-1973 08:30,37.1
2629,Tapi at Ukai,CWC,24,Gujarat,641,TAPI,SONGADH,-,-,Narmada,Narmada,Unch,-,-,Tapi,21.25029528,73.59093389,29-08-1973 08:30,17.6
2630,Tapi at Ukai,CWC,24,Gujarat,641,TAPI,SONGADH,-,-,Narmada,Narmada,Unch,-,-,Tapi,21.25029528,73.59093389,30-08-1973 08:30,16.8
2631,Tapi at Ukai,CWC,24,Gujarat,641,TAPI,SONGADH,-,-,Narmada,Narmada,Unch,-,-,Tapi,21.25029528,73.59093389,31-08-1973 08:30,69.1
2632,Tapi at Ukai,CWC,24,Gujarat,641,TAPI,SONGADH,-,-,Narmada,Narmada,Unch,-,-,Tapi,21.25029528,73.59093389,01-09-1973 08:30,14.3
2633,Tapi at Ukai,CWC,24,Gujarat,641,TAPI,SONGADH,-,-,Narmada,Narmada,Unch,-,-,Tapi,21.25029528,73.59093389,02-09-1973 08:30,1.1
2634,Tapi at Ukai,CWC,24,Gujarat,641,TAPI,SONGADH,-,-,Narmada,Narmada,Unch,-,-,Tapi,21.25029528,73.59093389,03-09-1973 08:30,0.7
2635,Tapi at Ukai,CWC,24,Gujarat,641,TAPI,SONGADH,-,-,Narmada,Narmada,Unch,-,-,Tapi,21.25029528,73.59093389,04-09-1973 08:30,20.4
2636,Tapi at Ukai,CWC,24,Gujarat,641,TAPI,SONGADH,-,-,Narmada,Narmada,Unch,-,-,Tapi,21.25029528,73.59093389,05-09-1973 08:30,14.4
2637,Tapi at Ukai,CWC,24,Gujarat,641,TAPI,SONGADH,-,-,Narmada,Narmada,Unch,-,-,Tapi,21.25029528,73.59093389,06-09-1973 08:30,8.2
2638,Tapi at Ukai,CWC,24,Gujarat,641,TAPI,SONGADH,-,-,Narmada,Narmada,Unch,-,-,Tapi,21.25029528,73.59093389,07-09-1973 08:30,3.8
2639,Tapi at Ukai,CWC,24,Gujarat,641,TAPI,SONGADH,-,-,Narmada,Narmada,Unch,-,-,Tapi,21.25029528,73.59093389,08-09-1973 08:30,4.9
2640,Tapi at Ukai,CWC,24,Gujarat,641,TAPI,SONGADH,-,-,Narmada,Narmada,Unch,-,-,Tapi,21.25029528,73.59093389,09-09-1973 08:30,11
2641,Tapi at Ukai,CWC,24,Gujarat,641,TAPI,SONGADH,-,-,Narmada,Narmada,Unch,-,-,Tapi,21.25029528,73.59093389,10-09-1973 08:30,1
2642,Tapi at Ukai,CWC,24,Gujarat,641,TAPI,SONGADH,-,-,Narmada,Narmada,Unch,-,-,Tapi,21.25029528,73.59093389,11-09-1973 08:30,0.8
2643,Tapi at Ukai,CWC,24,Gujarat,641,TAPI,SONGADH,-,-,Narmada,Narmada,Unch,-,-,Tapi,21.25029528,73.59093389,12-09-1973 08:30,2.6
2644,Tapi at Ukai,CWC,24,Gujarat,641,TAPI,SONGADH,-,-,Narmada,Narmada,Unch,-,-,Tapi,21.25029528,73.59093389,13-09-1973 08:30,10
2645,Tapi at Ukai,CWC,24,Gujarat,641,TAPI,SONGADH,-,-,Narmada,Narmada,Unch,-,-,Tapi,21.25029528,73.59093389,14-09-1973 08:30,1.2
2646,Tapi at Ukai,CWC,24,Gujarat,641,TAPI,SONGADH,-,-,Narmada,Narmada,Unch,-,-,Tapi,21.25029528,73.59093389,21-09-1973 08:30,35.2
2647,Tapi at Ukai,CWC,24,Gujarat,641,TAPI,SONGADH,-,-,Narmada,Narmada,Unch,-,-,Tapi,21.25029528,73.59093389,22-09-1973 08:30,9.9
2648,Tapi at Ukai,CWC,24,Gujarat,641,TAPI,SONGADH,-,-,Narmada,Narmada,Unch,-,-,Tapi,21.25029528,73.59093389,23-09-1973 08:30,0.5
2649,Tapi at Ukai,CWC,24,Gujarat,641,TAPI,SONGADH,-,-,Narmada,Narmada,Unch,-,-,Tapi,21.25029528,73.59093389,24-09-1973 08:30,100.5
2650,Tapi at Ukai,CWC,24,Gujarat,641,TAPI,SONGADH,-,-,Narmada,Narmada,Unch,-,-,Tapi,21.25029528,73.59093389,25-09-1973 08:30,14.8
2651,Tapi at Ukai,CWC,24,Gujarat,641,TAPI,SONGADH,-,-,Narmada,Narmada,Unch,-,-,Tapi,21.25029528,73.59093389,26-09-1973 08:30,76.6
2652,Tapi at Ukai,CWC,24,Gujarat,641,TAPI,SONGADH,-,-,Narmada,Narmada,Unch,-,-,Tapi,21.25029528,73.59093389,27-09-1973 08:30,7.6
2653,Tapi at Ukai,CWC,24,Gujarat,641,TAPI,SONGADH,-,-,Narmada,Narmada,Unch,-,-,Tapi,21.25029528,73.59093389,28-09-1973 08:30,0.2
2654,Tapi at Ukai,CWC,24,Gujarat,641,TAPI,SONGADH,-,-,Narmada,Narmada,Unch,-,-,Tapi,21.25029528,73.59093389,30-09-1973 08:30,1.2
2655,Tapi at Ukai,CWC,24,Gujarat,641,TAPI,SONGADH,-,-,Narmada,Narmada,Unch,-,-,Tapi,21.25029528,73.59093389,25-05-1974 08:30,13.2
2656,Tapi at Ukai,CWC,24,Gujarat,641,TAPI,SONGADH,-,-,Narmada,Narmada,Unch,-,-,Tapi,21.25029528,73.59093389,26-05-1974 08:30,20.6
2657,Tapi at Ukai,CWC,24,Gujarat,641,TAPI,SONGADH,-,-,Narmada,Narmada,Unch,-,-,Tapi,21.25029528,73.59093389,27-05-1974 08:30,25
2658,Tapi at Ukai,CWC,24,Gujarat,641,TAPI,SONGADH,-,-,Narmada,Narmada,Unch,-,-,Tapi,21.25029528,73.59093389,28-05-1974 08:30,4.8
2659,Tapi at Ukai,CWC,24,Gujarat,641,TAPI,SONGADH,-,-,Narmada,Narmada,Unch,-,-,Tapi,21.25029528,73.59093389,29-05-1974 08:30,1.7
2660,Tapi at Ukai,CWC,24,Gujarat,641,TAPI,SONGADH,-,-,Narmada,Narmada,Unch,-,-,Tapi,21.25029528,73.59093389,05-06-1974 08:30,2.8
2661,Tapi at Ukai,CWC,24,Gujarat,641,TAPI,SONGADH,-,-,Narmada,Narmada,Unch,-,-,Tapi,21.25029528,73.59093389,21-06-1974 08:30,1.5
2662,Tapi at Ukai,CWC,24,Gujarat,641,TAPI,SONGADH,-,-,Narmada,Narmada,Unch,-,-,Tapi,21.25029528,73.59093389,22-06-1974 08:30,0.6
2663,Tapi at Ukai,CWC,24,Gujarat,641,TAPI,SONGADH,-,-,Narmada,Narmada,Unch,-,-,Tapi,21.25029528,73.59093389,23-06-1974 08:30,0.2
2664,Tapi at Ukai,CWC,24,Gujarat,641,TAPI,SONGADH,-,-,Narmada,Narmada,Unch,-,-,Tapi,21.25029528,73.59093389,24-06-1974 08:30,0.2
2665,Tapi at Ukai,CWC,24,Gujarat,641,TAPI,SONGADH,-,-,Narmada,Narmada,Unch,-,-,Tapi,21.25029528,73.59093389,28-06-1974 08:30,21.2
2666,Tapi at Ukai,CWC,24,Gujarat,641,TAPI,SONGADH,-,-,Narmada,Narmada,Unch,-,-,Tapi,21.25029528,73.59093389,29-06-1974 08:30,19.8
2667,Tapi at Ukai,CWC,24,Gujarat,641,TAPI,SONGADH,-,-,Narmada,Narmada,Unch,-,-,Tapi,21.25029528,73.59093389,03-07-1974 08:30,5.3
2668,Tapi at Ukai,CWC,24,Gujarat,641,TAPI,SONGADH,-,-,Narmada,Narmada,Unch,-,-,Tapi,21.25029528,73.59093389,04-07-1974 08:30,19.6
2669,Tapi at Ukai,CWC,24,Gujarat,641,TAPI,SONGADH,-,-,Narmada,Narmada,Unch,-,-,Tapi,21.25029528,73.59093389,05-07-1974 08:30,35.8
2670,Tapi at Ukai,CWC,24,Gujarat,641,TAPI,SONGADH,-,-,Narmada,Narmada,Unch,-,-,Tapi,21.25029528,73.59093389,07-07-1974 08:30,0.6
2671,Tapi at Ukai,CWC,24,Gujarat,641,TAPI,SONGADH,-,-,Narmada,Narmada,Unch,-,-,Tapi,21.25029528,73.59093389,10-07-1974 08:30,5.7
2672,Tapi at Ukai,CWC,24,Gujarat,641,TAPI,SONGADH,-,-,Narmada,Narmada,Unch,-,-,Tapi,21.25029528,73.59093389,12-07-1974 08:30,0.4
2673,Tapi at Ukai,CWC,24,Gujarat,641,TAPI,SONGADH,-,-,Narmada,Narmada,Unch,-,-,Tapi,21.25029528,73.59093389,13-07-1974 08:30,10
2674,Tapi at Ukai,CWC,24,Gujarat,641,TAPI,SONGADH,-,-,Narmada,Narmada,Unch,-,-,Tapi,21.25029528,73.59093389,14-07-1974 08:30,67.8
2675,Tapi at Ukai,CWC,24,Gujarat,641,TAPI,SONGADH,-,-,Narmada,Narmada,Unch,-,-,Tapi,21.25029528,73.59093389,15-07-1974 08:30,230.4
2676,Tapi at Ukai,CWC,24,Gujarat,641,TAPI,SONGADH,-,-,Narmada,Narmada,Unch,-,-,Tapi,21.25029528,73.59093389,16-07-1974 08:30,4.6
2677,Tapi at Ukai,CWC,24,Gujarat,641,TAPI,SONGADH,-,-,Narmada,Narmada,Unch,-,-,Tapi,21.25029528,73.59093389,17-07-1974 08:30,1.2
2678,Tapi at Ukai,CWC,24,Gujarat,641,TAPI,SONGADH,-,-,Narmada,Narmada,Unch,-,-,Tapi,21.25029528,73.59093389,18-07-1974 08:30,1.3
2679,Tapi at Ukai,CWC,24,Gujarat,641,TAPI,SONGADH,-,-,Narmada,Narmada,Unch,-,-,Tapi,21.25029528,73.59093389,19-07-1974 08:30,0.4
2680,Tapi at Ukai,CWC,24,Gujarat,641,TAPI,SONGADH,-,-,Narmada,Narmada,Unch,-,-,Tapi,21.25029528,73.59093389,20-07-1974 08:30,1.7
2681,Tapi at Ukai,CWC,24,Gujarat,641,TAPI,SONGADH,-,-,Narmada,Narmada,Unch,-,-,Tapi,21.25029528,73.59093389,21-07-1974 08:30,3.7
2682,Tapi at Ukai,CWC,24,Gujarat,641,TAPI,SONGADH,-,-,Narmada,Narmada,Unch,-,-,Tapi,21.25029528,73.59093389,22-07-1974 08:30,28.2
2683,Tapi at Ukai,CWC,24,Gujarat,641,TAPI,SONGADH,-,-,Narmada,Narmada,Unch,-,-,Tapi,21.25029528,73.59093389,23-07-1974 08:30,3.2
2684,Tapi at Ukai,CWC,24,Gujarat,641,TAPI,SONGADH,-,-,Narmada,Narmada,Unch,-,-,Tapi,21.25029528,73.59093389,24-07-1974 08:30,4.6
2685,Tapi at Ukai,CWC,24,Gujarat,641,TAPI,SONGADH,-,-,Narmada,Narmada,Unch,-,-,Tapi,21.25029528,73.59093389,26-07-1974 08:30,0.5
2686,Tapi at Ukai,CWC,24,Gujarat,641,TAPI,SONGADH,-,-,Narmada,Narmada,Unch,-,-,Tapi,21.25029528,73.59093389,27-07-1974 08:30,1.4
2687,Tapi at Ukai,CWC,24,Gujarat,641,TAPI,SONGADH,-,-,Narmada,Narmada,Unch,-,-,Tapi,21.25029528,73.59093389,28-07-1974 08:30,0.8
2688,Tapi at Ukai,CWC,24,Gujarat,641,TAPI,SONGADH,-,-,Narmada,Narmada,Unch,-,-,Tapi,21.25029528,73.59093389,29-07-1974 08:30,0.2
2689,Tapi at Ukai,CWC,24,Gujarat,641,TAPI,SONGADH,-,-,Narmada,Narmada,Unch,-,-,Tapi,21.25029528,73.59093389,30-07-1974 08:30,1
2690,Tapi at Ukai,CWC,24,Gujarat,641,TAPI,SONGADH,-,-,Narmada,Narmada,Unch,-,-,Tapi,21.25029528,73.59093389,31-07-1974 08:30,2
2691,Tapi at Ukai,CWC,24,Gujarat,641,TAPI,SONGADH,-,-,Narmada,Narmada,Unch,-,-,Tapi,21.25029528,73.59093389,01-08-1974 08:30,6.2
2692,Tapi at Ukai,CWC,24,Gujarat,641,TAPI,SONGADH,-,-,Narmada,Narmada,Unch,-,-,Tapi,21.25029528,73.59093389,02-08-1974 08:30,2.4
2693,Tapi at Ukai,CWC,24,Gujarat,641,TAPI,SONGADH,-,-,Narmada,Narmada,Unch,-,-,Tapi,21.25029528,73.59093389,03-08-1974 08:30,1.4
2694,Tapi at Ukai,CWC,24,Gujarat,641,TAPI,SONGADH,-,-,Narmada,Narmada,Unch,-,-,Tapi,21.25029528,73.59093389,04-08-1974 08:30,31.8
2695,Tapi at Ukai,CWC,24,Gujarat,641,TAPI,SONGADH,-,-,Narmada,Narmada,Unch,-,-,Tapi,21.25029528,73.59093389,05-08-1974 08:30,37.3
2696,Tapi at Ukai,CWC,24,Gujarat,641,TAPI,SONGADH,-,-,Narmada,Narmada,Unch,-,-,Tapi,21.25029528,73.59093389,06-08-1974 08:30,7.8
2697,Tapi at Ukai,CWC,24,Gujarat,641,TAPI,SONGADH,-,-,Narmada,Narmada,Unch,-,-,Tapi,21.25029528,73.59093389,07-08-1974 08:30,45.3
2698,Tapi at Ukai,CWC,24,Gujarat,641,TAPI,SONGADH,-,-,Narmada,Narmada,Unch,-,-,Tapi,21.25029528,73.59093389,08-08-1974 08:30,5
2699,Tapi at Ukai,CWC,24,Gujarat,641,TAPI,SONGADH,-,-,Narmada,Narmada,Unch,-,-,Tapi,21.25029528,73.59093389,12-08-1974 08:30,19.2
2700,Tapi at Ukai,CWC,24,Gujarat,641,TAPI,SONGADH,-,-,Narmada,Narmada,Unch,-,-,Tapi,21.25029528,73.59093389,13-08-1974 08:30,4
2701,Tapi at Ukai,CWC,24,Gujarat,641,TAPI,SONGADH,-,-,Narmada,Narmada,Unch,-,-,Tapi,21.25029528,73.59093389,14-08-1974 08:30,15
2702,Tapi at Ukai,CWC,24,Gujarat,641,TAPI,SONGADH,-,-,Narmada,Narmada,Unch,-,-,Tapi,21.25029528,73.59093389,15-08-1974 08:30,11.6
2703,Tapi at Ukai,CWC,24,Gujarat,641,TAPI,SONGADH,-,-,Narmada,Narmada,Unch,-,-,Tapi,21.25029528,73.59093389,16-08-1974 08:30,11.2
2704,Tapi at Ukai,CWC,24,Gujarat,641,TAPI,SONGADH,-,-,Narmada,Narmada,Unch,-,-,Tapi,21.25029528,73.59093389,20-08-1974 08:30,1.2
2705,Tapi at Ukai,CWC,24,Gujarat,641,TAPI,SONGADH,-,-,Narmada,Narmada,Unch,-,-,Tapi,21.25029528,73.59093389,23-08-1974 08:30,2.7
2706,Tapi at Ukai,CWC,24,Gujarat,641,TAPI,SONGADH,-,-,Narmada,Narmada,Unch,-,-,Tapi,21.25029528,73.59093389,24-08-1974 08:30,3.6
2707,Tapi at Ukai,CWC,24,Gujarat,641,TAPI,SONGADH,-,-,Narmada,Narmada,Unch,-,-,Tapi,21.25029528,73.59093389,25-08-1974 08:30,0.4
2708,Tapi at Ukai,CWC,24,Gujarat,641,TAPI,SONGADH,-,-,Narmada,Narmada,Unch,-,-,Tapi,21.25029528,73.59093389,27-08-1974 08:30,1.6
2709,Tapi at Ukai,CWC,24,Gujarat,641,TAPI,SONGADH,-,-,Narmada,Narmada,Unch,-,-,Tapi,21.25029528,73.59093389,29-08-1974 08:30,0.5
2710,Tapi at Ukai,CWC,24,Gujarat,641,TAPI,SONGADH,-,-,Narmada,Narmada,Unch,-,-,Tapi,21.25029528,73.59093389,31-08-1974 08:30,1.6
2711,Tapi at Ukai,CWC,24,Gujarat,641,TAPI,SONGADH,-,-,Narmada,Narmada,Unch,-,-,Tapi,21.25029528,73.59093389,01-09-1974 08:30,11.4
2712,Tapi at Ukai,CWC,24,Gujarat,641,TAPI,SONGADH,-,-,Narmada,Narmada,Unch,-,-,Tapi,21.25029528,73.59093389,02-09-1974 08:30,8
2713,Tapi at Ukai,CWC,24,Gujarat,641,TAPI,SONGADH,-,-,Narmada,Narmada,Unch,-,-,Tapi,21.25029528,73.59093389,03-09-1974 08:30,0.6
2714,Tapi at Ukai,CWC,24,Gujarat,641,TAPI,SONGADH,-,-,Narmada,Narmada,Unch,-,-,Tapi,21.25029528,73.59093389,19-09-1974 08:30,15.2
2715,Tapi at Ukai,CWC,24,Gujarat,641,TAPI,SONGADH,-,-,Narmada,Narmada,Unch,-,-,Tapi,21.25029528,73.59093389,22-09-1974 08:30,0.8
2716,Tapi at Ukai,CWC,24,Gujarat,641,TAPI,SONGADH,-,-,Narmada,Narmada,Unch,-,-,Tapi,21.25029528,73.59093389,24-09-1974 08:30,1.3
2717,Tapi at Ukai,CWC,24,Gujarat,641,TAPI,SONGADH,-,-,Narmada,Narmada,Unch,-,-,Tapi,21.25029528,73.59093389,25-09-1974 08:30,6.6
2718,Tapi at Ukai,CWC,24,Gujarat,641,TAPI,SONGADH,-,-,Narmada,Narmada,Unch,-,-,Tapi,21.25029528,73.59093389,26-09-1974 08:30,0.2
2719,Tapi at Ukai,CWC,24,Gujarat,641,TAPI,SONGADH,-,-,Narmada,Narmada,Unch,-,-,Tapi,21.25029528,73.59093389,27-09-1974 08:30,21.8
2720,Tapi at Ukai,CWC,24,Gujarat,641,TAPI,SONGADH,-,-,Narmada,Narmada,Unch,-,-,Tapi,21.25029528,73.59093389,28-09-1974 08:30,0.2
2721,Tapi at Ukai,CWC,24,Gujarat,641,TAPI,SONGADH,-,-,Narmada,Narmada,Unch,-,-,Tapi,21.25029528,73.59093389,29-09-1974 08:30,23
2722,Tapi at Ukai,CWC,24,Gujarat,641,TAPI,SONGADH,-,-,Narmada,Narmada,Unch,-,-,Tapi,21.25029528,73.59093389,30-09-1974 08:30,13.5
2723,Tapi at Ukai,CWC,24,Gujarat,641,TAPI,SONGADH,-,-,Narmada,Narmada,Unch,-,-,Tapi,21.25029528,73.59093389,01-10-1974 08:30,13.5
2724,Tapi at Ukai,CWC,24,Gujarat,641,TAPI,SONGADH,-,-,Narmada,Narmada,Unch,-,-,Tapi,21.25029528,73.59093389,04-10-1974 08:30,6.5
2725,Tapi at Ukai,CWC,24,Gujarat,641,TAPI,SONGADH,-,-,Narmada,Narmada,Unch,-,-,Tapi,21.25029528,73.59093389,10-10-1974 08:30,23.8
2726,Tapi at Ukai,CWC,24,Gujarat,641,TAPI,SONGADH,-,-,Narmada,Narmada,Unch,-,-,Tapi,21.25029528,73.59093389,11-10-1974 08:30,32.4
2727,Tapi at Ukai,CWC,24,Gujarat,641,TAPI,SONGADH,-,-,Narmada,Narmada,Unch,-,-,Tapi,21.25029528,73.59093389,12-10-1974 08:30,3.2
2728,Tapi at Ukai,CWC,24,Gujarat,641,TAPI,SONGADH,-,-,Narmada,Narmada,Unch,-,-,Tapi,21.25029528,73.59093389,17-10-1974 08:30,1
2729,Tapi at Ukai,CWC,24,Gujarat,641,TAPI,SONGADH,-,-,Narmada,Narmada,Unch,-,-,Tapi,21.25029528,73.59093389,21-10-1974 08:30,12.6
2730,Tapi at Ukai,CWC,24,Gujarat,641,TAPI,SONGADH,-,-,Narmada,Narmada,Unch,-,-,Tapi,21.25029528,73.59093389,29-10-1974 08:30,2.7
2731,Tapi at Ukai,CWC,24,Gujarat,641,TAPI,SONGADH,-,-,Narmada,Narmada,Unch,-,-,Tapi,21.25029528,73.59093389,06-06-1975 08:30,1.7
2732,Tapi at Ukai,CWC,24,Gujarat,641,TAPI,SONGADH,-,-,Narmada,Narmada,Unch,-,-,Tapi,21.25029528,73.59093389,20-06-1975 08:30,1.4
2733,Tapi at Ukai,CWC,24,Gujarat,641,TAPI,SONGADH,-,-,Narmada,Narmada,Unch,-,-,Tapi,21.25029528,73.59093389,21-06-1975 08:30,12.4
2734,Tapi at Ukai,CWC,24,Gujarat,641,TAPI,SONGADH,-,-,Narmada,Narmada,Unch,-,-,Tapi,21.25029528,73.59093389,23-06-1975 08:30,7.2
2735,Tapi at Ukai,CWC,24,Gujarat,641,TAPI,SONGADH,-,-,Narmada,Narmada,Unch,-,-,Tapi,21.25029528,73.59093389,24-06-1975 08:30,0.6
2736,Tapi at Ukai,CWC,24,Gujarat,641,TAPI,SONGADH,-,-,Narmada,Narmada,Unch,-,-,Tapi,21.25029528,73.59093389,25-06-1975 08:30,2.7
2737,Tapi at Ukai,CWC,24,Gujarat,641,TAPI,SONGADH,-,-,Narmada,Narmada,Unch,-,-,Tapi,21.25029528,73.59093389,28-06-1975 08:30,0.2
2738,Tapi at Ukai,CWC,24,Gujarat,641,TAPI,SONGADH,-,-,Narmada,Narmada,Unch,-,-,Tapi,21.25029528,73.59093389,29-06-1975 08:30,9.9
2739,Tapi at Ukai,CWC,24,Gujarat,641,TAPI,SONGADH,-,-,Narmada,Narmada,Unch,-,-,Tapi,21.25029528,73.59093389,30-06-1975 08:30,66.4
2740,Tapi at Ukai,CWC,24,Gujarat,641,TAPI,SONGADH,-,-,Narmada,Narmada,Unch,-,-,Tapi,21.25029528,73.59093389,01-07-1975 08:30,61.2
2741,Tapi at Ukai,CWC,24,Gujarat,641,TAPI,SONGADH,-,-,Narmada,Narmada,Unch,-,-,Tapi,21.25029528,73.59093389,02-07-1975 08:30,2.6
2742,Tapi at Ukai,CWC,24,Gujarat,641,TAPI,SONGADH,-,-,Narmada,Narmada,Unch,-,-,Tapi,21.25029528,73.59093389,03-07-1975 08:30,0.6
2743,Tapi at Ukai,CWC,24,Gujarat,641,TAPI,SONGADH,-,-,Narmada,Narmada,Unch,-,-,Tapi,21.25029528,73.59093389,04-07-1975 08:30,15.8
2744,Tapi at Ukai,CWC,24,Gujarat,641,TAPI,SONGADH,-,-,Narmada,Narmada,Unch,-,-,Tapi,21.25029528,73.59093389,05-07-1975 08:30,0.2
2745,Tapi at Ukai,CWC,24,Gujarat,641,TAPI,SONGADH,-,-,Narmada,Narmada,Unch,-,-,Tapi,21.25029528,73.59093389,07-07-1975 08:30,4.8
2746,Tapi at Ukai,CWC,24,Gujarat,641,TAPI,SONGADH,-,-,Narmada,Narmada,Unch,-,-,Tapi,21.25029528,73.59093389,08-07-1975 08:30,0.5
2747,Tapi at Ukai,CWC,24,Gujarat,641,TAPI,SONGADH,-,-,Narmada,Narmada,Unch,-,-,Tapi,21.25029528,73.59093389,09-07-1975 08:30,0.9
2748,Tapi at Ukai,CWC,24,Gujarat,641,TAPI,SONGADH,-,-,Narmada,Narmada,Unch,-,-,Tapi,21.25029528,73.59093389,10-07-1975 08:30,24.1
2749,Tapi at Ukai,CWC,24,Gujarat,641,TAPI,SONGADH,-,-,Narmada,Narmada,Unch,-,-,Tapi,21.25029528,73.59093389,11-07-1975 08:30,4
2750,Tapi at Ukai,CWC,24,Gujarat,641,TAPI,SONGADH,-,-,Narmada,Narmada,Unch,-,-,Tapi,21.25029528,73.59093389,12-07-1975 08:30,1
2751,Tapi at Ukai,CWC,24,Gujarat,641,TAPI,SONGADH,-,-,Narmada,Narmada,Unch,-,-,Tapi,21.25029528,73.59093389,13-07-1975 08:30,19.8
2752,Tapi at Ukai,CWC,24,Gujarat,641,TAPI,SONGADH,-,-,Narmada,Narmada,Unch,-,-,Tapi,21.25029528,73.59093389,14-07-1975 08:30,32.9
2753,Tapi at Ukai,CWC,24,Gujarat,641,TAPI,SONGADH,-,-,Narmada,Narmada,Unch,-,-,Tapi,21.25029528,73.59093389,15-07-1975 08:30,65.2
2754,Tapi at Ukai,CWC,24,Gujarat,641,TAPI,SONGADH,-,-,Narmada,Narmada,Unch,-,-,Tapi,21.25029528,73.59093389,16-07-1975 08:30,8
2755,Tapi at Ukai,CWC,24,Gujarat,641,TAPI,SONGADH,-,-,Narmada,Narmada,Unch,-,-,Tapi,21.25029528,73.59093389,17-07-1975 08:30,9.5
2756,Tapi at Ukai,CWC,24,Gujarat,641,TAPI,SONGADH,-,-,Narmada,Narmada,Unch,-,-,Tapi,21.25029528,73.59093389,18-07-1975 08:30,5.3
2757,Tapi at Ukai,CWC,24,Gujarat,641,TAPI,SONGADH,-,-,Narmada,Narmada,Unch,-,-,Tapi,21.25029528,73.59093389,19-07-1975 08:30,6.1
2758,Tapi at Ukai,CWC,24,Gujarat,641,TAPI,SONGADH,-,-,Narmada,Narmada,Unch,-,-,Tapi,21.25029528,73.59093389,20-07-1975 08:30,13
2759,Tapi at Ukai,CWC,24,Gujarat,641,TAPI,SONGADH,-,-,Narmada,Narmada,Unch,-,-,Tapi,21.25029528,73.59093389,21-07-1975 08:30,22.4
2760,Tapi at Ukai,CWC,24,Gujarat,641,TAPI,SONGADH,-,-,Narmada,Narmada,Unch,-,-,Tapi,21.25029528,73.59093389,23-07-1975 08:30,0.4
2761,Tapi at Ukai,CWC,24,Gujarat,641,TAPI,SONGADH,-,-,Narmada,Narmada,Unch,-,-,Tapi,21.25029528,73.59093389,24-07-1975 08:30,28.6
2762,Tapi at Ukai,CWC,24,Gujarat,641,TAPI,SONGADH,-,-,Narmada,Narmada,Unch,-,-,Tapi,21.25029528,73.59093389,25-07-1975 08:30,0.2
2763,Tapi at Ukai,CWC,24,Gujarat,641,TAPI,SONGADH,-,-,Narmada,Narmada,Unch,-,-,Tapi,21.25029528,73.59093389,27-07-1975 08:30,0.3
2764,Tapi at Ukai,CWC,24,Gujarat,641,TAPI,SONGADH,-,-,Narmada,Narmada,Unch,-,-,Tapi,21.25029528,73.59093389,30-07-1975 08:30,2.2
2765,Tapi at Ukai,CWC,24,Gujarat,641,TAPI,SONGADH,-,-,Narmada,Narmada,Unch,-,-,Tapi,21.25029528,73.59093389,31-07-1975 08:30,1.8
2766,Tapi at Ukai,CWC,24,Gujarat,641,TAPI,SONGADH,-,-,Narmada,Narmada,Unch,-,-,Tapi,21.25029528,73.59093389,01-08-1975 08:30,9.4
2767,Tapi at Ukai,CWC,24,Gujarat,641,TAPI,SONGADH,-,-,Narmada,Narmada,Unch,-,-,Tapi,21.25029528,73.59093389,03-08-1975 08:30,3.5
2768,Tapi at Ukai,CWC,24,Gujarat,641,TAPI,SONGADH,-,-,Narmada,Narmada,Unch,-,-,Tapi,21.25029528,73.59093389,04-08-1975 08:30,7.2
2769,Tapi at Ukai,CWC,24,Gujarat,641,TAPI,SONGADH,-,-,Narmada,Narmada,Unch,-,-,Tapi,21.25029528,73.59093389,05-08-1975 08:30,2.1
2770,Tapi at Ukai,CWC,24,Gujarat,641,TAPI,SONGADH,-,-,Narmada,Narmada,Unch,-,-,Tapi,21.25029528,73.59093389,06-08-1975 08:30,0.7
2771,Tapi at Ukai,CWC,24,Gujarat,641,TAPI,SONGADH,-,-,Narmada,Narmada,Unch,-,-,Tapi,21.25029528,73.59093389,07-08-1975 08:30,52.3
2772,Tapi at Ukai,CWC,24,Gujarat,641,TAPI,SONGADH,-,-,Narmada,Narmada,Unch,-,-,Tapi,21.25029528,73.59093389,08-08-1975 08:30,24.3
2773,Tapi at Ukai,CWC,24,Gujarat,641,TAPI,SONGADH,-,-,Narmada,Narmada,Unch,-,-,Tapi,21.25029528,73.59093389,09-08-1975 08:30,20.6
2774,Tapi at Ukai,CWC,24,Gujarat,641,TAPI,SONGADH,-,-,Narmada,Narmada,Unch,-,-,Tapi,21.25029528,73.59093389,10-08-1975 08:30,7.1
2775,Tapi at Ukai,CWC,24,Gujarat,641,TAPI,SONGADH,-,-,Narmada,Narmada,Unch,-,-,Tapi,21.25029528,73.59093389,11-08-1975 08:30,17.7
2776,Tapi at Ukai,CWC,24,Gujarat,641,TAPI,SONGADH,-,-,Narmada,Narmada,Unch,-,-,Tapi,21.25029528,73.59093389,12-08-1975 08:30,92.9
2777,Tapi at Ukai,CWC,24,Gujarat,641,TAPI,SONGADH,-,-,Narmada,Narmada,Unch,-,-,Tapi,21.25029528,73.59093389,13-08-1975 08:30,6.2
2778,Tapi at Ukai,CWC,24,Gujarat,641,TAPI,SONGADH,-,-,Narmada,Narmada,Unch,-,-,Tapi,21.25029528,73.59093389,14-08-1975 08:30,62.7
2779,Tapi at Ukai,CWC,24,Gujarat,641,TAPI,SONGADH,-,-,Narmada,Narmada,Unch,-,-,Tapi,21.25029528,73.59093389,15-08-1975 08:30,16.2
2780,Tapi at Ukai,CWC,24,Gujarat,641,TAPI,SONGADH,-,-,Narmada,Narmada,Unch,-,-,Tapi,21.25029528,73.59093389,16-08-1975 08:30,8.9
2781,Tapi at Ukai,CWC,24,Gujarat,641,TAPI,SONGADH,-,-,Narmada,Narmada,Unch,-,-,Tapi,21.25029528,73.59093389,17-08-1975 08:30,4.2
2782,Tapi at Ukai,CWC,24,Gujarat,641,TAPI,SONGADH,-,-,Narmada,Narmada,Unch,-,-,Tapi,21.25029528,73.59093389,18-08-1975 08:30,0.4
2783,Tapi at Ukai,CWC,24,Gujarat,641,TAPI,SONGADH,-,-,Narmada,Narmada,Unch,-,-,Tapi,21.25029528,73.59093389,19-08-1975 08:30,4.4
2784,Tapi at Ukai,CWC,24,Gujarat,641,TAPI,SONGADH,-,-,Narmada,Narmada,Unch,-,-,Tapi,21.25029528,73.59093389,20-08-1975 08:30,8
2785,Tapi at Ukai,CWC,24,Gujarat,641,TAPI,SONGADH,-,-,Narmada,Narmada,Unch,-,-,Tapi,21.25029528,73.59093389,21-08-1975 08:30,6.7
2786,Tapi at Ukai,CWC,24,Gujarat,641,TAPI,SONGADH,-,-,Narmada,Narmada,Unch,-,-,Tapi,21.25029528,73.59093389,22-08-1975 08:30,32.2
2787,Tapi at Ukai,CWC,24,Gujarat,641,TAPI,SONGADH,-,-,Narmada,Narmada,Unch,-,-,Tapi,21.25029528,73.59093389,23-08-1975 08:30,11.1
2788,Tapi at Ukai,CWC,24,Gujarat,641,TAPI,SONGADH,-,-,Narmada,Narmada,Unch,-,-,Tapi,21.25029528,73.59093389,24-08-1975 08:30,10.7
2789,Tapi at Ukai,CWC,24,Gujarat,641,TAPI,SONGADH,-,-,Narmada,Narmada,Unch,-,-,Tapi,21.25029528,73.59093389,25-08-1975 08:30,9.8
2790,Tapi at Ukai,CWC,24,Gujarat,641,TAPI,SONGADH,-,-,Narmada,Narmada,Unch,-,-,Tapi,21.25029528,73.59093389,27-08-1975 08:30,61.6
2791,Tapi at Ukai,CWC,24,Gujarat,641,TAPI,SONGADH,-,-,Narmada,Narmada,Unch,-,-,Tapi,21.25029528,73.59093389,28-08-1975 08:30,38.3
2792,Tapi at Ukai,CWC,24,Gujarat,641,TAPI,SONGADH,-,-,Narmada,Narmada,Unch,-,-,Tapi,21.25029528,73.59093389,29-08-1975 08:30,4.4
2793,Tapi at Ukai,CWC,24,Gujarat,641,TAPI,SONGADH,-,-,Narmada,Narmada,Unch,-,-,Tapi,21.25029528,73.59093389,01-09-1975 08:30,4
2794,Tapi at Ukai,CWC,24,Gujarat,641,TAPI,SONGADH,-,-,Narmada,Narmada,Unch,-,-,Tapi,21.25029528,73.59093389,02-09-1975 08:30,0.5
2795,Tapi at Ukai,CWC,24,Gujarat,641,TAPI,SONGADH,-,-,Narmada,Narmada,Unch,-,-,Tapi,21.25029528,73.59093389,03-09-1975 08:30,2.2
2796,Tapi at Ukai,CWC,24,Gujarat,641,TAPI,SONGADH,-,-,Narmada,Narmada,Unch,-,-,Tapi,21.25029528,73.59093389,04-09-1975 08:30,10.8
2797,Tapi at Ukai,CWC,24,Gujarat,641,TAPI,SONGADH,-,-,Narmada,Narmada,Unch,-,-,Tapi,21.25029528,73.59093389,05-09-1975 08:30,5.7
2798,Tapi at Ukai,CWC,24,Gujarat,641,TAPI,SONGADH,-,-,Narmada,Narmada,Unch,-,-,Tapi,21.25029528,73.59093389,06-09-1975 08:30,17.5
2799,Tapi at Ukai,CWC,24,Gujarat,641,TAPI,SONGADH,-,-,Narmada,Narmada,Unch,-,-,Tapi,21.25029528,73.59093389,07-09-1975 08:30,41.6
2800,Tapi at Ukai,CWC,24,Gujarat,641,TAPI,SONGADH,-,-,Narmada,Narmada,Unch,-,-,Tapi,21.25029528,73.59093389,08-09-1975 08:30,2.9
2801,Tapi at Ukai,CWC,24,Gujarat,641,TAPI,SONGADH,-,-,Narmada,Narmada,Unch,-,-,Tapi,21.25029528,73.59093389,09-09-1975 08:30,1.1
2802,Tapi at Ukai,CWC,24,Gujarat,641,TAPI,SONGADH,-,-,Narmada,Narmada,Unch,-,-,Tapi,21.25029528,73.59093389,13-09-1975 08:30,7.2
2803,Tapi at Ukai,CWC,24,Gujarat,641,TAPI,SONGADH,-,-,Narmada,Narmada,Unch,-,-,Tapi,21.25029528,73.59093389,14-09-1975 08:30,47.4
2804,Tapi at Ukai,CWC,24,Gujarat,641,TAPI,SONGADH,-,-,Narmada,Narmada,Unch,-,-,Tapi,21.25029528,73.59093389,15-09-1975 08:30,2.8
2805,Tapi at Ukai,CWC,24,Gujarat,641,TAPI,SONGADH,-,-,Narmada,Narmada,Unch,-,-,Tapi,21.25029528,73.59093389,24-09-1975 08:30,3.8
2806,Tapi at Ukai,CWC,24,Gujarat,641,TAPI,SONGADH,-,-,Narmada,Narmada,Unch,-,-,Tapi,21.25029528,73.59093389,28-09-1975 08:30,0.9
2807,Tapi at Ukai,CWC,24,Gujarat,641,TAPI,SONGADH,-,-,Narmada,Narmada,Unch,-,-,Tapi,21.25029528,73.59093389,29-09-1975 08:30,1.8
2808,Tapi at Ukai,CWC,24,Gujarat,641,TAPI,SONGADH,-,-,Narmada,Narmada,Unch,-,-,Tapi,21.25029528,73.59093389,30-09-1975 08:30,17.7
2809,Tapi at Ukai,CWC,24,Gujarat,641,TAPI,SONGADH,-,-,Narmada,Narmada,Unch,-,-,Tapi,21.25029528,73.59093389,01-10-1975 08:30,7.8
2810,Tapi at Ukai,CWC,24,Gujarat,641,TAPI,SONGADH,-,-,Narmada,Narmada,Unch,-,-,Tapi,21.25029528,73.59093389,02-10-1975 08:30,0.1
2811,Tapi at Ukai,CWC,24,Gujarat,641,TAPI,SONGADH,-,-,Narmada,Narmada,Unch,-,-,Tapi,21.25029528,73.59093389,04-10-1975 08:30,1
2812,Tapi at Ukai,CWC,24,Gujarat,641,TAPI,SONGADH,-,-,Narmada,Narmada,Unch,-,-,Tapi,21.25029528,73.59093389,20-10-1975 08:30,7.8
2813,Tapi at Ukai,CWC,24,Gujarat,641,TAPI,SONGADH,-,-,Narmada,Narmada,Unch,-,-,Tapi,21.25029528,73.59093389,24-10-1975 08:30,4.2
2814,Tapi at Ukai,CWC,24,Gujarat,641,TAPI,SONGADH,-,-,Narmada,Narmada,Unch,-,-,Tapi,21.25029528,73.59093389,04-06-1976 08:30,24
2815,Tapi at Ukai,CWC,24,Gujarat,641,TAPI,SONGADH,-,-,Narmada,Narmada,Unch,-,-,Tapi,21.25029528,73.59093389,05-06-1976 08:30,45.7
2816,Tapi at Ukai,CWC,24,Gujarat,641,TAPI,SONGADH,-,-,Narmada,Narmada,Unch,-,-,Tapi,21.25029528,73.59093389,06-06-1976 08:30,284.3
2817,Tapi at Ukai,CWC,24,Gujarat,641,TAPI,SONGADH,-,-,Narmada,Narmada,Unch,-,-,Tapi,21.25029528,73.59093389,07-06-1976 08:30,84.6
2818,Tapi at Ukai,CWC,24,Gujarat,641,TAPI,SONGADH,-,-,Narmada,Narmada,Unch,-,-,Tapi,21.25029528,73.59093389,08-06-1976 08:30,53.3
2819,Tapi at Ukai,CWC,24,Gujarat,641,TAPI,SONGADH,-,-,Narmada,Narmada,Unch,-,-,Tapi,21.25029528,73.59093389,09-06-1976 08:30,23.3
2820,Tapi at Ukai,CWC,24,Gujarat,641,TAPI,SONGADH,-,-,Narmada,Narmada,Unch,-,-,Tapi,21.25029528,73.59093389,10-06-1976 08:30,15.2
2821,Tapi at Ukai,CWC,24,Gujarat,641,TAPI,SONGADH,-,-,Narmada,Narmada,Unch,-,-,Tapi,21.25029528,73.59093389,17-06-1976 08:30,1.8
2822,Tapi at Ukai,CWC,24,Gujarat,641,TAPI,SONGADH,-,-,Narmada,Narmada,Unch,-,-,Tapi,21.25029528,73.59093389,18-06-1976 08:30,0.2
2823,Tapi at Ukai,CWC,24,Gujarat,641,TAPI,SONGADH,-,-,Narmada,Narmada,Unch,-,-,Tapi,21.25029528,73.59093389,20-06-1976 08:30,0.4
2824,Tapi at Ukai,CWC,24,Gujarat,641,TAPI,SONGADH,-,-,Narmada,Narmada,Unch,-,-,Tapi,21.25029528,73.59093389,21-06-1976 08:30,6.6
2825,Tapi at Ukai,CWC,24,Gujarat,641,TAPI,SONGADH,-,-,Narmada,Narmada,Unch,-,-,Tapi,21.25029528,73.59093389,23-06-1976 08:30,9.5
2826,Tapi at Ukai,CWC,24,Gujarat,641,TAPI,SONGADH,-,-,Narmada,Narmada,Unch,-,-,Tapi,21.25029528,73.59093389,24-06-1976 08:30,0.1
2827,Tapi at Ukai,CWC,24,Gujarat,641,TAPI,SONGADH,-,-,Narmada,Narmada,Unch,-,-,Tapi,21.25029528,73.59093389,26-06-1976 08:30,4.8
2828,Tapi at Ukai,CWC,24,Gujarat,641,TAPI,SONGADH,-,-,Narmada,Narmada,Unch,-,-,Tapi,21.25029528,73.59093389,27-06-1976 08:30,0.8
2829,Tapi at Ukai,CWC,24,Gujarat,641,TAPI,SONGADH,-,-,Narmada,Narmada,Unch,-,-,Tapi,21.25029528,73.59093389,01-07-1976 08:30,41.5
2830,Tapi at Ukai,CWC,24,Gujarat,641,TAPI,SONGADH,-,-,Narmada,Narmada,Unch,-,-,Tapi,21.25029528,73.59093389,02-07-1976 08:30,1.6
2831,Tapi at Ukai,CWC,24,Gujarat,641,TAPI,SONGADH,-,-,Narmada,Narmada,Unch,-,-,Tapi,21.25029528,73.59093389,03-07-1976 08:30,5.3
2832,Tapi at Ukai,CWC,24,Gujarat,641,TAPI,SONGADH,-,-,Narmada,Narmada,Unch,-,-,Tapi,21.25029528,73.59093389,04-07-1976 08:30,16.5
2833,Tapi at Ukai,CWC,24,Gujarat,641,TAPI,SONGADH,-,-,Narmada,Narmada,Unch,-,-,Tapi,21.25029528,73.59093389,07-07-1976 08:30,1.1
2834,Tapi at Ukai,CWC,24,Gujarat,641,TAPI,SONGADH,-,-,Narmada,Narmada,Unch,-,-,Tapi,21.25029528,73.59093389,08-07-1976 08:30,6
2835,Tapi at Ukai,CWC,24,Gujarat,641,TAPI,SONGADH,-,-,Narmada,Narmada,Unch,-,-,Tapi,21.25029528,73.59093389,09-07-1976 08:30,3
2836,Tapi at Ukai,CWC,24,Gujarat,641,TAPI,SONGADH,-,-,Narmada,Narmada,Unch,-,-,Tapi,21.25029528,73.59093389,10-07-1976 08:30,41.2
2837,Tapi at Ukai,CWC,24,Gujarat,641,TAPI,SONGADH,-,-,Narmada,Narmada,Unch,-,-,Tapi,21.25029528,73.59093389,11-07-1976 08:30,290.8
2838,Tapi at Ukai,CWC,24,Gujarat,641,TAPI,SONGADH,-,-,Narmada,Narmada,Unch,-,-,Tapi,21.25029528,73.59093389,12-07-1976 08:30,51.3
2839,Tapi at Ukai,CWC,24,Gujarat,641,TAPI,SONGADH,-,-,Narmada,Narmada,Unch,-,-,Tapi,21.25029528,73.59093389,13-07-1976 08:30,48.3
2840,Tapi at Ukai,CWC,24,Gujarat,641,TAPI,SONGADH,-,-,Narmada,Narmada,Unch,-,-,Tapi,21.25029528,73.59093389,14-07-1976 08:30,108.6
2841,Tapi at Ukai,CWC,24,Gujarat,641,TAPI,SONGADH,-,-,Narmada,Narmada,Unch,-,-,Tapi,21.25029528,73.59093389,15-07-1976 08:30,21.2
2842,Tapi at Ukai,CWC,24,Gujarat,641,TAPI,SONGADH,-,-,Narmada,Narmada,Unch,-,-,Tapi,21.25029528,73.59093389,16-07-1976 08:30,14.6
2843,Tapi at Ukai,CWC,24,Gujarat,641,TAPI,SONGADH,-,-,Narmada,Narmada,Unch,-,-,Tapi,21.25029528,73.59093389,17-07-1976 08:30,140.8
2844,Tapi at Ukai,CWC,24,Gujarat,641,TAPI,SONGADH,-,-,Narmada,Narmada,Unch,-,-,Tapi,21.25029528,73.59093389,18-07-1976 08:30,68.1
2845,Tapi at Ukai,CWC,24,Gujarat,641,TAPI,SONGADH,-,-,Narmada,Narmada,Unch,-,-,Tapi,21.25029528,73.59093389,19-07-1976 08:30,2.8
2846,Tapi at Ukai,CWC,24,Gujarat,641,TAPI,SONGADH,-,-,Narmada,Narmada,Unch,-,-,Tapi,21.25029528,73.59093389,20-07-1976 08:30,46.2
2847,Tapi at Ukai,CWC,24,Gujarat,641,TAPI,SONGADH,-,-,Narmada,Narmada,Unch,-,-,Tapi,21.25029528,73.59093389,21-07-1976 08:30,9.4
2848,Tapi at Ukai,CWC,24,Gujarat,641,TAPI,SONGADH,-,-,Narmada,Narmada,Unch,-,-,Tapi,21.25029528,73.59093389,22-07-1976 08:30,11
2849,Tapi at Ukai,CWC,24,Gujarat,641,TAPI,SONGADH,-,-,Narmada,Narmada,Unch,-,-,Tapi,21.25029528,73.59093389,23-07-1976 08:30,0.2
2850,Tapi at Ukai,CWC,24,Gujarat,641,TAPI,SONGADH,-,-,Narmada,Narmada,Unch,-,-,Tapi,21.25029528,73.59093389,24-07-1976 08:30,5
2851,Tapi at Ukai,CWC,24,Gujarat,641,TAPI,SONGADH,-,-,Narmada,Narmada,Unch,-,-,Tapi,21.25029528,73.59093389,25-07-1976 08:30,13.3
2852,Tapi at Ukai,CWC,24,Gujarat,641,TAPI,SONGADH,-,-,Narmada,Narmada,Unch,-,-,Tapi,21.25029528,73.59093389,26-07-1976 08:30,0.3
2853,Tapi at Ukai,CWC,24,Gujarat,641,TAPI,SONGADH,-,-,Narmada,Narmada,Unch,-,-,Tapi,21.25029528,73.59093389,28-07-1976 08:30,12.6
2854,Tapi at Ukai,CWC,24,Gujarat,641,TAPI,SONGADH,-,-,Narmada,Narmada,Unch,-,-,Tapi,21.25029528,73.59093389,29-07-1976 08:30,36.8
2855,Tapi at Ukai,CWC,24,Gujarat,641,TAPI,SONGADH,-,-,Narmada,Narmada,Unch,-,-,Tapi,21.25029528,73.59093389,30-07-1976 08:30,127.1
2856,Tapi at Ukai,CWC,24,Gujarat,641,TAPI,SONGADH,-,-,Narmada,Narmada,Unch,-,-,Tapi,21.25029528,73.59093389,31-07-1976 08:30,251.7
2857,Tapi at Ukai,CWC,24,Gujarat,641,TAPI,SONGADH,-,-,Narmada,Narmada,Unch,-,-,Tapi,21.25029528,73.59093389,01-08-1976 08:30,46.6
2858,Tapi at Ukai,CWC,24,Gujarat,641,TAPI,SONGADH,-,-,Narmada,Narmada,Unch,-,-,Tapi,21.25029528,73.59093389,02-08-1976 08:30,6.4
2859,Tapi at Ukai,CWC,24,Gujarat,641,TAPI,SONGADH,-,-,Narmada,Narmada,Unch,-,-,Tapi,21.25029528,73.59093389,03-08-1976 08:30,13
2860,Tapi at Ukai,CWC,24,Gujarat,641,TAPI,SONGADH,-,-,Narmada,Narmada,Unch,-,-,Tapi,21.25029528,73.59093389,04-08-1976 08:30,17.5
2861,Tapi at Ukai,CWC,24,Gujarat,641,TAPI,SONGADH,-,-,Narmada,Narmada,Unch,-,-,Tapi,21.25029528,73.59093389,05-08-1976 08:30,75.5
2862,Tapi at Ukai,CWC,24,Gujarat,641,TAPI,SONGADH,-,-,Narmada,Narmada,Unch,-,-,Tapi,21.25029528,73.59093389,06-08-1976 08:30,47.9
2863,Tapi at Ukai,CWC,24,Gujarat,641,TAPI,SONGADH,-,-,Narmada,Narmada,Unch,-,-,Tapi,21.25029528,73.59093389,07-08-1976 08:30,16.7
2864,Tapi at Ukai,CWC,24,Gujarat,641,TAPI,SONGADH,-,-,Narmada,Narmada,Unch,-,-,Tapi,21.25029528,73.59093389,08-08-1976 08:30,0.8
2865,Tapi at Ukai,CWC,24,Gujarat,641,TAPI,SONGADH,-,-,Narmada,Narmada,Unch,-,-,Tapi,21.25029528,73.59093389,09-08-1976 08:30,1
2866,Tapi at Ukai,CWC,24,Gujarat,641,TAPI,SONGADH,-,-,Narmada,Narmada,Unch,-,-,Tapi,21.25029528,73.59093389,10-08-1976 08:30,2
2867,Tapi at Ukai,CWC,24,Gujarat,641,TAPI,SONGADH,-,-,Narmada,Narmada,Unch,-,-,Tapi,21.25029528,73.59093389,11-08-1976 08:30,0.9
2868,Tapi at Ukai,CWC,24,Gujarat,641,TAPI,SONGADH,-,-,Narmada,Narmada,Unch,-,-,Tapi,21.25029528,73.59093389,12-08-1976 08:30,0.4
2869,Tapi at Ukai,CWC,24,Gujarat,641,TAPI,SONGADH,-,-,Narmada,Narmada,Unch,-,-,Tapi,21.25029528,73.59093389,13-08-1976 08:30,0.6
2870,Tapi at Ukai,CWC,24,Gujarat,641,TAPI,SONGADH,-,-,Narmada,Narmada,Unch,-,-,Tapi,21.25029528,73.59093389,14-08-1976 08:30,16
2871,Tapi at Ukai,CWC,24,Gujarat,641,TAPI,SONGADH,-,-,Narmada,Narmada,Unch,-,-,Tapi,21.25029528,73.59093389,15-08-1976 08:30,10.8
2872,Tapi at Ukai,CWC,24,Gujarat,641,TAPI,SONGADH,-,-,Narmada,Narmada,Unch,-,-,Tapi,21.25029528,73.59093389,16-08-1976 08:30,35.5
2873,Tapi at Ukai,CWC,24,Gujarat,641,TAPI,SONGADH,-,-,Narmada,Narmada,Unch,-,-,Tapi,21.25029528,73.59093389,17-08-1976 08:30,43.6
2874,Tapi at Ukai,CWC,24,Gujarat,641,TAPI,SONGADH,-,-,Narmada,Narmada,Unch,-,-,Tapi,21.25029528,73.59093389,18-08-1976 08:30,11.1
2875,Tapi at Ukai,CWC,24,Gujarat,641,TAPI,SONGADH,-,-,Narmada,Narmada,Unch,-,-,Tapi,21.25029528,73.59093389,19-08-1976 08:30,4.6
2876,Tapi at Ukai,CWC,24,Gujarat,641,TAPI,SONGADH,-,-,Narmada,Narmada,Unch,-,-,Tapi,21.25029528,73.59093389,20-08-1976 08:30,0.4
2877,Tapi at Ukai,CWC,24,Gujarat,641,TAPI,SONGADH,-,-,Narmada,Narmada,Unch,-,-,Tapi,21.25029528,73.59093389,21-08-1976 08:30,0.2
2878,Tapi at Ukai,CWC,24,Gujarat,641,TAPI,SONGADH,-,-,Narmada,Narmada,Unch,-,-,Tapi,21.25029528,73.59093389,22-08-1976 08:30,2.2
2879,Tapi at Ukai,CWC,24,Gujarat,641,TAPI,SONGADH,-,-,Narmada,Narmada,Unch,-,-,Tapi,21.25029528,73.59093389,24-08-1976 08:30,4.2
2880,Tapi at Ukai,CWC,24,Gujarat,641,TAPI,SONGADH,-,-,Narmada,Narmada,Unch,-,-,Tapi,21.25029528,73.59093389,25-08-1976 08:30,16.7
2881,Tapi at Ukai,CWC,24,Gujarat,641,TAPI,SONGADH,-,-,Narmada,Narmada,Unch,-,-,Tapi,21.25029528,73.59093389,26-08-1976 08:30,15.5
2882,Tapi at Ukai,CWC,24,Gujarat,641,TAPI,SONGADH,-,-,Narmada,Narmada,Unch,-,-,Tapi,21.25029528,73.59093389,27-08-1976 08:30,3.2
2883,Tapi at Ukai,CWC,24,Gujarat,641,TAPI,SONGADH,-,-,Narmada,Narmada,Unch,-,-,Tapi,21.25029528,73.59093389,28-08-1976 08:30,0.8
2884,Tapi at Ukai,CWC,24,Gujarat,641,TAPI,SONGADH,-,-,Narmada,Narmada,Unch,-,-,Tapi,21.25029528,73.59093389,29-08-1976 08:30,12
2885,Tapi at Ukai,CWC,24,Gujarat,641,TAPI,SONGADH,-,-,Narmada,Narmada,Unch,-,-,Tapi,21.25029528,73.59093389,30-08-1976 08:30,17.6
2886,Tapi at Ukai,CWC,24,Gujarat,641,TAPI,SONGADH,-,-,Narmada,Narmada,Unch,-,-,Tapi,21.25029528,73.59093389,31-08-1976 08:30,23.4
2887,Tapi at Ukai,CWC,24,Gujarat,641,TAPI,SONGADH,-,-,Narmada,Narmada,Unch,-,-,Tapi,21.25029528,73.59093389,01-09-1976 08:30,17.5
2888,Tapi at Ukai,CWC,24,Gujarat,641,TAPI,SONGADH,-,-,Narmada,Narmada,Unch,-,-,Tapi,21.25029528,73.59093389,02-09-1976 08:30,58.4
2889,Tapi at Ukai,CWC,24,Gujarat,641,TAPI,SONGADH,-,-,Narmada,Narmada,Unch,-,-,Tapi,21.25029528,73.59093389,03-09-1976 08:30,1.5
2890,Tapi at Ukai,CWC,24,Gujarat,641,TAPI,SONGADH,-,-,Narmada,Narmada,Unch,-,-,Tapi,21.25029528,73.59093389,04-09-1976 08:30,1.4
2891,Tapi at Ukai,CWC,24,Gujarat,641,TAPI,SONGADH,-,-,Narmada,Narmada,Unch,-,-,Tapi,21.25029528,73.59093389,05-09-1976 08:30,4
2892,Tapi at Ukai,CWC,24,Gujarat,641,TAPI,SONGADH,-,-,Narmada,Narmada,Unch,-,-,Tapi,21.25029528,73.59093389,06-09-1976 08:30,9
2893,Tapi at Ukai,CWC,24,Gujarat,641,TAPI,SONGADH,-,-,Narmada,Narmada,Unch,-,-,Tapi,21.25029528,73.59093389,07-09-1976 08:30,1.6
2894,Tapi at Ukai,CWC,24,Gujarat,641,TAPI,SONGADH,-,-,Narmada,Narmada,Unch,-,-,Tapi,21.25029528,73.59093389,08-09-1976 08:30,45.4
2895,Tapi at Ukai,CWC,24,Gujarat,641,TAPI,SONGADH,-,-,Narmada,Narmada,Unch,-,-,Tapi,21.25029528,73.59093389,09-09-1976 08:30,7.6
2896,Tapi at Ukai,CWC,24,Gujarat,641,TAPI,SONGADH,-,-,Narmada,Narmada,Unch,-,-,Tapi,21.25029528,73.59093389,10-09-1976 08:30,14.4
2897,Tapi at Ukai,CWC,24,Gujarat,641,TAPI,SONGADH,-,-,Narmada,Narmada,Unch,-,-,Tapi,21.25029528,73.59093389,11-09-1976 08:30,96.6
2898,Tapi at Ukai,CWC,24,Gujarat,641,TAPI,SONGADH,-,-,Narmada,Narmada,Unch,-,-,Tapi,21.25029528,73.59093389,12-09-1976 08:30,0.4
2899,Tapi at Ukai,CWC,24,Gujarat,641,TAPI,SONGADH,-,-,Narmada,Narmada,Unch,-,-,Tapi,21.25029528,73.59093389,13-09-1976 08:30,12.2
2900,Tapi at Ukai,CWC,24,Gujarat,641,TAPI,SONGADH,-,-,Narmada,Narmada,Unch,-,-,Tapi,21.25029528,73.59093389,14-09-1976 08:30,2
2901,Tapi at Ukai,CWC,24,Gujarat,641,TAPI,SONGADH,-,-,Narmada,Narmada,Unch,-,-,Tapi,21.25029528,73.59093389,15-09-1976 08:30,4.8
2902,Tapi at Ukai,CWC,24,Gujarat,641,TAPI,SONGADH,-,-,Narmada,Narmada,Unch,-,-,Tapi,21.25029528,73.59093389,16-09-1976 08:30,1
2903,Tapi at Ukai,CWC,24,Gujarat,641,TAPI,SONGADH,-,-,Narmada,Narmada,Unch,-,-,Tapi,21.25029528,73.59093389,17-09-1976 08:30,7.6
2904,Tapi at Ukai,CWC,24,Gujarat,641,TAPI,SONGADH,-,-,Narmada,Narmada,Unch,-,-,Tapi,21.25029528,73.59093389,18-09-1976 08:30,0.8
2905,Tapi at Ukai,CWC,24,Gujarat,641,TAPI,SONGADH,-,-,Narmada,Narmada,Unch,-,-,Tapi,21.25029528,73.59093389,19-09-1976 08:30,1.7
2906,Tapi at Ukai,CWC,24,Gujarat,641,TAPI,SONGADH,-,-,Narmada,Narmada,Unch,-,-,Tapi,21.25029528,73.59093389,01-11-1976 08:30,8.1
2907,Tapi at Ukai,CWC,24,Gujarat,641,TAPI,SONGADH,-,-,Narmada,Narmada,Unch,-,-,Tapi,21.25029528,73.59093389,08-11-1976 08:30,2
2908,Tapi at Ukai,CWC,24,Gujarat,641,TAPI,SONGADH,-,-,Narmada,Narmada,Unch,-,-,Tapi,21.25029528,73.59093389,09-11-1976 08:30,21.1
2909,Tapi at Ukai,CWC,24,Gujarat,641,TAPI,SONGADH,-,-,Narmada,Narmada,Unch,-,-,Tapi,21.25029528,73.59093389,20-11-1976 08:30,4.8
2910,Tapi at Ukai,CWC,24,Gujarat,641,TAPI,SONGADH,-,-,Narmada,Narmada,Unch,-,-,Tapi,21.25029528,73.59093389,21-11-1976 08:30,2.2
2911,Tapi at Ukai,CWC,24,Gujarat,641,TAPI,SONGADH,-,-,Narmada,Narmada,Unch,-,-,Tapi,21.25029528,73.59093389,22-11-1976 08:30,27.4
2912,Tapi at Ukai,CWC,24,Gujarat,641,TAPI,SONGADH,-,-,Narmada,Narmada,Unch,-,-,Tapi,21.25029528,73.59093389,23-11-1976 08:30,21.4
2913,Tapi at Ukai,CWC,24,Gujarat,641,TAPI,SONGADH,-,-,Narmada,Narmada,Unch,-,-,Tapi,21.25029528,73.59093389,24-11-1976 08:30,32
2914,Tapi at Ukai,CWC,24,Gujarat,641,TAPI,SONGADH,-,-,Narmada,Narmada,Unch,-,-,Tapi,21.25029528,73.59093389,01-06-1977 08:30,25.6
2915,Tapi at Ukai,CWC,24,Gujarat,641,TAPI,SONGADH,-,-,Narmada,Narmada,Unch,-,-,Tapi,21.25029528,73.59093389,10-06-1977 08:30,6.8
2916,Tapi at Ukai,CWC,24,Gujarat,641,TAPI,SONGADH,-,-,Narmada,Narmada,Unch,-,-,Tapi,21.25029528,73.59093389,11-06-1977 08:30,0.6
2917,Tapi at Ukai,CWC,24,Gujarat,641,TAPI,SONGADH,-,-,Narmada,Narmada,Unch,-,-,Tapi,21.25029528,73.59093389,12-06-1977 08:30,9.2
2918,Tapi at Ukai,CWC,24,Gujarat,641,TAPI,SONGADH,-,-,Narmada,Narmada,Unch,-,-,Tapi,21.25029528,73.59093389,13-06-1977 08:30,2.8
2919,Tapi at Ukai,CWC,24,Gujarat,641,TAPI,SONGADH,-,-,Narmada,Narmada,Unch,-,-,Tapi,21.25029528,73.59093389,14-06-1977 08:30,4.8
2920,Tapi at Ukai,CWC,24,Gujarat,641,TAPI,SONGADH,-,-,Narmada,Narmada,Unch,-,-,Tapi,21.25029528,73.59093389,15-06-1977 08:30,0.1
2921,Tapi at Ukai,CWC,24,Gujarat,641,TAPI,SONGADH,-,-,Narmada,Narmada,Unch,-,-,Tapi,21.25029528,73.59093389,16-06-1977 08:30,15.2
2922,Tapi at Ukai,CWC,24,Gujarat,641,TAPI,SONGADH,-,-,Narmada,Narmada,Unch,-,-,Tapi,21.25029528,73.59093389,17-06-1977 08:30,23.6
2923,Tapi at Ukai,CWC,24,Gujarat,641,TAPI,SONGADH,-,-,Narmada,Narmada,Unch,-,-,Tapi,21.25029528,73.59093389,18-06-1977 08:30,12.3
2924,Tapi at Ukai,CWC,24,Gujarat,641,TAPI,SONGADH,-,-,Narmada,Narmada,Unch,-,-,Tapi,21.25029528,73.59093389,20-06-1977 08:30,1
2925,Tapi at Ukai,CWC,24,Gujarat,641,TAPI,SONGADH,-,-,Narmada,Narmada,Unch,-,-,Tapi,21.25029528,73.59093389,23-06-1977 08:30,4.7
2926,Tapi at Ukai,CWC,24,Gujarat,641,TAPI,SONGADH,-,-,Narmada,Narmada,Unch,-,-,Tapi,21.25029528,73.59093389,25-06-1977 08:30,27
2927,Tapi at Ukai,CWC,24,Gujarat,641,TAPI,SONGADH,-,-,Narmada,Narmada,Unch,-,-,Tapi,21.25029528,73.59093389,26-06-1977 08:30,195.6
2928,Tapi at Ukai,CWC,24,Gujarat,641,TAPI,SONGADH,-,-,Narmada,Narmada,Unch,-,-,Tapi,21.25029528,73.59093389,27-06-1977 08:30,308.4
2929,Tapi at Ukai,CWC,24,Gujarat,641,TAPI,SONGADH,-,-,Narmada,Narmada,Unch,-,-,Tapi,21.25029528,73.59093389,28-06-1977 08:30,128.4
2930,Tapi at Ukai,CWC,24,Gujarat,641,TAPI,SONGADH,-,-,Narmada,Narmada,Unch,-,-,Tapi,21.25029528,73.59093389,29-06-1977 08:30,0.8
2931,Tapi at Ukai,CWC,24,Gujarat,641,TAPI,SONGADH,-,-,Narmada,Narmada,Unch,-,-,Tapi,21.25029528,73.59093389,30-06-1977 08:30,4
2932,Tapi at Ukai,CWC,24,Gujarat,641,TAPI,SONGADH,-,-,Narmada,Narmada,Unch,-,-,Tapi,21.25029528,73.59093389,01-07-1977 08:30,5.1
2933,Tapi at Ukai,CWC,24,Gujarat,641,TAPI,SONGADH,-,-,Narmada,Narmada,Unch,-,-,Tapi,21.25029528,73.59093389,02-07-1977 08:30,4.1
2934,Tapi at Ukai,CWC,24,Gujarat,641,TAPI,SONGADH,-,-,Narmada,Narmada,Unch,-,-,Tapi,21.25029528,73.59093389,03-07-1977 08:30,49.8
2935,Tapi at Ukai,CWC,24,Gujarat,641,TAPI,SONGADH,-,-,Narmada,Narmada,Unch,-,-,Tapi,21.25029528,73.59093389,04-07-1977 08:30,16.8
2936,Tapi at Ukai,CWC,24,Gujarat,641,TAPI,SONGADH,-,-,Narmada,Narmada,Unch,-,-,Tapi,21.25029528,73.59093389,05-07-1977 08:30,20
2937,Tapi at Ukai,CWC,24,Gujarat,641,TAPI,SONGADH,-,-,Narmada,Narmada,Unch,-,-,Tapi,21.25029528,73.59093389,06-07-1977 08:30,111
2938,Tapi at Ukai,CWC,24,Gujarat,641,TAPI,SONGADH,-,-,Narmada,Narmada,Unch,-,-,Tapi,21.25029528,73.59093389,07-07-1977 08:30,52.2
2939,Tapi at Ukai,CWC,24,Gujarat,641,TAPI,SONGADH,-,-,Narmada,Narmada,Unch,-,-,Tapi,21.25029528,73.59093389,08-07-1977 08:30,17.3
2940,Tapi at Ukai,CWC,24,Gujarat,641,TAPI,SONGADH,-,-,Narmada,Narmada,Unch,-,-,Tapi,21.25029528,73.59093389,09-07-1977 08:30,11
2941,Tapi at Ukai,CWC,24,Gujarat,641,TAPI,SONGADH,-,-,Narmada,Narmada,Unch,-,-,Tapi,21.25029528,73.59093389,10-07-1977 08:30,3
2942,Tapi at Ukai,CWC,24,Gujarat,641,TAPI,SONGADH,-,-,Narmada,Narmada,Unch,-,-,Tapi,21.25029528,73.59093389,11-07-1977 08:30,51
2943,Tapi at Ukai,CWC,24,Gujarat,641,TAPI,SONGADH,-,-,Narmada,Narmada,Unch,-,-,Tapi,21.25029528,73.59093389,12-07-1977 08:30,10.1
2944,Tapi at Ukai,CWC,24,Gujarat,641,TAPI,SONGADH,-,-,Narmada,Narmada,Unch,-,-,Tapi,21.25029528,73.59093389,14-07-1977 08:30,0.6
2945,Tapi at Ukai,CWC,24,Gujarat,641,TAPI,SONGADH,-,-,Narmada,Narmada,Unch,-,-,Tapi,21.25029528,73.59093389,15-07-1977 08:30,0.2
2946,Tapi at Ukai,CWC,24,Gujarat,641,TAPI,SONGADH,-,-,Narmada,Narmada,Unch,-,-,Tapi,21.25029528,73.59093389,16-07-1977 08:30,8.2
2947,Tapi at Ukai,CWC,24,Gujarat,641,TAPI,SONGADH,-,-,Narmada,Narmada,Unch,-,-,Tapi,21.25029528,73.59093389,17-07-1977 08:30,19
2948,Tapi at Ukai,CWC,24,Gujarat,641,TAPI,SONGADH,-,-,Narmada,Narmada,Unch,-,-,Tapi,21.25029528,73.59093389,18-07-1977 08:30,43.3
2949,Tapi at Ukai,CWC,24,Gujarat,641,TAPI,SONGADH,-,-,Narmada,Narmada,Unch,-,-,Tapi,21.25029528,73.59093389,21-07-1977 08:30,1.5
2950,Tapi at Ukai,CWC,24,Gujarat,641,TAPI,SONGADH,-,-,Narmada,Narmada,Unch,-,-,Tapi,21.25029528,73.59093389,22-07-1977 08:30,53
2951,Tapi at Ukai,CWC,24,Gujarat,641,TAPI,SONGADH,-,-,Narmada,Narmada,Unch,-,-,Tapi,21.25029528,73.59093389,24-07-1977 08:30,13.4
2952,Tapi at Ukai,CWC,24,Gujarat,641,TAPI,SONGADH,-,-,Narmada,Narmada,Unch,-,-,Tapi,21.25029528,73.59093389,25-07-1977 08:30,5.9
2953,Tapi at Ukai,CWC,24,Gujarat,641,TAPI,SONGADH,-,-,Narmada,Narmada,Unch,-,-,Tapi,21.25029528,73.59093389,26-07-1977 08:30,25.1
2954,Tapi at Ukai,CWC,24,Gujarat,641,TAPI,SONGADH,-,-,Narmada,Narmada,Unch,-,-,Tapi,21.25029528,73.59093389,27-07-1977 08:30,12.4
2955,Tapi at Ukai,CWC,24,Gujarat,641,TAPI,SONGADH,-,-,Narmada,Narmada,Unch,-,-,Tapi,21.25029528,73.59093389,28-07-1977 08:30,21
2956,Tapi at Ukai,CWC,24,Gujarat,641,TAPI,SONGADH,-,-,Narmada,Narmada,Unch,-,-,Tapi,21.25029528,73.59093389,29-07-1977 08:30,7.2
2957,Tapi at Ukai,CWC,24,Gujarat,641,TAPI,SONGADH,-,-,Narmada,Narmada,Unch,-,-,Tapi,21.25029528,73.59093389,30-07-1977 08:30,9.8
2958,Tapi at Ukai,CWC,24,Gujarat,641,TAPI,SONGADH,-,-,Narmada,Narmada,Unch,-,-,Tapi,21.25029528,73.59093389,31-07-1977 08:30,7.6
2959,Tapi at Ukai,CWC,24,Gujarat,641,TAPI,SONGADH,-,-,Narmada,Narmada,Unch,-,-,Tapi,21.25029528,73.59093389,01-08-1977 08:30,3.6
2960,Tapi at Ukai,CWC,24,Gujarat,641,TAPI,SONGADH,-,-,Narmada,Narmada,Unch,-,-,Tapi,21.25029528,73.59093389,02-08-1977 08:30,2.7
2961,Tapi at Ukai,CWC,24,Gujarat,641,TAPI,SONGADH,-,-,Narmada,Narmada,Unch,-,-,Tapi,21.25029528,73.59093389,03-08-1977 08:30,22.2
2962,Tapi at Ukai,CWC,24,Gujarat,641,TAPI,SONGADH,-,-,Narmada,Narmada,Unch,-,-,Tapi,21.25029528,73.59093389,04-08-1977 08:30,2.2
2963,Tapi at Ukai,CWC,24,Gujarat,641,TAPI,SONGADH,-,-,Narmada,Narmada,Unch,-,-,Tapi,21.25029528,73.59093389,05-08-1977 08:30,1.8
2964,Tapi at Ukai,CWC,24,Gujarat,641,TAPI,SONGADH,-,-,Narmada,Narmada,Unch,-,-,Tapi,21.25029528,73.59093389,06-08-1977 08:30,6.2
2965,Tapi at Ukai,CWC,24,Gujarat,641,TAPI,SONGADH,-,-,Narmada,Narmada,Unch,-,-,Tapi,21.25029528,73.59093389,07-08-1977 08:30,3.1
2966,Tapi at Ukai,CWC,24,Gujarat,641,TAPI,SONGADH,-,-,Narmada,Narmada,Unch,-,-,Tapi,21.25029528,73.59093389,08-08-1977 08:30,16.5
2967,Tapi at Ukai,CWC,24,Gujarat,641,TAPI,SONGADH,-,-,Narmada,Narmada,Unch,-,-,Tapi,21.25029528,73.59093389,09-08-1977 08:30,36.4
2968,Tapi at Ukai,CWC,24,Gujarat,641,TAPI,SONGADH,-,-,Narmada,Narmada,Unch,-,-,Tapi,21.25029528,73.59093389,10-08-1977 08:30,2
2969,Tapi at Ukai,CWC,24,Gujarat,641,TAPI,SONGADH,-,-,Narmada,Narmada,Unch,-,-,Tapi,21.25029528,73.59093389,11-08-1977 08:30,3.8
2970,Tapi at Ukai,CWC,24,Gujarat,641,TAPI,SONGADH,-,-,Narmada,Narmada,Unch,-,-,Tapi,21.25029528,73.59093389,12-08-1977 08:30,18.4
2971,Tapi at Ukai,CWC,24,Gujarat,641,TAPI,SONGADH,-,-,Narmada,Narmada,Unch,-,-,Tapi,21.25029528,73.59093389,13-08-1977 08:30,6.8
2972,Tapi at Ukai,CWC,24,Gujarat,641,TAPI,SONGADH,-,-,Narmada,Narmada,Unch,-,-,Tapi,21.25029528,73.59093389,14-08-1977 08:30,0.6
2973,Tapi at Ukai,CWC,24,Gujarat,641,TAPI,SONGADH,-,-,Narmada,Narmada,Unch,-,-,Tapi,21.25029528,73.59093389,15-08-1977 08:30,19.2
2974,Tapi at Ukai,CWC,24,Gujarat,641,TAPI,SONGADH,-,-,Narmada,Narmada,Unch,-,-,Tapi,21.25029528,73.59093389,16-08-1977 08:30,8.2
2975,Tapi at Ukai,CWC,24,Gujarat,641,TAPI,SONGADH,-,-,Narmada,Narmada,Unch,-,-,Tapi,21.25029528,73.59093389,17-08-1977 08:30,9.8
2976,Tapi at Ukai,CWC,24,Gujarat,641,TAPI,SONGADH,-,-,Narmada,Narmada,Unch,-,-,Tapi,21.25029528,73.59093389,18-08-1977 08:30,6
2977,Tapi at Ukai,CWC,24,Gujarat,641,TAPI,SONGADH,-,-,Narmada,Narmada,Unch,-,-,Tapi,21.25029528,73.59093389,19-08-1977 08:30,1.8
2978,Tapi at Ukai,CWC,24,Gujarat,641,TAPI,SONGADH,-,-,Narmada,Narmada,Unch,-,-,Tapi,21.25029528,73.59093389,20-08-1977 08:30,0.8
2979,Tapi at Ukai,CWC,24,Gujarat,641,TAPI,SONGADH,-,-,Narmada,Narmada,Unch,-,-,Tapi,21.25029528,73.59093389,21-08-1977 08:30,1.4
2980,Tapi at Ukai,CWC,24,Gujarat,641,TAPI,SONGADH,-,-,Narmada,Narmada,Unch,-,-,Tapi,21.25029528,73.59093389,22-08-1977 08:30,0.2
2981,Tapi at Ukai,CWC,24,Gujarat,641,TAPI,SONGADH,-,-,Narmada,Narmada,Unch,-,-,Tapi,21.25029528,73.59093389,23-08-1977 08:30,28
2982,Tapi at Ukai,CWC,24,Gujarat,641,TAPI,SONGADH,-,-,Narmada,Narmada,Unch,-,-,Tapi,21.25029528,73.59093389,24-08-1977 08:30,8.9
2983,Tapi at Ukai,CWC,24,Gujarat,641,TAPI,SONGADH,-,-,Narmada,Narmada,Unch,-,-,Tapi,21.25029528,73.59093389,25-08-1977 08:30,28.6
2984,Tapi at Ukai,CWC,24,Gujarat,641,TAPI,SONGADH,-,-,Narmada,Narmada,Unch,-,-,Tapi,21.25029528,73.59093389,26-08-1977 08:30,152.8
2985,Tapi at Ukai,CWC,24,Gujarat,641,TAPI,SONGADH,-,-,Narmada,Narmada,Unch,-,-,Tapi,21.25029528,73.59093389,27-08-1977 08:30,75.2
2986,Tapi at Ukai,CWC,24,Gujarat,641,TAPI,SONGADH,-,-,Narmada,Narmada,Unch,-,-,Tapi,21.25029528,73.59093389,28-08-1977 08:30,51.6
2987,Tapi at Ukai,CWC,24,Gujarat,641,TAPI,SONGADH,-,-,Narmada,Narmada,Unch,-,-,Tapi,21.25029528,73.59093389,29-08-1977 08:30,15
2988,Tapi at Ukai,CWC,24,Gujarat,641,TAPI,SONGADH,-,-,Narmada,Narmada,Unch,-,-,Tapi,21.25029528,73.59093389,30-08-1977 08:30,27.6
2989,Tapi at Ukai,CWC,24,Gujarat,641,TAPI,SONGADH,-,-,Narmada,Narmada,Unch,-,-,Tapi,21.25029528,73.59093389,31-08-1977 08:30,5.8
2990,Tapi at Ukai,CWC,24,Gujarat,641,TAPI,SONGADH,-,-,Narmada,Narmada,Unch,-,-,Tapi,21.25029528,73.59093389,01-09-1977 08:30,65
2991,Tapi at Ukai,CWC,24,Gujarat,641,TAPI,SONGADH,-,-,Narmada,Narmada,Unch,-,-,Tapi,21.25029528,73.59093389,02-09-1977 08:30,42
2992,Tapi at Ukai,CWC,24,Gujarat,641,TAPI,SONGADH,-,-,Narmada,Narmada,Unch,-,-,Tapi,21.25029528,73.59093389,03-09-1977 08:30,87.2
2993,Tapi at Ukai,CWC,24,Gujarat,641,TAPI,SONGADH,-,-,Narmada,Narmada,Unch,-,-,Tapi,21.25029528,73.59093389,04-09-1977 08:30,44.8
2994,Tapi at Ukai,CWC,24,Gujarat,641,TAPI,SONGADH,-,-,Narmada,Narmada,Unch,-,-,Tapi,21.25029528,73.59093389,05-09-1977 08:30,0.8
2995,Tapi at Ukai,CWC,24,Gujarat,641,TAPI,SONGADH,-,-,Narmada,Narmada,Unch,-,-,Tapi,21.25029528,73.59093389,07-09-1977 08:30,10.7
2996,Tapi at Ukai,CWC,24,Gujarat,641,TAPI,SONGADH,-,-,Narmada,Narmada,Unch,-,-,Tapi,21.25029528,73.59093389,08-09-1977 08:30,20.8
2997,Tapi at Ukai,CWC,24,Gujarat,641,TAPI,SONGADH,-,-,Narmada,Narmada,Unch,-,-,Tapi,21.25029528,73.59093389,09-09-1977 08:30,3.4
2998,Tapi at Ukai,CWC,24,Gujarat,641,TAPI,SONGADH,-,-,Narmada,Narmada,Unch,-,-,Tapi,21.25029528,73.59093389,10-09-1977 08:30,2.6
2999,Tapi at Ukai,CWC,24,Gujarat,641,TAPI,SONGADH,-,-,Narmada,Narmada,Unch,-,-,Tapi,21.25029528,73.59093389,13-09-1977 08:30,2
3000,Tapi at Ukai,CWC,24,Gujarat,641,TAPI,SONGADH,-,-,Narmada,Narmada,Unch,-,-,Tapi,21.25029528,73.59093389,14-09-1977 08:30,3.1
3001,Tapi at Ukai,CWC,24,Gujarat,641,TAPI,SONGADH,-,-,Narmada,Narmada,Unch,-,-,Tapi,21.25029528,73.59093389,15-09-1977 08:30,5.6
3002,Tapi at Ukai,CWC,24,Gujarat,641,TAPI,SONGADH,-,-,Narmada,Narmada,Unch,-,-,Tapi,21.25029528,73.59093389,19-09-1977 08:30,3
3003,Tapi at Ukai,CWC,24,Gujarat,641,TAPI,SONGADH,-,-,Narmada,Narmada,Unch,-,-,Tapi,21.25029528,73.59093389,20-09-1977 08:30,2.8
3004,Tapi at Ukai,CWC,24,Gujarat,641,TAPI,SONGADH,-,-,Narmada,Narmada,Unch,-,-,Tapi,21.25029528,73.59093389,21-09-1977 08:30,3.2
3005,Tapi at Ukai,CWC,24,Gujarat,641,TAPI,SONGADH,-,-,Narmada,Narmada,Unch,-,-,Tapi,21.25029528,73.59093389,22-09-1977 08:30,60.8
3006,Tapi at Ukai,CWC,24,Gujarat,641,TAPI,SONGADH,-,-,Narmada,Narmada,Unch,-,-,Tapi,21.25029528,73.59093389,23-09-1977 08:30,0.4
3007,Tapi at Ukai,CWC,24,Gujarat,641,TAPI,SONGADH,-,-,Narmada,Narmada,Unch,-,-,Tapi,21.25029528,73.59093389,06-06-1978 08:30,19.6
3008,Tapi at Ukai,CWC,24,Gujarat,641,TAPI,SONGADH,-,-,Narmada,Narmada,Unch,-,-,Tapi,21.25029528,73.59093389,07-06-1978 08:30,7.8
3009,Tapi at Ukai,CWC,24,Gujarat,641,TAPI,SONGADH,-,-,Narmada,Narmada,Unch,-,-,Tapi,21.25029528,73.59093389,08-06-1978 08:30,0.2
3010,Tapi at Ukai,CWC,24,Gujarat,641,TAPI,SONGADH,-,-,Narmada,Narmada,Unch,-,-,Tapi,21.25029528,73.59093389,11-06-1978 08:30,1
3011,Tapi at Ukai,CWC,24,Gujarat,641,TAPI,SONGADH,-,-,Narmada,Narmada,Unch,-,-,Tapi,21.25029528,73.59093389,15-06-1978 08:30,1.4
3012,Tapi at Ukai,CWC,24,Gujarat,641,TAPI,SONGADH,-,-,Narmada,Narmada,Unch,-,-,Tapi,21.25029528,73.59093389,16-06-1978 08:30,10.2
3013,Tapi at Ukai,CWC,24,Gujarat,641,TAPI,SONGADH,-,-,Narmada,Narmada,Unch,-,-,Tapi,21.25029528,73.59093389,17-06-1978 08:30,4.6
3014,Tapi at Ukai,CWC,24,Gujarat,641,TAPI,SONGADH,-,-,Narmada,Narmada,Unch,-,-,Tapi,21.25029528,73.59093389,19-06-1978 08:30,4
3015,Tapi at Ukai,CWC,24,Gujarat,641,TAPI,SONGADH,-,-,Narmada,Narmada,Unch,-,-,Tapi,21.25029528,73.59093389,20-06-1978 08:30,61
3016,Tapi at Ukai,CWC,24,Gujarat,641,TAPI,SONGADH,-,-,Narmada,Narmada,Unch,-,-,Tapi,21.25029528,73.59093389,21-06-1978 08:30,30
3017,Tapi at Ukai,CWC,24,Gujarat,641,TAPI,SONGADH,-,-,Narmada,Narmada,Unch,-,-,Tapi,21.25029528,73.59093389,22-06-1978 08:30,21
3018,Tapi at Ukai,CWC,24,Gujarat,641,TAPI,SONGADH,-,-,Narmada,Narmada,Unch,-,-,Tapi,21.25029528,73.59093389,23-06-1978 08:30,18.2
3019,Tapi at Ukai,CWC,24,Gujarat,641,TAPI,SONGADH,-,-,Narmada,Narmada,Unch,-,-,Tapi,21.25029528,73.59093389,24-06-1978 08:30,12.8
3020,Tapi at Ukai,CWC,24,Gujarat,641,TAPI,SONGADH,-,-,Narmada,Narmada,Unch,-,-,Tapi,21.25029528,73.59093389,26-06-1978 08:30,1
3021,Tapi at Ukai,CWC,24,Gujarat,641,TAPI,SONGADH,-,-,Narmada,Narmada,Unch,-,-,Tapi,21.25029528,73.59093389,28-06-1978 08:30,1
3022,Tapi at Ukai,CWC,24,Gujarat,641,TAPI,SONGADH,-,-,Narmada,Narmada,Unch,-,-,Tapi,21.25029528,73.59093389,01-07-1978 08:30,8.4
3023,Tapi at Ukai,CWC,24,Gujarat,641,TAPI,SONGADH,-,-,Narmada,Narmada,Unch,-,-,Tapi,21.25029528,73.59093389,03-07-1978 08:30,32
3024,Tapi at Ukai,CWC,24,Gujarat,641,TAPI,SONGADH,-,-,Narmada,Narmada,Unch,-,-,Tapi,21.25029528,73.59093389,04-07-1978 08:30,7.4
3025,Tapi at Ukai,CWC,24,Gujarat,641,TAPI,SONGADH,-,-,Narmada,Narmada,Unch,-,-,Tapi,21.25029528,73.59093389,06-07-1978 08:30,1
3026,Tapi at Ukai,CWC,24,Gujarat,641,TAPI,SONGADH,-,-,Narmada,Narmada,Unch,-,-,Tapi,21.25029528,73.59093389,07-07-1978 08:30,0.8
3027,Tapi at Ukai,CWC,24,Gujarat,641,TAPI,SONGADH,-,-,Narmada,Narmada,Unch,-,-,Tapi,21.25029528,73.59093389,08-07-1978 08:30,86.4
3028,Tapi at Ukai,CWC,24,Gujarat,641,TAPI,SONGADH,-,-,Narmada,Narmada,Unch,-,-,Tapi,21.25029528,73.59093389,09-07-1978 08:30,62
3029,Tapi at Ukai,CWC,24,Gujarat,641,TAPI,SONGADH,-,-,Narmada,Narmada,Unch,-,-,Tapi,21.25029528,73.59093389,10-07-1978 08:30,94.2
3030,Tapi at Ukai,CWC,24,Gujarat,641,TAPI,SONGADH,-,-,Narmada,Narmada,Unch,-,-,Tapi,21.25029528,73.59093389,11-07-1978 08:30,94.6
3031,Tapi at Ukai,CWC,24,Gujarat,641,TAPI,SONGADH,-,-,Narmada,Narmada,Unch,-,-,Tapi,21.25029528,73.59093389,12-07-1978 08:30,26
3032,Tapi at Ukai,CWC,24,Gujarat,641,TAPI,SONGADH,-,-,Narmada,Narmada,Unch,-,-,Tapi,21.25029528,73.59093389,13-07-1978 08:30,2
3033,Tapi at Ukai,CWC,24,Gujarat,641,TAPI,SONGADH,-,-,Narmada,Narmada,Unch,-,-,Tapi,21.25029528,73.59093389,14-07-1978 08:30,13.5
3034,Tapi at Ukai,CWC,24,Gujarat,641,TAPI,SONGADH,-,-,Narmada,Narmada,Unch,-,-,Tapi,21.25029528,73.59093389,15-07-1978 08:30,5.6
3035,Tapi at Ukai,CWC,24,Gujarat,641,TAPI,SONGADH,-,-,Narmada,Narmada,Unch,-,-,Tapi,21.25029528,73.59093389,16-07-1978 08:30,0.4
3036,Tapi at Ukai,CWC,24,Gujarat,641,TAPI,SONGADH,-,-,Narmada,Narmada,Unch,-,-,Tapi,21.25029528,73.59093389,17-07-1978 08:30,2
3037,Tapi at Ukai,CWC,24,Gujarat,641,TAPI,SONGADH,-,-,Narmada,Narmada,Unch,-,-,Tapi,21.25029528,73.59093389,19-07-1978 08:30,1.8
3038,Tapi at Ukai,CWC,24,Gujarat,641,TAPI,SONGADH,-,-,Narmada,Narmada,Unch,-,-,Tapi,21.25029528,73.59093389,20-07-1978 08:30,7
3039,Tapi at Ukai,CWC,24,Gujarat,641,TAPI,SONGADH,-,-,Narmada,Narmada,Unch,-,-,Tapi,21.25029528,73.59093389,21-07-1978 08:30,7
3040,Tapi at Ukai,CWC,24,Gujarat,641,TAPI,SONGADH,-,-,Narmada,Narmada,Unch,-,-,Tapi,21.25029528,73.59093389,22-07-1978 08:30,1.4
3041,Tapi at Ukai,CWC,24,Gujarat,641,TAPI,SONGADH,-,-,Narmada,Narmada,Unch,-,-,Tapi,21.25029528,73.59093389,23-07-1978 08:30,4.8
3042,Tapi at Ukai,CWC,24,Gujarat,641,TAPI,SONGADH,-,-,Narmada,Narmada,Unch,-,-,Tapi,21.25029528,73.59093389,24-07-1978 08:30,3.8
3043,Tapi at Ukai,CWC,24,Gujarat,641,TAPI,SONGADH,-,-,Narmada,Narmada,Unch,-,-,Tapi,21.25029528,73.59093389,25-07-1978 08:30,2.8
3044,Tapi at Ukai,CWC,24,Gujarat,641,TAPI,SONGADH,-,-,Narmada,Narmada,Unch,-,-,Tapi,21.25029528,73.59093389,26-07-1978 08:30,3
3045,Tapi at Ukai,CWC,24,Gujarat,641,TAPI,SONGADH,-,-,Narmada,Narmada,Unch,-,-,Tapi,21.25029528,73.59093389,27-07-1978 08:30,2.6
3046,Tapi at Ukai,CWC,24,Gujarat,641,TAPI,SONGADH,-,-,Narmada,Narmada,Unch,-,-,Tapi,21.25029528,73.59093389,28-07-1978 08:30,1.6
3047,Tapi at Ukai,CWC,24,Gujarat,641,TAPI,SONGADH,-,-,Narmada,Narmada,Unch,-,-,Tapi,21.25029528,73.59093389,29-07-1978 08:30,4.3
3048,Tapi at Ukai,CWC,24,Gujarat,641,TAPI,SONGADH,-,-,Narmada,Narmada,Unch,-,-,Tapi,21.25029528,73.59093389,30-07-1978 08:30,1.4
3049,Tapi at Ukai,CWC,24,Gujarat,641,TAPI,SONGADH,-,-,Narmada,Narmada,Unch,-,-,Tapi,21.25029528,73.59093389,31-07-1978 08:30,0.4
3050,Tapi at Ukai,CWC,24,Gujarat,641,TAPI,SONGADH,-,-,Narmada,Narmada,Unch,-,-,Tapi,21.25029528,73.59093389,01-08-1978 08:30,0.1
3051,Tapi at Ukai,CWC,24,Gujarat,641,TAPI,SONGADH,-,-,Narmada,Narmada,Unch,-,-,Tapi,21.25029528,73.59093389,02-08-1978 08:30,2.8
3052,Tapi at Ukai,CWC,24,Gujarat,641,TAPI,SONGADH,-,-,Narmada,Narmada,Unch,-,-,Tapi,21.25029528,73.59093389,03-08-1978 08:30,4.4
3053,Tapi at Ukai,CWC,24,Gujarat,641,TAPI,SONGADH,-,-,Narmada,Narmada,Unch,-,-,Tapi,21.25029528,73.59093389,04-08-1978 08:30,3
3054,Tapi at Ukai,CWC,24,Gujarat,641,TAPI,SONGADH,-,-,Narmada,Narmada,Unch,-,-,Tapi,21.25029528,73.59093389,05-08-1978 08:30,2.4
3055,Tapi at Ukai,CWC,24,Gujarat,641,TAPI,SONGADH,-,-,Narmada,Narmada,Unch,-,-,Tapi,21.25029528,73.59093389,06-08-1978 08:30,3.4
3056,Tapi at Ukai,CWC,24,Gujarat,641,TAPI,SONGADH,-,-,Narmada,Narmada,Unch,-,-,Tapi,21.25029528,73.59093389,07-08-1978 08:30,2.1
3057,Tapi at Ukai,CWC,24,Gujarat,641,TAPI,SONGADH,-,-,Narmada,Narmada,Unch,-,-,Tapi,21.25029528,73.59093389,08-08-1978 08:30,0.4
3058,Tapi at Ukai,CWC,24,Gujarat,641,TAPI,SONGADH,-,-,Narmada,Narmada,Unch,-,-,Tapi,21.25029528,73.59093389,09-08-1978 08:30,1.6
3059,Tapi at Ukai,CWC,24,Gujarat,641,TAPI,SONGADH,-,-,Narmada,Narmada,Unch,-,-,Tapi,21.25029528,73.59093389,10-08-1978 08:30,0.4
3060,Tapi at Ukai,CWC,24,Gujarat,641,TAPI,SONGADH,-,-,Narmada,Narmada,Unch,-,-,Tapi,21.25029528,73.59093389,11-08-1978 08:30,4
3061,Tapi at Ukai,CWC,24,Gujarat,641,TAPI,SONGADH,-,-,Narmada,Narmada,Unch,-,-,Tapi,21.25029528,73.59093389,12-08-1978 08:30,0.4
3062,Tapi at Ukai,CWC,24,Gujarat,641,TAPI,SONGADH,-,-,Narmada,Narmada,Unch,-,-,Tapi,21.25029528,73.59093389,13-08-1978 08:30,11.2
3063,Tapi at Ukai,CWC,24,Gujarat,641,TAPI,SONGADH,-,-,Narmada,Narmada,Unch,-,-,Tapi,21.25029528,73.59093389,14-08-1978 08:30,3.6
3064,Tapi at Ukai,CWC,24,Gujarat,641,TAPI,SONGADH,-,-,Narmada,Narmada,Unch,-,-,Tapi,21.25029528,73.59093389,15-08-1978 08:30,2.4
3065,Tapi at Ukai,CWC,24,Gujarat,641,TAPI,SONGADH,-,-,Narmada,Narmada,Unch,-,-,Tapi,21.25029528,73.59093389,16-08-1978 08:30,1.4
3066,Tapi at Ukai,CWC,24,Gujarat,641,TAPI,SONGADH,-,-,Narmada,Narmada,Unch,-,-,Tapi,21.25029528,73.59093389,17-08-1978 08:30,30.8
3067,Tapi at Ukai,CWC,24,Gujarat,641,TAPI,SONGADH,-,-,Narmada,Narmada,Unch,-,-,Tapi,21.25029528,73.59093389,18-08-1978 08:30,5
3068,Tapi at Ukai,CWC,24,Gujarat,641,TAPI,SONGADH,-,-,Narmada,Narmada,Unch,-,-,Tapi,21.25029528,73.59093389,19-08-1978 08:30,3.4
3069,Tapi at Ukai,CWC,24,Gujarat,641,TAPI,SONGADH,-,-,Narmada,Narmada,Unch,-,-,Tapi,21.25029528,73.59093389,20-08-1978 08:30,1.4
3070,Tapi at Ukai,CWC,24,Gujarat,641,TAPI,SONGADH,-,-,Narmada,Narmada,Unch,-,-,Tapi,21.25029528,73.59093389,21-08-1978 08:30,1
3071,Tapi at Ukai,CWC,24,Gujarat,641,TAPI,SONGADH,-,-,Narmada,Narmada,Unch,-,-,Tapi,21.25029528,73.59093389,22-08-1978 08:30,0.6
3072,Tapi at Ukai,CWC,24,Gujarat,641,TAPI,SONGADH,-,-,Narmada,Narmada,Unch,-,-,Tapi,21.25029528,73.59093389,23-08-1978 08:30,0.8
3073,Tapi at Ukai,CWC,24,Gujarat,641,TAPI,SONGADH,-,-,Narmada,Narmada,Unch,-,-,Tapi,21.25029528,73.59093389,25-08-1978 08:30,7
3074,Tapi at Ukai,CWC,24,Gujarat,641,TAPI,SONGADH,-,-,Narmada,Narmada,Unch,-,-,Tapi,21.25029528,73.59093389,26-08-1978 08:30,71
3075,Tapi at Ukai,CWC,24,Gujarat,641,TAPI,SONGADH,-,-,Narmada,Narmada,Unch,-,-,Tapi,21.25029528,73.59093389,27-08-1978 08:30,38.5
3076,Tapi at Ukai,CWC,24,Gujarat,641,TAPI,SONGADH,-,-,Narmada,Narmada,Unch,-,-,Tapi,21.25029528,73.59093389,28-08-1978 08:30,1.2
3077,Tapi at Ukai,CWC,24,Gujarat,641,TAPI,SONGADH,-,-,Narmada,Narmada,Unch,-,-,Tapi,21.25029528,73.59093389,29-08-1978 08:30,50.2
3078,Tapi at Ukai,CWC,24,Gujarat,641,TAPI,SONGADH,-,-,Narmada,Narmada,Unch,-,-,Tapi,21.25029528,73.59093389,30-08-1978 08:30,80.8
3079,Tapi at Ukai,CWC,24,Gujarat,641,TAPI,SONGADH,-,-,Narmada,Narmada,Unch,-,-,Tapi,21.25029528,73.59093389,31-08-1978 08:30,61.2
3080,Tapi at Ukai,CWC,24,Gujarat,641,TAPI,SONGADH,-,-,Narmada,Narmada,Unch,-,-,Tapi,21.25029528,73.59093389,01-09-1978 08:30,1.7
3081,Tapi at Ukai,CWC,24,Gujarat,641,TAPI,SONGADH,-,-,Narmada,Narmada,Unch,-,-,Tapi,21.25029528,73.59093389,02-09-1978 08:30,10.6
3082,Tapi at Ukai,CWC,24,Gujarat,641,TAPI,SONGADH,-,-,Narmada,Narmada,Unch,-,-,Tapi,21.25029528,73.59093389,03-09-1978 08:30,0.2
3083,Tapi at Ukai,CWC,24,Gujarat,641,TAPI,SONGADH,-,-,Narmada,Narmada,Unch,-,-,Tapi,21.25029528,73.59093389,05-09-1978 08:30,1.4
3084,Tapi at Ukai,CWC,24,Gujarat,641,TAPI,SONGADH,-,-,Narmada,Narmada,Unch,-,-,Tapi,21.25029528,73.59093389,06-09-1978 08:30,13.2
3085,Tapi at Ukai,CWC,24,Gujarat,641,TAPI,SONGADH,-,-,Narmada,Narmada,Unch,-,-,Tapi,21.25029528,73.59093389,07-09-1978 08:30,9
3086,Tapi at Ukai,CWC,24,Gujarat,641,TAPI,SONGADH,-,-,Narmada,Narmada,Unch,-,-,Tapi,21.25029528,73.59093389,08-09-1978 08:30,16.2
3087,Tapi at Ukai,CWC,24,Gujarat,641,TAPI,SONGADH,-,-,Narmada,Narmada,Unch,-,-,Tapi,21.25029528,73.59093389,09-09-1978 08:30,0.4
3088,Tapi at Ukai,CWC,24,Gujarat,641,TAPI,SONGADH,-,-,Narmada,Narmada,Unch,-,-,Tapi,21.25029528,73.59093389,10-09-1978 08:30,2.4
3089,Tapi at Ukai,CWC,24,Gujarat,641,TAPI,SONGADH,-,-,Narmada,Narmada,Unch,-,-,Tapi,21.25029528,73.59093389,15-09-1978 08:30,3
3090,Tapi at Ukai,CWC,24,Gujarat,641,TAPI,SONGADH,-,-,Narmada,Narmada,Unch,-,-,Tapi,21.25029528,73.59093389,30-09-1978 08:30,66.5
3091,Tapi at Ukai,CWC,24,Gujarat,641,TAPI,SONGADH,-,-,Narmada,Narmada,Unch,-,-,Tapi,21.25029528,73.59093389,09-06-1979 08:30,3.4
3092,Tapi at Ukai,CWC,24,Gujarat,641,TAPI,SONGADH,-,-,Narmada,Narmada,Unch,-,-,Tapi,21.25029528,73.59093389,18-06-1979 08:30,1
3093,Tapi at Ukai,CWC,24,Gujarat,641,TAPI,SONGADH,-,-,Narmada,Narmada,Unch,-,-,Tapi,21.25029528,73.59093389,19-06-1979 08:30,3.8
3094,Tapi at Ukai,CWC,24,Gujarat,641,TAPI,SONGADH,-,-,Narmada,Narmada,Unch,-,-,Tapi,21.25029528,73.59093389,21-06-1979 08:30,5.4
3095,Tapi at Ukai,CWC,24,Gujarat,641,TAPI,SONGADH,-,-,Narmada,Narmada,Unch,-,-,Tapi,21.25029528,73.59093389,23-06-1979 08:30,4.2
3096,Tapi at Ukai,CWC,24,Gujarat,641,TAPI,SONGADH,-,-,Narmada,Narmada,Unch,-,-,Tapi,21.25029528,73.59093389,24-06-1979 08:30,5.8
3097,Tapi at Ukai,CWC,24,Gujarat,641,TAPI,SONGADH,-,-,Narmada,Narmada,Unch,-,-,Tapi,21.25029528,73.59093389,25-06-1979 08:30,3.2
3098,Tapi at Ukai,CWC,24,Gujarat,641,TAPI,SONGADH,-,-,Narmada,Narmada,Unch,-,-,Tapi,21.25029528,73.59093389,26-06-1979 08:30,22
3099,Tapi at Ukai,CWC,24,Gujarat,641,TAPI,SONGADH,-,-,Narmada,Narmada,Unch,-,-,Tapi,21.25029528,73.59093389,27-06-1979 08:30,22.6
3100,Tapi at Ukai,CWC,24,Gujarat,641,TAPI,SONGADH,-,-,Narmada,Narmada,Unch,-,-,Tapi,21.25029528,73.59093389,28-06-1979 08:30,7.4
3101,Tapi at Ukai,CWC,24,Gujarat,641,TAPI,SONGADH,-,-,Narmada,Narmada,Unch,-,-,Tapi,21.25029528,73.59093389,29-06-1979 08:30,34
3102,Tapi at Ukai,CWC,24,Gujarat,641,TAPI,SONGADH,-,-,Narmada,Narmada,Unch,-,-,Tapi,21.25029528,73.59093389,30-06-1979 08:30,4.4
3103,Tapi at Ukai,CWC,24,Gujarat,641,TAPI,SONGADH,-,-,Narmada,Narmada,Unch,-,-,Tapi,21.25029528,73.59093389,02-07-1979 08:30,5.6
3104,Tapi at Ukai,CWC,24,Gujarat,641,TAPI,SONGADH,-,-,Narmada,Narmada,Unch,-,-,Tapi,21.25029528,73.59093389,03-07-1979 08:30,8.7
3105,Tapi at Ukai,CWC,24,Gujarat,641,TAPI,SONGADH,-,-,Narmada,Narmada,Unch,-,-,Tapi,21.25029528,73.59093389,04-07-1979 08:30,14.8
3106,Tapi at Ukai,CWC,24,Gujarat,641,TAPI,SONGADH,-,-,Narmada,Narmada,Unch,-,-,Tapi,21.25029528,73.59093389,05-07-1979 08:30,3.1
3107,Tapi at Ukai,CWC,24,Gujarat,641,TAPI,SONGADH,-,-,Narmada,Narmada,Unch,-,-,Tapi,21.25029528,73.59093389,06-07-1979 08:30,3
3108,Tapi at Ukai,CWC,24,Gujarat,641,TAPI,SONGADH,-,-,Narmada,Narmada,Unch,-,-,Tapi,21.25029528,73.59093389,07-07-1979 08:30,6.6
3109,Tapi at Ukai,CWC,24,Gujarat,641,TAPI,SONGADH,-,-,Narmada,Narmada,Unch,-,-,Tapi,21.25029528,73.59093389,08-07-1979 08:30,7.6
3110,Tapi at Ukai,CWC,24,Gujarat,641,TAPI,SONGADH,-,-,Narmada,Narmada,Unch,-,-,Tapi,21.25029528,73.59093389,10-07-1979 08:30,13.4
3111,Tapi at Ukai,CWC,24,Gujarat,641,TAPI,SONGADH,-,-,Narmada,Narmada,Unch,-,-,Tapi,21.25029528,73.59093389,11-07-1979 08:30,59
3112,Tapi at Ukai,CWC,24,Gujarat,641,TAPI,SONGADH,-,-,Narmada,Narmada,Unch,-,-,Tapi,21.25029528,73.59093389,12-07-1979 08:30,8.2
3113,Tapi at Ukai,CWC,24,Gujarat,641,TAPI,SONGADH,-,-,Narmada,Narmada,Unch,-,-,Tapi,21.25029528,73.59093389,13-07-1979 08:30,3.6
3114,Tapi at Ukai,CWC,24,Gujarat,641,TAPI,SONGADH,-,-,Narmada,Narmada,Unch,-,-,Tapi,21.25029528,73.59093389,14-07-1979 08:30,3
3115,Tapi at Ukai,CWC,24,Gujarat,641,TAPI,SONGADH,-,-,Narmada,Narmada,Unch,-,-,Tapi,21.25029528,73.59093389,15-07-1979 08:30,12.2
3116,Tapi at Ukai,CWC,24,Gujarat,641,TAPI,SONGADH,-,-,Narmada,Narmada,Unch,-,-,Tapi,21.25029528,73.59093389,16-07-1979 08:30,16.8
3117,Tapi at Ukai,CWC,24,Gujarat,641,TAPI,SONGADH,-,-,Narmada,Narmada,Unch,-,-,Tapi,21.25029528,73.59093389,17-07-1979 08:30,9.6
3118,Tapi at Ukai,CWC,24,Gujarat,641,TAPI,SONGADH,-,-,Narmada,Narmada,Unch,-,-,Tapi,21.25029528,73.59093389,18-07-1979 08:30,4
3119,Tapi at Ukai,CWC,24,Gujarat,641,TAPI,SONGADH,-,-,Narmada,Narmada,Unch,-,-,Tapi,21.25029528,73.59093389,19-07-1979 08:30,6
3120,Tapi at Ukai,CWC,24,Gujarat,641,TAPI,SONGADH,-,-,Narmada,Narmada,Unch,-,-,Tapi,21.25029528,73.59093389,20-07-1979 08:30,3
3121,Tapi at Ukai,CWC,24,Gujarat,641,TAPI,SONGADH,-,-,Narmada,Narmada,Unch,-,-,Tapi,21.25029528,73.59093389,21-07-1979 08:30,3.2
3122,Tapi at Ukai,CWC,24,Gujarat,641,TAPI,SONGADH,-,-,Narmada,Narmada,Unch,-,-,Tapi,21.25029528,73.59093389,22-07-1979 08:30,2
3123,Tapi at Ukai,CWC,24,Gujarat,641,TAPI,SONGADH,-,-,Narmada,Narmada,Unch,-,-,Tapi,21.25029528,73.59093389,23-07-1979 08:30,1.8
3124,Tapi at Ukai,CWC,24,Gujarat,641,TAPI,SONGADH,-,-,Narmada,Narmada,Unch,-,-,Tapi,21.25029528,73.59093389,24-07-1979 08:30,1
3125,Tapi at Ukai,CWC,24,Gujarat,641,TAPI,SONGADH,-,-,Narmada,Narmada,Unch,-,-,Tapi,21.25029528,73.59093389,25-07-1979 08:30,1.8
3126,Tapi at Ukai,CWC,24,Gujarat,641,TAPI,SONGADH,-,-,Narmada,Narmada,Unch,-,-,Tapi,21.25029528,73.59093389,26-07-1979 08:30,2.2
3127,Tapi at Ukai,CWC,24,Gujarat,641,TAPI,SONGADH,-,-,Narmada,Narmada,Unch,-,-,Tapi,21.25029528,73.59093389,27-07-1979 08:30,9.2
3128,Tapi at Ukai,CWC,24,Gujarat,641,TAPI,SONGADH,-,-,Narmada,Narmada,Unch,-,-,Tapi,21.25029528,73.59093389,28-07-1979 08:30,9.6
3129,Tapi at Ukai,CWC,24,Gujarat,641,TAPI,SONGADH,-,-,Narmada,Narmada,Unch,-,-,Tapi,21.25029528,73.59093389,29-07-1979 08:30,23.4
3130,Tapi at Ukai,CWC,24,Gujarat,641,TAPI,SONGADH,-,-,Narmada,Narmada,Unch,-,-,Tapi,21.25029528,73.59093389,30-07-1979 08:30,4.6
3131,Tapi at Ukai,CWC,24,Gujarat,641,TAPI,SONGADH,-,-,Narmada,Narmada,Unch,-,-,Tapi,21.25029528,73.59093389,01-08-1979 08:30,1.1
3132,Tapi at Ukai,CWC,24,Gujarat,641,TAPI,SONGADH,-,-,Narmada,Narmada,Unch,-,-,Tapi,21.25029528,73.59093389,02-08-1979 08:30,4
3133,Tapi at Ukai,CWC,24,Gujarat,641,TAPI,SONGADH,-,-,Narmada,Narmada,Unch,-,-,Tapi,21.25029528,73.59093389,03-08-1979 08:30,9
3134,Tapi at Ukai,CWC,24,Gujarat,641,TAPI,SONGADH,-,-,Narmada,Narmada,Unch,-,-,Tapi,21.25029528,73.59093389,04-08-1979 08:30,71
3135,Tapi at Ukai,CWC,24,Gujarat,641,TAPI,SONGADH,-,-,Narmada,Narmada,Unch,-,-,Tapi,21.25029528,73.59093389,05-08-1979 08:30,18
3136,Tapi at Ukai,CWC,24,Gujarat,641,TAPI,SONGADH,-,-,Narmada,Narmada,Unch,-,-,Tapi,21.25029528,73.59093389,06-08-1979 08:30,66.2
3137,Tapi at Ukai,CWC,24,Gujarat,641,TAPI,SONGADH,-,-,Narmada,Narmada,Unch,-,-,Tapi,21.25029528,73.59093389,07-08-1979 08:30,49
3138,Tapi at Ukai,CWC,24,Gujarat,641,TAPI,SONGADH,-,-,Narmada,Narmada,Unch,-,-,Tapi,21.25029528,73.59093389,08-08-1979 08:30,20
3139,Tapi at Ukai,CWC,24,Gujarat,641,TAPI,SONGADH,-,-,Narmada,Narmada,Unch,-,-,Tapi,21.25029528,73.59093389,09-08-1979 08:30,21
3140,Tapi at Ukai,CWC,24,Gujarat,641,TAPI,SONGADH,-,-,Narmada,Narmada,Unch,-,-,Tapi,21.25029528,73.59093389,10-08-1979 08:30,186.8
3141,Tapi at Ukai,CWC,24,Gujarat,641,TAPI,SONGADH,-,-,Narmada,Narmada,Unch,-,-,Tapi,21.25029528,73.59093389,11-08-1979 08:30,155
3142,Tapi at Ukai,CWC,24,Gujarat,641,TAPI,SONGADH,-,-,Narmada,Narmada,Unch,-,-,Tapi,21.25029528,73.59093389,12-08-1979 08:30,30
3143,Tapi at Ukai,CWC,24,Gujarat,641,TAPI,SONGADH,-,-,Narmada,Narmada,Unch,-,-,Tapi,21.25029528,73.59093389,13-08-1979 08:30,2
3144,Tapi at Ukai,CWC,24,Gujarat,641,TAPI,SONGADH,-,-,Narmada,Narmada,Unch,-,-,Tapi,21.25029528,73.59093389,14-08-1979 08:30,6
3145,Tapi at Ukai,CWC,24,Gujarat,641,TAPI,SONGADH,-,-,Narmada,Narmada,Unch,-,-,Tapi,21.25029528,73.59093389,15-08-1979 08:30,8
3146,Tapi at Ukai,CWC,24,Gujarat,641,TAPI,SONGADH,-,-,Narmada,Narmada,Unch,-,-,Tapi,21.25029528,73.59093389,16-08-1979 08:30,1.4
3147,Tapi at Ukai,CWC,24,Gujarat,641,TAPI,SONGADH,-,-,Narmada,Narmada,Unch,-,-,Tapi,21.25029528,73.59093389,17-08-1979 08:30,1.4
3148,Tapi at Ukai,CWC,24,Gujarat,641,TAPI,SONGADH,-,-,Narmada,Narmada,Unch,-,-,Tapi,21.25029528,73.59093389,18-08-1979 08:30,0.2
3149,Tapi at Ukai,CWC,24,Gujarat,641,TAPI,SONGADH,-,-,Narmada,Narmada,Unch,-,-,Tapi,21.25029528,73.59093389,23-08-1979 08:30,1.4
3150,Tapi at Ukai,CWC,24,Gujarat,641,TAPI,SONGADH,-,-,Narmada,Narmada,Unch,-,-,Tapi,21.25029528,73.59093389,29-08-1979 08:30,2
3151,Tapi at Ukai,CWC,24,Gujarat,641,TAPI,SONGADH,-,-,Narmada,Narmada,Unch,-,-,Tapi,21.25029528,73.59093389,30-08-1979 08:30,1.2
3152,Tapi at Ukai,CWC,24,Gujarat,641,TAPI,SONGADH,-,-,Narmada,Narmada,Unch,-,-,Tapi,21.25029528,73.59093389,31-08-1979 08:30,50
3153,Tapi at Ukai,CWC,24,Gujarat,641,TAPI,SONGADH,-,-,Narmada,Narmada,Unch,-,-,Tapi,21.25029528,73.59093389,04-09-1979 08:30,4.2
3154,Tapi at Ukai,CWC,24,Gujarat,641,TAPI,SONGADH,-,-,Narmada,Narmada,Unch,-,-,Tapi,21.25029528,73.59093389,14-09-1979 08:30,1.4
3155,Tapi at Ukai,CWC,24,Gujarat,641,TAPI,SONGADH,-,-,Narmada,Narmada,Unch,-,-,Tapi,21.25029528,73.59093389,17-09-1979 08:30,43.4
3156,Tapi at Ukai,CWC,24,Gujarat,641,TAPI,SONGADH,-,-,Narmada,Narmada,Unch,-,-,Tapi,21.25029528,73.59093389,18-09-1979 08:30,20.6
3157,Tapi at Ukai,CWC,24,Gujarat,641,TAPI,SONGADH,-,-,Narmada,Narmada,Unch,-,-,Tapi,21.25029528,73.59093389,19-09-1979 08:30,23.4
3158,Tapi at Ukai,CWC,24,Gujarat,641,TAPI,SONGADH,-,-,Narmada,Narmada,Unch,-,-,Tapi,21.25029528,73.59093389,21-09-1979 08:30,2.8
3159,Tapi at Ukai,CWC,24,Gujarat,641,TAPI,SONGADH,-,-,Narmada,Narmada,Unch,-,-,Tapi,21.25029528,73.59093389,22-09-1979 08:30,0.8
3160,Tapi at Ukai,CWC,24,Gujarat,641,TAPI,SONGADH,-,-,Narmada,Narmada,Unch,-,-,Tapi,21.25029528,73.59093389,23-09-1979 08:30,8.4
3161,Tapi at Ukai,CWC,24,Gujarat,641,TAPI,SONGADH,-,-,Narmada,Narmada,Unch,-,-,Tapi,21.25029528,73.59093389,24-09-1979 08:30,0.6
3162,Tapi at Ukai,CWC,24,Gujarat,641,TAPI,SONGADH,-,-,Narmada,Narmada,Unch,-,-,Tapi,21.25029528,73.59093389,25-09-1979 08:30,1.6
3163,Tapi at Ukai,CWC,24,Gujarat,641,TAPI,SONGADH,-,-,Narmada,Narmada,Unch,-,-,Tapi,21.25029528,73.59093389,26-09-1979 08:30,1.2
3164,Tapi at Ukai,CWC,24,Gujarat,641,TAPI,SONGADH,-,-,Narmada,Narmada,Unch,-,-,Tapi,21.25029528,73.59093389,05-06-1980 08:30,33.2
3165,Tapi at Ukai,CWC,24,Gujarat,641,TAPI,SONGADH,-,-,Narmada,Narmada,Unch,-,-,Tapi,21.25029528,73.59093389,06-06-1980 08:30,20.2
3166,Tapi at Ukai,CWC,24,Gujarat,641,TAPI,SONGADH,-,-,Narmada,Narmada,Unch,-,-,Tapi,21.25029528,73.59093389,07-06-1980 08:30,125.2
3167,Tapi at Ukai,CWC,24,Gujarat,641,TAPI,SONGADH,-,-,Narmada,Narmada,Unch,-,-,Tapi,21.25029528,73.59093389,08-06-1980 08:30,21
3168,Tapi at Ukai,CWC,24,Gujarat,641,TAPI,SONGADH,-,-,Narmada,Narmada,Unch,-,-,Tapi,21.25029528,73.59093389,14-06-1980 08:30,3.5
3169,Tapi at Ukai,CWC,24,Gujarat,641,TAPI,SONGADH,-,-,Narmada,Narmada,Unch,-,-,Tapi,21.25029528,73.59093389,15-06-1980 08:30,22.4
3170,Tapi at Ukai,CWC,24,Gujarat,641,TAPI,SONGADH,-,-,Narmada,Narmada,Unch,-,-,Tapi,21.25029528,73.59093389,16-06-1980 08:30,7.6
3171,Tapi at Ukai,CWC,24,Gujarat,641,TAPI,SONGADH,-,-,Narmada,Narmada,Unch,-,-,Tapi,21.25029528,73.59093389,18-06-1980 08:30,0.5
3172,Tapi at Ukai,CWC,24,Gujarat,641,TAPI,SONGADH,-,-,Narmada,Narmada,Unch,-,-,Tapi,21.25029528,73.59093389,23-06-1980 08:30,5.2
3173,Tapi at Ukai,CWC,24,Gujarat,641,TAPI,SONGADH,-,-,Narmada,Narmada,Unch,-,-,Tapi,21.25029528,73.59093389,24-06-1980 08:30,29.8
3174,Tapi at Ukai,CWC,24,Gujarat,641,TAPI,SONGADH,-,-,Narmada,Narmada,Unch,-,-,Tapi,21.25029528,73.59093389,25-06-1980 08:30,23.2
3175,Tapi at Ukai,CWC,24,Gujarat,641,TAPI,SONGADH,-,-,Narmada,Narmada,Unch,-,-,Tapi,21.25029528,73.59093389,26-06-1980 08:30,101.2
3176,Tapi at Ukai,CWC,24,Gujarat,641,TAPI,SONGADH,-,-,Narmada,Narmada,Unch,-,-,Tapi,21.25029528,73.59093389,27-06-1980 08:30,32.4
3177,Tapi at Ukai,CWC,24,Gujarat,641,TAPI,SONGADH,-,-,Narmada,Narmada,Unch,-,-,Tapi,21.25029528,73.59093389,28-06-1980 08:30,32.6
3178,Tapi at Ukai,CWC,24,Gujarat,641,TAPI,SONGADH,-,-,Narmada,Narmada,Unch,-,-,Tapi,21.25029528,73.59093389,29-06-1980 08:30,19.6
3179,Tapi at Ukai,CWC,24,Gujarat,641,TAPI,SONGADH,-,-,Narmada,Narmada,Unch,-,-,Tapi,21.25029528,73.59093389,30-06-1980 08:30,4.8
3180,Tapi at Ukai,CWC,24,Gujarat,641,TAPI,SONGADH,-,-,Narmada,Narmada,Unch,-,-,Tapi,21.25029528,73.59093389,01-07-1980 08:30,34.2
3181,Tapi at Ukai,CWC,24,Gujarat,641,TAPI,SONGADH,-,-,Narmada,Narmada,Unch,-,-,Tapi,21.25029528,73.59093389,02-07-1980 08:30,18.2
3182,Tapi at Ukai,CWC,24,Gujarat,641,TAPI,SONGADH,-,-,Narmada,Narmada,Unch,-,-,Tapi,21.25029528,73.59093389,03-07-1980 08:30,17.6
3183,Tapi at Ukai,CWC,24,Gujarat,641,TAPI,SONGADH,-,-,Narmada,Narmada,Unch,-,-,Tapi,21.25029528,73.59093389,04-07-1980 08:30,18.4
3184,Tapi at Ukai,CWC,24,Gujarat,641,TAPI,SONGADH,-,-,Narmada,Narmada,Unch,-,-,Tapi,21.25029528,73.59093389,05-07-1980 08:30,22
3185,Tapi at Ukai,CWC,24,Gujarat,641,TAPI,SONGADH,-,-,Narmada,Narmada,Unch,-,-,Tapi,21.25029528,73.59093389,06-07-1980 08:30,23.6
3186,Tapi at Ukai,CWC,24,Gujarat,641,TAPI,SONGADH,-,-,Narmada,Narmada,Unch,-,-,Tapi,21.25029528,73.59093389,07-07-1980 08:30,4.6
3187,Tapi at Ukai,CWC,24,Gujarat,641,TAPI,SONGADH,-,-,Narmada,Narmada,Unch,-,-,Tapi,21.25029528,73.59093389,08-07-1980 08:30,13.2
3188,Tapi at Ukai,CWC,24,Gujarat,641,TAPI,SONGADH,-,-,Narmada,Narmada,Unch,-,-,Tapi,21.25029528,73.59093389,09-07-1980 08:30,4.4
3189,Tapi at Ukai,CWC,24,Gujarat,641,TAPI,SONGADH,-,-,Narmada,Narmada,Unch,-,-,Tapi,21.25029528,73.59093389,10-07-1980 08:30,5.8
3190,Tapi at Ukai,CWC,24,Gujarat,641,TAPI,SONGADH,-,-,Narmada,Narmada,Unch,-,-,Tapi,21.25029528,73.59093389,12-07-1980 08:30,1.6
3191,Tapi at Ukai,CWC,24,Gujarat,641,TAPI,SONGADH,-,-,Narmada,Narmada,Unch,-,-,Tapi,21.25029528,73.59093389,13-07-1980 08:30,1
3192,Tapi at Ukai,CWC,24,Gujarat,641,TAPI,SONGADH,-,-,Narmada,Narmada,Unch,-,-,Tapi,21.25029528,73.59093389,15-07-1980 08:30,1
3193,Tapi at Ukai,CWC,24,Gujarat,641,TAPI,SONGADH,-,-,Narmada,Narmada,Unch,-,-,Tapi,21.25029528,73.59093389,16-07-1980 08:30,1.2
3194,Tapi at Ukai,CWC,24,Gujarat,641,TAPI,SONGADH,-,-,Narmada,Narmada,Unch,-,-,Tapi,21.25029528,73.59093389,17-07-1980 08:30,4
3195,Tapi at Ukai,CWC,24,Gujarat,641,TAPI,SONGADH,-,-,Narmada,Narmada,Unch,-,-,Tapi,21.25029528,73.59093389,18-07-1980 08:30,1.6
3196,Tapi at Ukai,CWC,24,Gujarat,641,TAPI,SONGADH,-,-,Narmada,Narmada,Unch,-,-,Tapi,21.25029528,73.59093389,19-07-1980 08:30,3.2
3197,Tapi at Ukai,CWC,24,Gujarat,641,TAPI,SONGADH,-,-,Narmada,Narmada,Unch,-,-,Tapi,21.25029528,73.59093389,20-07-1980 08:30,1.8
3198,Tapi at Ukai,CWC,24,Gujarat,641,TAPI,SONGADH,-,-,Narmada,Narmada,Unch,-,-,Tapi,21.25029528,73.59093389,23-07-1980 08:30,1
3199,Tapi at Ukai,CWC,24,Gujarat,641,TAPI,SONGADH,-,-,Narmada,Narmada,Unch,-,-,Tapi,21.25029528,73.59093389,24-07-1980 08:30,0.6
3200,Tapi at Ukai,CWC,24,Gujarat,641,TAPI,SONGADH,-,-,Narmada,Narmada,Unch,-,-,Tapi,21.25029528,73.59093389,25-07-1980 08:30,11.2
3201,Tapi at Ukai,CWC,24,Gujarat,641,TAPI,SONGADH,-,-,Narmada,Narmada,Unch,-,-,Tapi,21.25029528,73.59093389,26-07-1980 08:30,38.6
3202,Tapi at Ukai,CWC,24,Gujarat,641,TAPI,SONGADH,-,-,Narmada,Narmada,Unch,-,-,Tapi,21.25029528,73.59093389,27-07-1980 08:30,27
3203,Tapi at Ukai,CWC,24,Gujarat,641,TAPI,SONGADH,-,-,Narmada,Narmada,Unch,-,-,Tapi,21.25029528,73.59093389,29-07-1980 08:30,8.6
3204,Tapi at Ukai,CWC,24,Gujarat,641,TAPI,SONGADH,-,-,Narmada,Narmada,Unch,-,-,Tapi,21.25029528,73.59093389,30-07-1980 08:30,20.4
3205,Tapi at Ukai,CWC,24,Gujarat,641,TAPI,SONGADH,-,-,Narmada,Narmada,Unch,-,-,Tapi,21.25029528,73.59093389,31-07-1980 08:30,27.2
3206,Tapi at Ukai,CWC,24,Gujarat,641,TAPI,SONGADH,-,-,Narmada,Narmada,Unch,-,-,Tapi,21.25029528,73.59093389,01-08-1980 08:30,56.4
3207,Tapi at Ukai,CWC,24,Gujarat,641,TAPI,SONGADH,-,-,Narmada,Narmada,Unch,-,-,Tapi,21.25029528,73.59093389,02-08-1980 08:30,54.2
3208,Tapi at Ukai,CWC,24,Gujarat,641,TAPI,SONGADH,-,-,Narmada,Narmada,Unch,-,-,Tapi,21.25029528,73.59093389,03-08-1980 08:30,6.4
3209,Tapi at Ukai,CWC,24,Gujarat,641,TAPI,SONGADH,-,-,Narmada,Narmada,Unch,-,-,Tapi,21.25029528,73.59093389,04-08-1980 08:30,18.2
3210,Tapi at Ukai,CWC,24,Gujarat,641,TAPI,SONGADH,-,-,Narmada,Narmada,Unch,-,-,Tapi,21.25029528,73.59093389,05-08-1980 08:30,1.8
3211,Tapi at Ukai,CWC,24,Gujarat,641,TAPI,SONGADH,-,-,Narmada,Narmada,Unch,-,-,Tapi,21.25029528,73.59093389,06-08-1980 08:30,29.6
3212,Tapi at Ukai,CWC,24,Gujarat,641,TAPI,SONGADH,-,-,Narmada,Narmada,Unch,-,-,Tapi,21.25029528,73.59093389,07-08-1980 08:30,44.4
3213,Tapi at Ukai,CWC,24,Gujarat,641,TAPI,SONGADH,-,-,Narmada,Narmada,Unch,-,-,Tapi,21.25029528,73.59093389,08-08-1980 08:30,24
3214,Tapi at Ukai,CWC,24,Gujarat,641,TAPI,SONGADH,-,-,Narmada,Narmada,Unch,-,-,Tapi,21.25029528,73.59093389,09-08-1980 08:30,11.2
3215,Tapi at Ukai,CWC,24,Gujarat,641,TAPI,SONGADH,-,-,Narmada,Narmada,Unch,-,-,Tapi,21.25029528,73.59093389,10-08-1980 08:30,5
3216,Tapi at Ukai,CWC,24,Gujarat,641,TAPI,SONGADH,-,-,Narmada,Narmada,Unch,-,-,Tapi,21.25029528,73.59093389,11-08-1980 08:30,1.4
3217,Tapi at Ukai,CWC,24,Gujarat,641,TAPI,SONGADH,-,-,Narmada,Narmada,Unch,-,-,Tapi,21.25029528,73.59093389,12-08-1980 08:30,1.8
3218,Tapi at Ukai,CWC,24,Gujarat,641,TAPI,SONGADH,-,-,Narmada,Narmada,Unch,-,-,Tapi,21.25029528,73.59093389,17-08-1980 08:30,0.2
3219,Tapi at Ukai,CWC,24,Gujarat,641,TAPI,SONGADH,-,-,Narmada,Narmada,Unch,-,-,Tapi,21.25029528,73.59093389,19-08-1980 08:30,17
3220,Tapi at Ukai,CWC,24,Gujarat,641,TAPI,SONGADH,-,-,Narmada,Narmada,Unch,-,-,Tapi,21.25029528,73.59093389,20-08-1980 08:30,8
3221,Tapi at Ukai,CWC,24,Gujarat,641,TAPI,SONGADH,-,-,Narmada,Narmada,Unch,-,-,Tapi,21.25029528,73.59093389,22-08-1980 08:30,7.4
3222,Tapi at Ukai,CWC,24,Gujarat,641,TAPI,SONGADH,-,-,Narmada,Narmada,Unch,-,-,Tapi,21.25029528,73.59093389,23-08-1980 08:30,10.4
3223,Tapi at Ukai,CWC,24,Gujarat,641,TAPI,SONGADH,-,-,Narmada,Narmada,Unch,-,-,Tapi,21.25029528,73.59093389,26-08-1980 08:30,4
3224,Tapi at Ukai,CWC,24,Gujarat,641,TAPI,SONGADH,-,-,Narmada,Narmada,Unch,-,-,Tapi,21.25029528,73.59093389,27-08-1980 08:30,13
3225,Tapi at Ukai,CWC,24,Gujarat,641,TAPI,SONGADH,-,-,Narmada,Narmada,Unch,-,-,Tapi,21.25029528,73.59093389,28-08-1980 08:30,4
3226,Tapi at Ukai,CWC,24,Gujarat,641,TAPI,SONGADH,-,-,Narmada,Narmada,Unch,-,-,Tapi,21.25029528,73.59093389,29-08-1980 08:30,0.6
3227,Tapi at Ukai,CWC,24,Gujarat,641,TAPI,SONGADH,-,-,Narmada,Narmada,Unch,-,-,Tapi,21.25029528,73.59093389,30-08-1980 08:30,7
3228,Tapi at Ukai,CWC,24,Gujarat,641,TAPI,SONGADH,-,-,Narmada,Narmada,Unch,-,-,Tapi,21.25029528,73.59093389,31-08-1980 08:30,3.2
3229,Tapi at Ukai,CWC,24,Gujarat,641,TAPI,SONGADH,-,-,Narmada,Narmada,Unch,-,-,Tapi,21.25029528,73.59093389,01-09-1980 08:30,0.2
3230,Tapi at Ukai,CWC,24,Gujarat,641,TAPI,SONGADH,-,-,Narmada,Narmada,Unch,-,-,Tapi,21.25029528,73.59093389,02-09-1980 08:30,7
3231,Tapi at Ukai,CWC,24,Gujarat,641,TAPI,SONGADH,-,-,Narmada,Narmada,Unch,-,-,Tapi,21.25029528,73.59093389,03-09-1980 08:30,0.6
3232,Tapi at Ukai,CWC,24,Gujarat,641,TAPI,SONGADH,-,-,Narmada,Narmada,Unch,-,-,Tapi,21.25029528,73.59093389,04-09-1980 08:30,0.4
3233,Tapi at Ukai,CWC,24,Gujarat,641,TAPI,SONGADH,-,-,Narmada,Narmada,Unch,-,-,Tapi,21.25029528,73.59093389,09-09-1980 08:30,5.8
3234,Tapi at Ukai,CWC,24,Gujarat,641,TAPI,SONGADH,-,-,Narmada,Narmada,Unch,-,-,Tapi,21.25029528,73.59093389,10-09-1980 08:30,5.2
3235,Tapi at Ukai,CWC,24,Gujarat,641,TAPI,SONGADH,-,-,Narmada,Narmada,Unch,-,-,Tapi,21.25029528,73.59093389,14-09-1980 08:30,9
3236,Tapi at Ukai,CWC,24,Gujarat,641,TAPI,SONGADH,-,-,Narmada,Narmada,Unch,-,-,Tapi,21.25029528,73.59093389,15-09-1980 08:30,7.4
3237,Tapi at Ukai,CWC,24,Gujarat,641,TAPI,SONGADH,-,-,Narmada,Narmada,Unch,-,-,Tapi,21.25029528,73.59093389,21-06-1981 08:30,3
3238,Tapi at Ukai,CWC,24,Gujarat,641,TAPI,SONGADH,-,-,Narmada,Narmada,Unch,-,-,Tapi,21.25029528,73.59093389,25-06-1981 08:30,4.2
3239,Tapi at Ukai,CWC,24,Gujarat,641,TAPI,SONGADH,-,-,Narmada,Narmada,Unch,-,-,Tapi,21.25029528,73.59093389,26-06-1981 08:30,133.8
3240,Tapi at Ukai,CWC,24,Gujarat,641,TAPI,SONGADH,-,-,Narmada,Narmada,Unch,-,-,Tapi,21.25029528,73.59093389,27-06-1981 08:30,24.4
3241,Tapi at Ukai,CWC,24,Gujarat,641,TAPI,SONGADH,-,-,Narmada,Narmada,Unch,-,-,Tapi,21.25029528,73.59093389,28-06-1981 08:30,4
3242,Tapi at Ukai,CWC,24,Gujarat,641,TAPI,SONGADH,-,-,Narmada,Narmada,Unch,-,-,Tapi,21.25029528,73.59093389,29-06-1981 08:30,11.8
3243,Tapi at Ukai,CWC,24,Gujarat,641,TAPI,SONGADH,-,-,Narmada,Narmada,Unch,-,-,Tapi,21.25029528,73.59093389,30-06-1981 08:30,6
3244,Tapi at Ukai,CWC,24,Gujarat,641,TAPI,SONGADH,-,-,Narmada,Narmada,Unch,-,-,Tapi,21.25029528,73.59093389,01-07-1981 08:30,24
3245,Tapi at Ukai,CWC,24,Gujarat,641,TAPI,SONGADH,-,-,Narmada,Narmada,Unch,-,-,Tapi,21.25029528,73.59093389,02-07-1981 08:30,75.2
3246,Tapi at Ukai,CWC,24,Gujarat,641,TAPI,SONGADH,-,-,Narmada,Narmada,Unch,-,-,Tapi,21.25029528,73.59093389,03-07-1981 08:30,7.4
3247,Tapi at Ukai,CWC,24,Gujarat,641,TAPI,SONGADH,-,-,Narmada,Narmada,Unch,-,-,Tapi,21.25029528,73.59093389,04-07-1981 08:30,5.6
3248,Tapi at Ukai,CWC,24,Gujarat,641,TAPI,SONGADH,-,-,Narmada,Narmada,Unch,-,-,Tapi,21.25029528,73.59093389,05-07-1981 08:30,8.6
3249,Tapi at Ukai,CWC,24,Gujarat,641,TAPI,SONGADH,-,-,Narmada,Narmada,Unch,-,-,Tapi,21.25029528,73.59093389,06-07-1981 08:30,6.8
3250,Tapi at Ukai,CWC,24,Gujarat,641,TAPI,SONGADH,-,-,Narmada,Narmada,Unch,-,-,Tapi,21.25029528,73.59093389,07-07-1981 08:30,1.2
3251,Tapi at Ukai,CWC,24,Gujarat,641,TAPI,SONGADH,-,-,Narmada,Narmada,Unch,-,-,Tapi,21.25029528,73.59093389,08-07-1981 08:30,1.2
3252,Tapi at Ukai,CWC,24,Gujarat,641,TAPI,SONGADH,-,-,Narmada,Narmada,Unch,-,-,Tapi,21.25029528,73.59093389,09-07-1981 08:30,14.2
3253,Tapi at Ukai,CWC,24,Gujarat,641,TAPI,SONGADH,-,-,Narmada,Narmada,Unch,-,-,Tapi,21.25029528,73.59093389,10-07-1981 08:30,35.4
3254,Tapi at Ukai,CWC,24,Gujarat,641,TAPI,SONGADH,-,-,Narmada,Narmada,Unch,-,-,Tapi,21.25029528,73.59093389,11-07-1981 08:30,76.8
3255,Tapi at Ukai,CWC,24,Gujarat,641,TAPI,SONGADH,-,-,Narmada,Narmada,Unch,-,-,Tapi,21.25029528,73.59093389,12-07-1981 08:30,50
3256,Tapi at Ukai,CWC,24,Gujarat,641,TAPI,SONGADH,-,-,Narmada,Narmada,Unch,-,-,Tapi,21.25029528,73.59093389,13-07-1981 08:30,6.8
3257,Tapi at Ukai,CWC,24,Gujarat,641,TAPI,SONGADH,-,-,Narmada,Narmada,Unch,-,-,Tapi,21.25029528,73.59093389,14-07-1981 08:30,35.4
3258,Tapi at Ukai,CWC,24,Gujarat,641,TAPI,SONGADH,-,-,Narmada,Narmada,Unch,-,-,Tapi,21.25029528,73.59093389,15-07-1981 08:30,42.4
3259,Tapi at Ukai,CWC,24,Gujarat,641,TAPI,SONGADH,-,-,Narmada,Narmada,Unch,-,-,Tapi,21.25029528,73.59093389,16-07-1981 08:30,22.6
3260,Tapi at Ukai,CWC,24,Gujarat,641,TAPI,SONGADH,-,-,Narmada,Narmada,Unch,-,-,Tapi,21.25029528,73.59093389,17-07-1981 08:30,33
3261,Tapi at Ukai,CWC,24,Gujarat,641,TAPI,SONGADH,-,-,Narmada,Narmada,Unch,-,-,Tapi,21.25029528,73.59093389,18-07-1981 08:30,21.6
3262,Tapi at Ukai,CWC,24,Gujarat,641,TAPI,SONGADH,-,-,Narmada,Narmada,Unch,-,-,Tapi,21.25029528,73.59093389,19-07-1981 08:30,3.4
3263,Tapi at Ukai,CWC,24,Gujarat,641,TAPI,SONGADH,-,-,Narmada,Narmada,Unch,-,-,Tapi,21.25029528,73.59093389,20-07-1981 08:30,29.6
3264,Tapi at Ukai,CWC,24,Gujarat,641,TAPI,SONGADH,-,-,Narmada,Narmada,Unch,-,-,Tapi,21.25029528,73.59093389,21-07-1981 08:30,3
3265,Tapi at Ukai,CWC,24,Gujarat,641,TAPI,SONGADH,-,-,Narmada,Narmada,Unch,-,-,Tapi,21.25029528,73.59093389,22-07-1981 08:30,14.4
3266,Tapi at Ukai,CWC,24,Gujarat,641,TAPI,SONGADH,-,-,Narmada,Narmada,Unch,-,-,Tapi,21.25029528,73.59093389,23-07-1981 08:30,26.2
3267,Tapi at Ukai,CWC,24,Gujarat,641,TAPI,SONGADH,-,-,Narmada,Narmada,Unch,-,-,Tapi,21.25029528,73.59093389,24-07-1981 08:30,2
3268,Tapi at Ukai,CWC,24,Gujarat,641,TAPI,SONGADH,-,-,Narmada,Narmada,Unch,-,-,Tapi,21.25029528,73.59093389,25-07-1981 08:30,6
3269,Tapi at Ukai,CWC,24,Gujarat,641,TAPI,SONGADH,-,-,Narmada,Narmada,Unch,-,-,Tapi,21.25029528,73.59093389,26-07-1981 08:30,4
3270,Tapi at Ukai,CWC,24,Gujarat,641,TAPI,SONGADH,-,-,Narmada,Narmada,Unch,-,-,Tapi,21.25029528,73.59093389,27-07-1981 08:30,1.2
3271,Tapi at Ukai,CWC,24,Gujarat,641,TAPI,SONGADH,-,-,Narmada,Narmada,Unch,-,-,Tapi,21.25029528,73.59093389,28-07-1981 08:30,19.2
3272,Tapi at Ukai,CWC,24,Gujarat,641,TAPI,SONGADH,-,-,Narmada,Narmada,Unch,-,-,Tapi,21.25029528,73.59093389,29-07-1981 08:30,11.8
3273,Tapi at Ukai,CWC,24,Gujarat,641,TAPI,SONGADH,-,-,Narmada,Narmada,Unch,-,-,Tapi,21.25029528,73.59093389,30-07-1981 08:30,14
3274,Tapi at Ukai,CWC,24,Gujarat,641,TAPI,SONGADH,-,-,Narmada,Narmada,Unch,-,-,Tapi,21.25029528,73.59093389,31-07-1981 08:30,7
3275,Tapi at Ukai,CWC,24,Gujarat,641,TAPI,SONGADH,-,-,Narmada,Narmada,Unch,-,-,Tapi,21.25029528,73.59093389,05-08-1981 08:30,51.2
3276,Tapi at Ukai,CWC,24,Gujarat,641,TAPI,SONGADH,-,-,Narmada,Narmada,Unch,-,-,Tapi,21.25029528,73.59093389,06-08-1981 08:30,56.6
3277,Tapi at Ukai,CWC,24,Gujarat,641,TAPI,SONGADH,-,-,Narmada,Narmada,Unch,-,-,Tapi,21.25029528,73.59093389,07-08-1981 08:30,24
3278,Tapi at Ukai,CWC,24,Gujarat,641,TAPI,SONGADH,-,-,Narmada,Narmada,Unch,-,-,Tapi,21.25029528,73.59093389,08-08-1981 08:30,12.8
3279,Tapi at Ukai,CWC,24,Gujarat,641,TAPI,SONGADH,-,-,Narmada,Narmada,Unch,-,-,Tapi,21.25029528,73.59093389,09-08-1981 08:30,2.6
3280,Tapi at Ukai,CWC,24,Gujarat,641,TAPI,SONGADH,-,-,Narmada,Narmada,Unch,-,-,Tapi,21.25029528,73.59093389,10-08-1981 08:30,20
3281,Tapi at Ukai,CWC,24,Gujarat,641,TAPI,SONGADH,-,-,Narmada,Narmada,Unch,-,-,Tapi,21.25029528,73.59093389,11-08-1981 08:30,45.8
3282,Tapi at Ukai,CWC,24,Gujarat,641,TAPI,SONGADH,-,-,Narmada,Narmada,Unch,-,-,Tapi,21.25029528,73.59093389,12-08-1981 08:30,19.2
3283,Tapi at Ukai,CWC,24,Gujarat,641,TAPI,SONGADH,-,-,Narmada,Narmada,Unch,-,-,Tapi,21.25029528,73.59093389,13-08-1981 08:30,20.4
3284,Tapi at Ukai,CWC,24,Gujarat,641,TAPI,SONGADH,-,-,Narmada,Narmada,Unch,-,-,Tapi,21.25029528,73.59093389,14-08-1981 08:30,9
3285,Tapi at Ukai,CWC,24,Gujarat,641,TAPI,SONGADH,-,-,Narmada,Narmada,Unch,-,-,Tapi,21.25029528,73.59093389,15-08-1981 08:30,8.8
3286,Tapi at Ukai,CWC,24,Gujarat,641,TAPI,SONGADH,-,-,Narmada,Narmada,Unch,-,-,Tapi,21.25029528,73.59093389,16-08-1981 08:30,8
3287,Tapi at Ukai,CWC,24,Gujarat,641,TAPI,SONGADH,-,-,Narmada,Narmada,Unch,-,-,Tapi,21.25029528,73.59093389,17-08-1981 08:30,24.6
3288,Tapi at Ukai,CWC,24,Gujarat,641,TAPI,SONGADH,-,-,Narmada,Narmada,Unch,-,-,Tapi,21.25029528,73.59093389,18-08-1981 08:30,15
3289,Tapi at Ukai,CWC,24,Gujarat,641,TAPI,SONGADH,-,-,Narmada,Narmada,Unch,-,-,Tapi,21.25029528,73.59093389,19-08-1981 08:30,9
3290,Tapi at Ukai,CWC,24,Gujarat,641,TAPI,SONGADH,-,-,Narmada,Narmada,Unch,-,-,Tapi,21.25029528,73.59093389,20-08-1981 08:30,3
3291,Tapi at Ukai,CWC,24,Gujarat,641,TAPI,SONGADH,-,-,Narmada,Narmada,Unch,-,-,Tapi,21.25029528,73.59093389,21-08-1981 08:30,2
3292,Tapi at Ukai,CWC,24,Gujarat,641,TAPI,SONGADH,-,-,Narmada,Narmada,Unch,-,-,Tapi,21.25029528,73.59093389,22-08-1981 08:30,7.4
3293,Tapi at Ukai,CWC,24,Gujarat,641,TAPI,SONGADH,-,-,Narmada,Narmada,Unch,-,-,Tapi,21.25029528,73.59093389,23-08-1981 08:30,7.6
3294,Tapi at Ukai,CWC,24,Gujarat,641,TAPI,SONGADH,-,-,Narmada,Narmada,Unch,-,-,Tapi,21.25029528,73.59093389,24-08-1981 08:30,6
3295,Tapi at Ukai,CWC,24,Gujarat,641,TAPI,SONGADH,-,-,Narmada,Narmada,Unch,-,-,Tapi,21.25029528,73.59093389,25-08-1981 08:30,4.6
3296,Tapi at Ukai,CWC,24,Gujarat,641,TAPI,SONGADH,-,-,Narmada,Narmada,Unch,-,-,Tapi,21.25029528,73.59093389,28-08-1981 08:30,14
3297,Tapi at Ukai,CWC,24,Gujarat,641,TAPI,SONGADH,-,-,Narmada,Narmada,Unch,-,-,Tapi,21.25029528,73.59093389,29-08-1981 08:30,1.4
3298,Tapi at Ukai,CWC,24,Gujarat,641,TAPI,SONGADH,-,-,Narmada,Narmada,Unch,-,-,Tapi,21.25029528,73.59093389,05-09-1981 08:30,2
3299,Tapi at Ukai,CWC,24,Gujarat,641,TAPI,SONGADH,-,-,Narmada,Narmada,Unch,-,-,Tapi,21.25029528,73.59093389,11-09-1981 08:30,4
3300,Tapi at Ukai,CWC,24,Gujarat,641,TAPI,SONGADH,-,-,Narmada,Narmada,Unch,-,-,Tapi,21.25029528,73.59093389,12-09-1981 08:30,6
3301,Tapi at Ukai,CWC,24,Gujarat,641,TAPI,SONGADH,-,-,Narmada,Narmada,Unch,-,-,Tapi,21.25029528,73.59093389,16-09-1981 08:30,0.4
3302,Tapi at Ukai,CWC,24,Gujarat,641,TAPI,SONGADH,-,-,Narmada,Narmada,Unch,-,-,Tapi,21.25029528,73.59093389,17-09-1981 08:30,11.2
3303,Tapi at Ukai,CWC,24,Gujarat,641,TAPI,SONGADH,-,-,Narmada,Narmada,Unch,-,-,Tapi,21.25029528,73.59093389,18-09-1981 08:30,0.4
3304,Tapi at Ukai,CWC,24,Gujarat,641,TAPI,SONGADH,-,-,Narmada,Narmada,Unch,-,-,Tapi,21.25029528,73.59093389,19-09-1981 08:30,3.4
3305,Tapi at Ukai,CWC,24,Gujarat,641,TAPI,SONGADH,-,-,Narmada,Narmada,Unch,-,-,Tapi,21.25029528,73.59093389,20-09-1981 08:30,0.8
3306,Tapi at Ukai,CWC,24,Gujarat,641,TAPI,SONGADH,-,-,Narmada,Narmada,Unch,-,-,Tapi,21.25029528,73.59093389,21-09-1981 08:30,4.8
3307,Tapi at Ukai,CWC,24,Gujarat,641,TAPI,SONGADH,-,-,Narmada,Narmada,Unch,-,-,Tapi,21.25029528,73.59093389,22-09-1981 08:30,5.2
3308,Tapi at Ukai,CWC,24,Gujarat,641,TAPI,SONGADH,-,-,Narmada,Narmada,Unch,-,-,Tapi,21.25029528,73.59093389,23-09-1981 08:30,3
3309,Tapi at Ukai,CWC,24,Gujarat,641,TAPI,SONGADH,-,-,Narmada,Narmada,Unch,-,-,Tapi,21.25029528,73.59093389,24-09-1981 08:30,16.8
3310,Tapi at Ukai,CWC,24,Gujarat,641,TAPI,SONGADH,-,-,Narmada,Narmada,Unch,-,-,Tapi,21.25029528,73.59093389,25-09-1981 08:30,9
3311,Tapi at Ukai,CWC,24,Gujarat,641,TAPI,SONGADH,-,-,Narmada,Narmada,Unch,-,-,Tapi,21.25029528,73.59093389,26-09-1981 08:30,0.4
3312,Tapi at Ukai,CWC,24,Gujarat,641,TAPI,SONGADH,-,-,Narmada,Narmada,Unch,-,-,Tapi,21.25029528,73.59093389,27-09-1981 08:30,0.6
3313,Tapi at Ukai,CWC,24,Gujarat,641,TAPI,SONGADH,-,-,Narmada,Narmada,Unch,-,-,Tapi,21.25029528,73.59093389,28-09-1981 08:30,9
3314,Tapi at Ukai,CWC,24,Gujarat,641,TAPI,SONGADH,-,-,Narmada,Narmada,Unch,-,-,Tapi,21.25029528,73.59093389,29-09-1981 08:30,39
3315,Tapi at Ukai,CWC,24,Gujarat,641,TAPI,SONGADH,-,-,Narmada,Narmada,Unch,-,-,Tapi,21.25029528,73.59093389,30-09-1981 08:30,8
3316,Tapi at Ukai,CWC,24,Gujarat,641,TAPI,SONGADH,-,-,Narmada,Narmada,Unch,-,-,Tapi,21.25029528,73.59093389,01-10-1981 08:30,41
3317,Tapi at Ukai,CWC,24,Gujarat,641,TAPI,SONGADH,-,-,Narmada,Narmada,Unch,-,-,Tapi,21.25029528,73.59093389,02-10-1981 08:30,1
3318,Tapi at Ukai,CWC,24,Gujarat,641,TAPI,SONGADH,-,-,Narmada,Narmada,Unch,-,-,Tapi,21.25029528,73.59093389,15-06-1982 08:30,1
3319,Tapi at Ukai,CWC,24,Gujarat,641,TAPI,SONGADH,-,-,Narmada,Narmada,Unch,-,-,Tapi,21.25029528,73.59093389,17-06-1982 08:30,1
3320,Tapi at Ukai,CWC,24,Gujarat,641,TAPI,SONGADH,-,-,Narmada,Narmada,Unch,-,-,Tapi,21.25029528,73.59093389,20-06-1982 08:30,1.8
3321,Tapi at Ukai,CWC,24,Gujarat,641,TAPI,SONGADH,-,-,Narmada,Narmada,Unch,-,-,Tapi,21.25029528,73.59093389,21-06-1982 08:30,2.2
3322,Tapi at Ukai,CWC,24,Gujarat,641,TAPI,SONGADH,-,-,Narmada,Narmada,Unch,-,-,Tapi,21.25029528,73.59093389,22-06-1982 08:30,37
3323,Tapi at Ukai,CWC,24,Gujarat,641,TAPI,SONGADH,-,-,Narmada,Narmada,Unch,-,-,Tapi,21.25029528,73.59093389,09-07-1982 08:30,4
3324,Tapi at Ukai,CWC,24,Gujarat,641,TAPI,SONGADH,-,-,Narmada,Narmada,Unch,-,-,Tapi,21.25029528,73.59093389,10-07-1982 08:30,8.2
3325,Tapi at Ukai,CWC,24,Gujarat,641,TAPI,SONGADH,-,-,Narmada,Narmada,Unch,-,-,Tapi,21.25029528,73.59093389,12-07-1982 08:30,28.8
3326,Tapi at Ukai,CWC,24,Gujarat,641,TAPI,SONGADH,-,-,Narmada,Narmada,Unch,-,-,Tapi,21.25029528,73.59093389,13-07-1982 08:30,9.4
3327,Tapi at Ukai,CWC,24,Gujarat,641,TAPI,SONGADH,-,-,Narmada,Narmada,Unch,-,-,Tapi,21.25029528,73.59093389,14-07-1982 08:30,0.6
3328,Tapi at Ukai,CWC,24,Gujarat,641,TAPI,SONGADH,-,-,Narmada,Narmada,Unch,-,-,Tapi,21.25029528,73.59093389,15-07-1982 08:30,1.6
3329,Tapi at Ukai,CWC,24,Gujarat,641,TAPI,SONGADH,-,-,Narmada,Narmada,Unch,-,-,Tapi,21.25029528,73.59093389,16-07-1982 08:30,2.8
3330,Tapi at Ukai,CWC,24,Gujarat,641,TAPI,SONGADH,-,-,Narmada,Narmada,Unch,-,-,Tapi,21.25029528,73.59093389,17-07-1982 08:30,14.4
3331,Tapi at Ukai,CWC,24,Gujarat,641,TAPI,SONGADH,-,-,Narmada,Narmada,Unch,-,-,Tapi,21.25029528,73.59093389,18-07-1982 08:30,1
3332,Tapi at Ukai,CWC,24,Gujarat,641,TAPI,SONGADH,-,-,Narmada,Narmada,Unch,-,-,Tapi,21.25029528,73.59093389,21-07-1982 08:30,2.8
3333,Tapi at Ukai,CWC,24,Gujarat,641,TAPI,SONGADH,-,-,Narmada,Narmada,Unch,-,-,Tapi,21.25029528,73.59093389,22-07-1982 08:30,22
3334,Tapi at Ukai,CWC,24,Gujarat,641,TAPI,SONGADH,-,-,Narmada,Narmada,Unch,-,-,Tapi,21.25029528,73.59093389,23-07-1982 08:30,55.6
3335,Tapi at Ukai,CWC,24,Gujarat,641,TAPI,SONGADH,-,-,Narmada,Narmada,Unch,-,-,Tapi,21.25029528,73.59093389,24-07-1982 08:30,57
3336,Tapi at Ukai,CWC,24,Gujarat,641,TAPI,SONGADH,-,-,Narmada,Narmada,Unch,-,-,Tapi,21.25029528,73.59093389,25-07-1982 08:30,39.4
3337,Tapi at Ukai,CWC,24,Gujarat,641,TAPI,SONGADH,-,-,Narmada,Narmada,Unch,-,-,Tapi,21.25029528,73.59093389,26-07-1982 08:30,255.4
3338,Tapi at Ukai,CWC,24,Gujarat,641,TAPI,SONGADH,-,-,Narmada,Narmada,Unch,-,-,Tapi,21.25029528,73.59093389,27-07-1982 08:30,5.2
3339,Tapi at Ukai,CWC,24,Gujarat,641,TAPI,SONGADH,-,-,Narmada,Narmada,Unch,-,-,Tapi,21.25029528,73.59093389,28-07-1982 08:30,8.2
3340,Tapi at Ukai,CWC,24,Gujarat,641,TAPI,SONGADH,-,-,Narmada,Narmada,Unch,-,-,Tapi,21.25029528,73.59093389,29-07-1982 08:30,7.6
3341,Tapi at Ukai,CWC,24,Gujarat,641,TAPI,SONGADH,-,-,Narmada,Narmada,Unch,-,-,Tapi,21.25029528,73.59093389,30-07-1982 08:30,11.2
3342,Tapi at Ukai,CWC,24,Gujarat,641,TAPI,SONGADH,-,-,Narmada,Narmada,Unch,-,-,Tapi,21.25029528,73.59093389,31-07-1982 08:30,1.4
3343,Tapi at Ukai,CWC,24,Gujarat,641,TAPI,SONGADH,-,-,Narmada,Narmada,Unch,-,-,Tapi,21.25029528,73.59093389,01-08-1982 08:30,2.2
3344,Tapi at Ukai,CWC,24,Gujarat,641,TAPI,SONGADH,-,-,Narmada,Narmada,Unch,-,-,Tapi,21.25029528,73.59093389,02-08-1982 08:30,0.6
3345,Tapi at Ukai,CWC,24,Gujarat,641,TAPI,SONGADH,-,-,Narmada,Narmada,Unch,-,-,Tapi,21.25029528,73.59093389,03-08-1982 08:30,2
3346,Tapi at Ukai,CWC,24,Gujarat,641,TAPI,SONGADH,-,-,Narmada,Narmada,Unch,-,-,Tapi,21.25029528,73.59093389,04-08-1982 08:30,23.4
3347,Tapi at Ukai,CWC,24,Gujarat,641,TAPI,SONGADH,-,-,Narmada,Narmada,Unch,-,-,Tapi,21.25029528,73.59093389,05-08-1982 08:30,18.8
3348,Tapi at Ukai,CWC,24,Gujarat,641,TAPI,SONGADH,-,-,Narmada,Narmada,Unch,-,-,Tapi,21.25029528,73.59093389,06-08-1982 08:30,41
3349,Tapi at Ukai,CWC,24,Gujarat,641,TAPI,SONGADH,-,-,Narmada,Narmada,Unch,-,-,Tapi,21.25029528,73.59093389,08-08-1982 08:30,12
3350,Tapi at Ukai,CWC,24,Gujarat,641,TAPI,SONGADH,-,-,Narmada,Narmada,Unch,-,-,Tapi,21.25029528,73.59093389,09-08-1982 08:30,23
3351,Tapi at Ukai,CWC,24,Gujarat,641,TAPI,SONGADH,-,-,Narmada,Narmada,Unch,-,-,Tapi,21.25029528,73.59093389,10-08-1982 08:30,23.2
3352,Tapi at Ukai,CWC,24,Gujarat,641,TAPI,SONGADH,-,-,Narmada,Narmada,Unch,-,-,Tapi,21.25029528,73.59093389,11-08-1982 08:30,9.2
3353,Tapi at Ukai,CWC,24,Gujarat,641,TAPI,SONGADH,-,-,Narmada,Narmada,Unch,-,-,Tapi,21.25029528,73.59093389,12-08-1982 08:30,18.4
3354,Tapi at Ukai,CWC,24,Gujarat,641,TAPI,SONGADH,-,-,Narmada,Narmada,Unch,-,-,Tapi,21.25029528,73.59093389,13-08-1982 08:30,6.4
3355,Tapi at Ukai,CWC,24,Gujarat,641,TAPI,SONGADH,-,-,Narmada,Narmada,Unch,-,-,Tapi,21.25029528,73.59093389,14-08-1982 08:30,78.6
3356,Tapi at Ukai,CWC,24,Gujarat,641,TAPI,SONGADH,-,-,Narmada,Narmada,Unch,-,-,Tapi,21.25029528,73.59093389,15-08-1982 08:30,68.4
3357,Tapi at Ukai,CWC,24,Gujarat,641,TAPI,SONGADH,-,-,Narmada,Narmada,Unch,-,-,Tapi,21.25029528,73.59093389,16-08-1982 08:30,5
3358,Tapi at Ukai,CWC,24,Gujarat,641,TAPI,SONGADH,-,-,Narmada,Narmada,Unch,-,-,Tapi,21.25029528,73.59093389,17-08-1982 08:30,23.8
3359,Tapi at Ukai,CWC,24,Gujarat,641,TAPI,SONGADH,-,-,Narmada,Narmada,Unch,-,-,Tapi,21.25029528,73.59093389,18-08-1982 08:30,18
3360,Tapi at Ukai,CWC,24,Gujarat,641,TAPI,SONGADH,-,-,Narmada,Narmada,Unch,-,-,Tapi,21.25029528,73.59093389,19-08-1982 08:30,14.8
3361,Tapi at Ukai,CWC,24,Gujarat,641,TAPI,SONGADH,-,-,Narmada,Narmada,Unch,-,-,Tapi,21.25029528,73.59093389,20-08-1982 08:30,11.6
3362,Tapi at Ukai,CWC,24,Gujarat,641,TAPI,SONGADH,-,-,Narmada,Narmada,Unch,-,-,Tapi,21.25029528,73.59093389,21-08-1982 08:30,25
3363,Tapi at Ukai,CWC,24,Gujarat,641,TAPI,SONGADH,-,-,Narmada,Narmada,Unch,-,-,Tapi,21.25029528,73.59093389,22-08-1982 08:30,9.6
3364,Tapi at Ukai,CWC,24,Gujarat,641,TAPI,SONGADH,-,-,Narmada,Narmada,Unch,-,-,Tapi,21.25029528,73.59093389,24-08-1982 08:30,1.2
3365,Tapi at Ukai,CWC,24,Gujarat,641,TAPI,SONGADH,-,-,Narmada,Narmada,Unch,-,-,Tapi,21.25029528,73.59093389,25-08-1982 08:30,11
3366,Tapi at Ukai,CWC,24,Gujarat,641,TAPI,SONGADH,-,-,Narmada,Narmada,Unch,-,-,Tapi,21.25029528,73.59093389,26-08-1982 08:30,1.2
3367,Tapi at Ukai,CWC,24,Gujarat,641,TAPI,SONGADH,-,-,Narmada,Narmada,Unch,-,-,Tapi,21.25029528,73.59093389,27-08-1982 08:30,3
3368,Tapi at Ukai,CWC,24,Gujarat,641,TAPI,SONGADH,-,-,Narmada,Narmada,Unch,-,-,Tapi,21.25029528,73.59093389,28-08-1982 08:30,4.4
3369,Tapi at Ukai,CWC,24,Gujarat,641,TAPI,SONGADH,-,-,Narmada,Narmada,Unch,-,-,Tapi,21.25029528,73.59093389,29-08-1982 08:30,3.6
3370,Tapi at Ukai,CWC,24,Gujarat,641,TAPI,SONGADH,-,-,Narmada,Narmada,Unch,-,-,Tapi,21.25029528,73.59093389,30-08-1982 08:30,4.2
3371,Tapi at Ukai,CWC,24,Gujarat,641,TAPI,SONGADH,-,-,Narmada,Narmada,Unch,-,-,Tapi,21.25029528,73.59093389,31-08-1982 08:30,8
3372,Tapi at Ukai,CWC,24,Gujarat,641,TAPI,SONGADH,-,-,Narmada,Narmada,Unch,-,-,Tapi,21.25029528,73.59093389,05-09-1982 08:30,0.2
3373,Tapi at Ukai,CWC,24,Gujarat,641,TAPI,SONGADH,-,-,Narmada,Narmada,Unch,-,-,Tapi,21.25029528,73.59093389,11-09-1982 08:30,22
3374,Tapi at Ukai,CWC,24,Gujarat,641,TAPI,SONGADH,-,-,Narmada,Narmada,Unch,-,-,Tapi,21.25029528,73.59093389,15-09-1982 08:30,2
3375,Tapi at Ukai,CWC,24,Gujarat,641,TAPI,SONGADH,-,-,Narmada,Narmada,Unch,-,-,Tapi,21.25029528,73.59093389,16-09-1982 08:30,1.6
3376,Tapi at Ukai,CWC,24,Gujarat,641,TAPI,SONGADH,-,-,Narmada,Narmada,Unch,-,-,Tapi,21.25029528,73.59093389,21-09-1982 08:30,2
3377,Tapi at Ukai,CWC,24,Gujarat,641,TAPI,SONGADH,-,-,Narmada,Narmada,Unch,-,-,Tapi,21.25029528,73.59093389,22-09-1982 08:30,10.2
3378,Tapi at Ukai,CWC,24,Gujarat,641,TAPI,SONGADH,-,-,Narmada,Narmada,Unch,-,-,Tapi,21.25029528,73.59093389,23-09-1982 08:30,16.6
3379,Tapi at Ukai,CWC,24,Gujarat,641,TAPI,SONGADH,-,-,Narmada,Narmada,Unch,-,-,Tapi,21.25029528,73.59093389,07-11-1982 08:30,52
3380,Tapi at Ukai,CWC,24,Gujarat,641,TAPI,SONGADH,-,-,Narmada,Narmada,Unch,-,-,Tapi,21.25029528,73.59093389,08-11-1982 08:30,4
3381,Tapi at Ukai,CWC,24,Gujarat,641,TAPI,SONGADH,-,-,Narmada,Narmada,Unch,-,-,Tapi,21.25029528,73.59093389,09-11-1982 08:30,27.8
3382,Tapi at Ukai,CWC,24,Gujarat,641,TAPI,SONGADH,-,-,Narmada,Narmada,Unch,-,-,Tapi,21.25029528,73.59093389,19-11-1982 08:30,22.3
3383,Tapi at Ukai,CWC,24,Gujarat,641,TAPI,SONGADH,-,-,Narmada,Narmada,Unch,-,-,Tapi,21.25029528,73.59093389,14-06-1983 08:30,1.6
3384,Tapi at Ukai,CWC,24,Gujarat,641,TAPI,SONGADH,-,-,Narmada,Narmada,Unch,-,-,Tapi,21.25029528,73.59093389,17-06-1983 08:30,21.6
3385,Tapi at Ukai,CWC,24,Gujarat,641,TAPI,SONGADH,-,-,Narmada,Narmada,Unch,-,-,Tapi,21.25029528,73.59093389,18-06-1983 08:30,2.4
3386,Tapi at Ukai,CWC,24,Gujarat,641,TAPI,SONGADH,-,-,Narmada,Narmada,Unch,-,-,Tapi,21.25029528,73.59093389,19-06-1983 08:30,1.2
3387,Tapi at Ukai,CWC,24,Gujarat,641,TAPI,SONGADH,-,-,Narmada,Narmada,Unch,-,-,Tapi,21.25029528,73.59093389,20-06-1983 08:30,1.4
3388,Tapi at Ukai,CWC,24,Gujarat,641,TAPI,SONGADH,-,-,Narmada,Narmada,Unch,-,-,Tapi,21.25029528,73.59093389,21-06-1983 08:30,14
3389,Tapi at Ukai,CWC,24,Gujarat,641,TAPI,SONGADH,-,-,Narmada,Narmada,Unch,-,-,Tapi,21.25029528,73.59093389,22-06-1983 08:30,14.8
3390,Tapi at Ukai,CWC,24,Gujarat,641,TAPI,SONGADH,-,-,Narmada,Narmada,Unch,-,-,Tapi,21.25029528,73.59093389,23-06-1983 08:30,7.4
3391,Tapi at Ukai,CWC,24,Gujarat,641,TAPI,SONGADH,-,-,Narmada,Narmada,Unch,-,-,Tapi,21.25029528,73.59093389,24-06-1983 08:30,2.4
3392,Tapi at Ukai,CWC,24,Gujarat,641,TAPI,SONGADH,-,-,Narmada,Narmada,Unch,-,-,Tapi,21.25029528,73.59093389,27-06-1983 08:30,7.2
3393,Tapi at Ukai,CWC,24,Gujarat,641,TAPI,SONGADH,-,-,Narmada,Narmada,Unch,-,-,Tapi,21.25029528,73.59093389,28-06-1983 08:30,16.4
3394,Tapi at Ukai,CWC,24,Gujarat,641,TAPI,SONGADH,-,-,Narmada,Narmada,Unch,-,-,Tapi,21.25029528,73.59093389,30-06-1983 08:30,1
3395,Tapi at Ukai,CWC,24,Gujarat,641,TAPI,SONGADH,-,-,Narmada,Narmada,Unch,-,-,Tapi,21.25029528,73.59093389,01-07-1983 08:30,1.2
3396,Tapi at Ukai,CWC,24,Gujarat,641,TAPI,SONGADH,-,-,Narmada,Narmada,Unch,-,-,Tapi,21.25029528,73.59093389,02-07-1983 08:30,2
3397,Tapi at Ukai,CWC,24,Gujarat,641,TAPI,SONGADH,-,-,Narmada,Narmada,Unch,-,-,Tapi,21.25029528,73.59093389,03-07-1983 08:30,33.2
3398,Tapi at Ukai,CWC,24,Gujarat,641,TAPI,SONGADH,-,-,Narmada,Narmada,Unch,-,-,Tapi,21.25029528,73.59093389,04-07-1983 08:30,63.8
3399,Tapi at Ukai,CWC,24,Gujarat,641,TAPI,SONGADH,-,-,Narmada,Narmada,Unch,-,-,Tapi,21.25029528,73.59093389,05-07-1983 08:30,5.6
3400,Tapi at Ukai,CWC,24,Gujarat,641,TAPI,SONGADH,-,-,Narmada,Narmada,Unch,-,-,Tapi,21.25029528,73.59093389,06-07-1983 08:30,1.6
3401,Tapi at Ukai,CWC,24,Gujarat,641,TAPI,SONGADH,-,-,Narmada,Narmada,Unch,-,-,Tapi,21.25029528,73.59093389,07-07-1983 08:30,3.6
3402,Tapi at Ukai,CWC,24,Gujarat,641,TAPI,SONGADH,-,-,Narmada,Narmada,Unch,-,-,Tapi,21.25029528,73.59093389,10-07-1983 08:30,21.8
3403,Tapi at Ukai,CWC,24,Gujarat,641,TAPI,SONGADH,-,-,Narmada,Narmada,Unch,-,-,Tapi,21.25029528,73.59093389,11-07-1983 08:30,39.8
3404,Tapi at Ukai,CWC,24,Gujarat,641,TAPI,SONGADH,-,-,Narmada,Narmada,Unch,-,-,Tapi,21.25029528,73.59093389,12-07-1983 08:30,32.6
3405,Tapi at Ukai,CWC,24,Gujarat,641,TAPI,SONGADH,-,-,Narmada,Narmada,Unch,-,-,Tapi,21.25029528,73.59093389,13-07-1983 08:30,11
3406,Tapi at Ukai,CWC,24,Gujarat,641,TAPI,SONGADH,-,-,Narmada,Narmada,Unch,-,-,Tapi,21.25029528,73.59093389,14-07-1983 08:30,13.2
3407,Tapi at Ukai,CWC,24,Gujarat,641,TAPI,SONGADH,-,-,Narmada,Narmada,Unch,-,-,Tapi,21.25029528,73.59093389,18-07-1983 08:30,51
3408,Tapi at Ukai,CWC,24,Gujarat,641,TAPI,SONGADH,-,-,Narmada,Narmada,Unch,-,-,Tapi,21.25029528,73.59093389,19-07-1983 08:30,85.3
3409,Tapi at Ukai,CWC,24,Gujarat,641,TAPI,SONGADH,-,-,Narmada,Narmada,Unch,-,-,Tapi,21.25029528,73.59093389,20-07-1983 08:30,59
3410,Tapi at Ukai,CWC,24,Gujarat,641,TAPI,SONGADH,-,-,Narmada,Narmada,Unch,-,-,Tapi,21.25029528,73.59093389,21-07-1983 08:30,11.2
3411,Tapi at Ukai,CWC,24,Gujarat,641,TAPI,SONGADH,-,-,Narmada,Narmada,Unch,-,-,Tapi,21.25029528,73.59093389,22-07-1983 08:30,5.6
3412,Tapi at Ukai,CWC,24,Gujarat,641,TAPI,SONGADH,-,-,Narmada,Narmada,Unch,-,-,Tapi,21.25029528,73.59093389,23-07-1983 08:30,9.4
3413,Tapi at Ukai,CWC,24,Gujarat,641,TAPI,SONGADH,-,-,Narmada,Narmada,Unch,-,-,Tapi,21.25029528,73.59093389,24-07-1983 08:30,1.4
3414,Tapi at Ukai,CWC,24,Gujarat,641,TAPI,SONGADH,-,-,Narmada,Narmada,Unch,-,-,Tapi,21.25029528,73.59093389,25-07-1983 08:30,6.8
3415,Tapi at Ukai,CWC,24,Gujarat,641,TAPI,SONGADH,-,-,Narmada,Narmada,Unch,-,-,Tapi,21.25029528,73.59093389,26-07-1983 08:30,19.5
3416,Tapi at Ukai,CWC,24,Gujarat,641,TAPI,SONGADH,-,-,Narmada,Narmada,Unch,-,-,Tapi,21.25029528,73.59093389,27-07-1983 08:30,36.6
3417,Tapi at Ukai,CWC,24,Gujarat,641,TAPI,SONGADH,-,-,Narmada,Narmada,Unch,-,-,Tapi,21.25029528,73.59093389,28-07-1983 08:30,4.4
3418,Tapi at Ukai,CWC,24,Gujarat,641,TAPI,SONGADH,-,-,Narmada,Narmada,Unch,-,-,Tapi,21.25029528,73.59093389,29-07-1983 08:30,9
3419,Tapi at Ukai,CWC,24,Gujarat,641,TAPI,SONGADH,-,-,Narmada,Narmada,Unch,-,-,Tapi,21.25029528,73.59093389,30-07-1983 08:30,31.8
3420,Tapi at Ukai,CWC,24,Gujarat,641,TAPI,SONGADH,-,-,Narmada,Narmada,Unch,-,-,Tapi,21.25029528,73.59093389,31-07-1983 08:30,7
3421,Tapi at Ukai,CWC,24,Gujarat,641,TAPI,SONGADH,-,-,Narmada,Narmada,Unch,-,-,Tapi,21.25029528,73.59093389,01-08-1983 08:30,7.6
3422,Tapi at Ukai,CWC,24,Gujarat,641,TAPI,SONGADH,-,-,Narmada,Narmada,Unch,-,-,Tapi,21.25029528,73.59093389,02-08-1983 08:30,61
3423,Tapi at Ukai,CWC,24,Gujarat,641,TAPI,SONGADH,-,-,Narmada,Narmada,Unch,-,-,Tapi,21.25029528,73.59093389,03-08-1983 08:30,0.6
3424,Tapi at Ukai,CWC,24,Gujarat,641,TAPI,SONGADH,-,-,Narmada,Narmada,Unch,-,-,Tapi,21.25029528,73.59093389,04-08-1983 08:30,16
3425,Tapi at Ukai,CWC,24,Gujarat,641,TAPI,SONGADH,-,-,Narmada,Narmada,Unch,-,-,Tapi,21.25029528,73.59093389,05-08-1983 08:30,7.8
3426,Tapi at Ukai,CWC,24,Gujarat,641,TAPI,SONGADH,-,-,Narmada,Narmada,Unch,-,-,Tapi,21.25029528,73.59093389,06-08-1983 08:30,45.6
3427,Tapi at Ukai,CWC,24,Gujarat,641,TAPI,SONGADH,-,-,Narmada,Narmada,Unch,-,-,Tapi,21.25029528,73.59093389,07-08-1983 08:30,4.6
3428,Tapi at Ukai,CWC,24,Gujarat,641,TAPI,SONGADH,-,-,Narmada,Narmada,Unch,-,-,Tapi,21.25029528,73.59093389,08-08-1983 08:30,69
3429,Tapi at Ukai,CWC,24,Gujarat,641,TAPI,SONGADH,-,-,Narmada,Narmada,Unch,-,-,Tapi,21.25029528,73.59093389,09-08-1983 08:30,5.4
3430,Tapi at Ukai,CWC,24,Gujarat,641,TAPI,SONGADH,-,-,Narmada,Narmada,Unch,-,-,Tapi,21.25029528,73.59093389,10-08-1983 08:30,0.6
3431,Tapi at Ukai,CWC,24,Gujarat,641,TAPI,SONGADH,-,-,Narmada,Narmada,Unch,-,-,Tapi,21.25029528,73.59093389,11-08-1983 08:30,15.4
3432,Tapi at Ukai,CWC,24,Gujarat,641,TAPI,SONGADH,-,-,Narmada,Narmada,Unch,-,-,Tapi,21.25029528,73.59093389,12-08-1983 08:30,47
3433,Tapi at Ukai,CWC,24,Gujarat,641,TAPI,SONGADH,-,-,Narmada,Narmada,Unch,-,-,Tapi,21.25029528,73.59093389,13-08-1983 08:30,111.4
3434,Tapi at Ukai,CWC,24,Gujarat,641,TAPI,SONGADH,-,-,Narmada,Narmada,Unch,-,-,Tapi,21.25029528,73.59093389,14-08-1983 08:30,1
3435,Tapi at Ukai,CWC,24,Gujarat,641,TAPI,SONGADH,-,-,Narmada,Narmada,Unch,-,-,Tapi,21.25029528,73.59093389,15-08-1983 08:30,40
3436,Tapi at Ukai,CWC,24,Gujarat,641,TAPI,SONGADH,-,-,Narmada,Narmada,Unch,-,-,Tapi,21.25029528,73.59093389,16-08-1983 08:30,33.2
3437,Tapi at Ukai,CWC,24,Gujarat,641,TAPI,SONGADH,-,-,Narmada,Narmada,Unch,-,-,Tapi,21.25029528,73.59093389,17-08-1983 08:30,4
3438,Tapi at Ukai,CWC,24,Gujarat,641,TAPI,SONGADH,-,-,Narmada,Narmada,Unch,-,-,Tapi,21.25029528,73.59093389,18-08-1983 08:30,0.8
3439,Tapi at Ukai,CWC,24,Gujarat,641,TAPI,SONGADH,-,-,Narmada,Narmada,Unch,-,-,Tapi,21.25029528,73.59093389,19-08-1983 08:30,8
3440,Tapi at Ukai,CWC,24,Gujarat,641,TAPI,SONGADH,-,-,Narmada,Narmada,Unch,-,-,Tapi,21.25029528,73.59093389,20-08-1983 08:30,21.6
3441,Tapi at Ukai,CWC,24,Gujarat,641,TAPI,SONGADH,-,-,Narmada,Narmada,Unch,-,-,Tapi,21.25029528,73.59093389,21-08-1983 08:30,14
3442,Tapi at Ukai,CWC,24,Gujarat,641,TAPI,SONGADH,-,-,Narmada,Narmada,Unch,-,-,Tapi,21.25029528,73.59093389,22-08-1983 08:30,1.8
3443,Tapi at Ukai,CWC,24,Gujarat,641,TAPI,SONGADH,-,-,Narmada,Narmada,Unch,-,-,Tapi,21.25029528,73.59093389,23-08-1983 08:30,0.5
3444,Tapi at Ukai,CWC,24,Gujarat,641,TAPI,SONGADH,-,-,Narmada,Narmada,Unch,-,-,Tapi,21.25029528,73.59093389,24-08-1983 08:30,0.6
3445,Tapi at Ukai,CWC,24,Gujarat,641,TAPI,SONGADH,-,-,Narmada,Narmada,Unch,-,-,Tapi,21.25029528,73.59093389,25-08-1983 08:30,2
3446,Tapi at Ukai,CWC,24,Gujarat,641,TAPI,SONGADH,-,-,Narmada,Narmada,Unch,-,-,Tapi,21.25029528,73.59093389,26-08-1983 08:30,0.6
3447,Tapi at Ukai,CWC,24,Gujarat,641,TAPI,SONGADH,-,-,Narmada,Narmada,Unch,-,-,Tapi,21.25029528,73.59093389,27-08-1983 08:30,1
3448,Tapi at Ukai,CWC,24,Gujarat,641,TAPI,SONGADH,-,-,Narmada,Narmada,Unch,-,-,Tapi,21.25029528,73.59093389,28-08-1983 08:30,6.2
3449,Tapi at Ukai,CWC,24,Gujarat,641,TAPI,SONGADH,-,-,Narmada,Narmada,Unch,-,-,Tapi,21.25029528,73.59093389,29-08-1983 08:30,0.5
3450,Tapi at Ukai,CWC,24,Gujarat,641,TAPI,SONGADH,-,-,Narmada,Narmada,Unch,-,-,Tapi,21.25029528,73.59093389,30-08-1983 08:30,1
3451,Tapi at Ukai,CWC,24,Gujarat,641,TAPI,SONGADH,-,-,Narmada,Narmada,Unch,-,-,Tapi,21.25029528,73.59093389,31-08-1983 08:30,0.5
3452,Tapi at Ukai,CWC,24,Gujarat,641,TAPI,SONGADH,-,-,Narmada,Narmada,Unch,-,-,Tapi,21.25029528,73.59093389,02-09-1983 08:30,4.2
3453,Tapi at Ukai,CWC,24,Gujarat,641,TAPI,SONGADH,-,-,Narmada,Narmada,Unch,-,-,Tapi,21.25029528,73.59093389,03-09-1983 08:30,12.3
3454,Tapi at Ukai,CWC,24,Gujarat,641,TAPI,SONGADH,-,-,Narmada,Narmada,Unch,-,-,Tapi,21.25029528,73.59093389,04-09-1983 08:30,0.4
3455,Tapi at Ukai,CWC,24,Gujarat,641,TAPI,SONGADH,-,-,Narmada,Narmada,Unch,-,-,Tapi,21.25029528,73.59093389,05-09-1983 08:30,6.8
3456,Tapi at Ukai,CWC,24,Gujarat,641,TAPI,SONGADH,-,-,Narmada,Narmada,Unch,-,-,Tapi,21.25029528,73.59093389,06-09-1983 08:30,11
3457,Tapi at Ukai,CWC,24,Gujarat,641,TAPI,SONGADH,-,-,Narmada,Narmada,Unch,-,-,Tapi,21.25029528,73.59093389,07-09-1983 08:30,3.6
3458,Tapi at Ukai,CWC,24,Gujarat,641,TAPI,SONGADH,-,-,Narmada,Narmada,Unch,-,-,Tapi,21.25029528,73.59093389,08-09-1983 08:30,5.4
3459,Tapi at Ukai,CWC,24,Gujarat,641,TAPI,SONGADH,-,-,Narmada,Narmada,Unch,-,-,Tapi,21.25029528,73.59093389,09-09-1983 08:30,17.2
3460,Tapi at Ukai,CWC,24,Gujarat,641,TAPI,SONGADH,-,-,Narmada,Narmada,Unch,-,-,Tapi,21.25029528,73.59093389,10-09-1983 08:30,1.3
3461,Tapi at Ukai,CWC,24,Gujarat,641,TAPI,SONGADH,-,-,Narmada,Narmada,Unch,-,-,Tapi,21.25029528,73.59093389,11-09-1983 08:30,4.4
3462,Tapi at Ukai,CWC,24,Gujarat,641,TAPI,SONGADH,-,-,Narmada,Narmada,Unch,-,-,Tapi,21.25029528,73.59093389,14-09-1983 08:30,7.2
3463,Tapi at Ukai,CWC,24,Gujarat,641,TAPI,SONGADH,-,-,Narmada,Narmada,Unch,-,-,Tapi,21.25029528,73.59093389,15-09-1983 08:30,67.9
3464,Tapi at Ukai,CWC,24,Gujarat,641,TAPI,SONGADH,-,-,Narmada,Narmada,Unch,-,-,Tapi,21.25029528,73.59093389,16-09-1983 08:30,0.1
3465,Tapi at Ukai,CWC,24,Gujarat,641,TAPI,SONGADH,-,-,Narmada,Narmada,Unch,-,-,Tapi,21.25029528,73.59093389,17-09-1983 08:30,0.8
3466,Tapi at Ukai,CWC,24,Gujarat,641,TAPI,SONGADH,-,-,Narmada,Narmada,Unch,-,-,Tapi,21.25029528,73.59093389,18-09-1983 08:30,18.5
3467,Tapi at Ukai,CWC,24,Gujarat,641,TAPI,SONGADH,-,-,Narmada,Narmada,Unch,-,-,Tapi,21.25029528,73.59093389,20-09-1983 08:30,19.4
3468,Tapi at Ukai,CWC,24,Gujarat,641,TAPI,SONGADH,-,-,Narmada,Narmada,Unch,-,-,Tapi,21.25029528,73.59093389,22-09-1983 08:30,92.6
3469,Tapi at Ukai,CWC,24,Gujarat,641,TAPI,SONGADH,-,-,Narmada,Narmada,Unch,-,-,Tapi,21.25029528,73.59093389,23-09-1983 08:30,1
3470,Tapi at Ukai,CWC,24,Gujarat,641,TAPI,SONGADH,-,-,Narmada,Narmada,Unch,-,-,Tapi,21.25029528,73.59093389,24-09-1983 08:30,0.3
3471,Tapi at Ukai,CWC,24,Gujarat,641,TAPI,SONGADH,-,-,Narmada,Narmada,Unch,-,-,Tapi,21.25029528,73.59093389,25-09-1983 08:30,24.8
3472,Tapi at Ukai,CWC,24,Gujarat,641,TAPI,SONGADH,-,-,Narmada,Narmada,Unch,-,-,Tapi,21.25029528,73.59093389,26-09-1983 08:30,0.4
3473,Tapi at Ukai,CWC,24,Gujarat,641,TAPI,SONGADH,-,-,Narmada,Narmada,Unch,-,-,Tapi,21.25029528,73.59093389,01-10-1983 08:30,16.3
3474,Tapi at Ukai,CWC,24,Gujarat,641,TAPI,SONGADH,-,-,Narmada,Narmada,Unch,-,-,Tapi,21.25029528,73.59093389,07-10-1983 08:30,7.2
3475,Tapi at Ukai,CWC,24,Gujarat,641,TAPI,SONGADH,-,-,Narmada,Narmada,Unch,-,-,Tapi,21.25029528,73.59093389,08-10-1983 08:30,0.8
3476,Tapi at Ukai,CWC,24,Gujarat,641,TAPI,SONGADH,-,-,Narmada,Narmada,Unch,-,-,Tapi,21.25029528,73.59093389,09-10-1983 08:30,1.2
3477,Tapi at Ukai,CWC,24,Gujarat,641,TAPI,SONGADH,-,-,Narmada,Narmada,Unch,-,-,Tapi,21.25029528,73.59093389,10-10-1983 08:30,21.8
3478,Tapi at Ukai,CWC,24,Gujarat,641,TAPI,SONGADH,-,-,Narmada,Narmada,Unch,-,-,Tapi,21.25029528,73.59093389,11-10-1983 08:30,10.4
3479,Tapi at Ukai,CWC,24,Gujarat,641,TAPI,SONGADH,-,-,Narmada,Narmada,Unch,-,-,Tapi,21.25029528,73.59093389,12-10-1983 08:30,0.2
3480,Tapi at Ukai,CWC,24,Gujarat,641,TAPI,SONGADH,-,-,Narmada,Narmada,Unch,-,-,Tapi,21.25029528,73.59093389,15-06-1984 08:30,1.5
3481,Tapi at Ukai,CWC,24,Gujarat,641,TAPI,SONGADH,-,-,Narmada,Narmada,Unch,-,-,Tapi,21.25029528,73.59093389,16-06-1984 08:30,1.5
3482,Tapi at Ukai,CWC,24,Gujarat,641,TAPI,SONGADH,-,-,Narmada,Narmada,Unch,-,-,Tapi,21.25029528,73.59093389,17-06-1984 08:30,118.6
3483,Tapi at Ukai,CWC,24,Gujarat,641,TAPI,SONGADH,-,-,Narmada,Narmada,Unch,-,-,Tapi,21.25029528,73.59093389,18-06-1984 08:30,12
3484,Tapi at Ukai,CWC,24,Gujarat,641,TAPI,SONGADH,-,-,Narmada,Narmada,Unch,-,-,Tapi,21.25029528,73.59093389,19-06-1984 08:30,6.4
3485,Tapi at Ukai,CWC,24,Gujarat,641,TAPI,SONGADH,-,-,Narmada,Narmada,Unch,-,-,Tapi,21.25029528,73.59093389,01-07-1984 08:30,0.7
3486,Tapi at Ukai,CWC,24,Gujarat,641,TAPI,SONGADH,-,-,Narmada,Narmada,Unch,-,-,Tapi,21.25029528,73.59093389,02-07-1984 08:30,40.4
3487,Tapi at Ukai,CWC,24,Gujarat,641,TAPI,SONGADH,-,-,Narmada,Narmada,Unch,-,-,Tapi,21.25029528,73.59093389,03-07-1984 08:30,4.3
3488,Tapi at Ukai,CWC,24,Gujarat,641,TAPI,SONGADH,-,-,Narmada,Narmada,Unch,-,-,Tapi,21.25029528,73.59093389,04-07-1984 08:30,2.7
3489,Tapi at Ukai,CWC,24,Gujarat,641,TAPI,SONGADH,-,-,Narmada,Narmada,Unch,-,-,Tapi,21.25029528,73.59093389,05-07-1984 08:30,31.8
3490,Tapi at Ukai,CWC,24,Gujarat,641,TAPI,SONGADH,-,-,Narmada,Narmada,Unch,-,-,Tapi,21.25029528,73.59093389,06-07-1984 08:30,15.2
3491,Tapi at Ukai,CWC,24,Gujarat,641,TAPI,SONGADH,-,-,Narmada,Narmada,Unch,-,-,Tapi,21.25029528,73.59093389,07-07-1984 08:30,50
3492,Tapi at Ukai,CWC,24,Gujarat,641,TAPI,SONGADH,-,-,Narmada,Narmada,Unch,-,-,Tapi,21.25029528,73.59093389,08-07-1984 08:30,20.7
3493,Tapi at Ukai,CWC,24,Gujarat,641,TAPI,SONGADH,-,-,Narmada,Narmada,Unch,-,-,Tapi,21.25029528,73.59093389,09-07-1984 08:30,26
3494,Tapi at Ukai,CWC,24,Gujarat,641,TAPI,SONGADH,-,-,Narmada,Narmada,Unch,-,-,Tapi,21.25029528,73.59093389,10-07-1984 08:30,1.4
3495,Tapi at Ukai,CWC,24,Gujarat,641,TAPI,SONGADH,-,-,Narmada,Narmada,Unch,-,-,Tapi,21.25029528,73.59093389,11-07-1984 08:30,0.7
3496,Tapi at Ukai,CWC,24,Gujarat,641,TAPI,SONGADH,-,-,Narmada,Narmada,Unch,-,-,Tapi,21.25029528,73.59093389,14-07-1984 08:30,1.8
3497,Tapi at Ukai,CWC,24,Gujarat,641,TAPI,SONGADH,-,-,Narmada,Narmada,Unch,-,-,Tapi,21.25029528,73.59093389,16-07-1984 08:30,3.5
3498,Tapi at Ukai,CWC,24,Gujarat,641,TAPI,SONGADH,-,-,Narmada,Narmada,Unch,-,-,Tapi,21.25029528,73.59093389,18-07-1984 08:30,7
3499,Tapi at Ukai,CWC,24,Gujarat,641,TAPI,SONGADH,-,-,Narmada,Narmada,Unch,-,-,Tapi,21.25029528,73.59093389,19-07-1984 08:30,27.5
3500,Tapi at Ukai,CWC,24,Gujarat,641,TAPI,SONGADH,-,-,Narmada,Narmada,Unch,-,-,Tapi,21.25029528,73.59093389,20-07-1984 08:30,4.3
3501,Tapi at Ukai,CWC,24,Gujarat,641,TAPI,SONGADH,-,-,Narmada,Narmada,Unch,-,-,Tapi,21.25029528,73.59093389,21-07-1984 08:30,3
3502,Tapi at Ukai,CWC,24,Gujarat,641,TAPI,SONGADH,-,-,Narmada,Narmada,Unch,-,-,Tapi,21.25029528,73.59093389,22-07-1984 08:30,0.5
3503,Tapi at Ukai,CWC,24,Gujarat,641,TAPI,SONGADH,-,-,Narmada,Narmada,Unch,-,-,Tapi,21.25029528,73.59093389,23-07-1984 08:30,13.8
3504,Tapi at Ukai,CWC,24,Gujarat,641,TAPI,SONGADH,-,-,Narmada,Narmada,Unch,-,-,Tapi,21.25029528,73.59093389,24-07-1984 08:30,3.8
3505,Tapi at Ukai,CWC,24,Gujarat,641,TAPI,SONGADH,-,-,Narmada,Narmada,Unch,-,-,Tapi,21.25029528,73.59093389,25-07-1984 08:30,13.8
3506,Tapi at Ukai,CWC,24,Gujarat,641,TAPI,SONGADH,-,-,Narmada,Narmada,Unch,-,-,Tapi,21.25029528,73.59093389,26-07-1984 08:30,0.7
3507,Tapi at Ukai,CWC,24,Gujarat,641,TAPI,SONGADH,-,-,Narmada,Narmada,Unch,-,-,Tapi,21.25029528,73.59093389,28-07-1984 08:30,1.2
3508,Tapi at Ukai,CWC,24,Gujarat,641,TAPI,SONGADH,-,-,Narmada,Narmada,Unch,-,-,Tapi,21.25029528,73.59093389,29-07-1984 08:30,1.6
3509,Tapi at Ukai,CWC,24,Gujarat,641,TAPI,SONGADH,-,-,Narmada,Narmada,Unch,-,-,Tapi,21.25029528,73.59093389,04-06-1985 08:30,5
3510,Tapi at Ukai,CWC,24,Gujarat,641,TAPI,SONGADH,-,-,Narmada,Narmada,Unch,-,-,Tapi,21.25029528,73.59093389,05-06-1985 08:30,1
3511,Tapi at Ukai,CWC,24,Gujarat,641,TAPI,SONGADH,-,-,Narmada,Narmada,Unch,-,-,Tapi,21.25029528,73.59093389,08-06-1985 08:30,20
3512,Tapi at Ukai,CWC,24,Gujarat,641,TAPI,SONGADH,-,-,Narmada,Narmada,Unch,-,-,Tapi,21.25029528,73.59093389,21-06-1985 08:30,1.4
3513,Tapi at Ukai,CWC,24,Gujarat,641,TAPI,SONGADH,-,-,Narmada,Narmada,Unch,-,-,Tapi,21.25029528,73.59093389,23-06-1985 08:30,6.6
3514,Tapi at Ukai,CWC,24,Gujarat,641,TAPI,SONGADH,-,-,Narmada,Narmada,Unch,-,-,Tapi,21.25029528,73.59093389,29-06-1985 08:30,1.7
3515,Tapi at Ukai,CWC,24,Gujarat,641,TAPI,SONGADH,-,-,Narmada,Narmada,Unch,-,-,Tapi,21.25029528,73.59093389,30-06-1985 08:30,0.3
3516,Tapi at Ukai,CWC,24,Gujarat,641,TAPI,SONGADH,-,-,Narmada,Narmada,Unch,-,-,Tapi,21.25029528,73.59093389,01-07-1985 08:30,0.4
3517,Tapi at Ukai,CWC,24,Gujarat,641,TAPI,SONGADH,-,-,Narmada,Narmada,Unch,-,-,Tapi,21.25029528,73.59093389,03-07-1985 08:30,5.2
3518,Tapi at Ukai,CWC,24,Gujarat,641,TAPI,SONGADH,-,-,Narmada,Narmada,Unch,-,-,Tapi,21.25029528,73.59093389,04-07-1985 08:30,8
3519,Tapi at Ukai,CWC,24,Gujarat,641,TAPI,SONGADH,-,-,Narmada,Narmada,Unch,-,-,Tapi,21.25029528,73.59093389,06-07-1985 08:30,4.3
3520,Tapi at Ukai,CWC,24,Gujarat,641,TAPI,SONGADH,-,-,Narmada,Narmada,Unch,-,-,Tapi,21.25029528,73.59093389,07-07-1985 08:30,5.8
3521,Tapi at Ukai,CWC,24,Gujarat,641,TAPI,SONGADH,-,-,Narmada,Narmada,Unch,-,-,Tapi,21.25029528,73.59093389,08-07-1985 08:30,4.1
3522,Tapi at Ukai,CWC,24,Gujarat,641,TAPI,SONGADH,-,-,Narmada,Narmada,Unch,-,-,Tapi,21.25029528,73.59093389,09-07-1985 08:30,0.2
3523,Tapi at Ukai,CWC,24,Gujarat,641,TAPI,SONGADH,-,-,Narmada,Narmada,Unch,-,-,Tapi,21.25029528,73.59093389,12-07-1985 08:30,1
3524,Tapi at Ukai,CWC,24,Gujarat,641,TAPI,SONGADH,-,-,Narmada,Narmada,Unch,-,-,Tapi,21.25029528,73.59093389,13-07-1985 08:30,1.8
3525,Tapi at Ukai,CWC,24,Gujarat,641,TAPI,SONGADH,-,-,Narmada,Narmada,Unch,-,-,Tapi,21.25029528,73.59093389,14-07-1985 08:30,22.2
3526,Tapi at Ukai,CWC,24,Gujarat,641,TAPI,SONGADH,-,-,Narmada,Narmada,Unch,-,-,Tapi,21.25029528,73.59093389,15-07-1985 08:30,12.4
3527,Tapi at Ukai,CWC,24,Gujarat,641,TAPI,SONGADH,-,-,Narmada,Narmada,Unch,-,-,Tapi,21.25029528,73.59093389,16-07-1985 08:30,15.5
3528,Tapi at Ukai,CWC,24,Gujarat,641,TAPI,SONGADH,-,-,Narmada,Narmada,Unch,-,-,Tapi,21.25029528,73.59093389,17-07-1985 08:30,22.4
3529,Tapi at Ukai,CWC,24,Gujarat,641,TAPI,SONGADH,-,-,Narmada,Narmada,Unch,-,-,Tapi,21.25029528,73.59093389,18-07-1985 08:30,25.9
3530,Tapi at Ukai,CWC,24,Gujarat,641,TAPI,SONGADH,-,-,Narmada,Narmada,Unch,-,-,Tapi,21.25029528,73.59093389,19-07-1985 08:30,10.2
3531,Tapi at Ukai,CWC,24,Gujarat,641,TAPI,SONGADH,-,-,Narmada,Narmada,Unch,-,-,Tapi,21.25029528,73.59093389,20-07-1985 08:30,0.2
3532,Tapi at Ukai,CWC,24,Gujarat,641,TAPI,SONGADH,-,-,Narmada,Narmada,Unch,-,-,Tapi,21.25029528,73.59093389,21-07-1985 08:30,0.4
3533,Tapi at Ukai,CWC,24,Gujarat,641,TAPI,SONGADH,-,-,Narmada,Narmada,Unch,-,-,Tapi,21.25029528,73.59093389,22-07-1985 08:30,0.5
3534,Tapi at Ukai,CWC,24,Gujarat,641,TAPI,SONGADH,-,-,Narmada,Narmada,Unch,-,-,Tapi,21.25029528,73.59093389,25-07-1985 08:30,11.5
3535,Tapi at Ukai,CWC,24,Gujarat,641,TAPI,SONGADH,-,-,Narmada,Narmada,Unch,-,-,Tapi,21.25029528,73.59093389,26-07-1985 08:30,34.9
3536,Tapi at Ukai,CWC,24,Gujarat,641,TAPI,SONGADH,-,-,Narmada,Narmada,Unch,-,-,Tapi,21.25029528,73.59093389,27-07-1985 08:30,8.3
3537,Tapi at Ukai,CWC,24,Gujarat,641,TAPI,SONGADH,-,-,Narmada,Narmada,Unch,-,-,Tapi,21.25029528,73.59093389,28-07-1985 08:30,20.5
3538,Tapi at Ukai,CWC,24,Gujarat,641,TAPI,SONGADH,-,-,Narmada,Narmada,Unch,-,-,Tapi,21.25029528,73.59093389,29-07-1985 08:30,19
3539,Tapi at Ukai,CWC,24,Gujarat,641,TAPI,SONGADH,-,-,Narmada,Narmada,Unch,-,-,Tapi,21.25029528,73.59093389,30-07-1985 08:30,13.1
3540,Tapi at Ukai,CWC,24,Gujarat,641,TAPI,SONGADH,-,-,Narmada,Narmada,Unch,-,-,Tapi,21.25029528,73.59093389,31-07-1985 08:30,58
3541,Tapi at Ukai,CWC,24,Gujarat,641,TAPI,SONGADH,-,-,Narmada,Narmada,Unch,-,-,Tapi,21.25029528,73.59093389,01-08-1985 08:30,78.1
3542,Tapi at Ukai,CWC,24,Gujarat,641,TAPI,SONGADH,-,-,Narmada,Narmada,Unch,-,-,Tapi,21.25029528,73.59093389,02-08-1985 08:30,1.5
3543,Tapi at Ukai,CWC,24,Gujarat,641,TAPI,SONGADH,-,-,Narmada,Narmada,Unch,-,-,Tapi,21.25029528,73.59093389,03-08-1985 08:30,10.6
3544,Tapi at Ukai,CWC,24,Gujarat,641,TAPI,SONGADH,-,-,Narmada,Narmada,Unch,-,-,Tapi,21.25029528,73.59093389,04-08-1985 08:30,103.5
3545,Tapi at Ukai,CWC,24,Gujarat,641,TAPI,SONGADH,-,-,Narmada,Narmada,Unch,-,-,Tapi,21.25029528,73.59093389,05-08-1985 08:30,2
3546,Tapi at Ukai,CWC,24,Gujarat,641,TAPI,SONGADH,-,-,Narmada,Narmada,Unch,-,-,Tapi,21.25029528,73.59093389,06-08-1985 08:30,9.5
3547,Tapi at Ukai,CWC,24,Gujarat,641,TAPI,SONGADH,-,-,Narmada,Narmada,Unch,-,-,Tapi,21.25029528,73.59093389,07-08-1985 08:30,18.4
3548,Tapi at Ukai,CWC,24,Gujarat,641,TAPI,SONGADH,-,-,Narmada,Narmada,Unch,-,-,Tapi,21.25029528,73.59093389,08-08-1985 08:30,9.5
3549,Tapi at Ukai,CWC,24,Gujarat,641,TAPI,SONGADH,-,-,Narmada,Narmada,Unch,-,-,Tapi,21.25029528,73.59093389,10-08-1985 08:30,9.5
3550,Tapi at Ukai,CWC,24,Gujarat,641,TAPI,SONGADH,-,-,Narmada,Narmada,Unch,-,-,Tapi,21.25029528,73.59093389,11-08-1985 08:30,5.4
3551,Tapi at Ukai,CWC,24,Gujarat,641,TAPI,SONGADH,-,-,Narmada,Narmada,Unch,-,-,Tapi,21.25029528,73.59093389,12-08-1985 08:30,4
3552,Tapi at Ukai,CWC,24,Gujarat,641,TAPI,SONGADH,-,-,Narmada,Narmada,Unch,-,-,Tapi,21.25029528,73.59093389,13-08-1985 08:30,1
3553,Tapi at Ukai,CWC,24,Gujarat,641,TAPI,SONGADH,-,-,Narmada,Narmada,Unch,-,-,Tapi,21.25029528,73.59093389,14-08-1985 08:30,9.5
3554,Tapi at Ukai,CWC,24,Gujarat,641,TAPI,SONGADH,-,-,Narmada,Narmada,Unch,-,-,Tapi,21.25029528,73.59093389,15-08-1985 08:30,0.7
3555,Tapi at Ukai,CWC,24,Gujarat,641,TAPI,SONGADH,-,-,Narmada,Narmada,Unch,-,-,Tapi,21.25029528,73.59093389,16-08-1985 08:30,0.5
3556,Tapi at Ukai,CWC,24,Gujarat,641,TAPI,SONGADH,-,-,Narmada,Narmada,Unch,-,-,Tapi,21.25029528,73.59093389,19-08-1985 08:30,3
3557,Tapi at Ukai,CWC,24,Gujarat,641,TAPI,SONGADH,-,-,Narmada,Narmada,Unch,-,-,Tapi,21.25029528,73.59093389,21-08-1985 08:30,1.2
3558,Tapi at Ukai,CWC,24,Gujarat,641,TAPI,SONGADH,-,-,Narmada,Narmada,Unch,-,-,Tapi,21.25029528,73.59093389,23-08-1985 08:30,4
3559,Tapi at Ukai,CWC,24,Gujarat,641,TAPI,SONGADH,-,-,Narmada,Narmada,Unch,-,-,Tapi,21.25029528,73.59093389,24-08-1985 08:30,4.7
3560,Tapi at Ukai,CWC,24,Gujarat,641,TAPI,SONGADH,-,-,Narmada,Narmada,Unch,-,-,Tapi,21.25029528,73.59093389,25-08-1985 08:30,4.6
3561,Tapi at Ukai,CWC,24,Gujarat,641,TAPI,SONGADH,-,-,Narmada,Narmada,Unch,-,-,Tapi,21.25029528,73.59093389,26-08-1985 08:30,2
3562,Tapi at Ukai,CWC,24,Gujarat,641,TAPI,SONGADH,-,-,Narmada,Narmada,Unch,-,-,Tapi,21.25029528,73.59093389,27-08-1985 08:30,6
3563,Tapi at Ukai,CWC,24,Gujarat,641,TAPI,SONGADH,-,-,Narmada,Narmada,Unch,-,-,Tapi,21.25029528,73.59093389,28-08-1985 08:30,0.2
3564,Tapi at Ukai,CWC,24,Gujarat,641,TAPI,SONGADH,-,-,Narmada,Narmada,Unch,-,-,Tapi,21.25029528,73.59093389,30-08-1985 08:30,3.2
3565,Tapi at Ukai,CWC,24,Gujarat,641,TAPI,SONGADH,-,-,Narmada,Narmada,Unch,-,-,Tapi,21.25029528,73.59093389,01-09-1985 08:30,5.2
3566,Tapi at Ukai,CWC,24,Gujarat,641,TAPI,SONGADH,-,-,Narmada,Narmada,Unch,-,-,Tapi,21.25029528,73.59093389,02-09-1985 08:30,6
3567,Tapi at Ukai,CWC,24,Gujarat,641,TAPI,SONGADH,-,-,Narmada,Narmada,Unch,-,-,Tapi,21.25029528,73.59093389,04-09-1985 08:30,5.2
3568,Tapi at Ukai,CWC,24,Gujarat,641,TAPI,SONGADH,-,-,Narmada,Narmada,Unch,-,-,Tapi,21.25029528,73.59093389,05-09-1985 08:30,0.7
3569,Tapi at Ukai,CWC,24,Gujarat,641,TAPI,SONGADH,-,-,Narmada,Narmada,Unch,-,-,Tapi,21.25029528,73.59093389,06-09-1985 08:30,6.6
3570,Tapi at Ukai,CWC,24,Gujarat,641,TAPI,SONGADH,-,-,Narmada,Narmada,Unch,-,-,Tapi,21.25029528,73.59093389,07-09-1985 08:30,0.2
3571,Tapi at Ukai,CWC,24,Gujarat,641,TAPI,SONGADH,-,-,Narmada,Narmada,Unch,-,-,Tapi,21.25029528,73.59093389,08-09-1985 08:30,4.6
3572,Tapi at Ukai,CWC,24,Gujarat,641,TAPI,SONGADH,-,-,Narmada,Narmada,Unch,-,-,Tapi,21.25029528,73.59093389,10-09-1985 08:30,0.6
3573,Tapi at Ukai,CWC,24,Gujarat,641,TAPI,SONGADH,-,-,Narmada,Narmada,Unch,-,-,Tapi,21.25029528,73.59093389,11-09-1985 08:30,5.3
3574,Tapi at Ukai,CWC,24,Gujarat,641,TAPI,SONGADH,-,-,Narmada,Narmada,Unch,-,-,Tapi,21.25029528,73.59093389,12-09-1985 08:30,3.5
3575,Tapi at Ukai,CWC,24,Gujarat,641,TAPI,SONGADH,-,-,Narmada,Narmada,Unch,-,-,Tapi,21.25029528,73.59093389,05-10-1985 08:30,0.5
3576,Tapi at Ukai,CWC,24,Gujarat,641,TAPI,SONGADH,-,-,Narmada,Narmada,Unch,-,-,Tapi,21.25029528,73.59093389,06-10-1985 08:30,20.6
3577,Tapi at Ukai,CWC,24,Gujarat,641,TAPI,SONGADH,-,-,Narmada,Narmada,Unch,-,-,Tapi,21.25029528,73.59093389,07-10-1985 08:30,8.8
3578,Tapi at Ukai,CWC,24,Gujarat,641,TAPI,SONGADH,-,-,Narmada,Narmada,Unch,-,-,Tapi,21.25029528,73.59093389,08-10-1985 08:30,2.8
3579,Tapi at Ukai,CWC,24,Gujarat,641,TAPI,SONGADH,-,-,Narmada,Narmada,Unch,-,-,Tapi,21.25029528,73.59093389,09-10-1985 08:30,10
3580,Tapi at Ukai,CWC,24,Gujarat,641,TAPI,SONGADH,-,-,Narmada,Narmada,Unch,-,-,Tapi,21.25029528,73.59093389,17-06-1986 08:30,53.2
3581,Tapi at Ukai,CWC,24,Gujarat,641,TAPI,SONGADH,-,-,Narmada,Narmada,Unch,-,-,Tapi,21.25029528,73.59093389,18-06-1986 08:30,42.5
3582,Tapi at Ukai,CWC,24,Gujarat,641,TAPI,SONGADH,-,-,Narmada,Narmada,Unch,-,-,Tapi,21.25029528,73.59093389,20-06-1986 08:30,3
3583,Tapi at Ukai,CWC,24,Gujarat,641,TAPI,SONGADH,-,-,Narmada,Narmada,Unch,-,-,Tapi,21.25029528,73.59093389,21-06-1986 08:30,4
3584,Tapi at Ukai,CWC,24,Gujarat,641,TAPI,SONGADH,-,-,Narmada,Narmada,Unch,-,-,Tapi,21.25029528,73.59093389,22-06-1986 08:30,11.7
3585,Tapi at Ukai,CWC,24,Gujarat,641,TAPI,SONGADH,-,-,Narmada,Narmada,Unch,-,-,Tapi,21.25029528,73.59093389,23-06-1986 08:30,10.5
3586,Tapi at Ukai,CWC,24,Gujarat,641,TAPI,SONGADH,-,-,Narmada,Narmada,Unch,-,-,Tapi,21.25029528,73.59093389,24-06-1986 08:30,5.8
3587,Tapi at Ukai,CWC,24,Gujarat,641,TAPI,SONGADH,-,-,Narmada,Narmada,Unch,-,-,Tapi,21.25029528,73.59093389,25-06-1986 08:30,22.6
3588,Tapi at Ukai,CWC,24,Gujarat,641,TAPI,SONGADH,-,-,Narmada,Narmada,Unch,-,-,Tapi,21.25029528,73.59093389,26-06-1986 08:30,47.2
3589,Tapi at Ukai,CWC,24,Gujarat,641,TAPI,SONGADH,-,-,Narmada,Narmada,Unch,-,-,Tapi,21.25029528,73.59093389,27-06-1986 08:30,12.2
3590,Tapi at Ukai,CWC,24,Gujarat,641,TAPI,SONGADH,-,-,Narmada,Narmada,Unch,-,-,Tapi,21.25029528,73.59093389,28-06-1986 08:30,7.5
3591,Tapi at Ukai,CWC,24,Gujarat,641,TAPI,SONGADH,-,-,Narmada,Narmada,Unch,-,-,Tapi,21.25029528,73.59093389,29-06-1986 08:30,0.4
3592,Tapi at Ukai,CWC,24,Gujarat,641,TAPI,SONGADH,-,-,Narmada,Narmada,Unch,-,-,Tapi,21.25029528,73.59093389,30-06-1986 08:30,8.2
3593,Tapi at Ukai,CWC,24,Gujarat,641,TAPI,SONGADH,-,-,Narmada,Narmada,Unch,-,-,Tapi,21.25029528,73.59093389,01-07-1986 08:30,6.2
3594,Tapi at Ukai,CWC,24,Gujarat,641,TAPI,SONGADH,-,-,Narmada,Narmada,Unch,-,-,Tapi,21.25029528,73.59093389,02-07-1986 08:30,1.4
3595,Tapi at Ukai,CWC,24,Gujarat,641,TAPI,SONGADH,-,-,Narmada,Narmada,Unch,-,-,Tapi,21.25029528,73.59093389,05-07-1986 08:30,0.2
3596,Tapi at Ukai,CWC,24,Gujarat,641,TAPI,SONGADH,-,-,Narmada,Narmada,Unch,-,-,Tapi,21.25029528,73.59093389,06-07-1986 08:30,1.2
3597,Tapi at Ukai,CWC,24,Gujarat,641,TAPI,SONGADH,-,-,Narmada,Narmada,Unch,-,-,Tapi,21.25029528,73.59093389,07-07-1986 08:30,6.8
3598,Tapi at Ukai,CWC,24,Gujarat,641,TAPI,SONGADH,-,-,Narmada,Narmada,Unch,-,-,Tapi,21.25029528,73.59093389,08-07-1986 08:30,2.7
3599,Tapi at Ukai,CWC,24,Gujarat,641,TAPI,SONGADH,-,-,Narmada,Narmada,Unch,-,-,Tapi,21.25029528,73.59093389,09-07-1986 08:30,0.6
3600,Tapi at Ukai,CWC,24,Gujarat,641,TAPI,SONGADH,-,-,Narmada,Narmada,Unch,-,-,Tapi,21.25029528,73.59093389,15-07-1986 08:30,1.8
3601,Tapi at Ukai,CWC,24,Gujarat,641,TAPI,SONGADH,-,-,Narmada,Narmada,Unch,-,-,Tapi,21.25029528,73.59093389,16-07-1986 08:30,0.6
3602,Tapi at Ukai,CWC,24,Gujarat,641,TAPI,SONGADH,-,-,Narmada,Narmada,Unch,-,-,Tapi,21.25029528,73.59093389,17-07-1986 08:30,3.7
3603,Tapi at Ukai,CWC,24,Gujarat,641,TAPI,SONGADH,-,-,Narmada,Narmada,Unch,-,-,Tapi,21.25029528,73.59093389,18-07-1986 08:30,25
3604,Tapi at Ukai,CWC,24,Gujarat,641,TAPI,SONGADH,-,-,Narmada,Narmada,Unch,-,-,Tapi,21.25029528,73.59093389,19-07-1986 08:30,18.7
3605,Tapi at Ukai,CWC,24,Gujarat,641,TAPI,SONGADH,-,-,Narmada,Narmada,Unch,-,-,Tapi,21.25029528,73.59093389,20-07-1986 08:30,20
3606,Tapi at Ukai,CWC,24,Gujarat,641,TAPI,SONGADH,-,-,Narmada,Narmada,Unch,-,-,Tapi,21.25029528,73.59093389,21-07-1986 08:30,1
3607,Tapi at Ukai,CWC,24,Gujarat,641,TAPI,SONGADH,-,-,Narmada,Narmada,Unch,-,-,Tapi,21.25029528,73.59093389,23-07-1986 08:30,2.3
3608,Tapi at Ukai,CWC,24,Gujarat,641,TAPI,SONGADH,-,-,Narmada,Narmada,Unch,-,-,Tapi,21.25029528,73.59093389,24-07-1986 08:30,6.7
3609,Tapi at Ukai,CWC,24,Gujarat,641,TAPI,SONGADH,-,-,Narmada,Narmada,Unch,-,-,Tapi,21.25029528,73.59093389,25-07-1986 08:30,10.8
3610,Tapi at Ukai,CWC,24,Gujarat,641,TAPI,SONGADH,-,-,Narmada,Narmada,Unch,-,-,Tapi,21.25029528,73.59093389,26-07-1986 08:30,1.4
3611,Tapi at Ukai,CWC,24,Gujarat,641,TAPI,SONGADH,-,-,Narmada,Narmada,Unch,-,-,Tapi,21.25029528,73.59093389,28-07-1986 08:30,1.4
3612,Tapi at Ukai,CWC,24,Gujarat,641,TAPI,SONGADH,-,-,Narmada,Narmada,Unch,-,-,Tapi,21.25029528,73.59093389,29-07-1986 08:30,24.9
3613,Tapi at Ukai,CWC,24,Gujarat,641,TAPI,SONGADH,-,-,Narmada,Narmada,Unch,-,-,Tapi,21.25029528,73.59093389,30-07-1986 08:30,13
3614,Tapi at Ukai,CWC,24,Gujarat,641,TAPI,SONGADH,-,-,Narmada,Narmada,Unch,-,-,Tapi,21.25029528,73.59093389,31-07-1986 08:30,18.6
3615,Tapi at Ukai,CWC,24,Gujarat,641,TAPI,SONGADH,-,-,Narmada,Narmada,Unch,-,-,Tapi,21.25029528,73.59093389,01-08-1986 08:30,0.5
3616,Tapi at Ukai,CWC,24,Gujarat,641,TAPI,SONGADH,-,-,Narmada,Narmada,Unch,-,-,Tapi,21.25029528,73.59093389,02-08-1986 08:30,1.5
3617,Tapi at Ukai,CWC,24,Gujarat,641,TAPI,SONGADH,-,-,Narmada,Narmada,Unch,-,-,Tapi,21.25029528,73.59093389,04-08-1986 08:30,6.3
3618,Tapi at Ukai,CWC,24,Gujarat,641,TAPI,SONGADH,-,-,Narmada,Narmada,Unch,-,-,Tapi,21.25029528,73.59093389,05-08-1986 08:30,3.3
3619,Tapi at Ukai,CWC,24,Gujarat,641,TAPI,SONGADH,-,-,Narmada,Narmada,Unch,-,-,Tapi,21.25029528,73.59093389,06-08-1986 08:30,18.8
3620,Tapi at Ukai,CWC,24,Gujarat,641,TAPI,SONGADH,-,-,Narmada,Narmada,Unch,-,-,Tapi,21.25029528,73.59093389,07-08-1986 08:30,46.5
3621,Tapi at Ukai,CWC,24,Gujarat,641,TAPI,SONGADH,-,-,Narmada,Narmada,Unch,-,-,Tapi,21.25029528,73.59093389,08-08-1986 08:30,11.8
3622,Tapi at Ukai,CWC,24,Gujarat,641,TAPI,SONGADH,-,-,Narmada,Narmada,Unch,-,-,Tapi,21.25029528,73.59093389,09-08-1986 08:30,13
3623,Tapi at Ukai,CWC,24,Gujarat,641,TAPI,SONGADH,-,-,Narmada,Narmada,Unch,-,-,Tapi,21.25029528,73.59093389,10-08-1986 08:30,3.5
3624,Tapi at Ukai,CWC,24,Gujarat,641,TAPI,SONGADH,-,-,Narmada,Narmada,Unch,-,-,Tapi,21.25029528,73.59093389,11-08-1986 08:30,32.3
3625,Tapi at Ukai,CWC,24,Gujarat,641,TAPI,SONGADH,-,-,Narmada,Narmada,Unch,-,-,Tapi,21.25029528,73.59093389,12-08-1986 08:30,1
3626,Tapi at Ukai,CWC,24,Gujarat,641,TAPI,SONGADH,-,-,Narmada,Narmada,Unch,-,-,Tapi,21.25029528,73.59093389,13-08-1986 08:30,16.7
3627,Tapi at Ukai,CWC,24,Gujarat,641,TAPI,SONGADH,-,-,Narmada,Narmada,Unch,-,-,Tapi,21.25029528,73.59093389,14-08-1986 08:30,2.1
3628,Tapi at Ukai,CWC,24,Gujarat,641,TAPI,SONGADH,-,-,Narmada,Narmada,Unch,-,-,Tapi,21.25029528,73.59093389,15-08-1986 08:30,7.8
3629,Tapi at Ukai,CWC,24,Gujarat,641,TAPI,SONGADH,-,-,Narmada,Narmada,Unch,-,-,Tapi,21.25029528,73.59093389,16-08-1986 08:30,27.2
3630,Tapi at Ukai,CWC,24,Gujarat,641,TAPI,SONGADH,-,-,Narmada,Narmada,Unch,-,-,Tapi,21.25029528,73.59093389,17-08-1986 08:30,15.3
3631,Tapi at Ukai,CWC,24,Gujarat,641,TAPI,SONGADH,-,-,Narmada,Narmada,Unch,-,-,Tapi,21.25029528,73.59093389,18-08-1986 08:30,0.5
3632,Tapi at Ukai,CWC,24,Gujarat,641,TAPI,SONGADH,-,-,Narmada,Narmada,Unch,-,-,Tapi,21.25029528,73.59093389,19-08-1986 08:30,3.2
3633,Tapi at Ukai,CWC,24,Gujarat,641,TAPI,SONGADH,-,-,Narmada,Narmada,Unch,-,-,Tapi,21.25029528,73.59093389,20-08-1986 08:30,4
3634,Tapi at Ukai,CWC,24,Gujarat,641,TAPI,SONGADH,-,-,Narmada,Narmada,Unch,-,-,Tapi,21.25029528,73.59093389,21-08-1986 08:30,1.5
3635,Tapi at Ukai,CWC,24,Gujarat,641,TAPI,SONGADH,-,-,Narmada,Narmada,Unch,-,-,Tapi,21.25029528,73.59093389,28-08-1986 08:30,6.3
3636,Tapi at Ukai,CWC,24,Gujarat,641,TAPI,SONGADH,-,-,Narmada,Narmada,Unch,-,-,Tapi,21.25029528,73.59093389,29-08-1986 08:30,5
3637,Tapi at Ukai,CWC,24,Gujarat,641,TAPI,SONGADH,-,-,Narmada,Narmada,Unch,-,-,Tapi,21.25029528,73.59093389,01-09-1986 08:30,2.5
3638,Tapi at Ukai,CWC,24,Gujarat,641,TAPI,SONGADH,-,-,Narmada,Narmada,Unch,-,-,Tapi,21.25029528,73.59093389,03-09-1986 08:30,5.5
3639,Tapi at Ukai,CWC,24,Gujarat,641,TAPI,SONGADH,-,-,Narmada,Narmada,Unch,-,-,Tapi,21.25029528,73.59093389,04-09-1986 08:30,6.2
3640,Tapi at Ukai,CWC,24,Gujarat,641,TAPI,SONGADH,-,-,Narmada,Narmada,Unch,-,-,Tapi,21.25029528,73.59093389,16-06-1987 08:30,20
3641,Tapi at Ukai,CWC,24,Gujarat,641,TAPI,SONGADH,-,-,Narmada,Narmada,Unch,-,-,Tapi,21.25029528,73.59093389,17-06-1987 08:30,16
3642,Tapi at Ukai,CWC,24,Gujarat,641,TAPI,SONGADH,-,-,Narmada,Narmada,Unch,-,-,Tapi,21.25029528,73.59093389,18-06-1987 08:30,0.4
3643,Tapi at Ukai,CWC,24,Gujarat,641,TAPI,SONGADH,-,-,Narmada,Narmada,Unch,-,-,Tapi,21.25029528,73.59093389,26-06-1987 08:30,2.8
3644,Tapi at Ukai,CWC,24,Gujarat,641,TAPI,SONGADH,-,-,Narmada,Narmada,Unch,-,-,Tapi,21.25029528,73.59093389,29-06-1987 08:30,2.8
3645,Tapi at Ukai,CWC,24,Gujarat,641,TAPI,SONGADH,-,-,Narmada,Narmada,Unch,-,-,Tapi,21.25029528,73.59093389,02-07-1987 08:30,1
3646,Tapi at Ukai,CWC,24,Gujarat,641,TAPI,SONGADH,-,-,Narmada,Narmada,Unch,-,-,Tapi,21.25029528,73.59093389,04-07-1987 08:30,4.5
3647,Tapi at Ukai,CWC,24,Gujarat,641,TAPI,SONGADH,-,-,Narmada,Narmada,Unch,-,-,Tapi,21.25029528,73.59093389,05-07-1987 08:30,48.2
3648,Tapi at Ukai,CWC,24,Gujarat,641,TAPI,SONGADH,-,-,Narmada,Narmada,Unch,-,-,Tapi,21.25029528,73.59093389,06-07-1987 08:30,18.5
3649,Tapi at Ukai,CWC,24,Gujarat,641,TAPI,SONGADH,-,-,Narmada,Narmada,Unch,-,-,Tapi,21.25029528,73.59093389,07-07-1987 08:30,176
3650,Tapi at Ukai,CWC,24,Gujarat,641,TAPI,SONGADH,-,-,Narmada,Narmada,Unch,-,-,Tapi,21.25029528,73.59093389,08-07-1987 08:30,1.8
3651,Tapi at Ukai,CWC,24,Gujarat,641,TAPI,SONGADH,-,-,Narmada,Narmada,Unch,-,-,Tapi,21.25029528,73.59093389,12-07-1987 08:30,52.7
3652,Tapi at Ukai,CWC,24,Gujarat,641,TAPI,SONGADH,-,-,Narmada,Narmada,Unch,-,-,Tapi,21.25029528,73.59093389,13-07-1987 08:30,3.6
3653,Tapi at Ukai,CWC,24,Gujarat,641,TAPI,SONGADH,-,-,Narmada,Narmada,Unch,-,-,Tapi,21.25029528,73.59093389,14-07-1987 08:30,9.3
3654,Tapi at Ukai,CWC,24,Gujarat,641,TAPI,SONGADH,-,-,Narmada,Narmada,Unch,-,-,Tapi,21.25029528,73.59093389,15-07-1987 08:30,2.6
3655,Tapi at Ukai,CWC,24,Gujarat,641,TAPI,SONGADH,-,-,Narmada,Narmada,Unch,-,-,Tapi,21.25029528,73.59093389,16-07-1987 08:30,2.2
3656,Tapi at Ukai,CWC,24,Gujarat,641,TAPI,SONGADH,-,-,Narmada,Narmada,Unch,-,-,Tapi,21.25029528,73.59093389,17-07-1987 08:30,2
3657,Tapi at Ukai,CWC,24,Gujarat,641,TAPI,SONGADH,-,-,Narmada,Narmada,Unch,-,-,Tapi,21.25029528,73.59093389,19-07-1987 08:30,0.7
3658,Tapi at Ukai,CWC,24,Gujarat,641,TAPI,SONGADH,-,-,Narmada,Narmada,Unch,-,-,Tapi,21.25029528,73.59093389,23-07-1987 08:30,1.1
3659,Tapi at Ukai,CWC,24,Gujarat,641,TAPI,SONGADH,-,-,Narmada,Narmada,Unch,-,-,Tapi,21.25029528,73.59093389,24-07-1987 08:30,4.3
3660,Tapi at Ukai,CWC,24,Gujarat,641,TAPI,SONGADH,-,-,Narmada,Narmada,Unch,-,-,Tapi,21.25029528,73.59093389,25-07-1987 08:30,24.7
3661,Tapi at Ukai,CWC,24,Gujarat,641,TAPI,SONGADH,-,-,Narmada,Narmada,Unch,-,-,Tapi,21.25029528,73.59093389,26-07-1987 08:30,1.2
3662,Tapi at Ukai,CWC,24,Gujarat,641,TAPI,SONGADH,-,-,Narmada,Narmada,Unch,-,-,Tapi,21.25029528,73.59093389,27-07-1987 08:30,12.5
3663,Tapi at Ukai,CWC,24,Gujarat,641,TAPI,SONGADH,-,-,Narmada,Narmada,Unch,-,-,Tapi,21.25029528,73.59093389,28-07-1987 08:30,2.5
3664,Tapi at Ukai,CWC,24,Gujarat,641,TAPI,SONGADH,-,-,Narmada,Narmada,Unch,-,-,Tapi,21.25029528,73.59093389,30-07-1987 08:30,2.6
3665,Tapi at Ukai,CWC,24,Gujarat,641,TAPI,SONGADH,-,-,Narmada,Narmada,Unch,-,-,Tapi,21.25029528,73.59093389,31-07-1987 08:30,4.1
3666,Tapi at Ukai,CWC,24,Gujarat,641,TAPI,SONGADH,-,-,Narmada,Narmada,Unch,-,-,Tapi,21.25029528,73.59093389,01-08-1987 08:30,2.2
3667,Tapi at Ukai,CWC,24,Gujarat,641,TAPI,SONGADH,-,-,Narmada,Narmada,Unch,-,-,Tapi,21.25029528,73.59093389,03-08-1987 08:30,0.2
3668,Tapi at Ukai,CWC,24,Gujarat,641,TAPI,SONGADH,-,-,Narmada,Narmada,Unch,-,-,Tapi,21.25029528,73.59093389,04-08-1987 08:30,0.2
3669,Tapi at Ukai,CWC,24,Gujarat,641,TAPI,SONGADH,-,-,Narmada,Narmada,Unch,-,-,Tapi,21.25029528,73.59093389,07-08-1987 08:30,16.6
3670,Tapi at Ukai,CWC,24,Gujarat,641,TAPI,SONGADH,-,-,Narmada,Narmada,Unch,-,-,Tapi,21.25029528,73.59093389,08-08-1987 08:30,50
3671,Tapi at Ukai,CWC,24,Gujarat,641,TAPI,SONGADH,-,-,Narmada,Narmada,Unch,-,-,Tapi,21.25029528,73.59093389,09-08-1987 08:30,2.2
3672,Tapi at Ukai,CWC,24,Gujarat,641,TAPI,SONGADH,-,-,Narmada,Narmada,Unch,-,-,Tapi,21.25029528,73.59093389,10-08-1987 08:30,14.2
3673,Tapi at Ukai,CWC,24,Gujarat,641,TAPI,SONGADH,-,-,Narmada,Narmada,Unch,-,-,Tapi,21.25029528,73.59093389,12-08-1987 08:30,12.4
3674,Tapi at Ukai,CWC,24,Gujarat,641,TAPI,SONGADH,-,-,Narmada,Narmada,Unch,-,-,Tapi,21.25029528,73.59093389,13-08-1987 08:30,2.3
3675,Tapi at Ukai,CWC,24,Gujarat,641,TAPI,SONGADH,-,-,Narmada,Narmada,Unch,-,-,Tapi,21.25029528,73.59093389,14-08-1987 08:30,7.3
3676,Tapi at Ukai,CWC,24,Gujarat,641,TAPI,SONGADH,-,-,Narmada,Narmada,Unch,-,-,Tapi,21.25029528,73.59093389,17-08-1987 08:30,1.7
3677,Tapi at Ukai,CWC,24,Gujarat,641,TAPI,SONGADH,-,-,Narmada,Narmada,Unch,-,-,Tapi,21.25029528,73.59093389,18-08-1987 08:30,27.6
3678,Tapi at Ukai,CWC,24,Gujarat,641,TAPI,SONGADH,-,-,Narmada,Narmada,Unch,-,-,Tapi,21.25029528,73.59093389,19-08-1987 08:30,0.7
3679,Tapi at Ukai,CWC,24,Gujarat,641,TAPI,SONGADH,-,-,Narmada,Narmada,Unch,-,-,Tapi,21.25029528,73.59093389,20-08-1987 08:30,0.3
3680,Tapi at Ukai,CWC,24,Gujarat,641,TAPI,SONGADH,-,-,Narmada,Narmada,Unch,-,-,Tapi,21.25029528,73.59093389,22-08-1987 08:30,17
3681,Tapi at Ukai,CWC,24,Gujarat,641,TAPI,SONGADH,-,-,Narmada,Narmada,Unch,-,-,Tapi,21.25029528,73.59093389,23-08-1987 08:30,6
3682,Tapi at Ukai,CWC,24,Gujarat,641,TAPI,SONGADH,-,-,Narmada,Narmada,Unch,-,-,Tapi,21.25029528,73.59093389,24-08-1987 08:30,22.2
3683,Tapi at Ukai,CWC,24,Gujarat,641,TAPI,SONGADH,-,-,Narmada,Narmada,Unch,-,-,Tapi,21.25029528,73.59093389,25-08-1987 08:30,5.2
3684,Tapi at Ukai,CWC,24,Gujarat,641,TAPI,SONGADH,-,-,Narmada,Narmada,Unch,-,-,Tapi,21.25029528,73.59093389,26-08-1987 08:30,22.6
3685,Tapi at Ukai,CWC,24,Gujarat,641,TAPI,SONGADH,-,-,Narmada,Narmada,Unch,-,-,Tapi,21.25029528,73.59093389,27-08-1987 08:30,1.6
3686,Tapi at Ukai,CWC,24,Gujarat,641,TAPI,SONGADH,-,-,Narmada,Narmada,Unch,-,-,Tapi,21.25029528,73.59093389,29-08-1987 08:30,2.7
3687,Tapi at Ukai,CWC,24,Gujarat,641,TAPI,SONGADH,-,-,Narmada,Narmada,Unch,-,-,Tapi,21.25029528,73.59093389,30-08-1987 08:30,1
3688,Tapi at Ukai,CWC,24,Gujarat,641,TAPI,SONGADH,-,-,Narmada,Narmada,Unch,-,-,Tapi,21.25029528,73.59093389,31-08-1987 08:30,4
3689,Tapi at Ukai,CWC,24,Gujarat,641,TAPI,SONGADH,-,-,Narmada,Narmada,Unch,-,-,Tapi,21.25029528,73.59093389,01-09-1987 08:30,10.8
3690,Tapi at Ukai,CWC,24,Gujarat,641,TAPI,SONGADH,-,-,Narmada,Narmada,Unch,-,-,Tapi,21.25029528,73.59093389,11-09-1987 08:30,1.8
3691,Tapi at Ukai,CWC,24,Gujarat,641,TAPI,SONGADH,-,-,Narmada,Narmada,Unch,-,-,Tapi,21.25029528,73.59093389,04-10-1987 08:30,1
3692,Tapi at Ukai,CWC,24,Gujarat,641,TAPI,SONGADH,-,-,Narmada,Narmada,Unch,-,-,Tapi,21.25029528,73.59093389,10-06-1988 08:30,15.2
3693,Tapi at Ukai,CWC,24,Gujarat,641,TAPI,SONGADH,-,-,Narmada,Narmada,Unch,-,-,Tapi,21.25029528,73.59093389,12-06-1988 08:30,14
3694,Tapi at Ukai,CWC,24,Gujarat,641,TAPI,SONGADH,-,-,Narmada,Narmada,Unch,-,-,Tapi,21.25029528,73.59093389,13-06-1988 08:30,0.5
3695,Tapi at Ukai,CWC,24,Gujarat,641,TAPI,SONGADH,-,-,Narmada,Narmada,Unch,-,-,Tapi,21.25029528,73.59093389,16-06-1988 08:30,41
3696,Tapi at Ukai,CWC,24,Gujarat,641,TAPI,SONGADH,-,-,Narmada,Narmada,Unch,-,-,Tapi,21.25029528,73.59093389,17-06-1988 08:30,190
3697,Tapi at Ukai,CWC,24,Gujarat,641,TAPI,SONGADH,-,-,Narmada,Narmada,Unch,-,-,Tapi,21.25029528,73.59093389,21-06-1988 08:30,0.3
3698,Tapi at Ukai,CWC,24,Gujarat,641,TAPI,SONGADH,-,-,Narmada,Narmada,Unch,-,-,Tapi,21.25029528,73.59093389,22-06-1988 08:30,17.5
3699,Tapi at Ukai,CWC,24,Gujarat,641,TAPI,SONGADH,-,-,Narmada,Narmada,Unch,-,-,Tapi,21.25029528,73.59093389,23-06-1988 08:30,35.8
3700,Tapi at Ukai,CWC,24,Gujarat,641,TAPI,SONGADH,-,-,Narmada,Narmada,Unch,-,-,Tapi,21.25029528,73.59093389,03-07-1988 08:30,4
3701,Tapi at Ukai,CWC,24,Gujarat,641,TAPI,SONGADH,-,-,Narmada,Narmada,Unch,-,-,Tapi,21.25029528,73.59093389,05-07-1988 08:30,32.5
3702,Tapi at Ukai,CWC,24,Gujarat,641,TAPI,SONGADH,-,-,Narmada,Narmada,Unch,-,-,Tapi,21.25029528,73.59093389,06-07-1988 08:30,56
3703,Tapi at Ukai,CWC,24,Gujarat,641,TAPI,SONGADH,-,-,Narmada,Narmada,Unch,-,-,Tapi,21.25029528,73.59093389,07-07-1988 08:30,8
3704,Tapi at Ukai,CWC,24,Gujarat,641,TAPI,SONGADH,-,-,Narmada,Narmada,Unch,-,-,Tapi,21.25029528,73.59093389,08-07-1988 08:30,53
3705,Tapi at Ukai,CWC,24,Gujarat,641,TAPI,SONGADH,-,-,Narmada,Narmada,Unch,-,-,Tapi,21.25029528,73.59093389,09-07-1988 08:30,27
3706,Tapi at Ukai,CWC,24,Gujarat,641,TAPI,SONGADH,-,-,Narmada,Narmada,Unch,-,-,Tapi,21.25029528,73.59093389,11-07-1988 08:30,0.3
3707,Tapi at Ukai,CWC,24,Gujarat,641,TAPI,SONGADH,-,-,Narmada,Narmada,Unch,-,-,Tapi,21.25029528,73.59093389,13-07-1988 08:30,35.2
3708,Tapi at Ukai,CWC,24,Gujarat,641,TAPI,SONGADH,-,-,Narmada,Narmada,Unch,-,-,Tapi,21.25029528,73.59093389,14-07-1988 08:30,42
3709,Tapi at Ukai,CWC,24,Gujarat,641,TAPI,SONGADH,-,-,Narmada,Narmada,Unch,-,-,Tapi,21.25029528,73.59093389,15-07-1988 08:30,95
3710,Tapi at Ukai,CWC,24,Gujarat,641,TAPI,SONGADH,-,-,Narmada,Narmada,Unch,-,-,Tapi,21.25029528,73.59093389,16-07-1988 08:30,97
3711,Tapi at Ukai,CWC,24,Gujarat,641,TAPI,SONGADH,-,-,Narmada,Narmada,Unch,-,-,Tapi,21.25029528,73.59093389,17-07-1988 08:30,8.3
3712,Tapi at Ukai,CWC,24,Gujarat,641,TAPI,SONGADH,-,-,Narmada,Narmada,Unch,-,-,Tapi,21.25029528,73.59093389,18-07-1988 08:30,1.4
3713,Tapi at Ukai,CWC,24,Gujarat,641,TAPI,SONGADH,-,-,Narmada,Narmada,Unch,-,-,Tapi,21.25029528,73.59093389,19-07-1988 08:30,3.1
3714,Tapi at Ukai,CWC,24,Gujarat,641,TAPI,SONGADH,-,-,Narmada,Narmada,Unch,-,-,Tapi,21.25029528,73.59093389,20-07-1988 08:30,4.3
3715,Tapi at Ukai,CWC,24,Gujarat,641,TAPI,SONGADH,-,-,Narmada,Narmada,Unch,-,-,Tapi,21.25029528,73.59093389,21-07-1988 08:30,8.5
3716,Tapi at Ukai,CWC,24,Gujarat,641,TAPI,SONGADH,-,-,Narmada,Narmada,Unch,-,-,Tapi,21.25029528,73.59093389,22-07-1988 08:30,114.4
3717,Tapi at Ukai,CWC,24,Gujarat,641,TAPI,SONGADH,-,-,Narmada,Narmada,Unch,-,-,Tapi,21.25029528,73.59093389,23-07-1988 08:30,10.4
3718,Tapi at Ukai,CWC,24,Gujarat,641,TAPI,SONGADH,-,-,Narmada,Narmada,Unch,-,-,Tapi,21.25029528,73.59093389,24-07-1988 08:30,22.6
3719,Tapi at Ukai,CWC,24,Gujarat,641,TAPI,SONGADH,-,-,Narmada,Narmada,Unch,-,-,Tapi,21.25029528,73.59093389,25-07-1988 08:30,0.5
3720,Tapi at Ukai,CWC,24,Gujarat,641,TAPI,SONGADH,-,-,Narmada,Narmada,Unch,-,-,Tapi,21.25029528,73.59093389,26-07-1988 08:30,64.6
3721,Tapi at Ukai,CWC,24,Gujarat,641,TAPI,SONGADH,-,-,Narmada,Narmada,Unch,-,-,Tapi,21.25029528,73.59093389,27-07-1988 08:30,39.6
3722,Tapi at Ukai,CWC,24,Gujarat,641,TAPI,SONGADH,-,-,Narmada,Narmada,Unch,-,-,Tapi,21.25029528,73.59093389,28-07-1988 08:30,71.5
3723,Tapi at Ukai,CWC,24,Gujarat,641,TAPI,SONGADH,-,-,Narmada,Narmada,Unch,-,-,Tapi,21.25029528,73.59093389,29-07-1988 08:30,80.1
3724,Tapi at Ukai,CWC,24,Gujarat,641,TAPI,SONGADH,-,-,Narmada,Narmada,Unch,-,-,Tapi,21.25029528,73.59093389,30-07-1988 08:30,17.3
3725,Tapi at Ukai,CWC,24,Gujarat,641,TAPI,SONGADH,-,-,Narmada,Narmada,Unch,-,-,Tapi,21.25029528,73.59093389,31-07-1988 08:30,11.1
3726,Tapi at Ukai,CWC,24,Gujarat,641,TAPI,SONGADH,-,-,Narmada,Narmada,Unch,-,-,Tapi,21.25029528,73.59093389,01-08-1988 08:30,3.5
3727,Tapi at Ukai,CWC,24,Gujarat,641,TAPI,SONGADH,-,-,Narmada,Narmada,Unch,-,-,Tapi,21.25029528,73.59093389,02-08-1988 08:30,3.4
3728,Tapi at Ukai,CWC,24,Gujarat,641,TAPI,SONGADH,-,-,Narmada,Narmada,Unch,-,-,Tapi,21.25029528,73.59093389,03-08-1988 08:30,3.7
3729,Tapi at Ukai,CWC,24,Gujarat,641,TAPI,SONGADH,-,-,Narmada,Narmada,Unch,-,-,Tapi,21.25029528,73.59093389,04-08-1988 08:30,1
3730,Tapi at Ukai,CWC,24,Gujarat,641,TAPI,SONGADH,-,-,Narmada,Narmada,Unch,-,-,Tapi,21.25029528,73.59093389,05-08-1988 08:30,0.8
3731,Tapi at Ukai,CWC,24,Gujarat,641,TAPI,SONGADH,-,-,Narmada,Narmada,Unch,-,-,Tapi,21.25029528,73.59093389,06-08-1988 08:30,1.2
3732,Tapi at Ukai,CWC,24,Gujarat,641,TAPI,SONGADH,-,-,Narmada,Narmada,Unch,-,-,Tapi,21.25029528,73.59093389,07-08-1988 08:30,2.3
3733,Tapi at Ukai,CWC,24,Gujarat,641,TAPI,SONGADH,-,-,Narmada,Narmada,Unch,-,-,Tapi,21.25029528,73.59093389,08-08-1988 08:30,0.5
3734,Tapi at Ukai,CWC,24,Gujarat,641,TAPI,SONGADH,-,-,Narmada,Narmada,Unch,-,-,Tapi,21.25029528,73.59093389,09-08-1988 08:30,20.2
3735,Tapi at Ukai,CWC,24,Gujarat,641,TAPI,SONGADH,-,-,Narmada,Narmada,Unch,-,-,Tapi,21.25029528,73.59093389,10-08-1988 08:30,5.6
3736,Tapi at Ukai,CWC,24,Gujarat,641,TAPI,SONGADH,-,-,Narmada,Narmada,Unch,-,-,Tapi,21.25029528,73.59093389,11-08-1988 08:30,14
3737,Tapi at Ukai,CWC,24,Gujarat,641,TAPI,SONGADH,-,-,Narmada,Narmada,Unch,-,-,Tapi,21.25029528,73.59093389,12-08-1988 08:30,10.9
3738,Tapi at Ukai,CWC,24,Gujarat,641,TAPI,SONGADH,-,-,Narmada,Narmada,Unch,-,-,Tapi,21.25029528,73.59093389,13-08-1988 08:30,1.6
3739,Tapi at Ukai,CWC,24,Gujarat,641,TAPI,SONGADH,-,-,Narmada,Narmada,Unch,-,-,Tapi,21.25029528,73.59093389,16-08-1988 08:30,0.4
3740,Tapi at Ukai,CWC,24,Gujarat,641,TAPI,SONGADH,-,-,Narmada,Narmada,Unch,-,-,Tapi,21.25029528,73.59093389,17-08-1988 08:30,0.4
3741,Tapi at Ukai,CWC,24,Gujarat,641,TAPI,SONGADH,-,-,Narmada,Narmada,Unch,-,-,Tapi,21.25029528,73.59093389,19-08-1988 08:30,1.2
3742,Tapi at Ukai,CWC,24,Gujarat,641,TAPI,SONGADH,-,-,Narmada,Narmada,Unch,-,-,Tapi,21.25029528,73.59093389,20-08-1988 08:30,15.5
3743,Tapi at Ukai,CWC,24,Gujarat,641,TAPI,SONGADH,-,-,Narmada,Narmada,Unch,-,-,Tapi,21.25029528,73.59093389,21-08-1988 08:30,2.7
3744,Tapi at Ukai,CWC,24,Gujarat,641,TAPI,SONGADH,-,-,Narmada,Narmada,Unch,-,-,Tapi,21.25029528,73.59093389,22-08-1988 08:30,3.4
3745,Tapi at Ukai,CWC,24,Gujarat,641,TAPI,SONGADH,-,-,Narmada,Narmada,Unch,-,-,Tapi,21.25029528,73.59093389,23-08-1988 08:30,13.8
3746,Tapi at Ukai,CWC,24,Gujarat,641,TAPI,SONGADH,-,-,Narmada,Narmada,Unch,-,-,Tapi,21.25029528,73.59093389,24-08-1988 08:30,5.5
3747,Tapi at Ukai,CWC,24,Gujarat,641,TAPI,SONGADH,-,-,Narmada,Narmada,Unch,-,-,Tapi,21.25029528,73.59093389,25-08-1988 08:30,8.4
3748,Tapi at Ukai,CWC,24,Gujarat,641,TAPI,SONGADH,-,-,Narmada,Narmada,Unch,-,-,Tapi,21.25029528,73.59093389,26-08-1988 08:30,2.8
3749,Tapi at Ukai,CWC,24,Gujarat,641,TAPI,SONGADH,-,-,Narmada,Narmada,Unch,-,-,Tapi,21.25029528,73.59093389,27-08-1988 08:30,6.5
3750,Tapi at Ukai,CWC,24,Gujarat,641,TAPI,SONGADH,-,-,Narmada,Narmada,Unch,-,-,Tapi,21.25029528,73.59093389,28-08-1988 08:30,6.8
3751,Tapi at Ukai,CWC,24,Gujarat,641,TAPI,SONGADH,-,-,Narmada,Narmada,Unch,-,-,Tapi,21.25029528,73.59093389,29-08-1988 08:30,27.6
3752,Tapi at Ukai,CWC,24,Gujarat,641,TAPI,SONGADH,-,-,Narmada,Narmada,Unch,-,-,Tapi,21.25029528,73.59093389,30-08-1988 08:30,11.6
3753,Tapi at Ukai,CWC,24,Gujarat,641,TAPI,SONGADH,-,-,Narmada,Narmada,Unch,-,-,Tapi,21.25029528,73.59093389,31-08-1988 08:30,20.4
3754,Tapi at Ukai,CWC,24,Gujarat,641,TAPI,SONGADH,-,-,Narmada,Narmada,Unch,-,-,Tapi,21.25029528,73.59093389,01-09-1988 08:30,14.1
3755,Tapi at Ukai,CWC,24,Gujarat,641,TAPI,SONGADH,-,-,Narmada,Narmada,Unch,-,-,Tapi,21.25029528,73.59093389,03-09-1988 08:30,3.5
3756,Tapi at Ukai,CWC,24,Gujarat,641,TAPI,SONGADH,-,-,Narmada,Narmada,Unch,-,-,Tapi,21.25029528,73.59093389,05-09-1988 08:30,29.8
3757,Tapi at Ukai,CWC,24,Gujarat,641,TAPI,SONGADH,-,-,Narmada,Narmada,Unch,-,-,Tapi,21.25029528,73.59093389,07-09-1988 08:30,7.1
3758,Tapi at Ukai,CWC,24,Gujarat,641,TAPI,SONGADH,-,-,Narmada,Narmada,Unch,-,-,Tapi,21.25029528,73.59093389,08-09-1988 08:30,15.6
3759,Tapi at Ukai,CWC,24,Gujarat,641,TAPI,SONGADH,-,-,Narmada,Narmada,Unch,-,-,Tapi,21.25029528,73.59093389,09-09-1988 08:30,0.2
3760,Tapi at Ukai,CWC,24,Gujarat,641,TAPI,SONGADH,-,-,Narmada,Narmada,Unch,-,-,Tapi,21.25029528,73.59093389,10-09-1988 08:30,2.7
3761,Tapi at Ukai,CWC,24,Gujarat,641,TAPI,SONGADH,-,-,Narmada,Narmada,Unch,-,-,Tapi,21.25029528,73.59093389,11-09-1988 08:30,3.8
3762,Tapi at Ukai,CWC,24,Gujarat,641,TAPI,SONGADH,-,-,Narmada,Narmada,Unch,-,-,Tapi,21.25029528,73.59093389,12-09-1988 08:30,1.2
3763,Tapi at Ukai,CWC,24,Gujarat,641,TAPI,SONGADH,-,-,Narmada,Narmada,Unch,-,-,Tapi,21.25029528,73.59093389,13-09-1988 08:30,1.4
3764,Tapi at Ukai,CWC,24,Gujarat,641,TAPI,SONGADH,-,-,Narmada,Narmada,Unch,-,-,Tapi,21.25029528,73.59093389,15-09-1988 08:30,8.7
3765,Tapi at Ukai,CWC,24,Gujarat,641,TAPI,SONGADH,-,-,Narmada,Narmada,Unch,-,-,Tapi,21.25029528,73.59093389,16-09-1988 08:30,0.2
3766,Tapi at Ukai,CWC,24,Gujarat,641,TAPI,SONGADH,-,-,Narmada,Narmada,Unch,-,-,Tapi,21.25029528,73.59093389,17-09-1988 08:30,25.5
3767,Tapi at Ukai,CWC,24,Gujarat,641,TAPI,SONGADH,-,-,Narmada,Narmada,Unch,-,-,Tapi,21.25029528,73.59093389,18-09-1988 08:30,5.2
3768,Tapi at Ukai,CWC,24,Gujarat,641,TAPI,SONGADH,-,-,Narmada,Narmada,Unch,-,-,Tapi,21.25029528,73.59093389,19-09-1988 08:30,2.2
3769,Tapi at Ukai,CWC,24,Gujarat,641,TAPI,SONGADH,-,-,Narmada,Narmada,Unch,-,-,Tapi,21.25029528,73.59093389,20-09-1988 08:30,12.2
3770,Tapi at Ukai,CWC,24,Gujarat,641,TAPI,SONGADH,-,-,Narmada,Narmada,Unch,-,-,Tapi,21.25029528,73.59093389,21-09-1988 08:30,7.3
3771,Tapi at Ukai,CWC,24,Gujarat,641,TAPI,SONGADH,-,-,Narmada,Narmada,Unch,-,-,Tapi,21.25029528,73.59093389,22-09-1988 08:30,45
3772,Tapi at Ukai,CWC,24,Gujarat,641,TAPI,SONGADH,-,-,Narmada,Narmada,Unch,-,-,Tapi,21.25029528,73.59093389,23-09-1988 08:30,2.4
3773,Tapi at Ukai,CWC,24,Gujarat,641,TAPI,SONGADH,-,-,Narmada,Narmada,Unch,-,-,Tapi,21.25029528,73.59093389,24-09-1988 08:30,25.5
3774,Tapi at Ukai,CWC,24,Gujarat,641,TAPI,SONGADH,-,-,Narmada,Narmada,Unch,-,-,Tapi,21.25029528,73.59093389,25-09-1988 08:30,0.3
3775,Tapi at Ukai,CWC,24,Gujarat,641,TAPI,SONGADH,-,-,Narmada,Narmada,Unch,-,-,Tapi,21.25029528,73.59093389,26-09-1988 08:30,2
3776,Tapi at Ukai,CWC,24,Gujarat,641,TAPI,SONGADH,-,-,Narmada,Narmada,Unch,-,-,Tapi,21.25029528,73.59093389,27-09-1988 08:30,9.3
3777,Tapi at Ukai,CWC,24,Gujarat,641,TAPI,SONGADH,-,-,Narmada,Narmada,Unch,-,-,Tapi,21.25029528,73.59093389,29-09-1988 08:30,10.1
3778,Tapi at Ukai,CWC,24,Gujarat,641,TAPI,SONGADH,-,-,Narmada,Narmada,Unch,-,-,Tapi,21.25029528,73.59093389,09-06-1989 08:30,0.5
3779,Tapi at Ukai,CWC,24,Gujarat,641,TAPI,SONGADH,-,-,Narmada,Narmada,Unch,-,-,Tapi,21.25029528,73.59093389,16-06-1989 08:30,1.5
3780,Tapi at Ukai,CWC,24,Gujarat,641,TAPI,SONGADH,-,-,Narmada,Narmada,Unch,-,-,Tapi,21.25029528,73.59093389,17-06-1989 08:30,3.6
3781,Tapi at Ukai,CWC,24,Gujarat,641,TAPI,SONGADH,-,-,Narmada,Narmada,Unch,-,-,Tapi,21.25029528,73.59093389,28-06-1989 08:30,26.5
3782,Tapi at Ukai,CWC,24,Gujarat,641,TAPI,SONGADH,-,-,Narmada,Narmada,Unch,-,-,Tapi,21.25029528,73.59093389,29-06-1989 08:30,9.8
3783,Tapi at Ukai,CWC,24,Gujarat,641,TAPI,SONGADH,-,-,Narmada,Narmada,Unch,-,-,Tapi,21.25029528,73.59093389,30-06-1989 08:30,136.5
3784,Tapi at Ukai,CWC,24,Gujarat,641,TAPI,SONGADH,-,-,Narmada,Narmada,Unch,-,-,Tapi,21.25029528,73.59093389,01-07-1989 08:30,34.1
3785,Tapi at Ukai,CWC,24,Gujarat,641,TAPI,SONGADH,-,-,Narmada,Narmada,Unch,-,-,Tapi,21.25029528,73.59093389,02-07-1989 08:30,61.8
3786,Tapi at Ukai,CWC,24,Gujarat,641,TAPI,SONGADH,-,-,Narmada,Narmada,Unch,-,-,Tapi,21.25029528,73.59093389,03-07-1989 08:30,17.4
3787,Tapi at Ukai,CWC,24,Gujarat,641,TAPI,SONGADH,-,-,Narmada,Narmada,Unch,-,-,Tapi,21.25029528,73.59093389,04-07-1989 08:30,87.4
3788,Tapi at Ukai,CWC,24,Gujarat,641,TAPI,SONGADH,-,-,Narmada,Narmada,Unch,-,-,Tapi,21.25029528,73.59093389,05-07-1989 08:30,7
3789,Tapi at Ukai,CWC,24,Gujarat,641,TAPI,SONGADH,-,-,Narmada,Narmada,Unch,-,-,Tapi,21.25029528,73.59093389,06-07-1989 08:30,5.6
3790,Tapi at Ukai,CWC,24,Gujarat,641,TAPI,SONGADH,-,-,Narmada,Narmada,Unch,-,-,Tapi,21.25029528,73.59093389,07-07-1989 08:30,1.4
3791,Tapi at Ukai,CWC,24,Gujarat,641,TAPI,SONGADH,-,-,Narmada,Narmada,Unch,-,-,Tapi,21.25029528,73.59093389,08-07-1989 08:30,2.4
3792,Tapi at Ukai,CWC,24,Gujarat,641,TAPI,SONGADH,-,-,Narmada,Narmada,Unch,-,-,Tapi,21.25029528,73.59093389,09-07-1989 08:30,28.8
3793,Tapi at Ukai,CWC,24,Gujarat,641,TAPI,SONGADH,-,-,Narmada,Narmada,Unch,-,-,Tapi,21.25029528,73.59093389,10-07-1989 08:30,12.6
3794,Tapi at Ukai,CWC,24,Gujarat,641,TAPI,SONGADH,-,-,Narmada,Narmada,Unch,-,-,Tapi,21.25029528,73.59093389,12-07-1989 08:30,1.2
3795,Tapi at Ukai,CWC,24,Gujarat,641,TAPI,SONGADH,-,-,Narmada,Narmada,Unch,-,-,Tapi,21.25029528,73.59093389,14-07-1989 08:30,10.1
3796,Tapi at Ukai,CWC,24,Gujarat,641,TAPI,SONGADH,-,-,Narmada,Narmada,Unch,-,-,Tapi,21.25029528,73.59093389,15-07-1989 08:30,39.1
3797,Tapi at Ukai,CWC,24,Gujarat,641,TAPI,SONGADH,-,-,Narmada,Narmada,Unch,-,-,Tapi,21.25029528,73.59093389,16-07-1989 08:30,13.8
3798,Tapi at Ukai,CWC,24,Gujarat,641,TAPI,SONGADH,-,-,Narmada,Narmada,Unch,-,-,Tapi,21.25029528,73.59093389,17-07-1989 08:30,2.5
3799,Tapi at Ukai,CWC,24,Gujarat,641,TAPI,SONGADH,-,-,Narmada,Narmada,Unch,-,-,Tapi,21.25029528,73.59093389,18-07-1989 08:30,8.2
3800,Tapi at Ukai,CWC,24,Gujarat,641,TAPI,SONGADH,-,-,Narmada,Narmada,Unch,-,-,Tapi,21.25029528,73.59093389,19-07-1989 08:30,3.1
3801,Tapi at Ukai,CWC,24,Gujarat,641,TAPI,SONGADH,-,-,Narmada,Narmada,Unch,-,-,Tapi,21.25029528,73.59093389,20-07-1989 08:30,22.3
3802,Tapi at Ukai,CWC,24,Gujarat,641,TAPI,SONGADH,-,-,Narmada,Narmada,Unch,-,-,Tapi,21.25029528,73.59093389,21-07-1989 08:30,45.1
3803,Tapi at Ukai,CWC,24,Gujarat,641,TAPI,SONGADH,-,-,Narmada,Narmada,Unch,-,-,Tapi,21.25029528,73.59093389,22-07-1989 08:30,15.2
3804,Tapi at Ukai,CWC,24,Gujarat,641,TAPI,SONGADH,-,-,Narmada,Narmada,Unch,-,-,Tapi,21.25029528,73.59093389,23-07-1989 08:30,2
3805,Tapi at Ukai,CWC,24,Gujarat,641,TAPI,SONGADH,-,-,Narmada,Narmada,Unch,-,-,Tapi,21.25029528,73.59093389,24-07-1989 08:30,99
3806,Tapi at Ukai,CWC,24,Gujarat,641,TAPI,SONGADH,-,-,Narmada,Narmada,Unch,-,-,Tapi,21.25029528,73.59093389,25-07-1989 08:30,177.9
3807,Tapi at Ukai,CWC,24,Gujarat,641,TAPI,SONGADH,-,-,Narmada,Narmada,Unch,-,-,Tapi,21.25029528,73.59093389,26-07-1989 08:30,14.2
3808,Tapi at Ukai,CWC,24,Gujarat,641,TAPI,SONGADH,-,-,Narmada,Narmada,Unch,-,-,Tapi,21.25029528,73.59093389,27-07-1989 08:30,17.8
3809,Tapi at Ukai,CWC,24,Gujarat,641,TAPI,SONGADH,-,-,Narmada,Narmada,Unch,-,-,Tapi,21.25029528,73.59093389,28-07-1989 08:30,9.1
3810,Tapi at Ukai,CWC,24,Gujarat,641,TAPI,SONGADH,-,-,Narmada,Narmada,Unch,-,-,Tapi,21.25029528,73.59093389,30-07-1989 08:30,7.8
3811,Tapi at Ukai,CWC,24,Gujarat,641,TAPI,SONGADH,-,-,Narmada,Narmada,Unch,-,-,Tapi,21.25029528,73.59093389,31-07-1989 08:30,1.1
3812,Tapi at Ukai,CWC,24,Gujarat,641,TAPI,SONGADH,-,-,Narmada,Narmada,Unch,-,-,Tapi,21.25029528,73.59093389,02-08-1989 08:30,0.4
3813,Tapi at Ukai,CWC,24,Gujarat,641,TAPI,SONGADH,-,-,Narmada,Narmada,Unch,-,-,Tapi,21.25029528,73.59093389,03-08-1989 08:30,0.9
3814,Tapi at Ukai,CWC,24,Gujarat,641,TAPI,SONGADH,-,-,Narmada,Narmada,Unch,-,-,Tapi,21.25029528,73.59093389,04-08-1989 08:30,0.4
3815,Tapi at Ukai,CWC,24,Gujarat,641,TAPI,SONGADH,-,-,Narmada,Narmada,Unch,-,-,Tapi,21.25029528,73.59093389,05-08-1989 08:30,0.7
3816,Tapi at Ukai,CWC,24,Gujarat,641,TAPI,SONGADH,-,-,Narmada,Narmada,Unch,-,-,Tapi,21.25029528,73.59093389,06-08-1989 08:30,0.2
3817,Tapi at Ukai,CWC,24,Gujarat,641,TAPI,SONGADH,-,-,Narmada,Narmada,Unch,-,-,Tapi,21.25029528,73.59093389,08-08-1989 08:30,5.2
3818,Tapi at Ukai,CWC,24,Gujarat,641,TAPI,SONGADH,-,-,Narmada,Narmada,Unch,-,-,Tapi,21.25029528,73.59093389,09-08-1989 08:30,8.2
3819,Tapi at Ukai,CWC,24,Gujarat,641,TAPI,SONGADH,-,-,Narmada,Narmada,Unch,-,-,Tapi,21.25029528,73.59093389,10-08-1989 08:30,7.4
3820,Tapi at Ukai,CWC,24,Gujarat,641,TAPI,SONGADH,-,-,Narmada,Narmada,Unch,-,-,Tapi,21.25029528,73.59093389,11-08-1989 08:30,21.2
3821,Tapi at Ukai,CWC,24,Gujarat,641,TAPI,SONGADH,-,-,Narmada,Narmada,Unch,-,-,Tapi,21.25029528,73.59093389,12-08-1989 08:30,15
3822,Tapi at Ukai,CWC,24,Gujarat,641,TAPI,SONGADH,-,-,Narmada,Narmada,Unch,-,-,Tapi,21.25029528,73.59093389,13-08-1989 08:30,22
3823,Tapi at Ukai,CWC,24,Gujarat,641,TAPI,SONGADH,-,-,Narmada,Narmada,Unch,-,-,Tapi,21.25029528,73.59093389,14-08-1989 08:30,0.4
3824,Tapi at Ukai,CWC,24,Gujarat,641,TAPI,SONGADH,-,-,Narmada,Narmada,Unch,-,-,Tapi,21.25029528,73.59093389,15-08-1989 08:30,5
3825,Tapi at Ukai,CWC,24,Gujarat,641,TAPI,SONGADH,-,-,Narmada,Narmada,Unch,-,-,Tapi,21.25029528,73.59093389,16-08-1989 08:30,1
3826,Tapi at Ukai,CWC,24,Gujarat,641,TAPI,SONGADH,-,-,Narmada,Narmada,Unch,-,-,Tapi,21.25029528,73.59093389,17-08-1989 08:30,2
3827,Tapi at Ukai,CWC,24,Gujarat,641,TAPI,SONGADH,-,-,Narmada,Narmada,Unch,-,-,Tapi,21.25029528,73.59093389,19-08-1989 08:30,20.2
3828,Tapi at Ukai,CWC,24,Gujarat,641,TAPI,SONGADH,-,-,Narmada,Narmada,Unch,-,-,Tapi,21.25029528,73.59093389,20-08-1989 08:30,50.9
3829,Tapi at Ukai,CWC,24,Gujarat,641,TAPI,SONGADH,-,-,Narmada,Narmada,Unch,-,-,Tapi,21.25029528,73.59093389,21-08-1989 08:30,20.4
3830,Tapi at Ukai,CWC,24,Gujarat,641,TAPI,SONGADH,-,-,Narmada,Narmada,Unch,-,-,Tapi,21.25029528,73.59093389,22-08-1989 08:30,8.7
3831,Tapi at Ukai,CWC,24,Gujarat,641,TAPI,SONGADH,-,-,Narmada,Narmada,Unch,-,-,Tapi,21.25029528,73.59093389,23-08-1989 08:30,2.5
3832,Tapi at Ukai,CWC,24,Gujarat,641,TAPI,SONGADH,-,-,Narmada,Narmada,Unch,-,-,Tapi,21.25029528,73.59093389,24-08-1989 08:30,11
3833,Tapi at Ukai,CWC,24,Gujarat,641,TAPI,SONGADH,-,-,Narmada,Narmada,Unch,-,-,Tapi,21.25029528,73.59093389,25-08-1989 08:30,8.8
3834,Tapi at Ukai,CWC,24,Gujarat,641,TAPI,SONGADH,-,-,Narmada,Narmada,Unch,-,-,Tapi,21.25029528,73.59093389,26-08-1989 08:30,23.6
3835,Tapi at Ukai,CWC,24,Gujarat,641,TAPI,SONGADH,-,-,Narmada,Narmada,Unch,-,-,Tapi,21.25029528,73.59093389,27-08-1989 08:30,3.8
3836,Tapi at Ukai,CWC,24,Gujarat,641,TAPI,SONGADH,-,-,Narmada,Narmada,Unch,-,-,Tapi,21.25029528,73.59093389,28-08-1989 08:30,10.4
3837,Tapi at Ukai,CWC,24,Gujarat,641,TAPI,SONGADH,-,-,Narmada,Narmada,Unch,-,-,Tapi,21.25029528,73.59093389,29-08-1989 08:30,21.8
3838,Tapi at Ukai,CWC,24,Gujarat,641,TAPI,SONGADH,-,-,Narmada,Narmada,Unch,-,-,Tapi,21.25029528,73.59093389,30-08-1989 08:30,11.1
3839,Tapi at Ukai,CWC,24,Gujarat,641,TAPI,SONGADH,-,-,Narmada,Narmada,Unch,-,-,Tapi,21.25029528,73.59093389,01-09-1989 08:30,9.5
3840,Tapi at Ukai,CWC,24,Gujarat,641,TAPI,SONGADH,-,-,Narmada,Narmada,Unch,-,-,Tapi,21.25029528,73.59093389,05-09-1989 08:30,0.6
3841,Tapi at Ukai,CWC,24,Gujarat,641,TAPI,SONGADH,-,-,Narmada,Narmada,Unch,-,-,Tapi,21.25029528,73.59093389,07-09-1989 08:30,4.9
3842,Tapi at Ukai,CWC,24,Gujarat,641,TAPI,SONGADH,-,-,Narmada,Narmada,Unch,-,-,Tapi,21.25029528,73.59093389,08-09-1989 08:30,0.8
3843,Tapi at Ukai,CWC,24,Gujarat,641,TAPI,SONGADH,-,-,Narmada,Narmada,Unch,-,-,Tapi,21.25029528,73.59093389,11-09-1989 08:30,16.8
3844,Tapi at Ukai,CWC,24,Gujarat,641,TAPI,SONGADH,-,-,Narmada,Narmada,Unch,-,-,Tapi,21.25029528,73.59093389,12-09-1989 08:30,5.6
3845,Tapi at Ukai,CWC,24,Gujarat,641,TAPI,SONGADH,-,-,Narmada,Narmada,Unch,-,-,Tapi,21.25029528,73.59093389,13-09-1989 08:30,0.4
3846,Tapi at Ukai,CWC,24,Gujarat,641,TAPI,SONGADH,-,-,Narmada,Narmada,Unch,-,-,Tapi,21.25029528,73.59093389,20-09-1989 08:30,0.3
3847,Tapi at Ukai,CWC,24,Gujarat,641,TAPI,SONGADH,-,-,Narmada,Narmada,Unch,-,-,Tapi,21.25029528,73.59093389,22-09-1989 08:30,14.4
3848,Tapi at Ukai,CWC,24,Gujarat,641,TAPI,SONGADH,-,-,Narmada,Narmada,Unch,-,-,Tapi,21.25029528,73.59093389,26-09-1989 08:30,0.6
3849,Tapi at Ukai,CWC,24,Gujarat,641,TAPI,SONGADH,-,-,Narmada,Narmada,Unch,-,-,Tapi,21.25029528,73.59093389,02-10-1989 08:30,15.2
3850,Tapi at Ukai,CWC,24,Gujarat,641,TAPI,SONGADH,-,-,Narmada,Narmada,Unch,-,-,Tapi,21.25029528,73.59093389,03-10-1989 08:30,9.4
3851,Tapi at Ukai,CWC,24,Gujarat,641,TAPI,SONGADH,-,-,Narmada,Narmada,Unch,-,-,Tapi,21.25029528,73.59093389,01-06-1990 08:30,57.8
3852,Tapi at Ukai,CWC,24,Gujarat,641,TAPI,SONGADH,-,-,Narmada,Narmada,Unch,-,-,Tapi,21.25029528,73.59093389,15-06-1990 08:30,52
3853,Tapi at Ukai,CWC,24,Gujarat,641,TAPI,SONGADH,-,-,Narmada,Narmada,Unch,-,-,Tapi,21.25029528,73.59093389,16-06-1990 08:30,35
3854,Tapi at Ukai,CWC,24,Gujarat,641,TAPI,SONGADH,-,-,Narmada,Narmada,Unch,-,-,Tapi,21.25029528,73.59093389,17-06-1990 08:30,0.4
3855,Tapi at Ukai,CWC,24,Gujarat,641,TAPI,SONGADH,-,-,Narmada,Narmada,Unch,-,-,Tapi,21.25029528,73.59093389,21-06-1990 08:30,0.4
3856,Tapi at Ukai,CWC,24,Gujarat,641,TAPI,SONGADH,-,-,Narmada,Narmada,Unch,-,-,Tapi,21.25029528,73.59093389,22-06-1990 08:30,0.6
3857,Tapi at Ukai,CWC,24,Gujarat,641,TAPI,SONGADH,-,-,Narmada,Narmada,Unch,-,-,Tapi,21.25029528,73.59093389,25-06-1990 08:30,6.7
3858,Tapi at Ukai,CWC,24,Gujarat,641,TAPI,SONGADH,-,-,Narmada,Narmada,Unch,-,-,Tapi,21.25029528,73.59093389,30-06-1990 08:30,2.6
3859,Tapi at Ukai,CWC,24,Gujarat,641,TAPI,SONGADH,-,-,Narmada,Narmada,Unch,-,-,Tapi,21.25029528,73.59093389,01-07-1990 08:30,72.2
3860,Tapi at Ukai,CWC,24,Gujarat,641,TAPI,SONGADH,-,-,Narmada,Narmada,Unch,-,-,Tapi,21.25029528,73.59093389,02-07-1990 08:30,5.2
3861,Tapi at Ukai,CWC,24,Gujarat,641,TAPI,SONGADH,-,-,Narmada,Narmada,Unch,-,-,Tapi,21.25029528,73.59093389,03-07-1990 08:30,11.3
3862,Tapi at Ukai,CWC,24,Gujarat,641,TAPI,SONGADH,-,-,Narmada,Narmada,Unch,-,-,Tapi,21.25029528,73.59093389,04-07-1990 08:30,9.6
3863,Tapi at Ukai,CWC,24,Gujarat,641,TAPI,SONGADH,-,-,Narmada,Narmada,Unch,-,-,Tapi,21.25029528,73.59093389,05-07-1990 08:30,15.2
3864,Tapi at Ukai,CWC,24,Gujarat,641,TAPI,SONGADH,-,-,Narmada,Narmada,Unch,-,-,Tapi,21.25029528,73.59093389,06-07-1990 08:30,2.2
3865,Tapi at Ukai,CWC,24,Gujarat,641,TAPI,SONGADH,-,-,Narmada,Narmada,Unch,-,-,Tapi,21.25029528,73.59093389,07-07-1990 08:30,9.2
3866,Tapi at Ukai,CWC,24,Gujarat,641,TAPI,SONGADH,-,-,Narmada,Narmada,Unch,-,-,Tapi,21.25029528,73.59093389,08-07-1990 08:30,17.6
3867,Tapi at Ukai,CWC,24,Gujarat,641,TAPI,SONGADH,-,-,Narmada,Narmada,Unch,-,-,Tapi,21.25029528,73.59093389,09-07-1990 08:30,1.8
3868,Tapi at Ukai,CWC,24,Gujarat,641,TAPI,SONGADH,-,-,Narmada,Narmada,Unch,-,-,Tapi,21.25029528,73.59093389,11-07-1990 08:30,1.1
3869,Tapi at Ukai,CWC,24,Gujarat,641,TAPI,SONGADH,-,-,Narmada,Narmada,Unch,-,-,Tapi,21.25029528,73.59093389,12-07-1990 08:30,0.7
3870,Tapi at Ukai,CWC,24,Gujarat,641,TAPI,SONGADH,-,-,Narmada,Narmada,Unch,-,-,Tapi,21.25029528,73.59093389,13-07-1990 08:30,0.3
3871,Tapi at Ukai,CWC,24,Gujarat,641,TAPI,SONGADH,-,-,Narmada,Narmada,Unch,-,-,Tapi,21.25029528,73.59093389,14-07-1990 08:30,7.8
3872,Tapi at Ukai,CWC,24,Gujarat,641,TAPI,SONGADH,-,-,Narmada,Narmada,Unch,-,-,Tapi,21.25029528,73.59093389,16-07-1990 08:30,0.5
3873,Tapi at Ukai,CWC,24,Gujarat,641,TAPI,SONGADH,-,-,Narmada,Narmada,Unch,-,-,Tapi,21.25029528,73.59093389,17-07-1990 08:30,32.6
3874,Tapi at Ukai,CWC,24,Gujarat,641,TAPI,SONGADH,-,-,Narmada,Narmada,Unch,-,-,Tapi,21.25029528,73.59093389,18-07-1990 08:30,0.7
3875,Tapi at Ukai,CWC,24,Gujarat,641,TAPI,SONGADH,-,-,Narmada,Narmada,Unch,-,-,Tapi,21.25029528,73.59093389,19-07-1990 08:30,4.1
3876,Tapi at Ukai,CWC,24,Gujarat,641,TAPI,SONGADH,-,-,Narmada,Narmada,Unch,-,-,Tapi,21.25029528,73.59093389,20-07-1990 08:30,15.7
3877,Tapi at Ukai,CWC,24,Gujarat,641,TAPI,SONGADH,-,-,Narmada,Narmada,Unch,-,-,Tapi,21.25029528,73.59093389,21-07-1990 08:30,8.8
3878,Tapi at Ukai,CWC,24,Gujarat,641,TAPI,SONGADH,-,-,Narmada,Narmada,Unch,-,-,Tapi,21.25029528,73.59093389,22-07-1990 08:30,0.5
3879,Tapi at Ukai,CWC,24,Gujarat,641,TAPI,SONGADH,-,-,Narmada,Narmada,Unch,-,-,Tapi,21.25029528,73.59093389,23-07-1990 08:30,1.3
3880,Tapi at Ukai,CWC,24,Gujarat,641,TAPI,SONGADH,-,-,Narmada,Narmada,Unch,-,-,Tapi,21.25029528,73.59093389,24-07-1990 08:30,0.6
3881,Tapi at Ukai,CWC,24,Gujarat,641,TAPI,SONGADH,-,-,Narmada,Narmada,Unch,-,-,Tapi,21.25029528,73.59093389,25-07-1990 08:30,28.4
3882,Tapi at Ukai,CWC,24,Gujarat,641,TAPI,SONGADH,-,-,Narmada,Narmada,Unch,-,-,Tapi,21.25029528,73.59093389,26-07-1990 08:30,1.8
3883,Tapi at Ukai,CWC,24,Gujarat,641,TAPI,SONGADH,-,-,Narmada,Narmada,Unch,-,-,Tapi,21.25029528,73.59093389,27-07-1990 08:30,2.1
3884,Tapi at Ukai,CWC,24,Gujarat,641,TAPI,SONGADH,-,-,Narmada,Narmada,Unch,-,-,Tapi,21.25029528,73.59093389,28-07-1990 08:30,2.9
3885,Tapi at Ukai,CWC,24,Gujarat,641,TAPI,SONGADH,-,-,Narmada,Narmada,Unch,-,-,Tapi,21.25029528,73.59093389,29-07-1990 08:30,4.4
3886,Tapi at Ukai,CWC,24,Gujarat,641,TAPI,SONGADH,-,-,Narmada,Narmada,Unch,-,-,Tapi,21.25029528,73.59093389,30-07-1990 08:30,2.8
3887,Tapi at Ukai,CWC,24,Gujarat,641,TAPI,SONGADH,-,-,Narmada,Narmada,Unch,-,-,Tapi,21.25029528,73.59093389,31-07-1990 08:30,0.2
3888,Tapi at Ukai,CWC,24,Gujarat,641,TAPI,SONGADH,-,-,Narmada,Narmada,Unch,-,-,Tapi,21.25029528,73.59093389,01-08-1990 08:30,2.2
3889,Tapi at Ukai,CWC,24,Gujarat,641,TAPI,SONGADH,-,-,Narmada,Narmada,Unch,-,-,Tapi,21.25029528,73.59093389,02-08-1990 08:30,11.2
3890,Tapi at Ukai,CWC,24,Gujarat,641,TAPI,SONGADH,-,-,Narmada,Narmada,Unch,-,-,Tapi,21.25029528,73.59093389,03-08-1990 08:30,32.4
3891,Tapi at Ukai,CWC,24,Gujarat,641,TAPI,SONGADH,-,-,Narmada,Narmada,Unch,-,-,Tapi,21.25029528,73.59093389,04-08-1990 08:30,4.5
3892,Tapi at Ukai,CWC,24,Gujarat,641,TAPI,SONGADH,-,-,Narmada,Narmada,Unch,-,-,Tapi,21.25029528,73.59093389,05-08-1990 08:30,8.4
3893,Tapi at Ukai,CWC,24,Gujarat,641,TAPI,SONGADH,-,-,Narmada,Narmada,Unch,-,-,Tapi,21.25029528,73.59093389,06-08-1990 08:30,3.9
3894,Tapi at Ukai,CWC,24,Gujarat,641,TAPI,SONGADH,-,-,Narmada,Narmada,Unch,-,-,Tapi,21.25029528,73.59093389,07-08-1990 08:30,14.3
3895,Tapi at Ukai,CWC,24,Gujarat,641,TAPI,SONGADH,-,-,Narmada,Narmada,Unch,-,-,Tapi,21.25029528,73.59093389,08-08-1990 08:30,4.9
3896,Tapi at Ukai,CWC,24,Gujarat,641,TAPI,SONGADH,-,-,Narmada,Narmada,Unch,-,-,Tapi,21.25029528,73.59093389,09-08-1990 08:30,3.5
3897,Tapi at Ukai,CWC,24,Gujarat,641,TAPI,SONGADH,-,-,Narmada,Narmada,Unch,-,-,Tapi,21.25029528,73.59093389,12-08-1990 08:30,2.1
3898,Tapi at Ukai,CWC,24,Gujarat,641,TAPI,SONGADH,-,-,Narmada,Narmada,Unch,-,-,Tapi,21.25029528,73.59093389,13-08-1990 08:30,7.1
3899,Tapi at Ukai,CWC,24,Gujarat,641,TAPI,SONGADH,-,-,Narmada,Narmada,Unch,-,-,Tapi,21.25029528,73.59093389,14-08-1990 08:30,5.2
3900,Tapi at Ukai,CWC,24,Gujarat,641,TAPI,SONGADH,-,-,Narmada,Narmada,Unch,-,-,Tapi,21.25029528,73.59093389,15-08-1990 08:30,6.3
3901,Tapi at Ukai,CWC,24,Gujarat,641,TAPI,SONGADH,-,-,Narmada,Narmada,Unch,-,-,Tapi,21.25029528,73.59093389,16-08-1990 08:30,0.6
3902,Tapi at Ukai,CWC,24,Gujarat,641,TAPI,SONGADH,-,-,Narmada,Narmada,Unch,-,-,Tapi,21.25029528,73.59093389,17-08-1990 08:30,95.9
3903,Tapi at Ukai,CWC,24,Gujarat,641,TAPI,SONGADH,-,-,Narmada,Narmada,Unch,-,-,Tapi,21.25029528,73.59093389,18-08-1990 08:30,12.3
3904,Tapi at Ukai,CWC,24,Gujarat,641,TAPI,SONGADH,-,-,Narmada,Narmada,Unch,-,-,Tapi,21.25029528,73.59093389,19-08-1990 08:30,12.2
3905,Tapi at Ukai,CWC,24,Gujarat,641,TAPI,SONGADH,-,-,Narmada,Narmada,Unch,-,-,Tapi,21.25029528,73.59093389,20-08-1990 08:30,28.1
3906,Tapi at Ukai,CWC,24,Gujarat,641,TAPI,SONGADH,-,-,Narmada,Narmada,Unch,-,-,Tapi,21.25029528,73.59093389,21-08-1990 08:30,12.8
3907,Tapi at Ukai,CWC,24,Gujarat,641,TAPI,SONGADH,-,-,Narmada,Narmada,Unch,-,-,Tapi,21.25029528,73.59093389,22-08-1990 08:30,4.4
3908,Tapi at Ukai,CWC,24,Gujarat,641,TAPI,SONGADH,-,-,Narmada,Narmada,Unch,-,-,Tapi,21.25029528,73.59093389,23-08-1990 08:30,47
3909,Tapi at Ukai,CWC,24,Gujarat,641,TAPI,SONGADH,-,-,Narmada,Narmada,Unch,-,-,Tapi,21.25029528,73.59093389,24-08-1990 08:30,22.1
3910,Tapi at Ukai,CWC,24,Gujarat,641,TAPI,SONGADH,-,-,Narmada,Narmada,Unch,-,-,Tapi,21.25029528,73.59093389,25-08-1990 08:30,33.1
3911,Tapi at Ukai,CWC,24,Gujarat,641,TAPI,SONGADH,-,-,Narmada,Narmada,Unch,-,-,Tapi,21.25029528,73.59093389,26-08-1990 08:30,10.8
3912,Tapi at Ukai,CWC,24,Gujarat,641,TAPI,SONGADH,-,-,Narmada,Narmada,Unch,-,-,Tapi,21.25029528,73.59093389,27-08-1990 08:30,6.1
3913,Tapi at Ukai,CWC,24,Gujarat,641,TAPI,SONGADH,-,-,Narmada,Narmada,Unch,-,-,Tapi,21.25029528,73.59093389,28-08-1990 08:30,6.1
3914,Tapi at Ukai,CWC,24,Gujarat,641,TAPI,SONGADH,-,-,Narmada,Narmada,Unch,-,-,Tapi,21.25029528,73.59093389,29-08-1990 08:30,31.6
3915,Tapi at Ukai,CWC,24,Gujarat,641,TAPI,SONGADH,-,-,Narmada,Narmada,Unch,-,-,Tapi,21.25029528,73.59093389,30-08-1990 08:30,3.4
3916,Tapi at Ukai,CWC,24,Gujarat,641,TAPI,SONGADH,-,-,Narmada,Narmada,Unch,-,-,Tapi,21.25029528,73.59093389,31-08-1990 08:30,21.1
3917,Tapi at Ukai,CWC,24,Gujarat,641,TAPI,SONGADH,-,-,Narmada,Narmada,Unch,-,-,Tapi,21.25029528,73.59093389,01-09-1990 08:30,37.8
3918,Tapi at Ukai,CWC,24,Gujarat,641,TAPI,SONGADH,-,-,Narmada,Narmada,Unch,-,-,Tapi,21.25029528,73.59093389,02-09-1990 08:30,9
3919,Tapi at Ukai,CWC,24,Gujarat,641,TAPI,SONGADH,-,-,Narmada,Narmada,Unch,-,-,Tapi,21.25029528,73.59093389,03-09-1990 08:30,0.2
3920,Tapi at Ukai,CWC,24,Gujarat,641,TAPI,SONGADH,-,-,Narmada,Narmada,Unch,-,-,Tapi,21.25029528,73.59093389,04-09-1990 08:30,1.4
3921,Tapi at Ukai,CWC,24,Gujarat,641,TAPI,SONGADH,-,-,Narmada,Narmada,Unch,-,-,Tapi,21.25029528,73.59093389,05-09-1990 08:30,0.8
3922,Tapi at Ukai,CWC,24,Gujarat,641,TAPI,SONGADH,-,-,Narmada,Narmada,Unch,-,-,Tapi,21.25029528,73.59093389,06-09-1990 08:30,30.6
3923,Tapi at Ukai,CWC,24,Gujarat,641,TAPI,SONGADH,-,-,Narmada,Narmada,Unch,-,-,Tapi,21.25029528,73.59093389,08-09-1990 08:30,5.6
3924,Tapi at Ukai,CWC,24,Gujarat,641,TAPI,SONGADH,-,-,Narmada,Narmada,Unch,-,-,Tapi,21.25029528,73.59093389,10-09-1990 08:30,17.2
3925,Tapi at Ukai,CWC,24,Gujarat,641,TAPI,SONGADH,-,-,Narmada,Narmada,Unch,-,-,Tapi,21.25029528,73.59093389,12-09-1990 08:30,10.6
3926,Tapi at Ukai,CWC,24,Gujarat,641,TAPI,SONGADH,-,-,Narmada,Narmada,Unch,-,-,Tapi,21.25029528,73.59093389,13-09-1990 08:30,6.3
3927,Tapi at Ukai,CWC,24,Gujarat,641,TAPI,SONGADH,-,-,Narmada,Narmada,Unch,-,-,Tapi,21.25029528,73.59093389,14-09-1990 08:30,6.2
3928,Tapi at Ukai,CWC,24,Gujarat,641,TAPI,SONGADH,-,-,Narmada,Narmada,Unch,-,-,Tapi,21.25029528,73.59093389,15-09-1990 08:30,1.2
3929,Tapi at Ukai,CWC,24,Gujarat,641,TAPI,SONGADH,-,-,Narmada,Narmada,Unch,-,-,Tapi,21.25029528,73.59093389,16-09-1990 08:30,0.5
3930,Tapi at Ukai,CWC,24,Gujarat,641,TAPI,SONGADH,-,-,Narmada,Narmada,Unch,-,-,Tapi,21.25029528,73.59093389,17-09-1990 08:30,0.6
3931,Tapi at Ukai,CWC,24,Gujarat,641,TAPI,SONGADH,-,-,Narmada,Narmada,Unch,-,-,Tapi,21.25029528,73.59093389,18-09-1990 08:30,0.1
3932,Tapi at Ukai,CWC,24,Gujarat,641,TAPI,SONGADH,-,-,Narmada,Narmada,Unch,-,-,Tapi,21.25029528,73.59093389,23-09-1990 08:30,0.1
3933,Tapi at Ukai,CWC,24,Gujarat,641,TAPI,SONGADH,-,-,Narmada,Narmada,Unch,-,-,Tapi,21.25029528,73.59093389,24-09-1990 08:30,45.8
3934,Tapi at Ukai,CWC,24,Gujarat,641,TAPI,SONGADH,-,-,Narmada,Narmada,Unch,-,-,Tapi,21.25029528,73.59093389,25-09-1990 08:30,10.4
3935,Tapi at Ukai,CWC,24,Gujarat,641,TAPI,SONGADH,-,-,Narmada,Narmada,Unch,-,-,Tapi,21.25029528,73.59093389,26-09-1990 08:30,6.7
3936,Tapi at Ukai,CWC,24,Gujarat,641,TAPI,SONGADH,-,-,Narmada,Narmada,Unch,-,-,Tapi,21.25029528,73.59093389,27-09-1990 08:30,5.5
3937,Tapi at Ukai,CWC,24,Gujarat,641,TAPI,SONGADH,-,-,Narmada,Narmada,Unch,-,-,Tapi,21.25029528,73.59093389,28-09-1990 08:30,19.6
3938,Tapi at Ukai,CWC,24,Gujarat,641,TAPI,SONGADH,-,-,Narmada,Narmada,Unch,-,-,Tapi,21.25029528,73.59093389,29-09-1990 08:30,36
3939,Tapi at Ukai,CWC,24,Gujarat,641,TAPI,SONGADH,-,-,Narmada,Narmada,Unch,-,-,Tapi,21.25029528,73.59093389,10-10-1990 08:30,1
3940,Tapi at Ukai,CWC,24,Gujarat,641,TAPI,SONGADH,-,-,Narmada,Narmada,Unch,-,-,Tapi,21.25029528,73.59093389,11-10-1990 08:30,23
3941,VAPI,CWC,24,Gujarat,462,Valsad,UMBERGAON,-,-,Narmada,Narmada,Unch,-,-,Daman Ganga,20.33541000,72.91076556,03-06-1980 08:30,4.06
3942,VAPI,CWC,24,Gujarat,462,Valsad,UMBERGAON,-,-,Narmada,Narmada,Unch,-,-,Daman Ganga,20.33541000,72.91076556,05-06-1980 08:30,85.56
3943,VAPI,CWC,24,Gujarat,462,Valsad,UMBERGAON,-,-,Narmada,Narmada,Unch,-,-,Daman Ganga,20.33541000,72.91076556,06-06-1980 08:30,14.07
3944,VAPI,CWC,24,Gujarat,462,Valsad,UMBERGAON,-,-,Narmada,Narmada,Unch,-,-,Daman Ganga,20.33541000,72.91076556,07-06-1980 08:30,92.46
3945,VAPI,CWC,24,Gujarat,462,Valsad,UMBERGAON,-,-,Narmada,Narmada,Unch,-,-,Daman Ganga,20.33541000,72.91076556,23-06-1980 08:30,214.63
3946,VAPI,CWC,24,Gujarat,462,Valsad,UMBERGAON,-,-,Narmada,Narmada,Unch,-,-,Daman Ganga,20.33541000,72.91076556,24-06-1980 08:30,41.15
3947,VAPI,CWC,24,Gujarat,462,Valsad,UMBERGAON,-,-,Narmada,Narmada,Unch,-,-,Daman Ganga,20.33541000,72.91076556,25-06-1980 08:30,5.08
3948,VAPI,CWC,24,Gujarat,462,Valsad,UMBERGAON,-,-,Narmada,Narmada,Unch,-,-,Daman Ganga,20.33541000,72.91076556,26-06-1980 08:30,6.35
3949,VAPI,CWC,24,Gujarat,462,Valsad,UMBERGAON,-,-,Narmada,Narmada,Unch,-,-,Daman Ganga,20.33541000,72.91076556,27-06-1980 08:30,2.79
3950,VAPI,CWC,24,Gujarat,462,Valsad,UMBERGAON,-,-,Narmada,Narmada,Unch,-,-,Daman Ganga,20.33541000,72.91076556,28-06-1980 08:30,33.53
3951,VAPI,CWC,24,Gujarat,462,Valsad,UMBERGAON,-,-,Narmada,Narmada,Unch,-,-,Daman Ganga,20.33541000,72.91076556,29-06-1980 08:30,16.76
3952,VAPI,CWC,24,Gujarat,462,Valsad,UMBERGAON,-,-,Narmada,Narmada,Unch,-,-,Daman Ganga,20.33541000,72.91076556,30-06-1980 08:30,11.43
3953,VAPI,CWC,24,Gujarat,462,Valsad,UMBERGAON,-,-,Narmada,Narmada,Unch,-,-,Daman Ganga,20.33541000,72.91076556,12-07-1980 08:30,5.8
3954,VAPI,CWC,24,Gujarat,462,Valsad,UMBERGAON,-,-,Narmada,Narmada,Unch,-,-,Daman Ganga,20.33541000,72.91076556,17-07-1980 08:30,3.81
3955,VAPI,CWC,24,Gujarat,462,Valsad,UMBERGAON,-,-,Narmada,Narmada,Unch,-,-,Daman Ganga,20.33541000,72.91076556,18-07-1980 08:30,5.8
3956,VAPI,CWC,24,Gujarat,462,Valsad,UMBERGAON,-,-,Narmada,Narmada,Unch,-,-,Daman Ganga,20.33541000,72.91076556,19-07-1980 08:30,5.8
3957,VAPI,CWC,24,Gujarat,462,Valsad,UMBERGAON,-,-,Narmada,Narmada,Unch,-,-,Daman Ganga,20.33541000,72.91076556,20-07-1980 08:30,1.6
3958,VAPI,CWC,24,Gujarat,462,Valsad,UMBERGAON,-,-,Narmada,Narmada,Unch,-,-,Daman Ganga,20.33541000,72.91076556,21-07-1980 08:30,5.84
3959,VAPI,CWC,24,Gujarat,462,Valsad,UMBERGAON,-,-,Narmada,Narmada,Unch,-,-,Daman Ganga,20.33541000,72.91076556,22-07-1980 08:30,8.13
3960,VAPI,CWC,24,Gujarat,462,Valsad,UMBERGAON,-,-,Narmada,Narmada,Unch,-,-,Daman Ganga,20.33541000,72.91076556,23-07-1980 08:30,1.78
3961,VAPI,CWC,24,Gujarat,462,Valsad,UMBERGAON,-,-,Narmada,Narmada,Unch,-,-,Daman Ganga,20.33541000,72.91076556,25-07-1980 08:30,41.4
3962,VAPI,CWC,24,Gujarat,462,Valsad,UMBERGAON,-,-,Narmada,Narmada,Unch,-,-,Daman Ganga,20.33541000,72.91076556,26-07-1980 08:30,93.98
3963,VAPI,CWC,24,Gujarat,462,Valsad,UMBERGAON,-,-,Narmada,Narmada,Unch,-,-,Daman Ganga,20.33541000,72.91076556,27-07-1980 08:30,83.82
3964,VAPI,CWC,24,Gujarat,462,Valsad,UMBERGAON,-,-,Narmada,Narmada,Unch,-,-,Daman Ganga,20.33541000,72.91076556,28-07-1980 08:30,15.24
3965,VAPI,CWC,24,Gujarat,462,Valsad,UMBERGAON,-,-,Narmada,Narmada,Unch,-,-,Daman Ganga,20.33541000,72.91076556,29-07-1980 08:30,2.54
3966,VAPI,CWC,24,Gujarat,462,Valsad,UMBERGAON,-,-,Narmada,Narmada,Unch,-,-,Daman Ganga,20.33541000,72.91076556,30-07-1980 08:30,44.45
3967,VAPI,CWC,24,Gujarat,462,Valsad,UMBERGAON,-,-,Narmada,Narmada,Unch,-,-,Daman Ganga,20.33541000,72.91076556,31-07-1980 08:30,13.97
3968,VAPI,CWC,24,Gujarat,462,Valsad,UMBERGAON,-,-,Narmada,Narmada,Unch,-,-,Daman Ganga,20.33541000,72.91076556,01-08-1980 08:30,25.4
3969,VAPI,CWC,24,Gujarat,462,Valsad,UMBERGAON,-,-,Narmada,Narmada,Unch,-,-,Daman Ganga,20.33541000,72.91076556,02-08-1980 08:30,84.58
3970,VAPI,CWC,24,Gujarat,462,Valsad,UMBERGAON,-,-,Narmada,Narmada,Unch,-,-,Daman Ganga,20.33541000,72.91076556,03-08-1980 08:30,34.29
3971,VAPI,CWC,24,Gujarat,462,Valsad,UMBERGAON,-,-,Narmada,Narmada,Unch,-,-,Daman Ganga,20.33541000,72.91076556,04-08-1980 08:30,133.35
3972,VAPI,CWC,24,Gujarat,462,Valsad,UMBERGAON,-,-,Narmada,Narmada,Unch,-,-,Daman Ganga,20.33541000,72.91076556,05-08-1980 08:30,24.13
3973,VAPI,CWC,24,Gujarat,462,Valsad,UMBERGAON,-,-,Narmada,Narmada,Unch,-,-,Daman Ganga,20.33541000,72.91076556,06-08-1980 08:30,6.35
3974,VAPI,CWC,24,Gujarat,462,Valsad,UMBERGAON,-,-,Narmada,Narmada,Unch,-,-,Daman Ganga,20.33541000,72.91076556,07-08-1980 08:30,11.43
3975,VAPI,CWC,24,Gujarat,462,Valsad,UMBERGAON,-,-,Narmada,Narmada,Unch,-,-,Daman Ganga,20.33541000,72.91076556,08-08-1980 08:30,21.59
3976,VAPI,CWC,24,Gujarat,462,Valsad,UMBERGAON,-,-,Narmada,Narmada,Unch,-,-,Daman Ganga,20.33541000,72.91076556,09-08-1980 08:30,10.16
3977,VAPI,CWC,24,Gujarat,462,Valsad,UMBERGAON,-,-,Narmada,Narmada,Unch,-,-,Daman Ganga,20.33541000,72.91076556,10-08-1980 08:30,0.27
3978,VAPI,CWC,24,Gujarat,462,Valsad,UMBERGAON,-,-,Narmada,Narmada,Unch,-,-,Daman Ganga,20.33541000,72.91076556,11-08-1980 08:30,3.81
3979,VAPI,CWC,24,Gujarat,462,Valsad,UMBERGAON,-,-,Narmada,Narmada,Unch,-,-,Daman Ganga,20.33541000,72.91076556,12-08-1980 08:30,0.5
3980,VAPI,CWC,24,Gujarat,462,Valsad,UMBERGAON,-,-,Narmada,Narmada,Unch,-,-,Daman Ganga,20.33541000,72.91076556,17-08-1980 08:30,13.97
3981,VAPI,CWC,24,Gujarat,462,Valsad,UMBERGAON,-,-,Narmada,Narmada,Unch,-,-,Daman Ganga,20.33541000,72.91076556,18-08-1980 08:30,20.33
3982,VAPI,CWC,24,Gujarat,462,Valsad,UMBERGAON,-,-,Narmada,Narmada,Unch,-,-,Daman Ganga,20.33541000,72.91076556,19-08-1980 08:30,11.43
3983,VAPI,CWC,24,Gujarat,462,Valsad,UMBERGAON,-,-,Narmada,Narmada,Unch,-,-,Daman Ganga,20.33541000,72.91076556,20-08-1980 08:30,20.32
3984,VAPI,CWC,24,Gujarat,462,Valsad,UMBERGAON,-,-,Narmada,Narmada,Unch,-,-,Daman Ganga,20.33541000,72.91076556,21-08-1980 08:30,11.43
3985,VAPI,CWC,24,Gujarat,462,Valsad,UMBERGAON,-,-,Narmada,Narmada,Unch,-,-,Daman Ganga,20.33541000,72.91076556,23-08-1980 08:30,10.16
3986,VAPI,CWC,24,Gujarat,462,Valsad,UMBERGAON,-,-,Narmada,Narmada,Unch,-,-,Daman Ganga,20.33541000,72.91076556,24-08-1980 08:30,7.62
3987,VAPI,CWC,24,Gujarat,462,Valsad,UMBERGAON,-,-,Narmada,Narmada,Unch,-,-,Daman Ganga,20.33541000,72.91076556,25-08-1980 08:30,5.8
3988,VAPI,CWC,24,Gujarat,462,Valsad,UMBERGAON,-,-,Narmada,Narmada,Unch,-,-,Daman Ganga,20.33541000,72.91076556,26-08-1980 08:30,7.11
3989,VAPI,CWC,24,Gujarat,462,Valsad,UMBERGAON,-,-,Narmada,Narmada,Unch,-,-,Daman Ganga,20.33541000,72.91076556,27-08-1980 08:30,10.16
3990,VAPI,CWC,24,Gujarat,462,Valsad,UMBERGAON,-,-,Narmada,Narmada,Unch,-,-,Daman Ganga,20.33541000,72.91076556,28-08-1980 08:30,12.19
3991,VAPI,CWC,24,Gujarat,462,Valsad,UMBERGAON,-,-,Narmada,Narmada,Unch,-,-,Daman Ganga,20.33541000,72.91076556,29-08-1980 08:30,0.51
3992,VAPI,CWC,24,Gujarat,462,Valsad,UMBERGAON,-,-,Narmada,Narmada,Unch,-,-,Daman Ganga,20.33541000,72.91076556,01-09-1980 08:30,10.16
3993,VAPI,CWC,24,Gujarat,462,Valsad,UMBERGAON,-,-,Narmada,Narmada,Unch,-,-,Daman Ganga,20.33541000,72.91076556,02-09-1980 08:30,36.83
3994,VAPI,CWC,24,Gujarat,462,Valsad,UMBERGAON,-,-,Narmada,Narmada,Unch,-,-,Daman Ganga,20.33541000,72.91076556,03-09-1980 08:30,30.48
3995,VAPI,CWC,24,Gujarat,462,Valsad,UMBERGAON,-,-,Narmada,Narmada,Unch,-,-,Daman Ganga,20.33541000,72.91076556,04-09-1980 08:30,1.2
3996,VAPI,CWC,24,Gujarat,462,Valsad,UMBERGAON,-,-,Narmada,Narmada,Unch,-,-,Daman Ganga,20.33541000,72.91076556,05-09-1980 08:30,0.76
3997,VAPI,CWC,24,Gujarat,462,Valsad,UMBERGAON,-,-,Narmada,Narmada,Unch,-,-,Daman Ganga,20.33541000,72.91076556,06-09-1980 08:30,0.51
3998,VAPI,CWC,24,Gujarat,462,Valsad,UMBERGAON,-,-,Narmada,Narmada,Unch,-,-,Daman Ganga,20.33541000,72.91076556,10-09-1980 08:30,1.52
3999,VAPI,CWC,24,Gujarat,462,Valsad,UMBERGAON,-,-,Narmada,Narmada,Unch,-,-,Daman Ganga,20.33541000,72.91076556,15-09-1980 08:30,15.24
4000,VAPI,CWC,24,Gujarat,462,Valsad,UMBERGAON,-,-,Narmada,Narmada,Unch,-,-,Daman Ganga,20.33541000,72.91076556,24-09-1980 08:30,36.56
4001,VAPI,CWC,24,Gujarat,462,Valsad,UMBERGAON,-,-,Narmada,Narmada,Unch,-,-,Daman Ganga,20.33541000,72.91076556,25-09-1980 08:30,0.76
4002,VAPI,CWC,24,Gujarat,462,Valsad,UMBERGAON,-,-,Narmada,Narmada,Unch,-,-,Daman Ganga,20.33541000,72.91076556,26-09-1980 08:30,0.25
4003,VAPI,CWC,24,Gujarat,462,Valsad,UMBERGAON,-,-,Narmada,Narmada,Unch,-,-,Daman Ganga,20.33541000,72.91076556,30-09-1980 08:30,3.3
4004,VAPI,CWC,24,Gujarat,462,Valsad,UMBERGAON,-,-,Narmada,Narmada,Unch,-,-,Daman Ganga,20.33541000,72.91076556,26-06-1981 08:30,15.3
4005,VAPI,CWC,24,Gujarat,462,Valsad,UMBERGAON,-,-,Narmada,Narmada,Unch,-,-,Daman Ganga,20.33541000,72.91076556,27-06-1981 08:30,62.29
4006,VAPI,CWC,24,Gujarat,462,Valsad,UMBERGAON,-,-,Narmada,Narmada,Unch,-,-,Daman Ganga,20.33541000,72.91076556,28-06-1981 08:30,21.84
4007,VAPI,CWC,24,Gujarat,462,Valsad,UMBERGAON,-,-,Narmada,Narmada,Unch,-,-,Daman Ganga,20.33541000,72.91076556,29-06-1981 08:30,3.3
4008,VAPI,CWC,24,Gujarat,462,Valsad,UMBERGAON,-,-,Narmada,Narmada,Unch,-,-,Daman Ganga,20.33541000,72.91076556,30-06-1981 08:30,16.51
4009,VAPI,CWC,24,Gujarat,462,Valsad,UMBERGAON,-,-,Narmada,Narmada,Unch,-,-,Daman Ganga,20.33541000,72.91076556,01-07-1981 08:30,105.41
4010,VAPI,CWC,24,Gujarat,462,Valsad,UMBERGAON,-,-,Narmada,Narmada,Unch,-,-,Daman Ganga,20.33541000,72.91076556,02-07-1981 08:30,157.48
4011,VAPI,CWC,24,Gujarat,462,Valsad,UMBERGAON,-,-,Narmada,Narmada,Unch,-,-,Daman Ganga,20.33541000,72.91076556,03-07-1981 08:30,106.68
4012,VAPI,CWC,24,Gujarat,462,Valsad,UMBERGAON,-,-,Narmada,Narmada,Unch,-,-,Daman Ganga,20.33541000,72.91076556,04-07-1981 08:30,11.43
4013,VAPI,CWC,24,Gujarat,462,Valsad,UMBERGAON,-,-,Narmada,Narmada,Unch,-,-,Daman Ganga,20.33541000,72.91076556,05-07-1981 08:30,8.38
4014,VAPI,CWC,24,Gujarat,462,Valsad,UMBERGAON,-,-,Narmada,Narmada,Unch,-,-,Daman Ganga,20.33541000,72.91076556,06-07-1981 08:30,10.16
4015,VAPI,CWC,24,Gujarat,462,Valsad,UMBERGAON,-,-,Narmada,Narmada,Unch,-,-,Daman Ganga,20.33541000,72.91076556,07-07-1981 08:30,22.86
4016,VAPI,CWC,24,Gujarat,462,Valsad,UMBERGAON,-,-,Narmada,Narmada,Unch,-,-,Daman Ganga,20.33541000,72.91076556,08-07-1981 08:30,67.31
4017,VAPI,CWC,24,Gujarat,462,Valsad,UMBERGAON,-,-,Narmada,Narmada,Unch,-,-,Daman Ganga,20.33541000,72.91076556,09-07-1981 08:30,6.8
4018,VAPI,CWC,24,Gujarat,462,Valsad,UMBERGAON,-,-,Narmada,Narmada,Unch,-,-,Daman Ganga,20.33541000,72.91076556,10-07-1981 08:30,25.4
4019,VAPI,CWC,24,Gujarat,462,Valsad,UMBERGAON,-,-,Narmada,Narmada,Unch,-,-,Daman Ganga,20.33541000,72.91076556,11-07-1981 08:30,97.79
4020,VAPI,CWC,24,Gujarat,462,Valsad,UMBERGAON,-,-,Narmada,Narmada,Unch,-,-,Daman Ganga,20.33541000,72.91076556,12-07-1981 08:30,24.62
4021,VAPI,CWC,24,Gujarat,462,Valsad,UMBERGAON,-,-,Narmada,Narmada,Unch,-,-,Daman Ganga,20.33541000,72.91076556,13-07-1981 08:30,11.86
4022,VAPI,CWC,24,Gujarat,462,Valsad,UMBERGAON,-,-,Narmada,Narmada,Unch,-,-,Daman Ganga,20.33541000,72.91076556,14-07-1981 08:30,80.19
4023,VAPI,CWC,24,Gujarat,462,Valsad,UMBERGAON,-,-,Narmada,Narmada,Unch,-,-,Daman Ganga,20.33541000,72.91076556,15-07-1981 08:30,49.53
4024,VAPI,CWC,24,Gujarat,462,Valsad,UMBERGAON,-,-,Narmada,Narmada,Unch,-,-,Daman Ganga,20.33541000,72.91076556,16-07-1981 08:30,44.7
4025,VAPI,CWC,24,Gujarat,462,Valsad,UMBERGAON,-,-,Narmada,Narmada,Unch,-,-,Daman Ganga,20.33541000,72.91076556,17-07-1981 08:30,38.6
4026,VAPI,CWC,24,Gujarat,462,Valsad,UMBERGAON,-,-,Narmada,Narmada,Unch,-,-,Daman Ganga,20.33541000,72.91076556,18-07-1981 08:30,39.37
4027,VAPI,CWC,24,Gujarat,462,Valsad,UMBERGAON,-,-,Narmada,Narmada,Unch,-,-,Daman Ganga,20.33541000,72.91076556,20-07-1981 08:30,2.54
4028,VAPI,CWC,24,Gujarat,462,Valsad,UMBERGAON,-,-,Narmada,Narmada,Unch,-,-,Daman Ganga,20.33541000,72.91076556,21-07-1981 08:30,3.56
4029,VAPI,CWC,24,Gujarat,462,Valsad,UMBERGAON,-,-,Narmada,Narmada,Unch,-,-,Daman Ganga,20.33541000,72.91076556,22-07-1981 08:30,7.86
4030,VAPI,CWC,24,Gujarat,462,Valsad,UMBERGAON,-,-,Narmada,Narmada,Unch,-,-,Daman Ganga,20.33541000,72.91076556,23-07-1981 08:30,31.75
4031,VAPI,CWC,24,Gujarat,462,Valsad,UMBERGAON,-,-,Narmada,Narmada,Unch,-,-,Daman Ganga,20.33541000,72.91076556,24-07-1981 08:30,26.69
4032,VAPI,CWC,24,Gujarat,462,Valsad,UMBERGAON,-,-,Narmada,Narmada,Unch,-,-,Daman Ganga,20.33541000,72.91076556,25-07-1981 08:30,58.67
4033,VAPI,CWC,24,Gujarat,462,Valsad,UMBERGAON,-,-,Narmada,Narmada,Unch,-,-,Daman Ganga,20.33541000,72.91076556,26-07-1981 08:30,2.29
4034,VAPI,CWC,24,Gujarat,462,Valsad,UMBERGAON,-,-,Narmada,Narmada,Unch,-,-,Daman Ganga,20.33541000,72.91076556,28-07-1981 08:30,10.16
4035,VAPI,CWC,24,Gujarat,462,Valsad,UMBERGAON,-,-,Narmada,Narmada,Unch,-,-,Daman Ganga,20.33541000,72.91076556,29-07-1981 08:30,13.21
4036,VAPI,CWC,24,Gujarat,462,Valsad,UMBERGAON,-,-,Narmada,Narmada,Unch,-,-,Daman Ganga,20.33541000,72.91076556,30-07-1981 08:30,11.93
4037,VAPI,CWC,24,Gujarat,462,Valsad,UMBERGAON,-,-,Narmada,Narmada,Unch,-,-,Daman Ganga,20.33541000,72.91076556,31-07-1981 08:30,3.81
4038,VAPI,CWC,24,Gujarat,462,Valsad,UMBERGAON,-,-,Narmada,Narmada,Unch,-,-,Daman Ganga,20.33541000,72.91076556,01-08-1981 08:30,0.76
4039,VAPI,CWC,24,Gujarat,462,Valsad,UMBERGAON,-,-,Narmada,Narmada,Unch,-,-,Daman Ganga,20.33541000,72.91076556,02-08-1981 08:30,5.85
4040,VAPI,CWC,24,Gujarat,462,Valsad,UMBERGAON,-,-,Narmada,Narmada,Unch,-,-,Daman Ganga,20.33541000,72.91076556,04-08-1981 08:30,1.27
4041,VAPI,CWC,24,Gujarat,462,Valsad,UMBERGAON,-,-,Narmada,Narmada,Unch,-,-,Daman Ganga,20.33541000,72.91076556,05-08-1981 08:30,2.29
4042,VAPI,CWC,24,Gujarat,462,Valsad,UMBERGAON,-,-,Narmada,Narmada,Unch,-,-,Daman Ganga,20.33541000,72.91076556,06-08-1981 08:30,72.39
4043,VAPI,CWC,24,Gujarat,462,Valsad,UMBERGAON,-,-,Narmada,Narmada,Unch,-,-,Daman Ganga,20.33541000,72.91076556,07-08-1981 08:30,25.4
4044,VAPI,CWC,24,Gujarat,462,Valsad,UMBERGAON,-,-,Narmada,Narmada,Unch,-,-,Daman Ganga,20.33541000,72.91076556,08-08-1981 08:30,34.29
4045,VAPI,CWC,24,Gujarat,462,Valsad,UMBERGAON,-,-,Narmada,Narmada,Unch,-,-,Daman Ganga,20.33541000,72.91076556,09-08-1981 08:30,8.12
4046,VAPI,CWC,24,Gujarat,462,Valsad,UMBERGAON,-,-,Narmada,Narmada,Unch,-,-,Daman Ganga,20.33541000,72.91076556,10-08-1981 08:30,5.8
4047,VAPI,CWC,24,Gujarat,462,Valsad,UMBERGAON,-,-,Narmada,Narmada,Unch,-,-,Daman Ganga,20.33541000,72.91076556,11-08-1981 08:30,24.13
4048,VAPI,CWC,24,Gujarat,462,Valsad,UMBERGAON,-,-,Narmada,Narmada,Unch,-,-,Daman Ganga,20.33541000,72.91076556,12-08-1981 08:30,45.72
4049,VAPI,CWC,24,Gujarat,462,Valsad,UMBERGAON,-,-,Narmada,Narmada,Unch,-,-,Daman Ganga,20.33541000,72.91076556,13-08-1981 08:30,5.8
4050,VAPI,CWC,24,Gujarat,462,Valsad,UMBERGAON,-,-,Narmada,Narmada,Unch,-,-,Daman Ganga,20.33541000,72.91076556,14-08-1981 08:30,1.27
4051,VAPI,CWC,24,Gujarat,462,Valsad,UMBERGAON,-,-,Narmada,Narmada,Unch,-,-,Daman Ganga,20.33541000,72.91076556,15-08-1981 08:30,13.17
4052,VAPI,CWC,24,Gujarat,462,Valsad,UMBERGAON,-,-,Narmada,Narmada,Unch,-,-,Daman Ganga,20.33541000,72.91076556,16-08-1981 08:30,7.62
4053,VAPI,CWC,24,Gujarat,462,Valsad,UMBERGAON,-,-,Narmada,Narmada,Unch,-,-,Daman Ganga,20.33541000,72.91076556,17-08-1981 08:30,26.16
4054,VAPI,CWC,24,Gujarat,462,Valsad,UMBERGAON,-,-,Narmada,Narmada,Unch,-,-,Daman Ganga,20.33541000,72.91076556,18-08-1981 08:30,6.85
4055,VAPI,CWC,24,Gujarat,462,Valsad,UMBERGAON,-,-,Narmada,Narmada,Unch,-,-,Daman Ganga,20.33541000,72.91076556,19-08-1981 08:30,17.78
4056,VAPI,CWC,24,Gujarat,462,Valsad,UMBERGAON,-,-,Narmada,Narmada,Unch,-,-,Daman Ganga,20.33541000,72.91076556,20-08-1981 08:30,13.71
4057,VAPI,CWC,24,Gujarat,462,Valsad,UMBERGAON,-,-,Narmada,Narmada,Unch,-,-,Daman Ganga,20.33541000,72.91076556,21-08-1981 08:30,17.78
4058,VAPI,CWC,24,Gujarat,462,Valsad,UMBERGAON,-,-,Narmada,Narmada,Unch,-,-,Daman Ganga,20.33541000,72.91076556,22-08-1981 08:30,6.9
4059,VAPI,CWC,24,Gujarat,462,Valsad,UMBERGAON,-,-,Narmada,Narmada,Unch,-,-,Daman Ganga,20.33541000,72.91076556,23-08-1981 08:30,9.39
4060,VAPI,CWC,24,Gujarat,462,Valsad,UMBERGAON,-,-,Narmada,Narmada,Unch,-,-,Daman Ganga,20.33541000,72.91076556,24-08-1981 08:30,10.16
4061,VAPI,CWC,24,Gujarat,462,Valsad,UMBERGAON,-,-,Narmada,Narmada,Unch,-,-,Daman Ganga,20.33541000,72.91076556,25-08-1981 08:30,11.43
4062,VAPI,CWC,24,Gujarat,462,Valsad,UMBERGAON,-,-,Narmada,Narmada,Unch,-,-,Daman Ganga,20.33541000,72.91076556,26-08-1981 08:30,5.84
4063,VAPI,CWC,24,Gujarat,462,Valsad,UMBERGAON,-,-,Narmada,Narmada,Unch,-,-,Daman Ganga,20.33541000,72.91076556,27-08-1981 08:30,10.16
4064,VAPI,CWC,24,Gujarat,462,Valsad,UMBERGAON,-,-,Narmada,Narmada,Unch,-,-,Daman Ganga,20.33541000,72.91076556,28-08-1981 08:30,20.72
4065,VAPI,CWC,24,Gujarat,462,Valsad,UMBERGAON,-,-,Narmada,Narmada,Unch,-,-,Daman Ganga,20.33541000,72.91076556,29-08-1981 08:30,2.54
4066,VAPI,CWC,24,Gujarat,462,Valsad,UMBERGAON,-,-,Narmada,Narmada,Unch,-,-,Daman Ganga,20.33541000,72.91076556,30-08-1981 08:30,3.55
4067,VAPI,CWC,24,Gujarat,462,Valsad,UMBERGAON,-,-,Narmada,Narmada,Unch,-,-,Daman Ganga,20.33541000,72.91076556,11-09-1981 08:30,1.27
4068,VAPI,CWC,24,Gujarat,462,Valsad,UMBERGAON,-,-,Narmada,Narmada,Unch,-,-,Daman Ganga,20.33541000,72.91076556,12-09-1981 08:30,7.62
4069,VAPI,CWC,24,Gujarat,462,Valsad,UMBERGAON,-,-,Narmada,Narmada,Unch,-,-,Daman Ganga,20.33541000,72.91076556,14-09-1981 08:30,7.62
4070,VAPI,CWC,24,Gujarat,462,Valsad,UMBERGAON,-,-,Narmada,Narmada,Unch,-,-,Daman Ganga,20.33541000,72.91076556,16-09-1981 08:30,4.43
4071,VAPI,CWC,24,Gujarat,462,Valsad,UMBERGAON,-,-,Narmada,Narmada,Unch,-,-,Daman Ganga,20.33541000,72.91076556,17-09-1981 08:30,1.27
4072,VAPI,CWC,24,Gujarat,462,Valsad,UMBERGAON,-,-,Narmada,Narmada,Unch,-,-,Daman Ganga,20.33541000,72.91076556,19-09-1981 08:30,7.62
4073,VAPI,CWC,24,Gujarat,462,Valsad,UMBERGAON,-,-,Narmada,Narmada,Unch,-,-,Daman Ganga,20.33541000,72.91076556,20-09-1981 08:30,1.27
4074,VAPI,CWC,24,Gujarat,462,Valsad,UMBERGAON,-,-,Narmada,Narmada,Unch,-,-,Daman Ganga,20.33541000,72.91076556,23-09-1981 08:30,1.5
4075,VAPI,CWC,24,Gujarat,462,Valsad,UMBERGAON,-,-,Narmada,Narmada,Unch,-,-,Daman Ganga,20.33541000,72.91076556,24-09-1981 08:30,74.93
4076,VAPI,CWC,24,Gujarat,462,Valsad,UMBERGAON,-,-,Narmada,Narmada,Unch,-,-,Daman Ganga,20.33541000,72.91076556,25-09-1981 08:30,100.33
4077,VAPI,CWC,24,Gujarat,462,Valsad,UMBERGAON,-,-,Narmada,Narmada,Unch,-,-,Daman Ganga,20.33541000,72.91076556,26-09-1981 08:30,53.34
4078,VAPI,CWC,24,Gujarat,462,Valsad,UMBERGAON,-,-,Narmada,Narmada,Unch,-,-,Daman Ganga,20.33541000,72.91076556,27-09-1981 08:30,1.1
4079,VAPI,CWC,24,Gujarat,462,Valsad,UMBERGAON,-,-,Narmada,Narmada,Unch,-,-,Daman Ganga,20.33541000,72.91076556,28-09-1981 08:30,2.54
4080,VAPI,CWC,24,Gujarat,462,Valsad,UMBERGAON,-,-,Narmada,Narmada,Unch,-,-,Daman Ganga,20.33541000,72.91076556,29-09-1981 08:30,91.44
4081,VAPI,CWC,24,Gujarat,462,Valsad,UMBERGAON,-,-,Narmada,Narmada,Unch,-,-,Daman Ganga,20.33541000,72.91076556,30-09-1981 08:30,5.8
4082,VAPI,CWC,24,Gujarat,462,Valsad,UMBERGAON,-,-,Narmada,Narmada,Unch,-,-,Daman Ganga,20.33541000,72.91076556,01-10-1981 08:30,63.5
4083,VAPI,CWC,24,Gujarat,462,Valsad,UMBERGAON,-,-,Narmada,Narmada,Unch,-,-,Daman Ganga,20.33541000,72.91076556,02-10-1981 08:30,36.23
4084,VAPI,CWC,24,Gujarat,462,Valsad,UMBERGAON,-,-,Narmada,Narmada,Unch,-,-,Daman Ganga,20.33541000,72.91076556,03-10-1981 08:30,1.27
4085,VAPI,CWC,24,Gujarat,462,Valsad,UMBERGAON,-,-,Narmada,Narmada,Unch,-,-,Daman Ganga,20.33541000,72.91076556,10-06-1982 08:30,11.43
4086,VAPI,CWC,24,Gujarat,462,Valsad,UMBERGAON,-,-,Narmada,Narmada,Unch,-,-,Daman Ganga,20.33541000,72.91076556,11-06-1982 08:30,9.14
4087,VAPI,CWC,24,Gujarat,462,Valsad,UMBERGAON,-,-,Narmada,Narmada,Unch,-,-,Daman Ganga,20.33541000,72.91076556,12-06-1982 08:30,0.76
4088,VAPI,CWC,24,Gujarat,462,Valsad,UMBERGAON,-,-,Narmada,Narmada,Unch,-,-,Daman Ganga,20.33541000,72.91076556,13-06-1982 08:30,0.75
4089,VAPI,CWC,24,Gujarat,462,Valsad,UMBERGAON,-,-,Narmada,Narmada,Unch,-,-,Daman Ganga,20.33541000,72.91076556,17-06-1982 08:30,4.52
4090,VAPI,CWC,24,Gujarat,462,Valsad,UMBERGAON,-,-,Narmada,Narmada,Unch,-,-,Daman Ganga,20.33541000,72.91076556,18-06-1982 08:30,6.86
4091,VAPI,CWC,24,Gujarat,462,Valsad,UMBERGAON,-,-,Narmada,Narmada,Unch,-,-,Daman Ganga,20.33541000,72.91076556,19-06-1982 08:30,40.89
4092,VAPI,CWC,24,Gujarat,462,Valsad,UMBERGAON,-,-,Narmada,Narmada,Unch,-,-,Daman Ganga,20.33541000,72.91076556,20-06-1982 08:30,33.48
4093,VAPI,CWC,24,Gujarat,462,Valsad,UMBERGAON,-,-,Narmada,Narmada,Unch,-,-,Daman Ganga,20.33541000,72.91076556,21-06-1982 08:30,5.08
4094,VAPI,CWC,24,Gujarat,462,Valsad,UMBERGAON,-,-,Narmada,Narmada,Unch,-,-,Daman Ganga,20.33541000,72.91076556,01-07-1982 08:30,2.1
4095,VAPI,CWC,24,Gujarat,462,Valsad,UMBERGAON,-,-,Narmada,Narmada,Unch,-,-,Daman Ganga,20.33541000,72.91076556,03-07-1982 08:30,13.97
4096,VAPI,CWC,24,Gujarat,462,Valsad,UMBERGAON,-,-,Narmada,Narmada,Unch,-,-,Daman Ganga,20.33541000,72.91076556,04-07-1982 08:30,2.54
4097,VAPI,CWC,24,Gujarat,462,Valsad,UMBERGAON,-,-,Narmada,Narmada,Unch,-,-,Daman Ganga,20.33541000,72.91076556,05-07-1982 08:30,25.7
4098,VAPI,CWC,24,Gujarat,462,Valsad,UMBERGAON,-,-,Narmada,Narmada,Unch,-,-,Daman Ganga,20.33541000,72.91076556,06-07-1982 08:30,16.51
4099,VAPI,CWC,24,Gujarat,462,Valsad,UMBERGAON,-,-,Narmada,Narmada,Unch,-,-,Daman Ganga,20.33541000,72.91076556,11-07-1982 08:30,26.16
4100,VAPI,CWC,24,Gujarat,462,Valsad,UMBERGAON,-,-,Narmada,Narmada,Unch,-,-,Daman Ganga,20.33541000,72.91076556,13-07-1982 08:30,15.24
4101,VAPI,CWC,24,Gujarat,462,Valsad,UMBERGAON,-,-,Narmada,Narmada,Unch,-,-,Daman Ganga,20.33541000,72.91076556,14-07-1982 08:30,11.93
4102,VAPI,CWC,24,Gujarat,462,Valsad,UMBERGAON,-,-,Narmada,Narmada,Unch,-,-,Daman Ganga,20.33541000,72.91076556,15-07-1982 08:30,6.85
4103,VAPI,CWC,24,Gujarat,462,Valsad,UMBERGAON,-,-,Narmada,Narmada,Unch,-,-,Daman Ganga,20.33541000,72.91076556,16-07-1982 08:30,12.95
4104,VAPI,CWC,24,Gujarat,462,Valsad,UMBERGAON,-,-,Narmada,Narmada,Unch,-,-,Daman Ganga,20.33541000,72.91076556,17-07-1982 08:30,54.6
4105,VAPI,CWC,24,Gujarat,462,Valsad,UMBERGAON,-,-,Narmada,Narmada,Unch,-,-,Daman Ganga,20.33541000,72.91076556,18-07-1982 08:30,7.62
4106,VAPI,CWC,24,Gujarat,462,Valsad,UMBERGAON,-,-,Narmada,Narmada,Unch,-,-,Daman Ganga,20.33541000,72.91076556,19-07-1982 08:30,3.4
4107,VAPI,CWC,24,Gujarat,462,Valsad,UMBERGAON,-,-,Narmada,Narmada,Unch,-,-,Daman Ganga,20.33541000,72.91076556,22-07-1982 08:30,23.62
4108,VAPI,CWC,24,Gujarat,462,Valsad,UMBERGAON,-,-,Narmada,Narmada,Unch,-,-,Daman Ganga,20.33541000,72.91076556,23-07-1982 08:30,125.48
4109,VAPI,CWC,24,Gujarat,462,Valsad,UMBERGAON,-,-,Narmada,Narmada,Unch,-,-,Daman Ganga,20.33541000,72.91076556,24-07-1982 08:30,78.99
4110,VAPI,CWC,24,Gujarat,462,Valsad,UMBERGAON,-,-,Narmada,Narmada,Unch,-,-,Daman Ganga,20.33541000,72.91076556,25-07-1982 08:30,51.56
4111,VAPI,CWC,24,Gujarat,462,Valsad,UMBERGAON,-,-,Narmada,Narmada,Unch,-,-,Daman Ganga,20.33541000,72.91076556,26-07-1982 08:30,11.18
4112,VAPI,CWC,24,Gujarat,462,Valsad,UMBERGAON,-,-,Narmada,Narmada,Unch,-,-,Daman Ganga,20.33541000,72.91076556,27-07-1982 08:30,2.79
4113,VAPI,CWC,24,Gujarat,462,Valsad,UMBERGAON,-,-,Narmada,Narmada,Unch,-,-,Daman Ganga,20.33541000,72.91076556,28-07-1982 08:30,11.43
4114,VAPI,CWC,24,Gujarat,462,Valsad,UMBERGAON,-,-,Narmada,Narmada,Unch,-,-,Daman Ganga,20.33541000,72.91076556,29-07-1982 08:30,9.14
4115,VAPI,CWC,24,Gujarat,462,Valsad,UMBERGAON,-,-,Narmada,Narmada,Unch,-,-,Daman Ganga,20.33541000,72.91076556,30-07-1982 08:30,5.8
4116,VAPI,CWC,24,Gujarat,462,Valsad,UMBERGAON,-,-,Narmada,Narmada,Unch,-,-,Daman Ganga,20.33541000,72.91076556,31-07-1982 08:30,16.76
4117,VAPI,CWC,24,Gujarat,462,Valsad,UMBERGAON,-,-,Narmada,Narmada,Unch,-,-,Daman Ganga,20.33541000,72.91076556,01-08-1982 08:30,7.62
4118,VAPI,CWC,24,Gujarat,462,Valsad,UMBERGAON,-,-,Narmada,Narmada,Unch,-,-,Daman Ganga,20.33541000,72.91076556,02-08-1982 08:30,1.52
4119,VAPI,CWC,24,Gujarat,462,Valsad,UMBERGAON,-,-,Narmada,Narmada,Unch,-,-,Daman Ganga,20.33541000,72.91076556,03-08-1982 08:30,8.28
4120,VAPI,CWC,24,Gujarat,462,Valsad,UMBERGAON,-,-,Narmada,Narmada,Unch,-,-,Daman Ganga,20.33541000,72.91076556,04-08-1982 08:30,39.62
4121,VAPI,CWC,24,Gujarat,462,Valsad,UMBERGAON,-,-,Narmada,Narmada,Unch,-,-,Daman Ganga,20.33541000,72.91076556,05-08-1982 08:30,2.24
4122,VAPI,CWC,24,Gujarat,462,Valsad,UMBERGAON,-,-,Narmada,Narmada,Unch,-,-,Daman Ganga,20.33541000,72.91076556,06-08-1982 08:30,1.27
4123,VAPI,CWC,24,Gujarat,462,Valsad,UMBERGAON,-,-,Narmada,Narmada,Unch,-,-,Daman Ganga,20.33541000,72.91076556,09-08-1982 08:30,15.75
4124,VAPI,CWC,24,Gujarat,462,Valsad,UMBERGAON,-,-,Narmada,Narmada,Unch,-,-,Daman Ganga,20.33541000,72.91076556,10-08-1982 08:30,62.23
4125,VAPI,CWC,24,Gujarat,462,Valsad,UMBERGAON,-,-,Narmada,Narmada,Unch,-,-,Daman Ganga,20.33541000,72.91076556,11-08-1982 08:30,46.48
4126,VAPI,CWC,24,Gujarat,462,Valsad,UMBERGAON,-,-,Narmada,Narmada,Unch,-,-,Daman Ganga,20.33541000,72.91076556,12-08-1982 08:30,50.8
4127,VAPI,CWC,24,Gujarat,462,Valsad,UMBERGAON,-,-,Narmada,Narmada,Unch,-,-,Daman Ganga,20.33541000,72.91076556,13-08-1982 08:30,9.14
4128,VAPI,CWC,24,Gujarat,462,Valsad,UMBERGAON,-,-,Narmada,Narmada,Unch,-,-,Daman Ganga,20.33541000,72.91076556,14-08-1982 08:30,28.95
4129,VAPI,CWC,24,Gujarat,462,Valsad,UMBERGAON,-,-,Narmada,Narmada,Unch,-,-,Daman Ganga,20.33541000,72.91076556,15-08-1982 08:30,55.88
4130,VAPI,CWC,24,Gujarat,462,Valsad,UMBERGAON,-,-,Narmada,Narmada,Unch,-,-,Daman Ganga,20.33541000,72.91076556,16-08-1982 08:30,31.75
4131,VAPI,CWC,24,Gujarat,462,Valsad,UMBERGAON,-,-,Narmada,Narmada,Unch,-,-,Daman Ganga,20.33541000,72.91076556,17-08-1982 08:30,14.92
4132,VAPI,CWC,24,Gujarat,462,Valsad,UMBERGAON,-,-,Narmada,Narmada,Unch,-,-,Daman Ganga,20.33541000,72.91076556,18-08-1982 08:30,6.35
4133,VAPI,CWC,24,Gujarat,462,Valsad,UMBERGAON,-,-,Narmada,Narmada,Unch,-,-,Daman Ganga,20.33541000,72.91076556,19-08-1982 08:30,14.98
4134,VAPI,CWC,24,Gujarat,462,Valsad,UMBERGAON,-,-,Narmada,Narmada,Unch,-,-,Daman Ganga,20.33541000,72.91076556,20-08-1982 08:30,7.36
4135,VAPI,CWC,24,Gujarat,462,Valsad,UMBERGAON,-,-,Narmada,Narmada,Unch,-,-,Daman Ganga,20.33541000,72.91076556,21-08-1982 08:30,17.78
4136,VAPI,CWC,24,Gujarat,462,Valsad,UMBERGAON,-,-,Narmada,Narmada,Unch,-,-,Daman Ganga,20.33541000,72.91076556,22-08-1982 08:30,47.49
4137,VAPI,CWC,24,Gujarat,462,Valsad,UMBERGAON,-,-,Narmada,Narmada,Unch,-,-,Daman Ganga,20.33541000,72.91076556,23-08-1982 08:30,4
4138,VAPI,CWC,24,Gujarat,462,Valsad,UMBERGAON,-,-,Narmada,Narmada,Unch,-,-,Daman Ganga,20.33541000,72.91076556,24-08-1982 08:30,8.63
4139,VAPI,CWC,24,Gujarat,462,Valsad,UMBERGAON,-,-,Narmada,Narmada,Unch,-,-,Daman Ganga,20.33541000,72.91076556,25-08-1982 08:30,6.35
4140,VAPI,CWC,24,Gujarat,462,Valsad,UMBERGAON,-,-,Narmada,Narmada,Unch,-,-,Daman Ganga,20.33541000,72.91076556,26-08-1982 08:30,5.8
4141,VAPI,CWC,24,Gujarat,462,Valsad,UMBERGAON,-,-,Narmada,Narmada,Unch,-,-,Daman Ganga,20.33541000,72.91076556,27-08-1982 08:30,0.5
4142,VAPI,CWC,24,Gujarat,462,Valsad,UMBERGAON,-,-,Narmada,Narmada,Unch,-,-,Daman Ganga,20.33541000,72.91076556,28-08-1982 08:30,2.54
4143,VAPI,CWC,24,Gujarat,462,Valsad,UMBERGAON,-,-,Narmada,Narmada,Unch,-,-,Daman Ganga,20.33541000,72.91076556,29-08-1982 08:30,0.5
4144,VAPI,CWC,24,Gujarat,462,Valsad,UMBERGAON,-,-,Narmada,Narmada,Unch,-,-,Daman Ganga,20.33541000,72.91076556,31-08-1982 08:30,30.98
4145,VAPI,CWC,24,Gujarat,462,Valsad,UMBERGAON,-,-,Narmada,Narmada,Unch,-,-,Daman Ganga,20.33541000,72.91076556,01-09-1982 08:30,10.16
4146,VAPI,CWC,24,Gujarat,462,Valsad,UMBERGAON,-,-,Narmada,Narmada,Unch,-,-,Daman Ganga,20.33541000,72.91076556,05-09-1982 08:30,14.47
4147,VAPI,CWC,24,Gujarat,462,Valsad,UMBERGAON,-,-,Narmada,Narmada,Unch,-,-,Daman Ganga,20.33541000,72.91076556,08-09-1982 08:30,2.54
4148,VAPI,CWC,24,Gujarat,462,Valsad,UMBERGAON,-,-,Narmada,Narmada,Unch,-,-,Daman Ganga,20.33541000,72.91076556,12-09-1982 08:30,17.27
4149,VAPI,CWC,24,Gujarat,462,Valsad,UMBERGAON,-,-,Narmada,Narmada,Unch,-,-,Daman Ganga,20.33541000,72.91076556,13-09-1982 08:30,1.27
4150,VAPI,CWC,24,Gujarat,462,Valsad,UMBERGAON,-,-,Narmada,Narmada,Unch,-,-,Daman Ganga,20.33541000,72.91076556,15-09-1982 08:30,1.27
4151,VAPI,CWC,24,Gujarat,462,Valsad,UMBERGAON,-,-,Narmada,Narmada,Unch,-,-,Daman Ganga,20.33541000,72.91076556,16-09-1982 08:30,1.1
4152,VAPI,CWC,24,Gujarat,462,Valsad,UMBERGAON,-,-,Narmada,Narmada,Unch,-,-,Daman Ganga,20.33541000,72.91076556,22-09-1982 08:30,50.8
4153,VAPI,CWC,24,Gujarat,462,Valsad,UMBERGAON,-,-,Narmada,Narmada,Unch,-,-,Daman Ganga,20.33541000,72.91076556,23-09-1982 08:30,85.6
4154,VAPI,CWC,24,Gujarat,462,Valsad,UMBERGAON,-,-,Narmada,Narmada,Unch,-,-,Daman Ganga,20.33541000,72.91076556,07-11-1982 08:30,41.91
4155,VAPI,CWC,24,Gujarat,462,Valsad,UMBERGAON,-,-,Narmada,Narmada,Unch,-,-,Daman Ganga,20.33541000,72.91076556,09-11-1982 08:30,68.56
4156,VAPI,CWC,24,Gujarat,462,Valsad,UMBERGAON,-,-,Narmada,Narmada,Unch,-,-,Daman Ganga,20.33541000,72.91076556,10-11-1982 08:30,2.6
4157,VAPI,CWC,24,Gujarat,462,Valsad,UMBERGAON,-,-,Narmada,Narmada,Unch,-,-,Daman Ganga,20.33541000,72.91076556,20-06-1983 08:30,21.59
4158,VAPI,CWC,24,Gujarat,462,Valsad,UMBERGAON,-,-,Narmada,Narmada,Unch,-,-,Daman Ganga,20.33541000,72.91076556,21-06-1983 08:30,35.56
4159,VAPI,CWC,24,Gujarat,462,Valsad,UMBERGAON,-,-,Narmada,Narmada,Unch,-,-,Daman Ganga,20.33541000,72.91076556,22-06-1983 08:30,49.83
4160,VAPI,CWC,24,Gujarat,462,Valsad,UMBERGAON,-,-,Narmada,Narmada,Unch,-,-,Daman Ganga,20.33541000,72.91076556,23-06-1983 08:30,8.89
4161,VAPI,CWC,24,Gujarat,462,Valsad,UMBERGAON,-,-,Narmada,Narmada,Unch,-,-,Daman Ganga,20.33541000,72.91076556,24-06-1983 08:30,155.55
4162,VAPI,CWC,24,Gujarat,462,Valsad,UMBERGAON,-,-,Narmada,Narmada,Unch,-,-,Daman Ganga,20.33541000,72.91076556,25-06-1983 08:30,0.51
4163,VAPI,CWC,24,Gujarat,462,Valsad,UMBERGAON,-,-,Narmada,Narmada,Unch,-,-,Daman Ganga,20.33541000,72.91076556,27-06-1983 08:30,0.51
4164,VAPI,CWC,24,Gujarat,462,Valsad,UMBERGAON,-,-,Narmada,Narmada,Unch,-,-,Daman Ganga,20.33541000,72.91076556,28-06-1983 08:30,2.79
4165,VAPI,CWC,24,Gujarat,462,Valsad,UMBERGAON,-,-,Narmada,Narmada,Unch,-,-,Daman Ganga,20.33541000,72.91076556,29-06-1983 08:30,0.25
4166,VAPI,CWC,24,Gujarat,462,Valsad,UMBERGAON,-,-,Narmada,Narmada,Unch,-,-,Daman Ganga,20.33541000,72.91076556,01-07-1983 08:30,1.25
4167,VAPI,CWC,24,Gujarat,462,Valsad,UMBERGAON,-,-,Narmada,Narmada,Unch,-,-,Daman Ganga,20.33541000,72.91076556,02-07-1983 08:30,10.16
4168,VAPI,CWC,24,Gujarat,462,Valsad,UMBERGAON,-,-,Narmada,Narmada,Unch,-,-,Daman Ganga,20.33541000,72.91076556,03-07-1983 08:30,25
4169,VAPI,CWC,24,Gujarat,462,Valsad,UMBERGAON,-,-,Narmada,Narmada,Unch,-,-,Daman Ganga,20.33541000,72.91076556,04-07-1983 08:30,37.37
4170,VAPI,CWC,24,Gujarat,462,Valsad,UMBERGAON,-,-,Narmada,Narmada,Unch,-,-,Daman Ganga,20.33541000,72.91076556,05-07-1983 08:30,13.24
4171,VAPI,CWC,24,Gujarat,462,Valsad,UMBERGAON,-,-,Narmada,Narmada,Unch,-,-,Daman Ganga,20.33541000,72.91076556,06-07-1983 08:30,2.54
4172,VAPI,CWC,24,Gujarat,462,Valsad,UMBERGAON,-,-,Narmada,Narmada,Unch,-,-,Daman Ganga,20.33541000,72.91076556,07-07-1983 08:30,3.56
4173,VAPI,CWC,24,Gujarat,462,Valsad,UMBERGAON,-,-,Narmada,Narmada,Unch,-,-,Daman Ganga,20.33541000,72.91076556,08-07-1983 08:30,19.56
4174,VAPI,CWC,24,Gujarat,462,Valsad,UMBERGAON,-,-,Narmada,Narmada,Unch,-,-,Daman Ganga,20.33541000,72.91076556,09-07-1983 08:30,33.02
4175,VAPI,CWC,24,Gujarat,462,Valsad,UMBERGAON,-,-,Narmada,Narmada,Unch,-,-,Daman Ganga,20.33541000,72.91076556,11-07-1983 08:30,58.26
4176,VAPI,CWC,24,Gujarat,462,Valsad,UMBERGAON,-,-,Narmada,Narmada,Unch,-,-,Daman Ganga,20.33541000,72.91076556,12-07-1983 08:30,16.76
4177,VAPI,CWC,24,Gujarat,462,Valsad,UMBERGAON,-,-,Narmada,Narmada,Unch,-,-,Daman Ganga,20.33541000,72.91076556,13-07-1983 08:30,58.58
4178,VAPI,CWC,24,Gujarat,462,Valsad,UMBERGAON,-,-,Narmada,Narmada,Unch,-,-,Daman Ganga,20.33541000,72.91076556,14-07-1983 08:30,73.15
4179,VAPI,CWC,24,Gujarat,462,Valsad,UMBERGAON,-,-,Narmada,Narmada,Unch,-,-,Daman Ganga,20.33541000,72.91076556,15-07-1983 08:30,2.29
4180,VAPI,CWC,24,Gujarat,462,Valsad,UMBERGAON,-,-,Narmada,Narmada,Unch,-,-,Daman Ganga,20.33541000,72.91076556,16-07-1983 08:30,23.36
4181,VAPI,CWC,24,Gujarat,462,Valsad,UMBERGAON,-,-,Narmada,Narmada,Unch,-,-,Daman Ganga,20.33541000,72.91076556,17-07-1983 08:30,40.06
4182,VAPI,CWC,24,Gujarat,462,Valsad,UMBERGAON,-,-,Narmada,Narmada,Unch,-,-,Daman Ganga,20.33541000,72.91076556,18-07-1983 08:30,142.44
4183,VAPI,CWC,24,Gujarat,462,Valsad,UMBERGAON,-,-,Narmada,Narmada,Unch,-,-,Daman Ganga,20.33541000,72.91076556,19-07-1983 08:30,94.94
4184,VAPI,CWC,24,Gujarat,462,Valsad,UMBERGAON,-,-,Narmada,Narmada,Unch,-,-,Daman Ganga,20.33541000,72.91076556,20-07-1983 08:30,54.35
4185,VAPI,CWC,24,Gujarat,462,Valsad,UMBERGAON,-,-,Narmada,Narmada,Unch,-,-,Daman Ganga,20.33541000,72.91076556,21-07-1983 08:30,122.17
4186,VAPI,CWC,24,Gujarat,462,Valsad,UMBERGAON,-,-,Narmada,Narmada,Unch,-,-,Daman Ganga,20.33541000,72.91076556,22-07-1983 08:30,56.38
4187,VAPI,CWC,24,Gujarat,462,Valsad,UMBERGAON,-,-,Narmada,Narmada,Unch,-,-,Daman Ganga,20.33541000,72.91076556,23-07-1983 08:30,56.13
4188,VAPI,CWC,24,Gujarat,462,Valsad,UMBERGAON,-,-,Narmada,Narmada,Unch,-,-,Daman Ganga,20.33541000,72.91076556,24-07-1983 08:30,14.47
4189,VAPI,CWC,24,Gujarat,462,Valsad,UMBERGAON,-,-,Narmada,Narmada,Unch,-,-,Daman Ganga,20.33541000,72.91076556,25-07-1983 08:30,1.77
4190,VAPI,CWC,24,Gujarat,462,Valsad,UMBERGAON,-,-,Narmada,Narmada,Unch,-,-,Daman Ganga,20.33541000,72.91076556,26-07-1983 08:30,24.13
4191,VAPI,CWC,24,Gujarat,462,Valsad,UMBERGAON,-,-,Narmada,Narmada,Unch,-,-,Daman Ganga,20.33541000,72.91076556,27-07-1983 08:30,6.85
4192,VAPI,CWC,24,Gujarat,462,Valsad,UMBERGAON,-,-,Narmada,Narmada,Unch,-,-,Daman Ganga,20.33541000,72.91076556,28-07-1983 08:30,17.27
4193,VAPI,CWC,24,Gujarat,462,Valsad,UMBERGAON,-,-,Narmada,Narmada,Unch,-,-,Daman Ganga,20.33541000,72.91076556,29-07-1983 08:30,11.17
4194,VAPI,CWC,24,Gujarat,462,Valsad,UMBERGAON,-,-,Narmada,Narmada,Unch,-,-,Daman Ganga,20.33541000,72.91076556,30-07-1983 08:30,4.27
4195,VAPI,CWC,24,Gujarat,462,Valsad,UMBERGAON,-,-,Narmada,Narmada,Unch,-,-,Daman Ganga,20.33541000,72.91076556,31-07-1983 08:30,11.17
4196,VAPI,CWC,24,Gujarat,462,Valsad,UMBERGAON,-,-,Narmada,Narmada,Unch,-,-,Daman Ganga,20.33541000,72.91076556,01-08-1983 08:30,29.21
4197,VAPI,CWC,24,Gujarat,462,Valsad,UMBERGAON,-,-,Narmada,Narmada,Unch,-,-,Daman Ganga,20.33541000,72.91076556,02-08-1983 08:30,27.69
4198,VAPI,CWC,24,Gujarat,462,Valsad,UMBERGAON,-,-,Narmada,Narmada,Unch,-,-,Daman Ganga,20.33541000,72.91076556,03-08-1983 08:30,69.08
4199,VAPI,CWC,24,Gujarat,462,Valsad,UMBERGAON,-,-,Narmada,Narmada,Unch,-,-,Daman Ganga,20.33541000,72.91076556,04-08-1983 08:30,89.41
4200,VAPI,CWC,24,Gujarat,462,Valsad,UMBERGAON,-,-,Narmada,Narmada,Unch,-,-,Daman Ganga,20.33541000,72.91076556,05-08-1983 08:30,54.61
4201,VAPI,CWC,24,Gujarat,462,Valsad,UMBERGAON,-,-,Narmada,Narmada,Unch,-,-,Daman Ganga,20.33541000,72.91076556,06-08-1983 08:30,25.9
4202,VAPI,CWC,24,Gujarat,462,Valsad,UMBERGAON,-,-,Narmada,Narmada,Unch,-,-,Daman Ganga,20.33541000,72.91076556,07-08-1983 08:30,92.71
4203,VAPI,CWC,24,Gujarat,462,Valsad,UMBERGAON,-,-,Narmada,Narmada,Unch,-,-,Daman Ganga,20.33541000,72.91076556,08-08-1983 08:30,6.5
4204,VAPI,CWC,24,Gujarat,462,Valsad,UMBERGAON,-,-,Narmada,Narmada,Unch,-,-,Daman Ganga,20.33541000,72.91076556,09-08-1983 08:30,10.66
4205,VAPI,CWC,24,Gujarat,462,Valsad,UMBERGAON,-,-,Narmada,Narmada,Unch,-,-,Daman Ganga,20.33541000,72.91076556,10-08-1983 08:30,17
4206,VAPI,CWC,24,Gujarat,462,Valsad,UMBERGAON,-,-,Narmada,Narmada,Unch,-,-,Daman Ganga,20.33541000,72.91076556,11-08-1983 08:30,40.8
4207,VAPI,CWC,24,Gujarat,462,Valsad,UMBERGAON,-,-,Narmada,Narmada,Unch,-,-,Daman Ganga,20.33541000,72.91076556,12-08-1983 08:30,10.3
4208,VAPI,CWC,24,Gujarat,462,Valsad,UMBERGAON,-,-,Narmada,Narmada,Unch,-,-,Daman Ganga,20.33541000,72.91076556,13-08-1983 08:30,84.08
4209,VAPI,CWC,24,Gujarat,462,Valsad,UMBERGAON,-,-,Narmada,Narmada,Unch,-,-,Daman Ganga,20.33541000,72.91076556,14-08-1983 08:30,8.12
4210,VAPI,CWC,24,Gujarat,462,Valsad,UMBERGAON,-,-,Narmada,Narmada,Unch,-,-,Daman Ganga,20.33541000,72.91076556,15-08-1983 08:30,21.5
4211,VAPI,CWC,24,Gujarat,462,Valsad,UMBERGAON,-,-,Narmada,Narmada,Unch,-,-,Daman Ganga,20.33541000,72.91076556,17-08-1983 08:30,0.85
4212,VAPI,CWC,24,Gujarat,462,Valsad,UMBERGAON,-,-,Narmada,Narmada,Unch,-,-,Daman Ganga,20.33541000,72.91076556,18-08-1983 08:30,43.18
4213,VAPI,CWC,24,Gujarat,462,Valsad,UMBERGAON,-,-,Narmada,Narmada,Unch,-,-,Daman Ganga,20.33541000,72.91076556,19-08-1983 08:30,1.27
4214,VAPI,CWC,24,Gujarat,462,Valsad,UMBERGAON,-,-,Narmada,Narmada,Unch,-,-,Daman Ganga,20.33541000,72.91076556,20-08-1983 08:30,5.54
4215,VAPI,CWC,24,Gujarat,462,Valsad,UMBERGAON,-,-,Narmada,Narmada,Unch,-,-,Daman Ganga,20.33541000,72.91076556,21-08-1983 08:30,1.01
4216,VAPI,CWC,24,Gujarat,462,Valsad,UMBERGAON,-,-,Narmada,Narmada,Unch,-,-,Daman Ganga,20.33541000,72.91076556,22-08-1983 08:30,8.12
4217,VAPI,CWC,24,Gujarat,462,Valsad,UMBERGAON,-,-,Narmada,Narmada,Unch,-,-,Daman Ganga,20.33541000,72.91076556,23-08-1983 08:30,0.76
4218,VAPI,CWC,24,Gujarat,462,Valsad,UMBERGAON,-,-,Narmada,Narmada,Unch,-,-,Daman Ganga,20.33541000,72.91076556,24-08-1983 08:30,0.76
4219,VAPI,CWC,24,Gujarat,462,Valsad,UMBERGAON,-,-,Narmada,Narmada,Unch,-,-,Daman Ganga,20.33541000,72.91076556,25-08-1983 08:30,2.54
4220,VAPI,CWC,24,Gujarat,462,Valsad,UMBERGAON,-,-,Narmada,Narmada,Unch,-,-,Daman Ganga,20.33541000,72.91076556,26-08-1983 08:30,1.27
4221,VAPI,CWC,24,Gujarat,462,Valsad,UMBERGAON,-,-,Narmada,Narmada,Unch,-,-,Daman Ganga,20.33541000,72.91076556,27-08-1983 08:30,0.76
4222,VAPI,CWC,24,Gujarat,462,Valsad,UMBERGAON,-,-,Narmada,Narmada,Unch,-,-,Daman Ganga,20.33541000,72.91076556,29-08-1983 08:30,3.55
4223,VAPI,CWC,24,Gujarat,462,Valsad,UMBERGAON,-,-,Narmada,Narmada,Unch,-,-,Daman Ganga,20.33541000,72.91076556,30-08-1983 08:30,5.08
4224,VAPI,CWC,24,Gujarat,462,Valsad,UMBERGAON,-,-,Narmada,Narmada,Unch,-,-,Daman Ganga,20.33541000,72.91076556,02-09-1983 08:30,1.27
4225,VAPI,CWC,24,Gujarat,462,Valsad,UMBERGAON,-,-,Narmada,Narmada,Unch,-,-,Daman Ganga,20.33541000,72.91076556,03-09-1983 08:30,4.06
4226,VAPI,CWC,24,Gujarat,462,Valsad,UMBERGAON,-,-,Narmada,Narmada,Unch,-,-,Daman Ganga,20.33541000,72.91076556,04-09-1983 08:30,16.75
4227,VAPI,CWC,24,Gujarat,462,Valsad,UMBERGAON,-,-,Narmada,Narmada,Unch,-,-,Daman Ganga,20.33541000,72.91076556,05-09-1983 08:30,1
4228,VAPI,CWC,24,Gujarat,462,Valsad,UMBERGAON,-,-,Narmada,Narmada,Unch,-,-,Daman Ganga,20.33541000,72.91076556,06-09-1983 08:30,0.5
4229,VAPI,CWC,24,Gujarat,462,Valsad,UMBERGAON,-,-,Narmada,Narmada,Unch,-,-,Daman Ganga,20.33541000,72.91076556,07-09-1983 08:30,22.86
4230,VAPI,CWC,24,Gujarat,462,Valsad,UMBERGAON,-,-,Narmada,Narmada,Unch,-,-,Daman Ganga,20.33541000,72.91076556,08-09-1983 08:30,59.94
4231,VAPI,CWC,24,Gujarat,462,Valsad,UMBERGAON,-,-,Narmada,Narmada,Unch,-,-,Daman Ganga,20.33541000,72.91076556,09-09-1983 08:30,17.72
4232,VAPI,CWC,24,Gujarat,462,Valsad,UMBERGAON,-,-,Narmada,Narmada,Unch,-,-,Daman Ganga,20.33541000,72.91076556,10-09-1983 08:30,51
4233,VAPI,CWC,24,Gujarat,462,Valsad,UMBERGAON,-,-,Narmada,Narmada,Unch,-,-,Daman Ganga,20.33541000,72.91076556,12-09-1983 08:30,2.54
4234,VAPI,CWC,24,Gujarat,462,Valsad,UMBERGAON,-,-,Narmada,Narmada,Unch,-,-,Daman Ganga,20.33541000,72.91076556,14-09-1983 08:30,1.78
4235,VAPI,CWC,24,Gujarat,462,Valsad,UMBERGAON,-,-,Narmada,Narmada,Unch,-,-,Daman Ganga,20.33541000,72.91076556,15-09-1983 08:30,25.4
4236,VAPI,CWC,24,Gujarat,462,Valsad,UMBERGAON,-,-,Narmada,Narmada,Unch,-,-,Daman Ganga,20.33541000,72.91076556,18-09-1983 08:30,21.59
4237,VAPI,CWC,24,Gujarat,462,Valsad,UMBERGAON,-,-,Narmada,Narmada,Unch,-,-,Daman Ganga,20.33541000,72.91076556,19-09-1983 08:30,22.09
4238,VAPI,CWC,24,Gujarat,462,Valsad,UMBERGAON,-,-,Narmada,Narmada,Unch,-,-,Daman Ganga,20.33541000,72.91076556,20-09-1983 08:30,0.5
4239,VAPI,CWC,24,Gujarat,462,Valsad,UMBERGAON,-,-,Narmada,Narmada,Unch,-,-,Daman Ganga,20.33541000,72.91076556,22-09-1983 08:30,74.67
4240,VAPI,CWC,24,Gujarat,462,Valsad,UMBERGAON,-,-,Narmada,Narmada,Unch,-,-,Daman Ganga,20.33541000,72.91076556,23-09-1983 08:30,3.81
4241,VAPI,CWC,24,Gujarat,462,Valsad,UMBERGAON,-,-,Narmada,Narmada,Unch,-,-,Daman Ganga,20.33541000,72.91076556,24-09-1983 08:30,43.18
4242,VAPI,CWC,24,Gujarat,462,Valsad,UMBERGAON,-,-,Narmada,Narmada,Unch,-,-,Daman Ganga,20.33541000,72.91076556,25-09-1983 08:30,18.54
4243,VAPI,CWC,24,Gujarat,462,Valsad,UMBERGAON,-,-,Narmada,Narmada,Unch,-,-,Daman Ganga,20.33541000,72.91076556,26-09-1983 08:30,0.76
4244,VAPI,CWC,24,Gujarat,462,Valsad,UMBERGAON,-,-,Narmada,Narmada,Unch,-,-,Daman Ganga,20.33541000,72.91076556,01-10-1983 08:30,1.27
4245,VAPI,CWC,24,Gujarat,462,Valsad,UMBERGAON,-,-,Narmada,Narmada,Unch,-,-,Daman Ganga,20.33541000,72.91076556,02-10-1983 08:30,1.47
4246,VAPI,CWC,24,Gujarat,462,Valsad,UMBERGAON,-,-,Narmada,Narmada,Unch,-,-,Daman Ganga,20.33541000,72.91076556,08-10-1983 08:30,2.54
4247,VAPI,CWC,24,Gujarat,462,Valsad,UMBERGAON,-,-,Narmada,Narmada,Unch,-,-,Daman Ganga,20.33541000,72.91076556,09-10-1983 08:30,6.35
4248,VAPI,CWC,24,Gujarat,462,Valsad,UMBERGAON,-,-,Narmada,Narmada,Unch,-,-,Daman Ganga,20.33541000,72.91076556,10-10-1983 08:30,16.7
4249,VAPI,CWC,24,Gujarat,462,Valsad,UMBERGAON,-,-,Narmada,Narmada,Unch,-,-,Daman Ganga,20.33541000,72.91076556,11-10-1983 08:30,63.24
4250,VAPI,CWC,24,Gujarat,462,Valsad,UMBERGAON,-,-,Narmada,Narmada,Unch,-,-,Daman Ganga,20.33541000,72.91076556,12-10-1983 08:30,87.12
4251,VAPI,CWC,24,Gujarat,462,Valsad,UMBERGAON,-,-,Narmada,Narmada,Unch,-,-,Daman Ganga,20.33541000,72.91076556,15-06-1984 08:30,38.1
4252,VAPI,CWC,24,Gujarat,462,Valsad,UMBERGAON,-,-,Narmada,Narmada,Unch,-,-,Daman Ganga,20.33541000,72.91076556,16-06-1984 08:30,21.59
4253,VAPI,CWC,24,Gujarat,462,Valsad,UMBERGAON,-,-,Narmada,Narmada,Unch,-,-,Daman Ganga,20.33541000,72.91076556,17-06-1984 08:30,116.89
4254,VAPI,CWC,24,Gujarat,462,Valsad,UMBERGAON,-,-,Narmada,Narmada,Unch,-,-,Daman Ganga,20.33541000,72.91076556,18-06-1984 08:30,2.54
4255,VAPI,CWC,24,Gujarat,462,Valsad,UMBERGAON,-,-,Narmada,Narmada,Unch,-,-,Daman Ganga,20.33541000,72.91076556,20-06-1984 08:30,2.54
4256,VAPI,CWC,24,Gujarat,462,Valsad,UMBERGAON,-,-,Narmada,Narmada,Unch,-,-,Daman Ganga,20.33541000,72.91076556,21-06-1984 08:30,1.27
4257,VAPI,CWC,24,Gujarat,462,Valsad,UMBERGAON,-,-,Narmada,Narmada,Unch,-,-,Daman Ganga,20.33541000,72.91076556,22-06-1984 08:30,0.76
4258,VAPI,CWC,24,Gujarat,462,Valsad,UMBERGAON,-,-,Narmada,Narmada,Unch,-,-,Daman Ganga,20.33541000,72.91076556,23-06-1984 08:30,2.54
4259,VAPI,CWC,24,Gujarat,462,Valsad,UMBERGAON,-,-,Narmada,Narmada,Unch,-,-,Daman Ganga,20.33541000,72.91076556,25-06-1984 08:30,6.35
4260,VAPI,CWC,24,Gujarat,462,Valsad,UMBERGAON,-,-,Narmada,Narmada,Unch,-,-,Daman Ganga,20.33541000,72.91076556,26-06-1984 08:30,1.52
4261,VAPI,CWC,24,Gujarat,462,Valsad,UMBERGAON,-,-,Narmada,Narmada,Unch,-,-,Daman Ganga,20.33541000,72.91076556,27-06-1984 08:30,2.54
4262,VAPI,CWC,24,Gujarat,462,Valsad,UMBERGAON,-,-,Narmada,Narmada,Unch,-,-,Daman Ganga,20.33541000,72.91076556,28-06-1984 08:30,6.35
4263,VAPI,CWC,24,Gujarat,462,Valsad,UMBERGAON,-,-,Narmada,Narmada,Unch,-,-,Daman Ganga,20.33541000,72.91076556,29-06-1984 08:30,22.07
4264,VAPI,CWC,24,Gujarat,462,Valsad,UMBERGAON,-,-,Narmada,Narmada,Unch,-,-,Daman Ganga,20.33541000,72.91076556,01-07-1984 08:30,6.35
4265,VAPI,CWC,24,Gujarat,462,Valsad,UMBERGAON,-,-,Narmada,Narmada,Unch,-,-,Daman Ganga,20.33541000,72.91076556,02-07-1984 08:30,6.35
4266,VAPI,CWC,24,Gujarat,462,Valsad,UMBERGAON,-,-,Narmada,Narmada,Unch,-,-,Daman Ganga,20.33541000,72.91076556,03-07-1984 08:30,101.6
4267,VAPI,CWC,24,Gujarat,462,Valsad,UMBERGAON,-,-,Narmada,Narmada,Unch,-,-,Daman Ganga,20.33541000,72.91076556,04-07-1984 08:30,63.5
4268,VAPI,CWC,24,Gujarat,462,Valsad,UMBERGAON,-,-,Narmada,Narmada,Unch,-,-,Daman Ganga,20.33541000,72.91076556,05-07-1984 08:30,86.36
4269,VAPI,CWC,24,Gujarat,462,Valsad,UMBERGAON,-,-,Narmada,Narmada,Unch,-,-,Daman Ganga,20.33541000,72.91076556,06-07-1984 08:30,35.5
4270,VAPI,CWC,24,Gujarat,462,Valsad,UMBERGAON,-,-,Narmada,Narmada,Unch,-,-,Daman Ganga,20.33541000,72.91076556,07-07-1984 08:30,22.86
4271,VAPI,CWC,24,Gujarat,462,Valsad,UMBERGAON,-,-,Narmada,Narmada,Unch,-,-,Daman Ganga,20.33541000,72.91076556,08-07-1984 08:30,10.16
4272,VAPI,CWC,24,Gujarat,462,Valsad,UMBERGAON,-,-,Narmada,Narmada,Unch,-,-,Daman Ganga,20.33541000,72.91076556,09-07-1984 08:30,17.78
4273,VAPI,CWC,24,Gujarat,462,Valsad,UMBERGAON,-,-,Narmada,Narmada,Unch,-,-,Daman Ganga,20.33541000,72.91076556,10-07-1984 08:30,34.27
4274,VAPI,CWC,24,Gujarat,462,Valsad,UMBERGAON,-,-,Narmada,Narmada,Unch,-,-,Daman Ganga,20.33541000,72.91076556,11-07-1984 08:30,0.21
4275,VAPI,CWC,24,Gujarat,462,Valsad,UMBERGAON,-,-,Narmada,Narmada,Unch,-,-,Daman Ganga,20.33541000,72.91076556,15-07-1984 08:30,3.3
4276,VAPI,CWC,24,Gujarat,462,Valsad,UMBERGAON,-,-,Narmada,Narmada,Unch,-,-,Daman Ganga,20.33541000,72.91076556,16-07-1984 08:30,7.62
4277,VAPI,CWC,24,Gujarat,462,Valsad,UMBERGAON,-,-,Narmada,Narmada,Unch,-,-,Daman Ganga,20.33541000,72.91076556,17-07-1984 08:30,1.52
4278,VAPI,CWC,24,Gujarat,462,Valsad,UMBERGAON,-,-,Narmada,Narmada,Unch,-,-,Daman Ganga,20.33541000,72.91076556,18-07-1984 08:30,7.62
4279,VAPI,CWC,24,Gujarat,462,Valsad,UMBERGAON,-,-,Narmada,Narmada,Unch,-,-,Daman Ganga,20.33541000,72.91076556,19-07-1984 08:30,80.1
4280,VAPI,CWC,24,Gujarat,462,Valsad,UMBERGAON,-,-,Narmada,Narmada,Unch,-,-,Daman Ganga,20.33541000,72.91076556,20-07-1984 08:30,20.32
4281,VAPI,CWC,24,Gujarat,462,Valsad,UMBERGAON,-,-,Narmada,Narmada,Unch,-,-,Daman Ganga,20.33541000,72.91076556,21-07-1984 08:30,2.54
4282,VAPI,CWC,24,Gujarat,462,Valsad,UMBERGAON,-,-,Narmada,Narmada,Unch,-,-,Daman Ganga,20.33541000,72.91076556,22-07-1984 08:30,10.16
4283,VAPI,CWC,24,Gujarat,462,Valsad,UMBERGAON,-,-,Narmada,Narmada,Unch,-,-,Daman Ganga,20.33541000,72.91076556,24-07-1984 08:30,0.76
4284,VAPI,CWC,24,Gujarat,462,Valsad,UMBERGAON,-,-,Narmada,Narmada,Unch,-,-,Daman Ganga,20.33541000,72.91076556,25-07-1984 08:30,78.7
4285,VAPI,CWC,24,Gujarat,462,Valsad,UMBERGAON,-,-,Narmada,Narmada,Unch,-,-,Daman Ganga,20.33541000,72.91076556,26-07-1984 08:30,5.5
4286,VAPI,CWC,24,Gujarat,462,Valsad,UMBERGAON,-,-,Narmada,Narmada,Unch,-,-,Daman Ganga,20.33541000,72.91076556,27-07-1984 08:30,2
4287,VAPI,CWC,24,Gujarat,462,Valsad,UMBERGAON,-,-,Narmada,Narmada,Unch,-,-,Daman Ganga,20.33541000,72.91076556,29-07-1984 08:30,2
4288,VAPI,CWC,24,Gujarat,462,Valsad,UMBERGAON,-,-,Narmada,Narmada,Unch,-,-,Daman Ganga,20.33541000,72.91076556,30-07-1984 08:30,2
4289,VAPI,CWC,24,Gujarat,462,Valsad,UMBERGAON,-,-,Narmada,Narmada,Unch,-,-,Daman Ganga,20.33541000,72.91076556,31-07-1984 08:30,1
4290,VAPI,CWC,24,Gujarat,462,Valsad,UMBERGAON,-,-,Narmada,Narmada,Unch,-,-,Daman Ganga,20.33541000,72.91076556,01-08-1984 08:30,5
4291,VAPI,CWC,24,Gujarat,462,Valsad,UMBERGAON,-,-,Narmada,Narmada,Unch,-,-,Daman Ganga,20.33541000,72.91076556,02-08-1984 08:30,2
4292,VAPI,CWC,24,Gujarat,462,Valsad,UMBERGAON,-,-,Narmada,Narmada,Unch,-,-,Daman Ganga,20.33541000,72.91076556,03-08-1984 08:30,3
4293,VAPI,CWC,24,Gujarat,462,Valsad,UMBERGAON,-,-,Narmada,Narmada,Unch,-,-,Daman Ganga,20.33541000,72.91076556,04-08-1984 08:30,43
4294,VAPI,CWC,24,Gujarat,462,Valsad,UMBERGAON,-,-,Narmada,Narmada,Unch,-,-,Daman Ganga,20.33541000,72.91076556,05-08-1984 08:30,53
4295,VAPI,CWC,24,Gujarat,462,Valsad,UMBERGAON,-,-,Narmada,Narmada,Unch,-,-,Daman Ganga,20.33541000,72.91076556,06-08-1984 08:30,5
4296,VAPI,CWC,24,Gujarat,462,Valsad,UMBERGAON,-,-,Narmada,Narmada,Unch,-,-,Daman Ganga,20.33541000,72.91076556,07-08-1984 08:30,3
4297,VAPI,CWC,24,Gujarat,462,Valsad,UMBERGAON,-,-,Narmada,Narmada,Unch,-,-,Daman Ganga,20.33541000,72.91076556,08-08-1984 08:30,15
4298,VAPI,CWC,24,Gujarat,462,Valsad,UMBERGAON,-,-,Narmada,Narmada,Unch,-,-,Daman Ganga,20.33541000,72.91076556,10-08-1984 08:30,7
4299,VAPI,CWC,24,Gujarat,462,Valsad,UMBERGAON,-,-,Narmada,Narmada,Unch,-,-,Daman Ganga,20.33541000,72.91076556,11-08-1984 08:30,36
4300,VAPI,CWC,24,Gujarat,462,Valsad,UMBERGAON,-,-,Narmada,Narmada,Unch,-,-,Daman Ganga,20.33541000,72.91076556,12-08-1984 08:30,60
4301,VAPI,CWC,24,Gujarat,462,Valsad,UMBERGAON,-,-,Narmada,Narmada,Unch,-,-,Daman Ganga,20.33541000,72.91076556,13-08-1984 08:30,21
4302,VAPI,CWC,24,Gujarat,462,Valsad,UMBERGAON,-,-,Narmada,Narmada,Unch,-,-,Daman Ganga,20.33541000,72.91076556,14-08-1984 08:30,5.58
4303,VAPI,CWC,24,Gujarat,462,Valsad,UMBERGAON,-,-,Narmada,Narmada,Unch,-,-,Daman Ganga,20.33541000,72.91076556,15-08-1984 08:30,17.42
4304,VAPI,CWC,24,Gujarat,462,Valsad,UMBERGAON,-,-,Narmada,Narmada,Unch,-,-,Daman Ganga,20.33541000,72.91076556,16-08-1984 08:30,15
4305,VAPI,CWC,24,Gujarat,462,Valsad,UMBERGAON,-,-,Narmada,Narmada,Unch,-,-,Daman Ganga,20.33541000,72.91076556,17-08-1984 08:30,13
4306,VAPI,CWC,24,Gujarat,462,Valsad,UMBERGAON,-,-,Narmada,Narmada,Unch,-,-,Daman Ganga,20.33541000,72.91076556,18-08-1984 08:30,7
4307,VAPI,CWC,24,Gujarat,462,Valsad,UMBERGAON,-,-,Narmada,Narmada,Unch,-,-,Daman Ganga,20.33541000,72.91076556,19-08-1984 08:30,27
4308,VAPI,CWC,24,Gujarat,462,Valsad,UMBERGAON,-,-,Narmada,Narmada,Unch,-,-,Daman Ganga,20.33541000,72.91076556,20-08-1984 08:30,56
4309,VAPI,CWC,24,Gujarat,462,Valsad,UMBERGAON,-,-,Narmada,Narmada,Unch,-,-,Daman Ganga,20.33541000,72.91076556,21-08-1984 08:30,15
4310,VAPI,CWC,24,Gujarat,462,Valsad,UMBERGAON,-,-,Narmada,Narmada,Unch,-,-,Daman Ganga,20.33541000,72.91076556,23-08-1984 08:30,3
4311,VAPI,CWC,24,Gujarat,462,Valsad,UMBERGAON,-,-,Narmada,Narmada,Unch,-,-,Daman Ganga,20.33541000,72.91076556,24-08-1984 08:30,3
4312,VAPI,CWC,24,Gujarat,462,Valsad,UMBERGAON,-,-,Narmada,Narmada,Unch,-,-,Daman Ganga,20.33541000,72.91076556,25-08-1984 08:30,13
4313,VAPI,CWC,24,Gujarat,462,Valsad,UMBERGAON,-,-,Narmada,Narmada,Unch,-,-,Daman Ganga,20.33541000,72.91076556,26-08-1984 08:30,5
4314,VAPI,CWC,24,Gujarat,462,Valsad,UMBERGAON,-,-,Narmada,Narmada,Unch,-,-,Daman Ganga,20.33541000,72.91076556,27-08-1984 08:30,2
4315,VAPI,CWC,24,Gujarat,462,Valsad,UMBERGAON,-,-,Narmada,Narmada,Unch,-,-,Daman Ganga,20.33541000,72.91076556,28-08-1984 08:30,13
4316,VAPI,CWC,24,Gujarat,462,Valsad,UMBERGAON,-,-,Narmada,Narmada,Unch,-,-,Daman Ganga,20.33541000,72.91076556,29-08-1984 08:30,50
4317,VAPI,CWC,24,Gujarat,462,Valsad,UMBERGAON,-,-,Narmada,Narmada,Unch,-,-,Daman Ganga,20.33541000,72.91076556,03-09-1984 08:30,10
4318,VAPI,CWC,24,Gujarat,462,Valsad,UMBERGAON,-,-,Narmada,Narmada,Unch,-,-,Daman Ganga,20.33541000,72.91076556,05-09-1984 08:30,14
4319,VAPI,CWC,24,Gujarat,462,Valsad,UMBERGAON,-,-,Narmada,Narmada,Unch,-,-,Daman Ganga,20.33541000,72.91076556,06-09-1984 08:30,2
4320,VAPI,CWC,24,Gujarat,462,Valsad,UMBERGAON,-,-,Narmada,Narmada,Unch,-,-,Daman Ganga,20.33541000,72.91076556,07-09-1984 08:30,2
4321,VAPI,CWC,24,Gujarat,462,Valsad,UMBERGAON,-,-,Narmada,Narmada,Unch,-,-,Daman Ganga,20.33541000,72.91076556,09-09-1984 08:30,5
4322,VAPI,CWC,24,Gujarat,462,Valsad,UMBERGAON,-,-,Narmada,Narmada,Unch,-,-,Daman Ganga,20.33541000,72.91076556,10-09-1984 08:30,65
4323,VAPI,CWC,24,Gujarat,462,Valsad,UMBERGAON,-,-,Narmada,Narmada,Unch,-,-,Daman Ganga,20.33541000,72.91076556,12-09-1984 08:30,25
4324,VAPI,CWC,24,Gujarat,462,Valsad,UMBERGAON,-,-,Narmada,Narmada,Unch,-,-,Daman Ganga,20.33541000,72.91076556,13-09-1984 08:30,105
4325,VAPI,CWC,24,Gujarat,462,Valsad,UMBERGAON,-,-,Narmada,Narmada,Unch,-,-,Daman Ganga,20.33541000,72.91076556,14-09-1984 08:30,20
4326,VAPI,CWC,24,Gujarat,462,Valsad,UMBERGAON,-,-,Narmada,Narmada,Unch,-,-,Daman Ganga,20.33541000,72.91076556,15-09-1984 08:30,5
4327,VAPI,CWC,24,Gujarat,462,Valsad,UMBERGAON,-,-,Narmada,Narmada,Unch,-,-,Daman Ganga,20.33541000,72.91076556,20-09-1984 08:30,2
4328,VAPI,CWC,24,Gujarat,462,Valsad,UMBERGAON,-,-,Narmada,Narmada,Unch,-,-,Daman Ganga,20.33541000,72.91076556,06-10-1984 08:30,2.54
4329,VAPI,CWC,24,Gujarat,462,Valsad,UMBERGAON,-,-,Narmada,Narmada,Unch,-,-,Daman Ganga,20.33541000,72.91076556,15-06-1985 08:30,2
4330,VAPI,CWC,24,Gujarat,462,Valsad,UMBERGAON,-,-,Narmada,Narmada,Unch,-,-,Daman Ganga,20.33541000,72.91076556,20-06-1985 08:30,2.5
4331,VAPI,CWC,24,Gujarat,462,Valsad,UMBERGAON,-,-,Narmada,Narmada,Unch,-,-,Daman Ganga,20.33541000,72.91076556,21-06-1985 08:30,1.5
4332,VAPI,CWC,24,Gujarat,462,Valsad,UMBERGAON,-,-,Narmada,Narmada,Unch,-,-,Daman Ganga,20.33541000,72.91076556,26-06-1985 08:30,4
4333,VAPI,CWC,24,Gujarat,462,Valsad,UMBERGAON,-,-,Narmada,Narmada,Unch,-,-,Daman Ganga,20.33541000,72.91076556,27-06-1985 08:30,10
4334,VAPI,CWC,24,Gujarat,462,Valsad,UMBERGAON,-,-,Narmada,Narmada,Unch,-,-,Daman Ganga,20.33541000,72.91076556,28-06-1985 08:30,20
4335,VAPI,CWC,24,Gujarat,462,Valsad,UMBERGAON,-,-,Narmada,Narmada,Unch,-,-,Daman Ganga,20.33541000,72.91076556,30-06-1985 08:30,0.6
4336,VAPI,CWC,24,Gujarat,462,Valsad,UMBERGAON,-,-,Narmada,Narmada,Unch,-,-,Daman Ganga,20.33541000,72.91076556,01-07-1985 08:30,3.04
4337,VAPI,CWC,24,Gujarat,462,Valsad,UMBERGAON,-,-,Narmada,Narmada,Unch,-,-,Daman Ganga,20.33541000,72.91076556,02-07-1985 08:30,25
4338,VAPI,CWC,24,Gujarat,462,Valsad,UMBERGAON,-,-,Narmada,Narmada,Unch,-,-,Daman Ganga,20.33541000,72.91076556,03-07-1985 08:30,5.08
4339,VAPI,CWC,24,Gujarat,462,Valsad,UMBERGAON,-,-,Narmada,Narmada,Unch,-,-,Daman Ganga,20.33541000,72.91076556,04-07-1985 08:30,5.84
4340,VAPI,CWC,24,Gujarat,462,Valsad,UMBERGAON,-,-,Narmada,Narmada,Unch,-,-,Daman Ganga,20.33541000,72.91076556,05-07-1985 08:30,2.08
4341,VAPI,CWC,24,Gujarat,462,Valsad,UMBERGAON,-,-,Narmada,Narmada,Unch,-,-,Daman Ganga,20.33541000,72.91076556,06-07-1985 08:30,12.7
4342,VAPI,CWC,24,Gujarat,462,Valsad,UMBERGAON,-,-,Narmada,Narmada,Unch,-,-,Daman Ganga,20.33541000,72.91076556,07-07-1985 08:30,6.35
4343,VAPI,CWC,24,Gujarat,462,Valsad,UMBERGAON,-,-,Narmada,Narmada,Unch,-,-,Daman Ganga,20.33541000,72.91076556,11-07-1985 08:30,2
4344,VAPI,CWC,24,Gujarat,462,Valsad,UMBERGAON,-,-,Narmada,Narmada,Unch,-,-,Daman Ganga,20.33541000,72.91076556,12-07-1985 08:30,12
4345,VAPI,CWC,24,Gujarat,462,Valsad,UMBERGAON,-,-,Narmada,Narmada,Unch,-,-,Daman Ganga,20.33541000,72.91076556,14-07-1985 08:30,22
4346,VAPI,CWC,24,Gujarat,462,Valsad,UMBERGAON,-,-,Narmada,Narmada,Unch,-,-,Daman Ganga,20.33541000,72.91076556,15-07-1985 08:30,5
4347,VAPI,CWC,24,Gujarat,462,Valsad,UMBERGAON,-,-,Narmada,Narmada,Unch,-,-,Daman Ganga,20.33541000,72.91076556,16-07-1985 08:30,5
4348,VAPI,CWC,24,Gujarat,462,Valsad,UMBERGAON,-,-,Narmada,Narmada,Unch,-,-,Daman Ganga,20.33541000,72.91076556,17-07-1985 08:30,46
4349,VAPI,CWC,24,Gujarat,462,Valsad,UMBERGAON,-,-,Narmada,Narmada,Unch,-,-,Daman Ganga,20.33541000,72.91076556,18-07-1985 08:30,205
4350,VAPI,CWC,24,Gujarat,462,Valsad,UMBERGAON,-,-,Narmada,Narmada,Unch,-,-,Daman Ganga,20.33541000,72.91076556,19-07-1985 08:30,60
4351,VAPI,CWC,24,Gujarat,462,Valsad,UMBERGAON,-,-,Narmada,Narmada,Unch,-,-,Daman Ganga,20.33541000,72.91076556,20-07-1985 08:30,13
4352,VAPI,CWC,24,Gujarat,462,Valsad,UMBERGAON,-,-,Narmada,Narmada,Unch,-,-,Daman Ganga,20.33541000,72.91076556,21-07-1985 08:30,2
4353,VAPI,CWC,24,Gujarat,462,Valsad,UMBERGAON,-,-,Narmada,Narmada,Unch,-,-,Daman Ganga,20.33541000,72.91076556,22-07-1985 08:30,9
4354,VAPI,CWC,24,Gujarat,462,Valsad,UMBERGAON,-,-,Narmada,Narmada,Unch,-,-,Daman Ganga,20.33541000,72.91076556,23-07-1985 08:30,18
4355,VAPI,CWC,24,Gujarat,462,Valsad,UMBERGAON,-,-,Narmada,Narmada,Unch,-,-,Daman Ganga,20.33541000,72.91076556,24-07-1985 08:30,32
4356,VAPI,CWC,24,Gujarat,462,Valsad,UMBERGAON,-,-,Narmada,Narmada,Unch,-,-,Daman Ganga,20.33541000,72.91076556,25-07-1985 08:30,47
4357,VAPI,CWC,24,Gujarat,462,Valsad,UMBERGAON,-,-,Narmada,Narmada,Unch,-,-,Daman Ganga,20.33541000,72.91076556,26-07-1985 08:30,35
4358,VAPI,CWC,24,Gujarat,462,Valsad,UMBERGAON,-,-,Narmada,Narmada,Unch,-,-,Daman Ganga,20.33541000,72.91076556,28-07-1985 08:30,9
4359,VAPI,CWC,24,Gujarat,462,Valsad,UMBERGAON,-,-,Narmada,Narmada,Unch,-,-,Daman Ganga,20.33541000,72.91076556,29-07-1985 08:30,15
4360,VAPI,CWC,24,Gujarat,462,Valsad,UMBERGAON,-,-,Narmada,Narmada,Unch,-,-,Daman Ganga,20.33541000,72.91076556,30-07-1985 08:30,6
4361,VAPI,CWC,24,Gujarat,462,Valsad,UMBERGAON,-,-,Narmada,Narmada,Unch,-,-,Daman Ganga,20.33541000,72.91076556,31-07-1985 08:30,36.4
4362,VAPI,CWC,24,Gujarat,462,Valsad,UMBERGAON,-,-,Narmada,Narmada,Unch,-,-,Daman Ganga,20.33541000,72.91076556,01-08-1985 08:30,114
4363,VAPI,CWC,24,Gujarat,462,Valsad,UMBERGAON,-,-,Narmada,Narmada,Unch,-,-,Daman Ganga,20.33541000,72.91076556,02-08-1985 08:30,102
4364,VAPI,CWC,24,Gujarat,462,Valsad,UMBERGAON,-,-,Narmada,Narmada,Unch,-,-,Daman Ganga,20.33541000,72.91076556,03-08-1985 08:30,61
4365,VAPI,CWC,24,Gujarat,462,Valsad,UMBERGAON,-,-,Narmada,Narmada,Unch,-,-,Daman Ganga,20.33541000,72.91076556,04-08-1985 08:30,51
4366,VAPI,CWC,24,Gujarat,462,Valsad,UMBERGAON,-,-,Narmada,Narmada,Unch,-,-,Daman Ganga,20.33541000,72.91076556,05-08-1985 08:30,15
4367,VAPI,CWC,24,Gujarat,462,Valsad,UMBERGAON,-,-,Narmada,Narmada,Unch,-,-,Daman Ganga,20.33541000,72.91076556,06-08-1985 08:30,10
4368,VAPI,CWC,24,Gujarat,462,Valsad,UMBERGAON,-,-,Narmada,Narmada,Unch,-,-,Daman Ganga,20.33541000,72.91076556,07-08-1985 08:30,13
4369,VAPI,CWC,24,Gujarat,462,Valsad,UMBERGAON,-,-,Narmada,Narmada,Unch,-,-,Daman Ganga,20.33541000,72.91076556,08-08-1985 08:30,11
4370,VAPI,CWC,24,Gujarat,462,Valsad,UMBERGAON,-,-,Narmada,Narmada,Unch,-,-,Daman Ganga,20.33541000,72.91076556,09-08-1985 08:30,8
4371,VAPI,CWC,24,Gujarat,462,Valsad,UMBERGAON,-,-,Narmada,Narmada,Unch,-,-,Daman Ganga,20.33541000,72.91076556,10-08-1985 08:30,2
4372,VAPI,CWC,24,Gujarat,462,Valsad,UMBERGAON,-,-,Narmada,Narmada,Unch,-,-,Daman Ganga,20.33541000,72.91076556,11-08-1985 08:30,13
4373,VAPI,CWC,24,Gujarat,462,Valsad,UMBERGAON,-,-,Narmada,Narmada,Unch,-,-,Daman Ganga,20.33541000,72.91076556,12-08-1985 08:30,10
4374,VAPI,CWC,24,Gujarat,462,Valsad,UMBERGAON,-,-,Narmada,Narmada,Unch,-,-,Daman Ganga,20.33541000,72.91076556,13-08-1985 08:30,8
4375,VAPI,CWC,24,Gujarat,462,Valsad,UMBERGAON,-,-,Narmada,Narmada,Unch,-,-,Daman Ganga,20.33541000,72.91076556,15-08-1985 08:30,4
4376,VAPI,CWC,24,Gujarat,462,Valsad,UMBERGAON,-,-,Narmada,Narmada,Unch,-,-,Daman Ganga,20.33541000,72.91076556,16-08-1985 08:30,2
4377,VAPI,CWC,24,Gujarat,462,Valsad,UMBERGAON,-,-,Narmada,Narmada,Unch,-,-,Daman Ganga,20.33541000,72.91076556,17-08-1985 08:30,4
4378,VAPI,CWC,24,Gujarat,462,Valsad,UMBERGAON,-,-,Narmada,Narmada,Unch,-,-,Daman Ganga,20.33541000,72.91076556,18-08-1985 08:30,2
4379,VAPI,CWC,24,Gujarat,462,Valsad,UMBERGAON,-,-,Narmada,Narmada,Unch,-,-,Daman Ganga,20.33541000,72.91076556,19-08-1985 08:30,5
4380,VAPI,CWC,24,Gujarat,462,Valsad,UMBERGAON,-,-,Narmada,Narmada,Unch,-,-,Daman Ganga,20.33541000,72.91076556,22-08-1985 08:30,2
4381,VAPI,CWC,24,Gujarat,462,Valsad,UMBERGAON,-,-,Narmada,Narmada,Unch,-,-,Daman Ganga,20.33541000,72.91076556,23-08-1985 08:30,2
4382,VAPI,CWC,24,Gujarat,462,Valsad,UMBERGAON,-,-,Narmada,Narmada,Unch,-,-,Daman Ganga,20.33541000,72.91076556,24-08-1985 08:30,6
4383,VAPI,CWC,24,Gujarat,462,Valsad,UMBERGAON,-,-,Narmada,Narmada,Unch,-,-,Daman Ganga,20.33541000,72.91076556,29-08-1985 08:30,8
4384,VAPI,CWC,24,Gujarat,462,Valsad,UMBERGAON,-,-,Narmada,Narmada,Unch,-,-,Daman Ganga,20.33541000,72.91076556,30-08-1985 08:30,8
4385,VAPI,CWC,24,Gujarat,462,Valsad,UMBERGAON,-,-,Narmada,Narmada,Unch,-,-,Daman Ganga,20.33541000,72.91076556,31-08-1985 08:30,6
4386,VAPI,CWC,24,Gujarat,462,Valsad,UMBERGAON,-,-,Narmada,Narmada,Unch,-,-,Daman Ganga,20.33541000,72.91076556,01-09-1985 08:30,6
4387,VAPI,CWC,24,Gujarat,462,Valsad,UMBERGAON,-,-,Narmada,Narmada,Unch,-,-,Daman Ganga,20.33541000,72.91076556,04-09-1985 08:30,2
4388,VAPI,CWC,24,Gujarat,462,Valsad,UMBERGAON,-,-,Narmada,Narmada,Unch,-,-,Daman Ganga,20.33541000,72.91076556,05-09-1985 08:30,3
4389,VAPI,CWC,24,Gujarat,462,Valsad,UMBERGAON,-,-,Narmada,Narmada,Unch,-,-,Daman Ganga,20.33541000,72.91076556,07-09-1985 08:30,6
4390,VAPI,CWC,24,Gujarat,462,Valsad,UMBERGAON,-,-,Narmada,Narmada,Unch,-,-,Daman Ganga,20.33541000,72.91076556,08-09-1985 08:30,9
4391,VAPI,CWC,24,Gujarat,462,Valsad,UMBERGAON,-,-,Narmada,Narmada,Unch,-,-,Daman Ganga,20.33541000,72.91076556,10-09-1985 08:30,2
4392,VAPI,CWC,24,Gujarat,462,Valsad,UMBERGAON,-,-,Narmada,Narmada,Unch,-,-,Daman Ganga,20.33541000,72.91076556,11-09-1985 08:30,2
4393,VAPI,CWC,24,Gujarat,462,Valsad,UMBERGAON,-,-,Narmada,Narmada,Unch,-,-,Daman Ganga,20.33541000,72.91076556,12-09-1985 08:30,18
4394,VAPI,CWC,24,Gujarat,462,Valsad,UMBERGAON,-,-,Narmada,Narmada,Unch,-,-,Daman Ganga,20.33541000,72.91076556,13-09-1985 08:30,22
4395,VAPI,CWC,24,Gujarat,462,Valsad,UMBERGAON,-,-,Narmada,Narmada,Unch,-,-,Daman Ganga,20.33541000,72.91076556,04-10-1985 08:30,8
4396,VAPI,CWC,24,Gujarat,462,Valsad,UMBERGAON,-,-,Narmada,Narmada,Unch,-,-,Daman Ganga,20.33541000,72.91076556,05-10-1985 08:30,22
4397,VAPI,CWC,24,Gujarat,462,Valsad,UMBERGAON,-,-,Narmada,Narmada,Unch,-,-,Daman Ganga,20.33541000,72.91076556,06-10-1985 08:30,9
4398,VAPI,CWC,24,Gujarat,462,Valsad,UMBERGAON,-,-,Narmada,Narmada,Unch,-,-,Daman Ganga,20.33541000,72.91076556,07-10-1985 08:30,15
4399,VAPI,CWC,24,Gujarat,462,Valsad,UMBERGAON,-,-,Narmada,Narmada,Unch,-,-,Daman Ganga,20.33541000,72.91076556,08-10-1985 08:30,19
4400,VAPI,CWC,24,Gujarat,462,Valsad,UMBERGAON,-,-,Narmada,Narmada,Unch,-,-,Daman Ganga,20.33541000,72.91076556,09-10-1985 08:30,2
4401,VAPI,CWC,24,Gujarat,462,Valsad,UMBERGAON,-,-,Narmada,Narmada,Unch,-,-,Daman Ganga,20.33541000,72.91076556,21-06-1986 08:30,89.4
4402,VAPI,CWC,24,Gujarat,462,Valsad,UMBERGAON,-,-,Narmada,Narmada,Unch,-,-,Daman Ganga,20.33541000,72.91076556,22-06-1986 08:30,93.8
4403,VAPI,CWC,24,Gujarat,462,Valsad,UMBERGAON,-,-,Narmada,Narmada,Unch,-,-,Daman Ganga,20.33541000,72.91076556,23-06-1986 08:30,15.25
4404,VAPI,CWC,24,Gujarat,462,Valsad,UMBERGAON,-,-,Narmada,Narmada,Unch,-,-,Daman Ganga,20.33541000,72.91076556,24-06-1986 08:30,11.16
4405,VAPI,CWC,24,Gujarat,462,Valsad,UMBERGAON,-,-,Narmada,Narmada,Unch,-,-,Daman Ganga,20.33541000,72.91076556,26-06-1986 08:30,10.61
4406,VAPI,CWC,24,Gujarat,462,Valsad,UMBERGAON,-,-,Narmada,Narmada,Unch,-,-,Daman Ganga,20.33541000,72.91076556,27-06-1986 08:30,6.3
4407,VAPI,CWC,24,Gujarat,462,Valsad,UMBERGAON,-,-,Narmada,Narmada,Unch,-,-,Daman Ganga,20.33541000,72.91076556,28-06-1986 08:30,20.1
4408,VAPI,CWC,24,Gujarat,462,Valsad,UMBERGAON,-,-,Narmada,Narmada,Unch,-,-,Daman Ganga,20.33541000,72.91076556,29-06-1986 08:30,6.01
4409,VAPI,CWC,24,Gujarat,462,Valsad,UMBERGAON,-,-,Narmada,Narmada,Unch,-,-,Daman Ganga,20.33541000,72.91076556,30-06-1986 08:30,5.01
4410,VAPI,CWC,24,Gujarat,462,Valsad,UMBERGAON,-,-,Narmada,Narmada,Unch,-,-,Daman Ganga,20.33541000,72.91076556,01-07-1986 08:30,3.8
4411,VAPI,CWC,24,Gujarat,462,Valsad,UMBERGAON,-,-,Narmada,Narmada,Unch,-,-,Daman Ganga,20.33541000,72.91076556,02-07-1986 08:30,25.9
4412,VAPI,CWC,24,Gujarat,462,Valsad,UMBERGAON,-,-,Narmada,Narmada,Unch,-,-,Daman Ganga,20.33541000,72.91076556,07-07-1986 08:30,6.1
4413,VAPI,CWC,24,Gujarat,462,Valsad,UMBERGAON,-,-,Narmada,Narmada,Unch,-,-,Daman Ganga,20.33541000,72.91076556,08-07-1986 08:30,0.5
4414,VAPI,CWC,24,Gujarat,462,Valsad,UMBERGAON,-,-,Narmada,Narmada,Unch,-,-,Daman Ganga,20.33541000,72.91076556,10-07-1986 08:30,3.8
4415,VAPI,CWC,24,Gujarat,462,Valsad,UMBERGAON,-,-,Narmada,Narmada,Unch,-,-,Daman Ganga,20.33541000,72.91076556,15-07-1986 08:30,38.1
4416,VAPI,CWC,24,Gujarat,462,Valsad,UMBERGAON,-,-,Narmada,Narmada,Unch,-,-,Daman Ganga,20.33541000,72.91076556,16-07-1986 08:30,233.7
4417,VAPI,CWC,24,Gujarat,462,Valsad,UMBERGAON,-,-,Narmada,Narmada,Unch,-,-,Daman Ganga,20.33541000,72.91076556,17-07-1986 08:30,45.7
4418,VAPI,CWC,24,Gujarat,462,Valsad,UMBERGAON,-,-,Narmada,Narmada,Unch,-,-,Daman Ganga,20.33541000,72.91076556,18-07-1986 08:30,125.7
4419,VAPI,CWC,24,Gujarat,462,Valsad,UMBERGAON,-,-,Narmada,Narmada,Unch,-,-,Daman Ganga,20.33541000,72.91076556,19-07-1986 08:30,38.2
4420,VAPI,CWC,24,Gujarat,462,Valsad,UMBERGAON,-,-,Narmada,Narmada,Unch,-,-,Daman Ganga,20.33541000,72.91076556,20-07-1986 08:30,38
4421,VAPI,CWC,24,Gujarat,462,Valsad,UMBERGAON,-,-,Narmada,Narmada,Unch,-,-,Daman Ganga,20.33541000,72.91076556,21-07-1986 08:30,66
4422,VAPI,CWC,24,Gujarat,462,Valsad,UMBERGAON,-,-,Narmada,Narmada,Unch,-,-,Daman Ganga,20.33541000,72.91076556,22-07-1986 08:30,22
4423,VAPI,CWC,24,Gujarat,462,Valsad,UMBERGAON,-,-,Narmada,Narmada,Unch,-,-,Daman Ganga,20.33541000,72.91076556,23-07-1986 08:30,1
4424,VAPI,CWC,24,Gujarat,462,Valsad,UMBERGAON,-,-,Narmada,Narmada,Unch,-,-,Daman Ganga,20.33541000,72.91076556,24-07-1986 08:30,10
4425,VAPI,CWC,24,Gujarat,462,Valsad,UMBERGAON,-,-,Narmada,Narmada,Unch,-,-,Daman Ganga,20.33541000,72.91076556,25-07-1986 08:30,11
4426,VAPI,CWC,24,Gujarat,462,Valsad,UMBERGAON,-,-,Narmada,Narmada,Unch,-,-,Daman Ganga,20.33541000,72.91076556,26-07-1986 08:30,13
4427,VAPI,CWC,24,Gujarat,462,Valsad,UMBERGAON,-,-,Narmada,Narmada,Unch,-,-,Daman Ganga,20.33541000,72.91076556,27-07-1986 08:30,8
4428,VAPI,CWC,24,Gujarat,462,Valsad,UMBERGAON,-,-,Narmada,Narmada,Unch,-,-,Daman Ganga,20.33541000,72.91076556,28-07-1986 08:30,2
4429,VAPI,CWC,24,Gujarat,462,Valsad,UMBERGAON,-,-,Narmada,Narmada,Unch,-,-,Daman Ganga,20.33541000,72.91076556,29-07-1986 08:30,52
4430,VAPI,CWC,24,Gujarat,462,Valsad,UMBERGAON,-,-,Narmada,Narmada,Unch,-,-,Daman Ganga,20.33541000,72.91076556,30-07-1986 08:30,8
4431,VAPI,CWC,24,Gujarat,462,Valsad,UMBERGAON,-,-,Narmada,Narmada,Unch,-,-,Daman Ganga,20.33541000,72.91076556,31-07-1986 08:30,1
4432,VAPI,CWC,24,Gujarat,462,Valsad,UMBERGAON,-,-,Narmada,Narmada,Unch,-,-,Daman Ganga,20.33541000,72.91076556,01-08-1986 08:30,2
4433,VAPI,CWC,24,Gujarat,462,Valsad,UMBERGAON,-,-,Narmada,Narmada,Unch,-,-,Daman Ganga,20.33541000,72.91076556,02-08-1986 08:30,2
4434,VAPI,CWC,24,Gujarat,462,Valsad,UMBERGAON,-,-,Narmada,Narmada,Unch,-,-,Daman Ganga,20.33541000,72.91076556,03-08-1986 08:30,5
4435,VAPI,CWC,24,Gujarat,462,Valsad,UMBERGAON,-,-,Narmada,Narmada,Unch,-,-,Daman Ganga,20.33541000,72.91076556,04-08-1986 08:30,4
4436,VAPI,CWC,24,Gujarat,462,Valsad,UMBERGAON,-,-,Narmada,Narmada,Unch,-,-,Daman Ganga,20.33541000,72.91076556,05-08-1986 08:30,6
4437,VAPI,CWC,24,Gujarat,462,Valsad,UMBERGAON,-,-,Narmada,Narmada,Unch,-,-,Daman Ganga,20.33541000,72.91076556,06-08-1986 08:30,5
4438,VAPI,CWC,24,Gujarat,462,Valsad,UMBERGAON,-,-,Narmada,Narmada,Unch,-,-,Daman Ganga,20.33541000,72.91076556,07-08-1986 08:30,2
4439,VAPI,CWC,24,Gujarat,462,Valsad,UMBERGAON,-,-,Narmada,Narmada,Unch,-,-,Daman Ganga,20.33541000,72.91076556,08-08-1986 08:30,39
4440,VAPI,CWC,24,Gujarat,462,Valsad,UMBERGAON,-,-,Narmada,Narmada,Unch,-,-,Daman Ganga,20.33541000,72.91076556,09-08-1986 08:30,24.6
4441,VAPI,CWC,24,Gujarat,462,Valsad,UMBERGAON,-,-,Narmada,Narmada,Unch,-,-,Daman Ganga,20.33541000,72.91076556,10-08-1986 08:30,22
4442,VAPI,CWC,24,Gujarat,462,Valsad,UMBERGAON,-,-,Narmada,Narmada,Unch,-,-,Daman Ganga,20.33541000,72.91076556,11-08-1986 08:30,20
4443,VAPI,CWC,24,Gujarat,462,Valsad,UMBERGAON,-,-,Narmada,Narmada,Unch,-,-,Daman Ganga,20.33541000,72.91076556,13-08-1986 08:30,1
4444,VAPI,CWC,24,Gujarat,462,Valsad,UMBERGAON,-,-,Narmada,Narmada,Unch,-,-,Daman Ganga,20.33541000,72.91076556,15-08-1986 08:30,3
4445,VAPI,CWC,24,Gujarat,462,Valsad,UMBERGAON,-,-,Narmada,Narmada,Unch,-,-,Daman Ganga,20.33541000,72.91076556,16-08-1986 08:30,6
4446,VAPI,CWC,24,Gujarat,462,Valsad,UMBERGAON,-,-,Narmada,Narmada,Unch,-,-,Daman Ganga,20.33541000,72.91076556,17-08-1986 08:30,2
4447,VAPI,CWC,24,Gujarat,462,Valsad,UMBERGAON,-,-,Narmada,Narmada,Unch,-,-,Daman Ganga,20.33541000,72.91076556,18-08-1986 08:30,9
4448,VAPI,CWC,24,Gujarat,462,Valsad,UMBERGAON,-,-,Narmada,Narmada,Unch,-,-,Daman Ganga,20.33541000,72.91076556,19-08-1986 08:30,6
4449,VAPI,CWC,24,Gujarat,462,Valsad,UMBERGAON,-,-,Narmada,Narmada,Unch,-,-,Daman Ganga,20.33541000,72.91076556,20-08-1986 08:30,1
4450,VAPI,CWC,24,Gujarat,462,Valsad,UMBERGAON,-,-,Narmada,Narmada,Unch,-,-,Daman Ganga,20.33541000,72.91076556,21-08-1986 08:30,3
4451,VAPI,CWC,24,Gujarat,462,Valsad,UMBERGAON,-,-,Narmada,Narmada,Unch,-,-,Daman Ganga,20.33541000,72.91076556,29-08-1986 08:30,67
4452,VAPI,CWC,24,Gujarat,462,Valsad,UMBERGAON,-,-,Narmada,Narmada,Unch,-,-,Daman Ganga,20.33541000,72.91076556,30-08-1986 08:30,27
4453,VAPI,CWC,24,Gujarat,462,Valsad,UMBERGAON,-,-,Narmada,Narmada,Unch,-,-,Daman Ganga,20.33541000,72.91076556,31-08-1986 08:30,3
4454,VAPI,CWC,24,Gujarat,462,Valsad,UMBERGAON,-,-,Narmada,Narmada,Unch,-,-,Daman Ganga,20.33541000,72.91076556,04-09-1986 08:30,1
4455,VAPI,CWC,24,Gujarat,462,Valsad,UMBERGAON,-,-,Narmada,Narmada,Unch,-,-,Daman Ganga,20.33541000,72.91076556,05-09-1986 08:30,9
4456,VAPI,CWC,24,Gujarat,462,Valsad,UMBERGAON,-,-,Narmada,Narmada,Unch,-,-,Daman Ganga,20.33541000,72.91076556,16-09-1986 08:30,1
4457,VAPI,CWC,24,Gujarat,462,Valsad,UMBERGAON,-,-,Narmada,Narmada,Unch,-,-,Daman Ganga,20.33541000,72.91076556,11-06-1987 08:30,11.43
4458,VAPI,CWC,24,Gujarat,462,Valsad,UMBERGAON,-,-,Narmada,Narmada,Unch,-,-,Daman Ganga,20.33541000,72.91076556,13-06-1987 08:30,11.43
4459,VAPI,CWC,24,Gujarat,462,Valsad,UMBERGAON,-,-,Narmada,Narmada,Unch,-,-,Daman Ganga,20.33541000,72.91076556,14-06-1987 08:30,2.54
4460,VAPI,CWC,24,Gujarat,462,Valsad,UMBERGAON,-,-,Narmada,Narmada,Unch,-,-,Daman Ganga,20.33541000,72.91076556,17-06-1987 08:30,5.6
4461,VAPI,CWC,24,Gujarat,462,Valsad,UMBERGAON,-,-,Narmada,Narmada,Unch,-,-,Daman Ganga,20.33541000,72.91076556,18-06-1987 08:30,3
4462,VAPI,CWC,24,Gujarat,462,Valsad,UMBERGAON,-,-,Narmada,Narmada,Unch,-,-,Daman Ganga,20.33541000,72.91076556,29-06-1987 08:30,6
4463,VAPI,CWC,24,Gujarat,462,Valsad,UMBERGAON,-,-,Narmada,Narmada,Unch,-,-,Daman Ganga,20.33541000,72.91076556,01-07-1987 08:30,10
4464,VAPI,CWC,24,Gujarat,462,Valsad,UMBERGAON,-,-,Narmada,Narmada,Unch,-,-,Daman Ganga,20.33541000,72.91076556,02-07-1987 08:30,92
4465,VAPI,CWC,24,Gujarat,462,Valsad,UMBERGAON,-,-,Narmada,Narmada,Unch,-,-,Daman Ganga,20.33541000,72.91076556,03-07-1987 08:30,27
4466,VAPI,CWC,24,Gujarat,462,Valsad,UMBERGAON,-,-,Narmada,Narmada,Unch,-,-,Daman Ganga,20.33541000,72.91076556,04-07-1987 08:30,56
4467,VAPI,CWC,24,Gujarat,462,Valsad,UMBERGAON,-,-,Narmada,Narmada,Unch,-,-,Daman Ganga,20.33541000,72.91076556,05-07-1987 08:30,10
4468,VAPI,CWC,24,Gujarat,462,Valsad,UMBERGAON,-,-,Narmada,Narmada,Unch,-,-,Daman Ganga,20.33541000,72.91076556,06-07-1987 08:30,42.6
4469,VAPI,CWC,24,Gujarat,462,Valsad,UMBERGAON,-,-,Narmada,Narmada,Unch,-,-,Daman Ganga,20.33541000,72.91076556,07-07-1987 08:30,51
4470,VAPI,CWC,24,Gujarat,462,Valsad,UMBERGAON,-,-,Narmada,Narmada,Unch,-,-,Daman Ganga,20.33541000,72.91076556,08-07-1987 08:30,4
4471,VAPI,CWC,24,Gujarat,462,Valsad,UMBERGAON,-,-,Narmada,Narmada,Unch,-,-,Daman Ganga,20.33541000,72.91076556,12-07-1987 08:30,2
4472,VAPI,CWC,24,Gujarat,462,Valsad,UMBERGAON,-,-,Narmada,Narmada,Unch,-,-,Daman Ganga,20.33541000,72.91076556,13-07-1987 08:30,21
4473,VAPI,CWC,24,Gujarat,462,Valsad,UMBERGAON,-,-,Narmada,Narmada,Unch,-,-,Daman Ganga,20.33541000,72.91076556,14-07-1987 08:30,10
4474,VAPI,CWC,24,Gujarat,462,Valsad,UMBERGAON,-,-,Narmada,Narmada,Unch,-,-,Daman Ganga,20.33541000,72.91076556,15-07-1987 08:30,27
4475,VAPI,CWC,24,Gujarat,462,Valsad,UMBERGAON,-,-,Narmada,Narmada,Unch,-,-,Daman Ganga,20.33541000,72.91076556,16-07-1987 08:30,47
4476,VAPI,CWC,24,Gujarat,462,Valsad,UMBERGAON,-,-,Narmada,Narmada,Unch,-,-,Daman Ganga,20.33541000,72.91076556,17-07-1987 08:30,4
4477,VAPI,CWC,24,Gujarat,462,Valsad,UMBERGAON,-,-,Narmada,Narmada,Unch,-,-,Daman Ganga,20.33541000,72.91076556,18-07-1987 08:30,1
4478,VAPI,CWC,24,Gujarat,462,Valsad,UMBERGAON,-,-,Narmada,Narmada,Unch,-,-,Daman Ganga,20.33541000,72.91076556,20-07-1987 08:30,2
4479,VAPI,CWC,24,Gujarat,462,Valsad,UMBERGAON,-,-,Narmada,Narmada,Unch,-,-,Daman Ganga,20.33541000,72.91076556,22-07-1987 08:30,20
4480,VAPI,CWC,24,Gujarat,462,Valsad,UMBERGAON,-,-,Narmada,Narmada,Unch,-,-,Daman Ganga,20.33541000,72.91076556,23-07-1987 08:30,32
4481,VAPI,CWC,24,Gujarat,462,Valsad,UMBERGAON,-,-,Narmada,Narmada,Unch,-,-,Daman Ganga,20.33541000,72.91076556,24-07-1987 08:30,3
4482,VAPI,CWC,24,Gujarat,462,Valsad,UMBERGAON,-,-,Narmada,Narmada,Unch,-,-,Daman Ganga,20.33541000,72.91076556,25-07-1987 08:30,8
4483,VAPI,CWC,24,Gujarat,462,Valsad,UMBERGAON,-,-,Narmada,Narmada,Unch,-,-,Daman Ganga,20.33541000,72.91076556,26-07-1987 08:30,11
4484,VAPI,CWC,24,Gujarat,462,Valsad,UMBERGAON,-,-,Narmada,Narmada,Unch,-,-,Daman Ganga,20.33541000,72.91076556,27-07-1987 08:30,12
4485,VAPI,CWC,24,Gujarat,462,Valsad,UMBERGAON,-,-,Narmada,Narmada,Unch,-,-,Daman Ganga,20.33541000,72.91076556,28-07-1987 08:30,2
4486,VAPI,CWC,24,Gujarat,462,Valsad,UMBERGAON,-,-,Narmada,Narmada,Unch,-,-,Daman Ganga,20.33541000,72.91076556,29-07-1987 08:30,5
4487,VAPI,CWC,24,Gujarat,462,Valsad,UMBERGAON,-,-,Narmada,Narmada,Unch,-,-,Daman Ganga,20.33541000,72.91076556,30-07-1987 08:30,3
4488,VAPI,CWC,24,Gujarat,462,Valsad,UMBERGAON,-,-,Narmada,Narmada,Unch,-,-,Daman Ganga,20.33541000,72.91076556,01-08-1987 08:30,6
4489,VAPI,CWC,24,Gujarat,462,Valsad,UMBERGAON,-,-,Narmada,Narmada,Unch,-,-,Daman Ganga,20.33541000,72.91076556,06-08-1987 08:30,2
4490,VAPI,CWC,24,Gujarat,462,Valsad,UMBERGAON,-,-,Narmada,Narmada,Unch,-,-,Daman Ganga,20.33541000,72.91076556,07-08-1987 08:30,2
4491,VAPI,CWC,24,Gujarat,462,Valsad,UMBERGAON,-,-,Narmada,Narmada,Unch,-,-,Daman Ganga,20.33541000,72.91076556,09-08-1987 08:30,13
4492,VAPI,CWC,24,Gujarat,462,Valsad,UMBERGAON,-,-,Narmada,Narmada,Unch,-,-,Daman Ganga,20.33541000,72.91076556,11-08-1987 08:30,13
4493,VAPI,CWC,24,Gujarat,462,Valsad,UMBERGAON,-,-,Narmada,Narmada,Unch,-,-,Daman Ganga,20.33541000,72.91076556,12-08-1987 08:30,33
4494,VAPI,CWC,24,Gujarat,462,Valsad,UMBERGAON,-,-,Narmada,Narmada,Unch,-,-,Daman Ganga,20.33541000,72.91076556,13-08-1987 08:30,3
4495,VAPI,CWC,24,Gujarat,462,Valsad,UMBERGAON,-,-,Narmada,Narmada,Unch,-,-,Daman Ganga,20.33541000,72.91076556,14-08-1987 08:30,3
4496,VAPI,CWC,24,Gujarat,462,Valsad,UMBERGAON,-,-,Narmada,Narmada,Unch,-,-,Daman Ganga,20.33541000,72.91076556,15-08-1987 08:30,1
4497,VAPI,CWC,24,Gujarat,462,Valsad,UMBERGAON,-,-,Narmada,Narmada,Unch,-,-,Daman Ganga,20.33541000,72.91076556,17-08-1987 08:30,1
4498,VAPI,CWC,24,Gujarat,462,Valsad,UMBERGAON,-,-,Narmada,Narmada,Unch,-,-,Daman Ganga,20.33541000,72.91076556,18-08-1987 08:30,46
4499,VAPI,CWC,24,Gujarat,462,Valsad,UMBERGAON,-,-,Narmada,Narmada,Unch,-,-,Daman Ganga,20.33541000,72.91076556,19-08-1987 08:30,6
4500,VAPI,CWC,24,Gujarat,462,Valsad,UMBERGAON,-,-,Narmada,Narmada,Unch,-,-,Daman Ganga,20.33541000,72.91076556,20-08-1987 08:30,31
4501,VAPI,CWC,24,Gujarat,462,Valsad,UMBERGAON,-,-,Narmada,Narmada,Unch,-,-,Daman Ganga,20.33541000,72.91076556,21-08-1987 08:30,135
4502,VAPI,CWC,24,Gujarat,462,Valsad,UMBERGAON,-,-,Narmada,Narmada,Unch,-,-,Daman Ganga,20.33541000,72.91076556,22-08-1987 08:30,101
4503,VAPI,CWC,24,Gujarat,462,Valsad,UMBERGAON,-,-,Narmada,Narmada,Unch,-,-,Daman Ganga,20.33541000,72.91076556,23-08-1987 08:30,35
4504,VAPI,CWC,24,Gujarat,462,Valsad,UMBERGAON,-,-,Narmada,Narmada,Unch,-,-,Daman Ganga,20.33541000,72.91076556,24-08-1987 08:30,21
4505,VAPI,CWC,24,Gujarat,462,Valsad,UMBERGAON,-,-,Narmada,Narmada,Unch,-,-,Daman Ganga,20.33541000,72.91076556,25-08-1987 08:30,51
4506,VAPI,CWC,24,Gujarat,462,Valsad,UMBERGAON,-,-,Narmada,Narmada,Unch,-,-,Daman Ganga,20.33541000,72.91076556,26-08-1987 08:30,71
4507,VAPI,CWC,24,Gujarat,462,Valsad,UMBERGAON,-,-,Narmada,Narmada,Unch,-,-,Daman Ganga,20.33541000,72.91076556,27-08-1987 08:30,2
4508,VAPI,CWC,24,Gujarat,462,Valsad,UMBERGAON,-,-,Narmada,Narmada,Unch,-,-,Daman Ganga,20.33541000,72.91076556,31-08-1987 08:30,9
4509,VAPI,CWC,24,Gujarat,462,Valsad,UMBERGAON,-,-,Narmada,Narmada,Unch,-,-,Daman Ganga,20.33541000,72.91076556,02-09-1987 08:30,1
4510,VAPI,CWC,24,Gujarat,462,Valsad,UMBERGAON,-,-,Narmada,Narmada,Unch,-,-,Daman Ganga,20.33541000,72.91076556,03-09-1987 08:30,1
4511,VAPI,CWC,24,Gujarat,462,Valsad,UMBERGAON,-,-,Narmada,Narmada,Unch,-,-,Daman Ganga,20.33541000,72.91076556,05-09-1987 08:30,2
4512,VAPI,CWC,24,Gujarat,462,Valsad,UMBERGAON,-,-,Narmada,Narmada,Unch,-,-,Daman Ganga,20.33541000,72.91076556,09-09-1987 08:30,7
4513,VAPI,CWC,24,Gujarat,462,Valsad,UMBERGAON,-,-,Narmada,Narmada,Unch,-,-,Daman Ganga,20.33541000,72.91076556,10-09-1987 08:30,4
4514,VAPI,CWC,24,Gujarat,462,Valsad,UMBERGAON,-,-,Narmada,Narmada,Unch,-,-,Daman Ganga,20.33541000,72.91076556,13-09-1987 08:30,5
4515,VAPI,CWC,24,Gujarat,462,Valsad,UMBERGAON,-,-,Narmada,Narmada,Unch,-,-,Daman Ganga,20.33541000,72.91076556,10-06-1988 08:30,62
4516,VAPI,CWC,24,Gujarat,462,Valsad,UMBERGAON,-,-,Narmada,Narmada,Unch,-,-,Daman Ganga,20.33541000,72.91076556,11-06-1988 08:30,3
4517,VAPI,CWC,24,Gujarat,462,Valsad,UMBERGAON,-,-,Narmada,Narmada,Unch,-,-,Daman Ganga,20.33541000,72.91076556,15-06-1988 08:30,3
4518,VAPI,CWC,24,Gujarat,462,Valsad,UMBERGAON,-,-,Narmada,Narmada,Unch,-,-,Daman Ganga,20.33541000,72.91076556,16-06-1988 08:30,74
4519,VAPI,CWC,24,Gujarat,462,Valsad,UMBERGAON,-,-,Narmada,Narmada,Unch,-,-,Daman Ganga,20.33541000,72.91076556,17-06-1988 08:30,31
4520,VAPI,CWC,24,Gujarat,462,Valsad,UMBERGAON,-,-,Narmada,Narmada,Unch,-,-,Daman Ganga,20.33541000,72.91076556,18-06-1988 08:30,7
4521,VAPI,CWC,24,Gujarat,462,Valsad,UMBERGAON,-,-,Narmada,Narmada,Unch,-,-,Daman Ganga,20.33541000,72.91076556,26-06-1988 08:30,5
4522,VAPI,CWC,24,Gujarat,462,Valsad,UMBERGAON,-,-,Narmada,Narmada,Unch,-,-,Daman Ganga,20.33541000,72.91076556,27-06-1988 08:30,6
4523,VAPI,CWC,24,Gujarat,462,Valsad,UMBERGAON,-,-,Narmada,Narmada,Unch,-,-,Daman Ganga,20.33541000,72.91076556,28-06-1988 08:30,9
4524,VAPI,CWC,24,Gujarat,462,Valsad,UMBERGAON,-,-,Narmada,Narmada,Unch,-,-,Daman Ganga,20.33541000,72.91076556,04-07-1988 08:30,7
4525,VAPI,CWC,24,Gujarat,462,Valsad,UMBERGAON,-,-,Narmada,Narmada,Unch,-,-,Daman Ganga,20.33541000,72.91076556,05-07-1988 08:30,83
4526,VAPI,CWC,24,Gujarat,462,Valsad,UMBERGAON,-,-,Narmada,Narmada,Unch,-,-,Daman Ganga,20.33541000,72.91076556,06-07-1988 08:30,20
4527,VAPI,CWC,24,Gujarat,462,Valsad,UMBERGAON,-,-,Narmada,Narmada,Unch,-,-,Daman Ganga,20.33541000,72.91076556,07-07-1988 08:30,31
4528,VAPI,CWC,24,Gujarat,462,Valsad,UMBERGAON,-,-,Narmada,Narmada,Unch,-,-,Daman Ganga,20.33541000,72.91076556,08-07-1988 08:30,14
4529,VAPI,CWC,24,Gujarat,462,Valsad,UMBERGAON,-,-,Narmada,Narmada,Unch,-,-,Daman Ganga,20.33541000,72.91076556,09-07-1988 08:30,6
4530,VAPI,CWC,24,Gujarat,462,Valsad,UMBERGAON,-,-,Narmada,Narmada,Unch,-,-,Daman Ganga,20.33541000,72.91076556,10-07-1988 08:30,2
4531,VAPI,CWC,24,Gujarat,462,Valsad,UMBERGAON,-,-,Narmada,Narmada,Unch,-,-,Daman Ganga,20.33541000,72.91076556,13-07-1988 08:30,46
4532,VAPI,CWC,24,Gujarat,462,Valsad,UMBERGAON,-,-,Narmada,Narmada,Unch,-,-,Daman Ganga,20.33541000,72.91076556,14-07-1988 08:30,41
4533,VAPI,CWC,24,Gujarat,462,Valsad,UMBERGAON,-,-,Narmada,Narmada,Unch,-,-,Daman Ganga,20.33541000,72.91076556,15-07-1988 08:30,118
4534,VAPI,CWC,24,Gujarat,462,Valsad,UMBERGAON,-,-,Narmada,Narmada,Unch,-,-,Daman Ganga,20.33541000,72.91076556,16-07-1988 08:30,74
4535,VAPI,CWC,24,Gujarat,462,Valsad,UMBERGAON,-,-,Narmada,Narmada,Unch,-,-,Daman Ganga,20.33541000,72.91076556,17-07-1988 08:30,122
4536,VAPI,CWC,24,Gujarat,462,Valsad,UMBERGAON,-,-,Narmada,Narmada,Unch,-,-,Daman Ganga,20.33541000,72.91076556,18-07-1988 08:30,150
4537,VAPI,CWC,24,Gujarat,462,Valsad,UMBERGAON,-,-,Narmada,Narmada,Unch,-,-,Daman Ganga,20.33541000,72.91076556,19-07-1988 08:30,42
4538,VAPI,CWC,24,Gujarat,462,Valsad,UMBERGAON,-,-,Narmada,Narmada,Unch,-,-,Daman Ganga,20.33541000,72.91076556,20-07-1988 08:30,43
4539,VAPI,CWC,24,Gujarat,462,Valsad,UMBERGAON,-,-,Narmada,Narmada,Unch,-,-,Daman Ganga,20.33541000,72.91076556,21-07-1988 08:30,24
4540,VAPI,CWC,24,Gujarat,462,Valsad,UMBERGAON,-,-,Narmada,Narmada,Unch,-,-,Daman Ganga,20.33541000,72.91076556,22-07-1988 08:30,18
4541,VAPI,CWC,24,Gujarat,462,Valsad,UMBERGAON,-,-,Narmada,Narmada,Unch,-,-,Daman Ganga,20.33541000,72.91076556,23-07-1988 08:30,8
4542,VAPI,CWC,24,Gujarat,462,Valsad,UMBERGAON,-,-,Narmada,Narmada,Unch,-,-,Daman Ganga,20.33541000,72.91076556,24-07-1988 08:30,121
4543,VAPI,CWC,24,Gujarat,462,Valsad,UMBERGAON,-,-,Narmada,Narmada,Unch,-,-,Daman Ganga,20.33541000,72.91076556,25-07-1988 08:30,27
4544,VAPI,CWC,24,Gujarat,462,Valsad,UMBERGAON,-,-,Narmada,Narmada,Unch,-,-,Daman Ganga,20.33541000,72.91076556,26-07-1988 08:30,37
4545,VAPI,CWC,24,Gujarat,462,Valsad,UMBERGAON,-,-,Narmada,Narmada,Unch,-,-,Daman Ganga,20.33541000,72.91076556,27-07-1988 08:30,106
4546,VAPI,CWC,24,Gujarat,462,Valsad,UMBERGAON,-,-,Narmada,Narmada,Unch,-,-,Daman Ganga,20.33541000,72.91076556,28-07-1988 08:30,81
4547,VAPI,CWC,24,Gujarat,462,Valsad,UMBERGAON,-,-,Narmada,Narmada,Unch,-,-,Daman Ganga,20.33541000,72.91076556,30-07-1988 08:30,11
4548,VAPI,CWC,24,Gujarat,462,Valsad,UMBERGAON,-,-,Narmada,Narmada,Unch,-,-,Daman Ganga,20.33541000,72.91076556,31-07-1988 08:30,2
4549,VAPI,CWC,24,Gujarat,462,Valsad,UMBERGAON,-,-,Narmada,Narmada,Unch,-,-,Daman Ganga,20.33541000,72.91076556,01-08-1988 08:30,10
4550,VAPI,CWC,24,Gujarat,462,Valsad,UMBERGAON,-,-,Narmada,Narmada,Unch,-,-,Daman Ganga,20.33541000,72.91076556,02-08-1988 08:30,19
4551,VAPI,CWC,24,Gujarat,462,Valsad,UMBERGAON,-,-,Narmada,Narmada,Unch,-,-,Daman Ganga,20.33541000,72.91076556,03-08-1988 08:30,10
4552,VAPI,CWC,24,Gujarat,462,Valsad,UMBERGAON,-,-,Narmada,Narmada,Unch,-,-,Daman Ganga,20.33541000,72.91076556,06-08-1988 08:30,2
4553,VAPI,CWC,24,Gujarat,462,Valsad,UMBERGAON,-,-,Narmada,Narmada,Unch,-,-,Daman Ganga,20.33541000,72.91076556,08-08-1988 08:30,3
4554,VAPI,CWC,24,Gujarat,462,Valsad,UMBERGAON,-,-,Narmada,Narmada,Unch,-,-,Daman Ganga,20.33541000,72.91076556,09-08-1988 08:30,10
4555,VAPI,CWC,24,Gujarat,462,Valsad,UMBERGAON,-,-,Narmada,Narmada,Unch,-,-,Daman Ganga,20.33541000,72.91076556,10-08-1988 08:30,8
4556,VAPI,CWC,24,Gujarat,462,Valsad,UMBERGAON,-,-,Narmada,Narmada,Unch,-,-,Daman Ganga,20.33541000,72.91076556,11-08-1988 08:30,10
4557,VAPI,CWC,24,Gujarat,462,Valsad,UMBERGAON,-,-,Narmada,Narmada,Unch,-,-,Daman Ganga,20.33541000,72.91076556,12-08-1988 08:30,6
4558,VAPI,CWC,24,Gujarat,462,Valsad,UMBERGAON,-,-,Narmada,Narmada,Unch,-,-,Daman Ganga,20.33541000,72.91076556,13-08-1988 08:30,2
4559,VAPI,CWC,24,Gujarat,462,Valsad,UMBERGAON,-,-,Narmada,Narmada,Unch,-,-,Daman Ganga,20.33541000,72.91076556,15-08-1988 08:30,4
4560,VAPI,CWC,24,Gujarat,462,Valsad,UMBERGAON,-,-,Narmada,Narmada,Unch,-,-,Daman Ganga,20.33541000,72.91076556,16-08-1988 08:30,4
4561,VAPI,CWC,24,Gujarat,462,Valsad,UMBERGAON,-,-,Narmada,Narmada,Unch,-,-,Daman Ganga,20.33541000,72.91076556,17-08-1988 08:30,2
4562,VAPI,CWC,24,Gujarat,462,Valsad,UMBERGAON,-,-,Narmada,Narmada,Unch,-,-,Daman Ganga,20.33541000,72.91076556,18-08-1988 08:30,2
4563,VAPI,CWC,24,Gujarat,462,Valsad,UMBERGAON,-,-,Narmada,Narmada,Unch,-,-,Daman Ganga,20.33541000,72.91076556,19-08-1988 08:30,18
4564,VAPI,CWC,24,Gujarat,462,Valsad,UMBERGAON,-,-,Narmada,Narmada,Unch,-,-,Daman Ganga,20.33541000,72.91076556,20-08-1988 08:30,11
4565,VAPI,CWC,24,Gujarat,462,Valsad,UMBERGAON,-,-,Narmada,Narmada,Unch,-,-,Daman Ganga,20.33541000,72.91076556,21-08-1988 08:30,18
4566,VAPI,CWC,24,Gujarat,462,Valsad,UMBERGAON,-,-,Narmada,Narmada,Unch,-,-,Daman Ganga,20.33541000,72.91076556,22-08-1988 08:30,26
4567,VAPI,CWC,24,Gujarat,462,Valsad,UMBERGAON,-,-,Narmada,Narmada,Unch,-,-,Daman Ganga,20.33541000,72.91076556,23-08-1988 08:30,34
4568,VAPI,CWC,24,Gujarat,462,Valsad,UMBERGAON,-,-,Narmada,Narmada,Unch,-,-,Daman Ganga,20.33541000,72.91076556,24-08-1988 08:30,3
4569,VAPI,CWC,24,Gujarat,462,Valsad,UMBERGAON,-,-,Narmada,Narmada,Unch,-,-,Daman Ganga,20.33541000,72.91076556,25-08-1988 08:30,22
4570,VAPI,CWC,24,Gujarat,462,Valsad,UMBERGAON,-,-,Narmada,Narmada,Unch,-,-,Daman Ganga,20.33541000,72.91076556,26-08-1988 08:30,1
4571,VAPI,CWC,24,Gujarat,462,Valsad,UMBERGAON,-,-,Narmada,Narmada,Unch,-,-,Daman Ganga,20.33541000,72.91076556,28-08-1988 08:30,3
4572,VAPI,CWC,24,Gujarat,462,Valsad,UMBERGAON,-,-,Narmada,Narmada,Unch,-,-,Daman Ganga,20.33541000,72.91076556,29-08-1988 08:30,9
4573,VAPI,CWC,24,Gujarat,462,Valsad,UMBERGAON,-,-,Narmada,Narmada,Unch,-,-,Daman Ganga,20.33541000,72.91076556,30-08-1988 08:30,96
4574,VAPI,CWC,24,Gujarat,462,Valsad,UMBERGAON,-,-,Narmada,Narmada,Unch,-,-,Daman Ganga,20.33541000,72.91076556,31-08-1988 08:30,20
4575,VAPI,CWC,24,Gujarat,462,Valsad,UMBERGAON,-,-,Narmada,Narmada,Unch,-,-,Daman Ganga,20.33541000,72.91076556,01-09-1988 08:30,6
4576,VAPI,CWC,24,Gujarat,462,Valsad,UMBERGAON,-,-,Narmada,Narmada,Unch,-,-,Daman Ganga,20.33541000,72.91076556,03-09-1988 08:30,8
4577,VAPI,CWC,24,Gujarat,462,Valsad,UMBERGAON,-,-,Narmada,Narmada,Unch,-,-,Daman Ganga,20.33541000,72.91076556,04-09-1988 08:30,2
4578,VAPI,CWC,24,Gujarat,462,Valsad,UMBERGAON,-,-,Narmada,Narmada,Unch,-,-,Daman Ganga,20.33541000,72.91076556,07-09-1988 08:30,13
4579,VAPI,CWC,24,Gujarat,462,Valsad,UMBERGAON,-,-,Narmada,Narmada,Unch,-,-,Daman Ganga,20.33541000,72.91076556,08-09-1988 08:30,140
4580,VAPI,CWC,24,Gujarat,462,Valsad,UMBERGAON,-,-,Narmada,Narmada,Unch,-,-,Daman Ganga,20.33541000,72.91076556,09-09-1988 08:30,3
4581,VAPI,CWC,24,Gujarat,462,Valsad,UMBERGAON,-,-,Narmada,Narmada,Unch,-,-,Daman Ganga,20.33541000,72.91076556,10-09-1988 08:30,3
4582,VAPI,CWC,24,Gujarat,462,Valsad,UMBERGAON,-,-,Narmada,Narmada,Unch,-,-,Daman Ganga,20.33541000,72.91076556,11-09-1988 08:30,9
4583,VAPI,CWC,24,Gujarat,462,Valsad,UMBERGAON,-,-,Narmada,Narmada,Unch,-,-,Daman Ganga,20.33541000,72.91076556,12-09-1988 08:30,19
4584,VAPI,CWC,24,Gujarat,462,Valsad,UMBERGAON,-,-,Narmada,Narmada,Unch,-,-,Daman Ganga,20.33541000,72.91076556,16-09-1988 08:30,30
4585,VAPI,CWC,24,Gujarat,462,Valsad,UMBERGAON,-,-,Narmada,Narmada,Unch,-,-,Daman Ganga,20.33541000,72.91076556,19-09-1988 08:30,2
4586,VAPI,CWC,24,Gujarat,462,Valsad,UMBERGAON,-,-,Narmada,Narmada,Unch,-,-,Daman Ganga,20.33541000,72.91076556,20-09-1988 08:30,12
4587,VAPI,CWC,24,Gujarat,462,Valsad,UMBERGAON,-,-,Narmada,Narmada,Unch,-,-,Daman Ganga,20.33541000,72.91076556,21-09-1988 08:30,1
4588,VAPI,CWC,24,Gujarat,462,Valsad,UMBERGAON,-,-,Narmada,Narmada,Unch,-,-,Daman Ganga,20.33541000,72.91076556,22-09-1988 08:30,31
4589,VAPI,CWC,24,Gujarat,462,Valsad,UMBERGAON,-,-,Narmada,Narmada,Unch,-,-,Daman Ganga,20.33541000,72.91076556,24-09-1988 08:30,95
4590,VAPI,CWC,24,Gujarat,462,Valsad,UMBERGAON,-,-,Narmada,Narmada,Unch,-,-,Daman Ganga,20.33541000,72.91076556,25-09-1988 08:30,10
4591,VAPI,CWC,24,Gujarat,462,Valsad,UMBERGAON,-,-,Narmada,Narmada,Unch,-,-,Daman Ganga,20.33541000,72.91076556,26-09-1988 08:30,1
4592,VAPI,CWC,24,Gujarat,462,Valsad,UMBERGAON,-,-,Narmada,Narmada,Unch,-,-,Daman Ganga,20.33541000,72.91076556,27-09-1988 08:30,1
4593,VAPI,CWC,24,Gujarat,462,Valsad,UMBERGAON,-,-,Narmada,Narmada,Unch,-,-,Daman Ganga,20.33541000,72.91076556,28-09-1988 08:30,1
4594,VAPI,CWC,24,Gujarat,462,Valsad,UMBERGAON,-,-,Narmada,Narmada,Unch,-,-,Daman Ganga,20.33541000,72.91076556,29-09-1988 08:30,108
4595,VAPI,CWC,24,Gujarat,462,Valsad,UMBERGAON,-,-,Narmada,Narmada,Unch,-,-,Daman Ganga,20.33541000,72.91076556,01-10-1988 08:30,18
4596,VAPI,CWC,24,Gujarat,462,Valsad,UMBERGAON,-,-,Narmada,Narmada,Unch,-,-,Daman Ganga,20.33541000,72.91076556,09-06-1989 08:30,20
4597,VAPI,CWC,24,Gujarat,462,Valsad,UMBERGAON,-,-,Narmada,Narmada,Unch,-,-,Daman Ganga,20.33541000,72.91076556,10-06-1989 08:30,22
4598,VAPI,CWC,24,Gujarat,462,Valsad,UMBERGAON,-,-,Narmada,Narmada,Unch,-,-,Daman Ganga,20.33541000,72.91076556,11-06-1989 08:30,31
4599,VAPI,CWC,24,Gujarat,462,Valsad,UMBERGAON,-,-,Narmada,Narmada,Unch,-,-,Daman Ganga,20.33541000,72.91076556,12-06-1989 08:30,42
4600,VAPI,CWC,24,Gujarat,462,Valsad,UMBERGAON,-,-,Narmada,Narmada,Unch,-,-,Daman Ganga,20.33541000,72.91076556,13-06-1989 08:30,10
4601,VAPI,CWC,24,Gujarat,462,Valsad,UMBERGAON,-,-,Narmada,Narmada,Unch,-,-,Daman Ganga,20.33541000,72.91076556,15-06-1989 08:30,30
4602,VAPI,CWC,24,Gujarat,462,Valsad,UMBERGAON,-,-,Narmada,Narmada,Unch,-,-,Daman Ganga,20.33541000,72.91076556,16-06-1989 08:30,18
4603,VAPI,CWC,24,Gujarat,462,Valsad,UMBERGAON,-,-,Narmada,Narmada,Unch,-,-,Daman Ganga,20.33541000,72.91076556,17-06-1989 08:30,20
4604,VAPI,CWC,24,Gujarat,462,Valsad,UMBERGAON,-,-,Narmada,Narmada,Unch,-,-,Daman Ganga,20.33541000,72.91076556,21-06-1989 08:30,2
4605,VAPI,CWC,24,Gujarat,462,Valsad,UMBERGAON,-,-,Narmada,Narmada,Unch,-,-,Daman Ganga,20.33541000,72.91076556,24-06-1989 08:30,4
4606,VAPI,CWC,24,Gujarat,462,Valsad,UMBERGAON,-,-,Narmada,Narmada,Unch,-,-,Daman Ganga,20.33541000,72.91076556,27-06-1989 08:30,2
4607,VAPI,CWC,24,Gujarat,462,Valsad,UMBERGAON,-,-,Narmada,Narmada,Unch,-,-,Daman Ganga,20.33541000,72.91076556,28-06-1989 08:30,19
4608,VAPI,CWC,24,Gujarat,462,Valsad,UMBERGAON,-,-,Narmada,Narmada,Unch,-,-,Daman Ganga,20.33541000,72.91076556,29-06-1989 08:30,50
4609,VAPI,CWC,24,Gujarat,462,Valsad,UMBERGAON,-,-,Narmada,Narmada,Unch,-,-,Daman Ganga,20.33541000,72.91076556,30-06-1989 08:30,9
4610,VAPI,CWC,24,Gujarat,462,Valsad,UMBERGAON,-,-,Narmada,Narmada,Unch,-,-,Daman Ganga,20.33541000,72.91076556,01-07-1989 08:30,36
4611,VAPI,CWC,24,Gujarat,462,Valsad,UMBERGAON,-,-,Narmada,Narmada,Unch,-,-,Daman Ganga,20.33541000,72.91076556,02-07-1989 08:30,30
4612,VAPI,CWC,24,Gujarat,462,Valsad,UMBERGAON,-,-,Narmada,Narmada,Unch,-,-,Daman Ganga,20.33541000,72.91076556,03-07-1989 08:30,10
4613,VAPI,CWC,24,Gujarat,462,Valsad,UMBERGAON,-,-,Narmada,Narmada,Unch,-,-,Daman Ganga,20.33541000,72.91076556,04-07-1989 08:30,12
4614,VAPI,CWC,24,Gujarat,462,Valsad,UMBERGAON,-,-,Narmada,Narmada,Unch,-,-,Daman Ganga,20.33541000,72.91076556,05-07-1989 08:30,11
4615,VAPI,CWC,24,Gujarat,462,Valsad,UMBERGAON,-,-,Narmada,Narmada,Unch,-,-,Daman Ganga,20.33541000,72.91076556,06-07-1989 08:30,2
4616,VAPI,CWC,24,Gujarat,462,Valsad,UMBERGAON,-,-,Narmada,Narmada,Unch,-,-,Daman Ganga,20.33541000,72.91076556,07-07-1989 08:30,26
4617,VAPI,CWC,24,Gujarat,462,Valsad,UMBERGAON,-,-,Narmada,Narmada,Unch,-,-,Daman Ganga,20.33541000,72.91076556,08-07-1989 08:30,5
4618,VAPI,CWC,24,Gujarat,462,Valsad,UMBERGAON,-,-,Narmada,Narmada,Unch,-,-,Daman Ganga,20.33541000,72.91076556,09-07-1989 08:30,50
4619,VAPI,CWC,24,Gujarat,462,Valsad,UMBERGAON,-,-,Narmada,Narmada,Unch,-,-,Daman Ganga,20.33541000,72.91076556,10-07-1989 08:30,3
4620,VAPI,CWC,24,Gujarat,462,Valsad,UMBERGAON,-,-,Narmada,Narmada,Unch,-,-,Daman Ganga,20.33541000,72.91076556,11-07-1989 08:30,2
4621,VAPI,CWC,24,Gujarat,462,Valsad,UMBERGAON,-,-,Narmada,Narmada,Unch,-,-,Daman Ganga,20.33541000,72.91076556,12-07-1989 08:30,8
4622,VAPI,CWC,24,Gujarat,462,Valsad,UMBERGAON,-,-,Narmada,Narmada,Unch,-,-,Daman Ganga,20.33541000,72.91076556,13-07-1989 08:30,3
4623,VAPI,CWC,24,Gujarat,462,Valsad,UMBERGAON,-,-,Narmada,Narmada,Unch,-,-,Daman Ganga,20.33541000,72.91076556,14-07-1989 08:30,14
4624,VAPI,CWC,24,Gujarat,462,Valsad,UMBERGAON,-,-,Narmada,Narmada,Unch,-,-,Daman Ganga,20.33541000,72.91076556,15-07-1989 08:30,7
4625,VAPI,CWC,24,Gujarat,462,Valsad,UMBERGAON,-,-,Narmada,Narmada,Unch,-,-,Daman Ganga,20.33541000,72.91076556,16-07-1989 08:30,38
4626,VAPI,CWC,24,Gujarat,462,Valsad,UMBERGAON,-,-,Narmada,Narmada,Unch,-,-,Daman Ganga,20.33541000,72.91076556,17-07-1989 08:30,3
4627,VAPI,CWC,24,Gujarat,462,Valsad,UMBERGAON,-,-,Narmada,Narmada,Unch,-,-,Daman Ganga,20.33541000,72.91076556,18-07-1989 08:30,31
4628,VAPI,CWC,24,Gujarat,462,Valsad,UMBERGAON,-,-,Narmada,Narmada,Unch,-,-,Daman Ganga,20.33541000,72.91076556,19-07-1989 08:30,6
4629,VAPI,CWC,24,Gujarat,462,Valsad,UMBERGAON,-,-,Narmada,Narmada,Unch,-,-,Daman Ganga,20.33541000,72.91076556,20-07-1989 08:30,4
4630,VAPI,CWC,24,Gujarat,462,Valsad,UMBERGAON,-,-,Narmada,Narmada,Unch,-,-,Daman Ganga,20.33541000,72.91076556,21-07-1989 08:30,16
4631,VAPI,CWC,24,Gujarat,462,Valsad,UMBERGAON,-,-,Narmada,Narmada,Unch,-,-,Daman Ganga,20.33541000,72.91076556,22-07-1989 08:30,16
4632,VAPI,CWC,24,Gujarat,462,Valsad,UMBERGAON,-,-,Narmada,Narmada,Unch,-,-,Daman Ganga,20.33541000,72.91076556,23-07-1989 08:30,86
4633,VAPI,CWC,24,Gujarat,462,Valsad,UMBERGAON,-,-,Narmada,Narmada,Unch,-,-,Daman Ganga,20.33541000,72.91076556,24-07-1989 08:30,112
4634,VAPI,CWC,24,Gujarat,462,Valsad,UMBERGAON,-,-,Narmada,Narmada,Unch,-,-,Daman Ganga,20.33541000,72.91076556,25-07-1989 08:30,338
4635,VAPI,CWC,24,Gujarat,462,Valsad,UMBERGAON,-,-,Narmada,Narmada,Unch,-,-,Daman Ganga,20.33541000,72.91076556,26-07-1989 08:30,34
4636,VAPI,CWC,24,Gujarat,462,Valsad,UMBERGAON,-,-,Narmada,Narmada,Unch,-,-,Daman Ganga,20.33541000,72.91076556,27-07-1989 08:30,17
4637,VAPI,CWC,24,Gujarat,462,Valsad,UMBERGAON,-,-,Narmada,Narmada,Unch,-,-,Daman Ganga,20.33541000,72.91076556,28-07-1989 08:30,9
4638,VAPI,CWC,24,Gujarat,462,Valsad,UMBERGAON,-,-,Narmada,Narmada,Unch,-,-,Daman Ganga,20.33541000,72.91076556,29-07-1989 08:30,5
4639,VAPI,CWC,24,Gujarat,462,Valsad,UMBERGAON,-,-,Narmada,Narmada,Unch,-,-,Daman Ganga,20.33541000,72.91076556,30-07-1989 08:30,26
4640,VAPI,CWC,24,Gujarat,462,Valsad,UMBERGAON,-,-,Narmada,Narmada,Unch,-,-,Daman Ganga,20.33541000,72.91076556,31-07-1989 08:30,6
4641,VAPI,CWC,24,Gujarat,462,Valsad,UMBERGAON,-,-,Narmada,Narmada,Unch,-,-,Daman Ganga,20.33541000,72.91076556,01-08-1989 08:30,2
4642,VAPI,CWC,24,Gujarat,462,Valsad,UMBERGAON,-,-,Narmada,Narmada,Unch,-,-,Daman Ganga,20.33541000,72.91076556,02-08-1989 08:30,3
4643,VAPI,CWC,24,Gujarat,462,Valsad,UMBERGAON,-,-,Narmada,Narmada,Unch,-,-,Daman Ganga,20.33541000,72.91076556,03-08-1989 08:30,6
4644,VAPI,CWC,24,Gujarat,462,Valsad,UMBERGAON,-,-,Narmada,Narmada,Unch,-,-,Daman Ganga,20.33541000,72.91076556,04-08-1989 08:30,3
4645,VAPI,CWC,24,Gujarat,462,Valsad,UMBERGAON,-,-,Narmada,Narmada,Unch,-,-,Daman Ganga,20.33541000,72.91076556,05-08-1989 08:30,4
4646,VAPI,CWC,24,Gujarat,462,Valsad,UMBERGAON,-,-,Narmada,Narmada,Unch,-,-,Daman Ganga,20.33541000,72.91076556,06-08-1989 08:30,4
4647,VAPI,CWC,24,Gujarat,462,Valsad,UMBERGAON,-,-,Narmada,Narmada,Unch,-,-,Daman Ganga,20.33541000,72.91076556,07-08-1989 08:30,5
4648,VAPI,CWC,24,Gujarat,462,Valsad,UMBERGAON,-,-,Narmada,Narmada,Unch,-,-,Daman Ganga,20.33541000,72.91076556,08-08-1989 08:30,3
4649,VAPI,CWC,24,Gujarat,462,Valsad,UMBERGAON,-,-,Narmada,Narmada,Unch,-,-,Daman Ganga,20.33541000,72.91076556,10-08-1989 08:30,3
4650,VAPI,CWC,24,Gujarat,462,Valsad,UMBERGAON,-,-,Narmada,Narmada,Unch,-,-,Daman Ganga,20.33541000,72.91076556,11-08-1989 08:30,1
4651,VAPI,CWC,24,Gujarat,462,Valsad,UMBERGAON,-,-,Narmada,Narmada,Unch,-,-,Daman Ganga,20.33541000,72.91076556,12-08-1989 08:30,7
4652,VAPI,CWC,24,Gujarat,462,Valsad,UMBERGAON,-,-,Narmada,Narmada,Unch,-,-,Daman Ganga,20.33541000,72.91076556,13-08-1989 08:30,6
4653,VAPI,CWC,24,Gujarat,462,Valsad,UMBERGAON,-,-,Narmada,Narmada,Unch,-,-,Daman Ganga,20.33541000,72.91076556,14-08-1989 08:30,10
4654,VAPI,CWC,24,Gujarat,462,Valsad,UMBERGAON,-,-,Narmada,Narmada,Unch,-,-,Daman Ganga,20.33541000,72.91076556,15-08-1989 08:30,9
4655,VAPI,CWC,24,Gujarat,462,Valsad,UMBERGAON,-,-,Narmada,Narmada,Unch,-,-,Daman Ganga,20.33541000,72.91076556,16-08-1989 08:30,1
4656,VAPI,CWC,24,Gujarat,462,Valsad,UMBERGAON,-,-,Narmada,Narmada,Unch,-,-,Daman Ganga,20.33541000,72.91076556,17-08-1989 08:30,3
4657,VAPI,CWC,24,Gujarat,462,Valsad,UMBERGAON,-,-,Narmada,Narmada,Unch,-,-,Daman Ganga,20.33541000,72.91076556,18-08-1989 08:30,2
4658,VAPI,CWC,24,Gujarat,462,Valsad,UMBERGAON,-,-,Narmada,Narmada,Unch,-,-,Daman Ganga,20.33541000,72.91076556,19-08-1989 08:30,4
4659,VAPI,CWC,24,Gujarat,462,Valsad,UMBERGAON,-,-,Narmada,Narmada,Unch,-,-,Daman Ganga,20.33541000,72.91076556,20-08-1989 08:30,109
4660,VAPI,CWC,24,Gujarat,462,Valsad,UMBERGAON,-,-,Narmada,Narmada,Unch,-,-,Daman Ganga,20.33541000,72.91076556,21-08-1989 08:30,25
4661,VAPI,CWC,24,Gujarat,462,Valsad,UMBERGAON,-,-,Narmada,Narmada,Unch,-,-,Daman Ganga,20.33541000,72.91076556,22-08-1989 08:30,15
4662,VAPI,CWC,24,Gujarat,462,Valsad,UMBERGAON,-,-,Narmada,Narmada,Unch,-,-,Daman Ganga,20.33541000,72.91076556,23-08-1989 08:30,20
4663,VAPI,CWC,24,Gujarat,462,Valsad,UMBERGAON,-,-,Narmada,Narmada,Unch,-,-,Daman Ganga,20.33541000,72.91076556,24-08-1989 08:30,15
4664,VAPI,CWC,24,Gujarat,462,Valsad,UMBERGAON,-,-,Narmada,Narmada,Unch,-,-,Daman Ganga,20.33541000,72.91076556,25-08-1989 08:30,20
4665,VAPI,CWC,24,Gujarat,462,Valsad,UMBERGAON,-,-,Narmada,Narmada,Unch,-,-,Daman Ganga,20.33541000,72.91076556,27-08-1989 08:30,3
4666,VAPI,CWC,24,Gujarat,462,Valsad,UMBERGAON,-,-,Narmada,Narmada,Unch,-,-,Daman Ganga,20.33541000,72.91076556,28-08-1989 08:30,16
4667,VAPI,CWC,24,Gujarat,462,Valsad,UMBERGAON,-,-,Narmada,Narmada,Unch,-,-,Daman Ganga,20.33541000,72.91076556,29-08-1989 08:30,32
4668,VAPI,CWC,24,Gujarat,462,Valsad,UMBERGAON,-,-,Narmada,Narmada,Unch,-,-,Daman Ganga,20.33541000,72.91076556,30-08-1989 08:30,9
4669,VAPI,CWC,24,Gujarat,462,Valsad,UMBERGAON,-,-,Narmada,Narmada,Unch,-,-,Daman Ganga,20.33541000,72.91076556,31-08-1989 08:30,1
4670,VAPI,CWC,24,Gujarat,462,Valsad,UMBERGAON,-,-,Narmada,Narmada,Unch,-,-,Daman Ganga,20.33541000,72.91076556,06-09-1989 08:30,18
4671,VAPI,CWC,24,Gujarat,462,Valsad,UMBERGAON,-,-,Narmada,Narmada,Unch,-,-,Daman Ganga,20.33541000,72.91076556,07-09-1989 08:30,19
4672,VAPI,CWC,24,Gujarat,462,Valsad,UMBERGAON,-,-,Narmada,Narmada,Unch,-,-,Daman Ganga,20.33541000,72.91076556,08-09-1989 08:30,39
4673,VAPI,CWC,24,Gujarat,462,Valsad,UMBERGAON,-,-,Narmada,Narmada,Unch,-,-,Daman Ganga,20.33541000,72.91076556,09-09-1989 08:30,5
4674,VAPI,CWC,24,Gujarat,462,Valsad,UMBERGAON,-,-,Narmada,Narmada,Unch,-,-,Daman Ganga,20.33541000,72.91076556,12-09-1989 08:30,18
4675,VAPI,CWC,24,Gujarat,462,Valsad,UMBERGAON,-,-,Narmada,Narmada,Unch,-,-,Daman Ganga,20.33541000,72.91076556,13-09-1989 08:30,6
4676,VAPI,CWC,24,Gujarat,462,Valsad,UMBERGAON,-,-,Narmada,Narmada,Unch,-,-,Daman Ganga,20.33541000,72.91076556,14-09-1989 08:30,2
4677,VAPI,CWC,24,Gujarat,462,Valsad,UMBERGAON,-,-,Narmada,Narmada,Unch,-,-,Daman Ganga,20.33541000,72.91076556,19-09-1989 08:30,21
4678,VAPI,CWC,24,Gujarat,462,Valsad,UMBERGAON,-,-,Narmada,Narmada,Unch,-,-,Daman Ganga,20.33541000,72.91076556,20-09-1989 08:30,2
4679,VAPI,CWC,24,Gujarat,462,Valsad,UMBERGAON,-,-,Narmada,Narmada,Unch,-,-,Daman Ganga,20.33541000,72.91076556,22-09-1989 08:30,5
4680,VAPI,CWC,24,Gujarat,462,Valsad,UMBERGAON,-,-,Narmada,Narmada,Unch,-,-,Daman Ganga,20.33541000,72.91076556,24-05-1990 08:30,37
4681,VAPI,CWC,24,Gujarat,462,Valsad,UMBERGAON,-,-,Narmada,Narmada,Unch,-,-,Daman Ganga,20.33541000,72.91076556,26-05-1990 08:30,24
4682,VAPI,CWC,24,Gujarat,462,Valsad,UMBERGAON,-,-,Narmada,Narmada,Unch,-,-,Daman Ganga,20.33541000,72.91076556,30-05-1990 08:30,23
4683,VAPI,CWC,24,Gujarat,462,Valsad,UMBERGAON,-,-,Narmada,Narmada,Unch,-,-,Daman Ganga,20.33541000,72.91076556,01-06-1990 08:30,4
4684,VAPI,CWC,24,Gujarat,462,Valsad,UMBERGAON,-,-,Narmada,Narmada,Unch,-,-,Daman Ganga,20.33541000,72.91076556,09-06-1990 08:30,34
4685,VAPI,CWC,24,Gujarat,462,Valsad,UMBERGAON,-,-,Narmada,Narmada,Unch,-,-,Daman Ganga,20.33541000,72.91076556,14-06-1990 08:30,4
4686,VAPI,CWC,24,Gujarat,462,Valsad,UMBERGAON,-,-,Narmada,Narmada,Unch,-,-,Daman Ganga,20.33541000,72.91076556,16-06-1990 08:30,32
4687,VAPI,CWC,24,Gujarat,462,Valsad,UMBERGAON,-,-,Narmada,Narmada,Unch,-,-,Daman Ganga,20.33541000,72.91076556,17-06-1990 08:30,1
4688,VAPI,CWC,24,Gujarat,462,Valsad,UMBERGAON,-,-,Narmada,Narmada,Unch,-,-,Daman Ganga,20.33541000,72.91076556,19-06-1990 08:30,2
4689,VAPI,CWC,24,Gujarat,462,Valsad,UMBERGAON,-,-,Narmada,Narmada,Unch,-,-,Daman Ganga,20.33541000,72.91076556,20-06-1990 08:30,2
4690,VAPI,CWC,24,Gujarat,462,Valsad,UMBERGAON,-,-,Narmada,Narmada,Unch,-,-,Daman Ganga,20.33541000,72.91076556,21-06-1990 08:30,2
4691,VAPI,CWC,24,Gujarat,462,Valsad,UMBERGAON,-,-,Narmada,Narmada,Unch,-,-,Daman Ganga,20.33541000,72.91076556,23-06-1990 08:30,3
4692,VAPI,CWC,24,Gujarat,462,Valsad,UMBERGAON,-,-,Narmada,Narmada,Unch,-,-,Daman Ganga,20.33541000,72.91076556,24-06-1990 08:30,4
4693,VAPI,CWC,24,Gujarat,462,Valsad,UMBERGAON,-,-,Narmada,Narmada,Unch,-,-,Daman Ganga,20.33541000,72.91076556,25-06-1990 08:30,13
4694,VAPI,CWC,24,Gujarat,462,Valsad,UMBERGAON,-,-,Narmada,Narmada,Unch,-,-,Daman Ganga,20.33541000,72.91076556,26-06-1990 08:30,10
4695,VAPI,CWC,24,Gujarat,462,Valsad,UMBERGAON,-,-,Narmada,Narmada,Unch,-,-,Daman Ganga,20.33541000,72.91076556,27-06-1990 08:30,5
4696,VAPI,CWC,24,Gujarat,462,Valsad,UMBERGAON,-,-,Narmada,Narmada,Unch,-,-,Daman Ganga,20.33541000,72.91076556,28-06-1990 08:30,4
4697,VAPI,CWC,24,Gujarat,462,Valsad,UMBERGAON,-,-,Narmada,Narmada,Unch,-,-,Daman Ganga,20.33541000,72.91076556,29-06-1990 08:30,74
4698,VAPI,CWC,24,Gujarat,462,Valsad,UMBERGAON,-,-,Narmada,Narmada,Unch,-,-,Daman Ganga,20.33541000,72.91076556,30-06-1990 08:30,97
4699,VAPI,CWC,24,Gujarat,462,Valsad,UMBERGAON,-,-,Narmada,Narmada,Unch,-,-,Daman Ganga,20.33541000,72.91076556,01-07-1990 08:30,23
4700,VAPI,CWC,24,Gujarat,462,Valsad,UMBERGAON,-,-,Narmada,Narmada,Unch,-,-,Daman Ganga,20.33541000,72.91076556,02-07-1990 08:30,16
4701,VAPI,CWC,24,Gujarat,462,Valsad,UMBERGAON,-,-,Narmada,Narmada,Unch,-,-,Daman Ganga,20.33541000,72.91076556,03-07-1990 08:30,18
4702,VAPI,CWC,24,Gujarat,462,Valsad,UMBERGAON,-,-,Narmada,Narmada,Unch,-,-,Daman Ganga,20.33541000,72.91076556,04-07-1990 08:30,4
4703,VAPI,CWC,24,Gujarat,462,Valsad,UMBERGAON,-,-,Narmada,Narmada,Unch,-,-,Daman Ganga,20.33541000,72.91076556,05-07-1990 08:30,19
4704,VAPI,CWC,24,Gujarat,462,Valsad,UMBERGAON,-,-,Narmada,Narmada,Unch,-,-,Daman Ganga,20.33541000,72.91076556,06-07-1990 08:30,4
4705,VAPI,CWC,24,Gujarat,462,Valsad,UMBERGAON,-,-,Narmada,Narmada,Unch,-,-,Daman Ganga,20.33541000,72.91076556,07-07-1990 08:30,3
4706,VAPI,CWC,24,Gujarat,462,Valsad,UMBERGAON,-,-,Narmada,Narmada,Unch,-,-,Daman Ganga,20.33541000,72.91076556,08-07-1990 08:30,25
4707,VAPI,CWC,24,Gujarat,462,Valsad,UMBERGAON,-,-,Narmada,Narmada,Unch,-,-,Daman Ganga,20.33541000,72.91076556,09-07-1990 08:30,21
4708,VAPI,CWC,24,Gujarat,462,Valsad,UMBERGAON,-,-,Narmada,Narmada,Unch,-,-,Daman Ganga,20.33541000,72.91076556,10-07-1990 08:30,2
4709,VAPI,CWC,24,Gujarat,462,Valsad,UMBERGAON,-,-,Narmada,Narmada,Unch,-,-,Daman Ganga,20.33541000,72.91076556,11-07-1990 08:30,10
4710,VAPI,CWC,24,Gujarat,462,Valsad,UMBERGAON,-,-,Narmada,Narmada,Unch,-,-,Daman Ganga,20.33541000,72.91076556,15-07-1990 08:30,3
4711,VAPI,CWC,24,Gujarat,462,Valsad,UMBERGAON,-,-,Narmada,Narmada,Unch,-,-,Daman Ganga,20.33541000,72.91076556,16-07-1990 08:30,3
4712,VAPI,CWC,24,Gujarat,462,Valsad,UMBERGAON,-,-,Narmada,Narmada,Unch,-,-,Daman Ganga,20.33541000,72.91076556,17-07-1990 08:30,15
4713,VAPI,CWC,24,Gujarat,462,Valsad,UMBERGAON,-,-,Narmada,Narmada,Unch,-,-,Daman Ganga,20.33541000,72.91076556,18-07-1990 08:30,6
4714,VAPI,CWC,24,Gujarat,462,Valsad,UMBERGAON,-,-,Narmada,Narmada,Unch,-,-,Daman Ganga,20.33541000,72.91076556,19-07-1990 08:30,5
4715,VAPI,CWC,24,Gujarat,462,Valsad,UMBERGAON,-,-,Narmada,Narmada,Unch,-,-,Daman Ganga,20.33541000,72.91076556,20-07-1990 08:30,9
4716,VAPI,CWC,24,Gujarat,462,Valsad,UMBERGAON,-,-,Narmada,Narmada,Unch,-,-,Daman Ganga,20.33541000,72.91076556,21-07-1990 08:30,4
4717,VAPI,CWC,24,Gujarat,462,Valsad,UMBERGAON,-,-,Narmada,Narmada,Unch,-,-,Daman Ganga,20.33541000,72.91076556,23-07-1990 08:30,6
4718,VAPI,CWC,24,Gujarat,462,Valsad,UMBERGAON,-,-,Narmada,Narmada,Unch,-,-,Daman Ganga,20.33541000,72.91076556,24-07-1990 08:30,18
4719,VAPI,CWC,24,Gujarat,462,Valsad,UMBERGAON,-,-,Narmada,Narmada,Unch,-,-,Daman Ganga,20.33541000,72.91076556,25-07-1990 08:30,1
4720,VAPI,CWC,24,Gujarat,462,Valsad,UMBERGAON,-,-,Narmada,Narmada,Unch,-,-,Daman Ganga,20.33541000,72.91076556,26-07-1990 08:30,8
4721,VAPI,CWC,24,Gujarat,462,Valsad,UMBERGAON,-,-,Narmada,Narmada,Unch,-,-,Daman Ganga,20.33541000,72.91076556,27-07-1990 08:30,3
4722,VAPI,CWC,24,Gujarat,462,Valsad,UMBERGAON,-,-,Narmada,Narmada,Unch,-,-,Daman Ganga,20.33541000,72.91076556,28-07-1990 08:30,3
4723,VAPI,CWC,24,Gujarat,462,Valsad,UMBERGAON,-,-,Narmada,Narmada,Unch,-,-,Daman Ganga,20.33541000,72.91076556,29-07-1990 08:30,3
4724,VAPI,CWC,24,Gujarat,462,Valsad,UMBERGAON,-,-,Narmada,Narmada,Unch,-,-,Daman Ganga,20.33541000,72.91076556,31-07-1990 08:30,4
4725,VAPI,CWC,24,Gujarat,462,Valsad,UMBERGAON,-,-,Narmada,Narmada,Unch,-,-,Daman Ganga,20.33541000,72.91076556,01-08-1990 08:30,2
4726,VAPI,CWC,24,Gujarat,462,Valsad,UMBERGAON,-,-,Narmada,Narmada,Unch,-,-,Daman Ganga,20.33541000,72.91076556,02-08-1990 08:30,26
4727,VAPI,CWC,24,Gujarat,462,Valsad,UMBERGAON,-,-,Narmada,Narmada,Unch,-,-,Daman Ganga,20.33541000,72.91076556,03-08-1990 08:30,9
4728,VAPI,CWC,24,Gujarat,462,Valsad,UMBERGAON,-,-,Narmada,Narmada,Unch,-,-,Daman Ganga,20.33541000,72.91076556,04-08-1990 08:30,4
4729,VAPI,CWC,24,Gujarat,462,Valsad,UMBERGAON,-,-,Narmada,Narmada,Unch,-,-,Daman Ganga,20.33541000,72.91076556,05-08-1990 08:30,4
4730,VAPI,CWC,24,Gujarat,462,Valsad,UMBERGAON,-,-,Narmada,Narmada,Unch,-,-,Daman Ganga,20.33541000,72.91076556,06-08-1990 08:30,5
4731,VAPI,CWC,24,Gujarat,462,Valsad,UMBERGAON,-,-,Narmada,Narmada,Unch,-,-,Daman Ganga,20.33541000,72.91076556,07-08-1990 08:30,10
4732,VAPI,CWC,24,Gujarat,462,Valsad,UMBERGAON,-,-,Narmada,Narmada,Unch,-,-,Daman Ganga,20.33541000,72.91076556,08-08-1990 08:30,12
4733,VAPI,CWC,24,Gujarat,462,Valsad,UMBERGAON,-,-,Narmada,Narmada,Unch,-,-,Daman Ganga,20.33541000,72.91076556,09-08-1990 08:30,2
4734,VAPI,CWC,24,Gujarat,462,Valsad,UMBERGAON,-,-,Narmada,Narmada,Unch,-,-,Daman Ganga,20.33541000,72.91076556,10-08-1990 08:30,1
4735,VAPI,CWC,24,Gujarat,462,Valsad,UMBERGAON,-,-,Narmada,Narmada,Unch,-,-,Daman Ganga,20.33541000,72.91076556,13-08-1990 08:30,4
4736,VAPI,CWC,24,Gujarat,462,Valsad,UMBERGAON,-,-,Narmada,Narmada,Unch,-,-,Daman Ganga,20.33541000,72.91076556,14-08-1990 08:30,30
4737,VAPI,CWC,24,Gujarat,462,Valsad,UMBERGAON,-,-,Narmada,Narmada,Unch,-,-,Daman Ganga,20.33541000,72.91076556,15-08-1990 08:30,7
4738,VAPI,CWC,24,Gujarat,462,Valsad,UMBERGAON,-,-,Narmada,Narmada,Unch,-,-,Daman Ganga,20.33541000,72.91076556,16-08-1990 08:30,3
4739,VAPI,CWC,24,Gujarat,462,Valsad,UMBERGAON,-,-,Narmada,Narmada,Unch,-,-,Daman Ganga,20.33541000,72.91076556,17-08-1990 08:30,47
4740,VAPI,CWC,24,Gujarat,462,Valsad,UMBERGAON,-,-,Narmada,Narmada,Unch,-,-,Daman Ganga,20.33541000,72.91076556,18-08-1990 08:30,93
4741,VAPI,CWC,24,Gujarat,462,Valsad,UMBERGAON,-,-,Narmada,Narmada,Unch,-,-,Daman Ganga,20.33541000,72.91076556,19-08-1990 08:30,50
4742,VAPI,CWC,24,Gujarat,462,Valsad,UMBERGAON,-,-,Narmada,Narmada,Unch,-,-,Daman Ganga,20.33541000,72.91076556,20-08-1990 08:30,11
4743,VAPI,CWC,24,Gujarat,462,Valsad,UMBERGAON,-,-,Narmada,Narmada,Unch,-,-,Daman Ganga,20.33541000,72.91076556,21-08-1990 08:30,25
4744,VAPI,CWC,24,Gujarat,462,Valsad,UMBERGAON,-,-,Narmada,Narmada,Unch,-,-,Daman Ganga,20.33541000,72.91076556,22-08-1990 08:30,5
4745,VAPI,CWC,24,Gujarat,462,Valsad,UMBERGAON,-,-,Narmada,Narmada,Unch,-,-,Daman Ganga,20.33541000,72.91076556,23-08-1990 08:30,10
4746,VAPI,CWC,24,Gujarat,462,Valsad,UMBERGAON,-,-,Narmada,Narmada,Unch,-,-,Daman Ganga,20.33541000,72.91076556,24-08-1990 08:30,15
4747,VAPI,CWC,24,Gujarat,462,Valsad,UMBERGAON,-,-,Narmada,Narmada,Unch,-,-,Daman Ganga,20.33541000,72.91076556,25-08-1990 08:30,38
4748,VAPI,CWC,24,Gujarat,462,Valsad,UMBERGAON,-,-,Narmada,Narmada,Unch,-,-,Daman Ganga,20.33541000,72.91076556,26-08-1990 08:30,41
4749,VAPI,CWC,24,Gujarat,462,Valsad,UMBERGAON,-,-,Narmada,Narmada,Unch,-,-,Daman Ganga,20.33541000,72.91076556,27-08-1990 08:30,23
4750,VAPI,CWC,24,Gujarat,462,Valsad,UMBERGAON,-,-,Narmada,Narmada,Unch,-,-,Daman Ganga,20.33541000,72.91076556,28-08-1990 08:30,3
4751,VAPI,CWC,24,Gujarat,462,Valsad,UMBERGAON,-,-,Narmada,Narmada,Unch,-,-,Daman Ganga,20.33541000,72.91076556,29-08-1990 08:30,33
4752,VAPI,CWC,24,Gujarat,462,Valsad,UMBERGAON,-,-,Narmada,Narmada,Unch,-,-,Daman Ganga,20.33541000,72.91076556,30-08-1990 08:30,33
4753,VAPI,CWC,24,Gujarat,462,Valsad,UMBERGAON,-,-,Narmada,Narmada,Unch,-,-,Daman Ganga,20.33541000,72.91076556,31-08-1990 08:30,3
4754,VAPI,CWC,24,Gujarat,462,Valsad,UMBERGAON,-,-,Narmada,Narmada,Unch,-,-,Daman Ganga,20.33541000,72.91076556,01-09-1990 08:30,10
4755,VAPI,CWC,24,Gujarat,462,Valsad,UMBERGAON,-,-,Narmada,Narmada,Unch,-,-,Daman Ganga,20.33541000,72.91076556,02-09-1990 08:30,8
4756,VAPI,CWC,24,Gujarat,462,Valsad,UMBERGAON,-,-,Narmada,Narmada,Unch,-,-,Daman Ganga,20.33541000,72.91076556,04-09-1990 08:30,4
4757,VAPI,CWC,24,Gujarat,462,Valsad,UMBERGAON,-,-,Narmada,Narmada,Unch,-,-,Daman Ganga,20.33541000,72.91076556,05-09-1990 08:30,4
4758,VAPI,CWC,24,Gujarat,462,Valsad,UMBERGAON,-,-,Narmada,Narmada,Unch,-,-,Daman Ganga,20.33541000,72.91076556,06-09-1990 08:30,7
4759,VAPI,CWC,24,Gujarat,462,Valsad,UMBERGAON,-,-,Narmada,Narmada,Unch,-,-,Daman Ganga,20.33541000,72.91076556,07-09-1990 08:30,12
4760,VAPI,CWC,24,Gujarat,462,Valsad,UMBERGAON,-,-,Narmada,Narmada,Unch,-,-,Daman Ganga,20.33541000,72.91076556,08-09-1990 08:30,8
4761,VAPI,CWC,24,Gujarat,462,Valsad,UMBERGAON,-,-,Narmada,Narmada,Unch,-,-,Daman Ganga,20.33541000,72.91076556,09-09-1990 08:30,1
4762,VAPI,CWC,24,Gujarat,462,Valsad,UMBERGAON,-,-,Narmada,Narmada,Unch,-,-,Daman Ganga,20.33541000,72.91076556,10-09-1990 08:30,10
4763,VAPI,CWC,24,Gujarat,462,Valsad,UMBERGAON,-,-,Narmada,Narmada,Unch,-,-,Daman Ganga,20.33541000,72.91076556,11-09-1990 08:30,1
4764,VAPI,CWC,24,Gujarat,462,Valsad,UMBERGAON,-,-,Narmada,Narmada,Unch,-,-,Daman Ganga,20.33541000,72.91076556,12-09-1990 08:30,3
4765,VAPI,CWC,24,Gujarat,462,Valsad,UMBERGAON,-,-,Narmada,Narmada,Unch,-,-,Daman Ganga,20.33541000,72.91076556,13-09-1990 08:30,27
4766,VAPI,CWC,24,Gujarat,462,Valsad,UMBERGAON,-,-,Narmada,Narmada,Unch,-,-,Daman Ganga,20.33541000,72.91076556,14-09-1990 08:30,23
4767,VAPI,CWC,24,Gujarat,462,Valsad,UMBERGAON,-,-,Narmada,Narmada,Unch,-,-,Daman Ganga,20.33541000,72.91076556,16-09-1990 08:30,18
4768,VAPI,CWC,24,Gujarat,462,Valsad,UMBERGAON,-,-,Narmada,Narmada,Unch,-,-,Daman Ganga,20.33541000,72.91076556,17-09-1990 08:30,1
4769,VAPI,CWC,24,Gujarat,462,Valsad,UMBERGAON,-,-,Narmada,Narmada,Unch,-,-,Daman Ganga,20.33541000,72.91076556,18-09-1990 08:30,1
4770,VAPI,CWC,24,Gujarat,462,Valsad,UMBERGAON,-,-,Narmada,Narmada,Unch,-,-,Daman Ganga,20.33541000,72.91076556,24-09-1990 08:30,27
4771,VAPI,CWC,24,Gujarat,462,Valsad,UMBERGAON,-,-,Narmada,Narmada,Unch,-,-,Daman Ganga,20.33541000,72.91076556,25-09-1990 08:30,91
4772,VAPI,CWC,24,Gujarat,462,Valsad,UMBERGAON,-,-,Narmada,Narmada,Unch,-,-,Daman Ganga,20.33541000,72.91076556,26-09-1990 08:30,58
4773,VAPI,CWC,24,Gujarat,462,Valsad,UMBERGAON,-,-,Narmada,Narmada,Unch,-,-,Daman Ganga,20.33541000,72.91076556,27-09-1990 08:30,82
4774,VAPI,CWC,24,Gujarat,462,Valsad,UMBERGAON,-,-,Narmada,Narmada,Unch,-,-,Daman Ganga,20.33541000,72.91076556,28-09-1990 08:30,61
4775,VAPI,CWC,24,Gujarat,462,Valsad,UMBERGAON,-,-,Narmada,Narmada,Unch,-,-,Daman Ganga,20.33541000,72.91076556,29-09-1990 08:30,5
4776,VAPI,CWC,24,Gujarat,462,Valsad,UMBERGAON,-,-,Narmada,Narmada,Unch,-,-,Daman Ganga,20.33541000,72.91076556,07-10-1990 08:30,2
4777,VAPI,CWC,24,Gujarat,462,Valsad,UMBERGAON,-,-,Narmada,Narmada,Unch,-,-,Daman Ganga,20.33541000,72.91076556,08-10-1990 08:30,2
4778,VAPI,CWC,24,Gujarat,462,Valsad,UMBERGAON,-,-,Narmada,Narmada,Unch,-,-,Daman Ganga,20.33541000,72.91076556,10-10-1990 08:30,30
4779,VAPI,CWC,24,Gujarat,462,Valsad,UMBERGAON,-,-,Narmada,Narmada,Unch,-,-,Daman Ganga,20.33541000,72.91076556,11-10-1990 08:30,15
